axis,competitor,operation,image_id,ratio_n148_over_competitor,n148_delta_pct
A_single_thread,jpeg,encode,1,0.6745839931757747,-32.54160068242253
A_single_thread,jpeg,encode,2,0.8172991399955454,-18.270086000445463
A_single_thread,jpeg,encode,3,0.7596638350541444,-24.033616494585562
A_single_thread,jpeg,encode,4,0.7053476434362403,-29.465235656375967
A_single_thread,jpeg,encode,5,0.7628949605995229,-23.710503940047712
A_single_thread,jpeg,encode,6,0.7297362970540034,-27.026370294599655
A_single_thread,jpeg,encode,7,0.7282754704521338,-27.172452954786618
A_single_thread,jpeg,encode,8,0.8653963698936884,-13.46036301063116
A_single_thread,jpeg,encode,9,0.7358726324355567,-26.412736756444332
A_single_thread,jpeg,encode,10,0.7907951202931137,-20.92048797068863
A_single_thread,jpeg,encode,11,0.7949403892778719,-20.50596107221281
A_single_thread,jpeg,encode,12,0.8732918360642237,-12.670816393577633
A_single_thread,jpeg,encode,13,0.8033920609292876,-19.660793907071238
A_single_thread,jpeg,encode,14,0.850442211456519,-14.9557788543481
A_single_thread,jpeg,encode,15,0.7218947219868981,-27.810527801310194
A_single_thread,jpeg,encode,16,0.7129392904536693,-28.706070954633066
A_single_thread,jpeg,encode,17,0.7054717680978304,-29.45282319021696
A_single_thread,jpeg,encode,18,0.7624894833822407,-23.751051661775936
A_single_thread,jpeg,encode,19,0.7932615192069918,-20.673848079300818
A_single_thread,jpeg,encode,20,0.7116931425602169,-28.830685743978314
A_single_thread,jpeg,encode,21,0.7761925704470743,-22.380742955292565
A_single_thread,jpeg,encode,22,0.7119288109732583,-28.807118902674166
A_single_thread,jpeg,encode,23,0.6537134953898578,-34.62865046101422
A_single_thread,jpeg,encode,24,0.745568784147715,-25.4431215852285
A_single_thread,jpeg,encode,25,0.8462593312040398,-15.374066879596015
A_single_thread,jpeg,encode,26,0.6820189463574736,-31.79810536425264
A_single_thread,jpeg,encode,27,0.7315462760676303,-26.845372393236964
A_single_thread,jpeg,encode,28,0.8384500535903132,-16.154994640968678
A_single_thread,jpeg,encode,29,0.7405868695694825,-25.94131304305175
A_single_thread,jpeg,encode,30,0.8096802058539075,-19.031979414609246
A_single_thread,jpeg,encode,31,0.6897459501889912,-31.02540498110088
A_single_thread,jpeg,encode,32,0.7599714249132904,-24.00285750867096
A_single_thread,jpeg,encode,33,0.7919761261069991,-20.802387389300094
A_single_thread,jpeg,encode,34,0.8448507088637802,-15.514929113621978
A_single_thread,jpeg,encode,35,0.7247013087711012,-27.529869122889885
A_single_thread,jpeg,encode,36,0.6998574172705938,-30.01425827294062
A_single_thread,jpeg,encode,37,0.7061839616233843,-29.381603837661572
A_single_thread,jpeg,encode,38,0.6896218498442438,-31.03781501557562
A_single_thread,jpeg,encode,39,0.7085622583707344,-29.14377416292656
A_single_thread,jpeg,encode,40,0.7336200942280161,-26.63799057719839
A_single_thread,jpeg,encode,41,0.7505241696233151,-24.947583037668487
A_single_thread,jpeg,encode,42,0.7065036130317123,-29.349638696828773
A_single_thread,jpeg,encode,43,0.7701531508025744,-22.98468491974256
A_single_thread,jpeg,encode,44,0.6462264870513056,-35.37735129486944
A_single_thread,jpeg,encode,45,0.7084707746498581,-29.15292253501419
A_single_thread,jpeg,encode,46,0.6736741974169341,-32.63258025830659
A_single_thread,jpeg,encode,47,0.6657862371587284,-33.421376284127156
A_single_thread,jpeg,encode,48,0.6646314962137012,-33.53685037862988
A_single_thread,jpeg,encode,49,0.7220445226302963,-27.79554773697037
A_single_thread,jpeg,encode,50,0.6840143186966572,-31.598568130334282
A_single_thread,jpeg,encode,51,0.6523415234383261,-34.765847656167395
A_single_thread,jpeg,encode,52,0.6558407325258849,-34.415926747411504
A_single_thread,jpeg,encode,53,0.6699099367754061,-33.00900632245939
A_single_thread,jpeg,encode,54,0.6673731010606152,-33.26268989393848
A_single_thread,jpeg,encode,55,0.7465012773213506,-25.34987226786494
A_single_thread,jpeg,encode,56,0.6675693611247625,-33.243063887523746
A_single_thread,jpeg,encode,57,0.702463409323289,-29.7536590676711
A_single_thread,jpeg,encode,58,0.6889564857775433,-31.104351422245667
A_single_thread,jpeg,encode,59,0.7773498547292725,-22.265014527072747
A_single_thread,jpeg,encode,60,0.7929123518894634,-20.70876481105366
A_single_thread,jpeg,encode,61,0.8550836419253063,-14.491635807469372
A_single_thread,jpeg,encode,62,0.8585083301948856,-14.14916698051144
A_single_thread,jpeg,encode,63,0.8109605646433071,-18.90394353566929
A_single_thread,jpeg,encode,64,0.7626972610008051,-23.730273899919485
A_single_thread,jpeg,encode,65,0.7910237383608216,-20.89762616391784
A_single_thread,jpeg,encode,66,0.7741052314882368,-22.589476851176315
A_single_thread,jpeg,encode,67,0.7584838991281547,-24.151610087184526
A_single_thread,jpeg,encode,68,0.6581707771305273,-34.18292228694727
A_single_thread,jpeg,encode,69,0.8040882465439896,-19.59117534560104
A_single_thread,jpeg,encode,70,0.7629423169443267,-23.705768305567332
A_single_thread,jpeg,encode,71,0.7979905408328999,-20.200945916710012
A_single_thread,jpeg,encode,72,0.697949292352844,-30.205070764715604
A_single_thread,jpeg,encode,73,0.8805899459949734,-11.941005400502657
A_single_thread,jpeg,encode,74,0.8812152181262131,-11.878478187378693
A_single_thread,jpeg,encode,75,0.8917955727698966,-10.820442723010338
A_single_thread,jpeg,encode,76,0.7318297310859532,-26.817026891404684
A_single_thread,jpeg,encode,77,0.6708677599507826,-32.91322400492174
A_single_thread,jpeg,encode,78,0.6674635742001903,-33.25364257998097
A_single_thread,jpeg,encode,79,0.6575383149096778,-34.246168509032216
A_single_thread,jpeg,encode,80,0.7143197045446176,-28.56802954553824
A_single_thread,jpeg,encode,81,0.7246091733980504,-27.539082660194957
A_single_thread,jpeg,encode,82,0.730900591418142,-26.9099408581858
A_single_thread,jpeg,encode,83,0.7199626636408207,-28.003733635917925
A_single_thread,jpeg,encode,84,0.7521276700613525,-24.787232993864748
A_single_thread,jpeg,encode,85,0.6480911502155378,-35.19088497844622
A_single_thread,jpeg,encode,86,0.672725105313083,-32.727489468691694
A_single_thread,jpeg,encode,87,0.6550836606850757,-34.49163393149243
A_single_thread,jpeg,encode,88,0.8223503313199693,-17.764966868003075
A_single_thread,jpeg,encode,89,0.723797105834395,-27.620289416560496
A_single_thread,jpeg,encode,90,0.7682395746321352,-23.17604253678648
A_single_thread,jpeg,encode,91,0.7200305527677489,-27.996944723225113
A_single_thread,jpeg,encode,92,0.7257894162871341,-27.421058371286588
A_single_thread,jpeg,encode,93,0.8244353286862298,-17.55646713137702
A_single_thread,jpeg,encode,94,0.7070937764016054,-29.290622359839457
A_single_thread,jpeg,encode,95,0.699344141521397,-30.065585847860298
A_single_thread,jpeg,encode,96,0.6608114569932992,-33.91885430067008
A_single_thread,jpeg,encode,97,0.7174050784738863,-28.259492152611365
A_single_thread,jpeg,encode,98,0.7478950389541055,-25.210496104589453
A_single_thread,jpeg,encode,99,0.8456966393426354,-15.43033606573646
A_single_thread,jpeg,encode,100,0.718472285357878,-28.1527714642122
A_single_thread,jpeg,encode,101,0.7901630109201941,-20.983698907980585
A_single_thread,jpeg,encode,102,0.7041416924654798,-29.585830753452026
A_single_thread,jpeg,encode,103,0.7725392279702749,-22.746077202972515
A_single_thread,jpeg,encode,104,0.8085036471450185,-19.149635285498146
A_single_thread,jpeg,encode,105,0.800535712822959,-19.9464287177041
A_single_thread,jpeg,encode,106,0.7347846403673391,-26.521535963266086
A_single_thread,jpeg,encode,107,0.7020506241928406,-29.794937580715942
A_single_thread,jpeg,encode,108,0.6857035161304111,-31.429648386958885
A_single_thread,jpeg,encode,109,0.8223058080676819,-17.769419193231805
A_single_thread,jpeg,encode,110,0.7271167306957773,-27.28832693042227
A_single_thread,jpeg,encode,111,0.7480679624580464,-25.19320375419536
A_single_thread,jpeg,encode,112,0.6940005165086628,-30.599948349133722
A_single_thread,jpeg,encode,113,0.7519189268740224,-24.80810731259776
A_single_thread,jpeg,encode,114,0.6638460433755308,-33.61539566244692
A_single_thread,jpeg,encode,115,0.7077026583053123,-29.22973416946877
A_single_thread,jpeg,encode,116,0.7844150892215179,-21.558491077848206
A_single_thread,jpeg,encode,117,0.8472863973012732,-15.27136026987268
A_single_thread,jpeg,encode,118,0.7781335709670807,-22.186642903291933
A_single_thread,jpeg,encode,119,0.7891426164282596,-21.085738357174044
A_single_thread,jpeg,encode,120,0.7594766770985233,-24.05233229014767
A_single_thread,jpeg,decode,1,0.9402841872938739,-5.971581270612614
A_single_thread,jpeg,decode,2,0.9581824760887265,-4.181752391127347
A_single_thread,jpeg,decode,3,0.9255616225761215,-7.443837742387849
A_single_thread,jpeg,decode,4,0.9059356318908509,-9.406436810914908
A_single_thread,jpeg,decode,5,0.953451994780204,-4.654800521979596
A_single_thread,jpeg,decode,6,0.9634524841423562,-3.654751585764382
A_single_thread,jpeg,decode,7,0.9497610523780751,-5.023894762192493
A_single_thread,jpeg,decode,8,0.9298488860565977,-7.015111394340234
A_single_thread,jpeg,decode,9,0.9305906002450766,-6.940939975492344
A_single_thread,jpeg,decode,10,0.931744765768602,-6.825523423139801
A_single_thread,jpeg,decode,11,0.933756159848303,-6.624384015169705
A_single_thread,jpeg,decode,12,0.8844902525980849,-11.55097474019151
A_single_thread,jpeg,decode,13,0.9212292010109981,-7.877079898900186
A_single_thread,jpeg,decode,14,0.8988271517718589,-10.11728482281411
A_single_thread,jpeg,decode,15,0.8931995365390348,-10.680046346096518
A_single_thread,jpeg,decode,16,0.9216179351387574,-7.838206486124255
A_single_thread,jpeg,decode,17,0.9363466225193806,-6.365337748061939
A_single_thread,jpeg,decode,18,0.9459286914403308,-5.407130855966924
A_single_thread,jpeg,decode,19,0.9349956318214113,-6.500436817858867
A_single_thread,jpeg,decode,20,0.9284220162656157,-7.157798373438428
A_single_thread,jpeg,decode,21,0.9319923179409279,-6.8007682059072145
A_single_thread,jpeg,decode,22,0.9342025545143681,-6.579744548563193
A_single_thread,jpeg,decode,23,0.9346632049028464,-6.533679509715363
A_single_thread,jpeg,decode,24,0.9207631787227448,-7.923682127725518
A_single_thread,jpeg,decode,25,0.9299622511881075,-7.003774881189251
A_single_thread,jpeg,decode,26,0.9118495749021518,-8.81504250978482
A_single_thread,jpeg,decode,27,0.9355498407679704,-6.445015923202957
A_single_thread,jpeg,decode,28,0.9027361191562848,-9.726388084371518
A_single_thread,jpeg,decode,29,0.936628827424784,-6.337117257521596
A_single_thread,jpeg,decode,30,0.9483274964519196,-5.16725035480804
A_single_thread,jpeg,decode,31,0.9454642174995173,-5.453578250048274
A_single_thread,jpeg,decode,32,0.9422553529669025,-5.774464703309745
A_single_thread,jpeg,decode,33,0.9173719631177947,-8.262803688220533
A_single_thread,jpeg,decode,34,0.9256431228864859,-7.435687711351413
A_single_thread,jpeg,decode,35,0.9474001464825609,-5.259985351743913
A_single_thread,jpeg,decode,36,0.9394669656247752,-6.053303437522484
A_single_thread,jpeg,decode,37,0.9195372011238057,-8.046279887619434
A_single_thread,jpeg,decode,38,0.9297887150174032,-7.021128498259676
A_single_thread,jpeg,decode,39,0.9444908437666778,-5.550915623332219
A_single_thread,jpeg,decode,40,0.9499357806237153,-5.006421937628469
A_single_thread,jpeg,decode,41,0.9377211077587619,-6.227889224123806
A_single_thread,jpeg,decode,42,0.9306703272689416,-6.932967273105839
A_single_thread,jpeg,decode,43,0.9480414046103962,-5.195859538960379
A_single_thread,jpeg,decode,44,0.9450340986742655,-5.496590132573454
A_single_thread,jpeg,decode,45,0.913824816378528,-8.617518362147203
A_single_thread,jpeg,decode,46,0.9010085814275433,-9.899141857245674
A_single_thread,jpeg,decode,47,0.9019615969274196,-9.803840307258039
A_single_thread,jpeg,decode,48,0.9052768058621161,-9.472319413788387
A_single_thread,jpeg,decode,49,0.926068371098831,-7.3931628901168995
A_single_thread,jpeg,decode,50,0.9200208936273049,-7.997910637269512
A_single_thread,jpeg,decode,51,0.8821239483747668,-11.787605162523318
A_single_thread,jpeg,decode,52,0.926986393574618,-7.301360642538201
A_single_thread,jpeg,decode,53,0.9099225964901433,-9.00774035098567
A_single_thread,jpeg,decode,54,0.9447188539047228,-5.528114609527723
A_single_thread,jpeg,decode,55,0.9279691128284511,-7.203088717154893
A_single_thread,jpeg,decode,56,0.9079333499249372,-9.206665007506276
A_single_thread,jpeg,decode,57,0.9125846993754575,-8.74153006245425
A_single_thread,jpeg,decode,58,0.9286122072166659,-7.138779278333407
A_single_thread,jpeg,decode,59,0.9686702185582532,-3.1329781441746807
A_single_thread,jpeg,decode,60,0.9538241610036665,-4.617583899633349
A_single_thread,jpeg,decode,61,0.9194709787557537,-8.052902124424632
A_single_thread,jpeg,decode,62,0.9178377737113527,-8.216222628864733
A_single_thread,jpeg,decode,63,0.9411825920301388,-5.881740796986124
A_single_thread,jpeg,decode,64,0.9471668039359886,-5.283319606401138
A_single_thread,jpeg,decode,65,0.932189863508294,-6.781013649170598
A_single_thread,jpeg,decode,66,0.991395236006449,-0.8604763993551034
A_single_thread,jpeg,decode,67,0.9267111243434666,-7.328887565653341
A_single_thread,jpeg,decode,68,0.9112843170189145,-8.871568298108546
A_single_thread,jpeg,decode,69,0.9293597876229517,-7.064021237704832
A_single_thread,jpeg,decode,70,0.9216023886154842,-7.839761138451584
A_single_thread,jpeg,decode,71,0.9384056062743824,-6.159439372561759
A_single_thread,jpeg,decode,72,0.8907988843015018,-10.920111569849823
A_single_thread,jpeg,decode,73,0.8891579736505276,-11.084202634947237
A_single_thread,jpeg,decode,74,0.9118167163367898,-8.818328366321015
A_single_thread,jpeg,decode,75,0.9051060577263974,-9.48939422736026
A_single_thread,jpeg,decode,76,0.9680276376648608,-3.1972362335139226
A_single_thread,jpeg,decode,77,0.9330556231292284,-6.694437687077159
A_single_thread,jpeg,decode,78,0.9291455639074906,-7.085443609250941
A_single_thread,jpeg,decode,79,0.9433049227078466,-5.66950772921534
A_single_thread,jpeg,decode,80,0.9308846306041578,-6.911536939584217
A_single_thread,jpeg,decode,81,0.9730567027259289,-2.6943297274071076
A_single_thread,jpeg,decode,82,0.9579996548291251,-4.2000345170874915
A_single_thread,jpeg,decode,83,0.9482671784896094,-5.173282151039061
A_single_thread,jpeg,decode,84,0.9698669385531501,-3.0133061446849907
A_single_thread,jpeg,decode,85,0.9419760474830473,-5.80239525169527
A_single_thread,jpeg,decode,86,0.9426104274932274,-5.738957250677257
A_single_thread,jpeg,decode,87,0.9409826393919666,-5.9017360608033425
A_single_thread,jpeg,decode,88,0.9477484735272339,-5.22515264727661
A_single_thread,jpeg,decode,89,0.9433774670605574,-5.662253293944264
A_single_thread,jpeg,decode,90,0.9601822043998105,-3.98177956001895
A_single_thread,jpeg,decode,91,0.9041866010987987,-9.581339890120134
A_single_thread,jpeg,decode,92,0.9376225306068698,-6.237746939313016
A_single_thread,jpeg,decode,93,0.923060203079228,-7.6939796920772014
A_single_thread,jpeg,decode,94,0.9712501132890434,-2.8749886710956574
A_single_thread,jpeg,decode,95,0.8914249489263754,-10.857505107362464
A_single_thread,jpeg,decode,96,0.9108169930869062,-8.918300691309378
A_single_thread,jpeg,decode,97,0.8799127654211945,-12.008723457880555
A_single_thread,jpeg,decode,98,0.9102342707052239,-8.97657292947761
A_single_thread,jpeg,decode,99,0.9326856133073921,-6.7314386692607915
A_single_thread,jpeg,decode,100,0.9334822003968399,-6.651779960316007
A_single_thread,jpeg,decode,101,0.981183405316401,-1.8816594683598975
A_single_thread,jpeg,decode,102,0.9660785430390142,-3.3921456960985807
A_single_thread,jpeg,decode,103,0.9376149557002781,-6.238504429972192
A_single_thread,jpeg,decode,104,0.9494218411031639,-5.0578158896836145
A_single_thread,jpeg,decode,105,0.9427879826796378,-5.721201732036219
A_single_thread,jpeg,decode,106,0.9827112005966475,-1.7288799403352484
A_single_thread,jpeg,decode,107,0.9372172948767726,-6.278270512322736
A_single_thread,jpeg,decode,108,0.9352317747705802,-6.476822522941983
A_single_thread,jpeg,decode,109,0.9274338241185701,-7.256617588142989
A_single_thread,jpeg,decode,110,0.9927698054546047,-0.7230194545395308
A_single_thread,jpeg,decode,111,0.9196082797518083,-8.039172024819175
A_single_thread,jpeg,decode,112,0.9466363044516422,-5.336369554835785
A_single_thread,jpeg,decode,113,0.9343449763588897,-6.5655023641110315
A_single_thread,jpeg,decode,114,0.949095977861405,-5.090402213859502
A_single_thread,jpeg,decode,115,0.9176182633920853,-8.238173660791471
A_single_thread,jpeg,decode,116,0.9131743046687377,-8.682569533126227
A_single_thread,jpeg,decode,117,0.9180273608023761,-8.197263919762388
A_single_thread,jpeg,decode,118,0.9574263589510903,-4.2573641048909705
A_single_thread,jpeg,decode,119,0.9687011101714306,-3.129888982856943
A_single_thread,jpeg,decode,120,0.9883427474769206,-1.1657252523079364
A_single_thread,jxl_e3,encode,1,0.13727676544818923,-86.27232345518108
A_single_thread,jxl_e3,encode,2,0.1715503371606817,-82.84496628393183
A_single_thread,jxl_e3,encode,3,0.15139237931729396,-84.8607620682706
A_single_thread,jxl_e3,encode,4,0.1653843755247678,-83.46156244752322
A_single_thread,jxl_e3,encode,5,0.1623734116292309,-83.76265883707691
A_single_thread,jxl_e3,encode,6,0.14600125815306467,-85.39987418469353
A_single_thread,jxl_e3,encode,7,0.15121474642012367,-84.87852535798763
A_single_thread,jxl_e3,encode,8,0.13164284789611325,-86.83571521038867
A_single_thread,jxl_e3,encode,9,0.14390698943113706,-85.6093010568863
A_single_thread,jxl_e3,encode,10,0.13855384406293142,-86.14461559370685
A_single_thread,jxl_e3,encode,11,0.11089286780120432,-88.91071321987957
A_single_thread,jxl_e3,encode,12,0.1092497132422936,-89.07502867577064
A_single_thread,jxl_e3,encode,13,0.14063269714378054,-85.93673028562195
A_single_thread,jxl_e3,encode,14,0.13877026777940266,-86.12297322205973
A_single_thread,jxl_e3,encode,15,0.16711808429237324,-83.28819157076268
A_single_thread,jxl_e3,encode,16,0.11346130242919747,-88.65386975708024
A_single_thread,jxl_e3,encode,17,0.15612228692030294,-84.3877713079697
A_single_thread,jxl_e3,encode,18,0.14127705516548003,-85.872294483452
A_single_thread,jxl_e3,encode,19,0.15616921294726338,-84.38307870527366
A_single_thread,jxl_e3,encode,20,0.1758125511010728,-82.41874488989271
A_single_thread,jxl_e3,encode,21,0.10403226870362792,-89.59677312963721
A_single_thread,jxl_e3,encode,22,0.15007706922133457,-84.99229307786655
A_single_thread,jxl_e3,encode,23,0.1558881426455684,-84.41118573544315
A_single_thread,jxl_e3,encode,24,0.1267655993255047,-87.32344006744952
A_single_thread,jxl_e3,encode,25,0.1404856420024543,-85.95143579975458
A_single_thread,jxl_e3,encode,26,0.1343268781131061,-86.5673121886894
A_single_thread,jxl_e3,encode,27,0.1325374214570965,-86.74625785429035
A_single_thread,jxl_e3,encode,28,0.14664367259300828,-85.33563274069917
A_single_thread,jxl_e3,encode,29,0.1476511537622854,-85.23488462377145
A_single_thread,jxl_e3,encode,30,0.14232885330873438,-85.76711466912657
A_single_thread,jxl_e3,encode,31,0.10963000316011702,-89.0369996839883
A_single_thread,jxl_e3,encode,32,0.14027968632305243,-85.97203136769475
A_single_thread,jxl_e3,encode,33,0.13391744874700437,-86.60825512529956
A_single_thread,jxl_e3,encode,34,0.13515934459792134,-86.48406554020787
A_single_thread,jxl_e3,encode,35,0.14361562482997628,-85.63843751700237
A_single_thread,jxl_e3,encode,36,0.1151426377657653,-88.48573622342347
A_single_thread,jxl_e3,encode,37,0.13651882067712373,-86.34811793228762
A_single_thread,jxl_e3,encode,38,0.15837148282397384,-84.16285171760262
A_single_thread,jxl_e3,encode,39,0.1466511049455105,-85.33488950544896
A_single_thread,jxl_e3,encode,40,0.16259101068137238,-83.74089893186276
A_single_thread,jxl_e3,encode,41,0.10819813126846488,-89.18018687315352
A_single_thread,jxl_e3,encode,42,0.16237297740099246,-83.76270225990076
A_single_thread,jxl_e3,encode,43,0.15338896408164193,-84.66110359183581
A_single_thread,jxl_e3,encode,44,0.13988408436379374,-86.01159156362063
A_single_thread,jxl_e3,encode,45,0.14346997582742255,-85.65300241725775
A_single_thread,jxl_e3,encode,46,0.1286297337128739,-87.1370266287126
A_single_thread,jxl_e3,encode,47,0.1504793236552959,-84.95206763447041
A_single_thread,jxl_e3,encode,48,0.1343629263364435,-86.56370736635564
A_single_thread,jxl_e3,encode,49,0.1529911822726493,-84.70088177273507
A_single_thread,jxl_e3,encode,50,0.15278939886895473,-84.72106011310453
A_single_thread,jxl_e3,encode,51,0.12546499652657522,-87.45350034734247
A_single_thread,jxl_e3,encode,52,0.14736484046139245,-85.26351595386076
A_single_thread,jxl_e3,encode,53,0.15288548692752532,-84.71145130724747
A_single_thread,jxl_e3,encode,54,0.1562104807975298,-84.37895192024702
A_single_thread,jxl_e3,encode,55,0.14182467752228592,-85.81753224777141
A_single_thread,jxl_e3,encode,56,0.12062390992843888,-87.93760900715611
A_single_thread,jxl_e3,encode,57,0.1273580311022882,-87.26419688977118
A_single_thread,jxl_e3,encode,58,0.17143900795087794,-82.8560992049122
A_single_thread,jxl_e3,encode,59,0.15764550065696817,-84.23544993430319
A_single_thread,jxl_e3,encode,60,0.14469697675215132,-85.53030232478487
A_single_thread,jxl_e3,encode,61,0.09442744402795042,-90.55725559720496
A_single_thread,jxl_e3,encode,62,0.10117998877053866,-89.88200112294614
A_single_thread,jxl_e3,encode,63,0.1380744092556136,-86.19255907443863
A_single_thread,jxl_e3,encode,64,0.14876975426564884,-85.12302457343512
A_single_thread,jxl_e3,encode,65,0.1586942402187044,-84.13057597812956
A_single_thread,jxl_e3,encode,66,0.10166668551238946,-89.83333144876106
A_single_thread,jxl_e3,encode,67,0.1485493199080284,-85.14506800919716
A_single_thread,jxl_e3,encode,68,0.15634726227828527,-84.36527377217146
A_single_thread,jxl_e3,encode,69,0.1496149700724586,-85.03850299275413
A_single_thread,jxl_e3,encode,70,0.14431715399589923,-85.56828460041008
A_single_thread,jxl_e3,encode,71,0.09886609782327976,-90.11339021767202
A_single_thread,jxl_e3,encode,72,0.12301341959742124,-87.69865804025787
A_single_thread,jxl_e3,encode,73,0.13726013191316624,-86.27398680868338
A_single_thread,jxl_e3,encode,74,0.11963749418982536,-88.03625058101746
A_single_thread,jxl_e3,encode,75,0.12876999152768903,-87.1230008472311
A_single_thread,jxl_e3,encode,76,0.11412957671534979,-88.58704232846502
A_single_thread,jxl_e3,encode,77,0.12594906885101592,-87.40509311489842
A_single_thread,jxl_e3,encode,78,0.13932119634533124,-86.06788036546688
A_single_thread,jxl_e3,encode,79,0.1544590428441824,-84.55409571558175
A_single_thread,jxl_e3,encode,80,0.14365125657580155,-85.63487434241985
A_single_thread,jxl_e3,encode,81,0.11290604278247299,-88.7093957217527
A_single_thread,jxl_e3,encode,82,0.13195145862447497,-86.8048541375525
A_single_thread,jxl_e3,encode,83,0.1711772340420073,-82.88227659579928
A_single_thread,jxl_e3,encode,84,0.14975139466731854,-85.02486053326814
A_single_thread,jxl_e3,encode,85,0.15364373378017235,-84.63562662198277
A_single_thread,jxl_e3,encode,86,0.11049198981730919,-88.95080101826908
A_single_thread,jxl_e3,encode,87,0.14018610826131245,-85.98138917386875
A_single_thread,jxl_e3,encode,88,0.11384249136161778,-88.61575086383822
A_single_thread,jxl_e3,encode,89,0.1503265640812301,-84.96734359187698
A_single_thread,jxl_e3,encode,90,0.15138811065238708,-84.86118893476129
A_single_thread,jxl_e3,encode,91,0.1276355239123651,-87.23644760876348
A_single_thread,jxl_e3,encode,92,0.11211463755237021,-88.78853624476298
A_single_thread,jxl_e3,encode,93,0.12572178841650125,-87.42782115834987
A_single_thread,jxl_e3,encode,94,0.1542343006507761,-84.57656993492239
A_single_thread,jxl_e3,encode,95,0.15580242277815878,-84.41975772218412
A_single_thread,jxl_e3,encode,96,0.1434258660747678,-85.65741339252322
A_single_thread,jxl_e3,encode,97,0.15129932124417922,-84.87006787558208
A_single_thread,jxl_e3,encode,98,0.10359998175628139,-89.64000182437186
A_single_thread,jxl_e3,encode,99,0.12652800696191885,-87.34719930380813
A_single_thread,jxl_e3,encode,100,0.0994207676271168,-90.05792323728832
A_single_thread,jxl_e3,encode,101,0.13716850644864628,-86.28314935513536
A_single_thread,jxl_e3,encode,102,0.11503220953460706,-88.4967790465393
A_single_thread,jxl_e3,encode,103,0.1078677216223902,-89.21322783776098
A_single_thread,jxl_e3,encode,104,0.15370145083259112,-84.62985491674088
A_single_thread,jxl_e3,encode,105,0.1590120127954503,-84.09879872045497
A_single_thread,jxl_e3,encode,106,0.11024500711238017,-88.97549928876198
A_single_thread,jxl_e3,encode,107,0.12389620739672898,-87.6103792603271
A_single_thread,jxl_e3,encode,108,0.12998539098724277,-87.00146090127572
A_single_thread,jxl_e3,encode,109,0.1453380649896476,-85.46619350103524
A_single_thread,jxl_e3,encode,110,0.1374997017019558,-86.25002982980442
A_single_thread,jxl_e3,encode,111,0.12225558949189487,-87.77444105081051
A_single_thread,jxl_e3,encode,112,0.1402169425078604,-85.97830574921396
A_single_thread,jxl_e3,encode,113,0.13274176060086618,-86.72582393991338
A_single_thread,jxl_e3,encode,114,0.17048904565531187,-82.95109543446881
A_single_thread,jxl_e3,encode,115,0.14221366411912004,-85.778633588088
A_single_thread,jxl_e3,encode,116,0.10982000490388097,-89.0179995096119
A_single_thread,jxl_e3,encode,117,0.09364079709635899,-90.6359202903641
A_single_thread,jxl_e3,encode,118,0.12931950029163364,-87.06804997083664
A_single_thread,jxl_e3,encode,119,0.14895776803249292,-85.10422319675071
A_single_thread,jxl_e3,encode,120,0.15130815492074673,-84.86918450792533
A_single_thread,jxl_e3,decode,1,0.10184713250899442,-89.81528674910055
A_single_thread,jxl_e3,decode,2,0.08929575096710607,-91.07042490328939
A_single_thread,jxl_e3,decode,3,0.08849066678222722,-91.15093332177729
A_single_thread,jxl_e3,decode,4,0.09691873875416658,-90.30812612458334
A_single_thread,jxl_e3,decode,5,0.09253749703380212,-90.74625029661979
A_single_thread,jxl_e3,decode,6,0.09745111260085784,-90.25488873991422
A_single_thread,jxl_e3,decode,7,0.0947154672996131,-90.52845327003868
A_single_thread,jxl_e3,decode,8,0.08156147875642188,-91.84385212435782
A_single_thread,jxl_e3,decode,9,0.09220621859806359,-90.77937814019364
A_single_thread,jxl_e3,decode,10,0.08853129200023815,-91.14687079997618
A_single_thread,jxl_e3,decode,11,0.07500785659232947,-92.49921434076705
A_single_thread,jxl_e3,decode,12,0.06378961618883837,-93.62103838111616
A_single_thread,jxl_e3,decode,13,0.07807697455595464,-92.19230254440454
A_single_thread,jxl_e3,decode,14,0.07257923116242818,-92.74207688375718
A_single_thread,jxl_e3,decode,15,0.08855648714742399,-91.1443512852576
A_single_thread,jxl_e3,decode,16,0.09280863663054001,-90.719136336946
A_single_thread,jxl_e3,decode,17,0.10064934044348556,-89.93506595565144
A_single_thread,jxl_e3,decode,18,0.09006238024528165,-90.99376197547183
A_single_thread,jxl_e3,decode,19,0.08700494145084316,-91.29950585491568
A_single_thread,jxl_e3,decode,20,0.10670336091204555,-89.32966390879544
A_single_thread,jxl_e3,decode,21,0.08467541789839093,-91.53245821016091
A_single_thread,jxl_e3,decode,22,0.09726012714649675,-90.27398728535032
A_single_thread,jxl_e3,decode,23,0.11149092221332584,-88.85090777866742
A_single_thread,jxl_e3,decode,24,0.09160089942623084,-90.83991005737691
A_single_thread,jxl_e3,decode,25,0.08157042099811182,-91.84295790018882
A_single_thread,jxl_e3,decode,26,0.10630244411952651,-89.36975558804735
A_single_thread,jxl_e3,decode,27,0.09780877971486164,-90.21912202851384
A_single_thread,jxl_e3,decode,28,0.07736695746281737,-92.26330425371826
A_single_thread,jxl_e3,decode,29,0.09672739267747159,-90.32726073225284
A_single_thread,jxl_e3,decode,30,0.08911634933888009,-91.08836506611199
A_single_thread,jxl_e3,decode,31,0.09607666815682527,-90.39233318431748
A_single_thread,jxl_e3,decode,32,0.08545416275246771,-91.45458372475322
A_single_thread,jxl_e3,decode,33,0.07901929298151442,-92.09807070184856
A_single_thread,jxl_e3,decode,34,0.07745221893544998,-92.254778106455
A_single_thread,jxl_e3,decode,35,0.09706042313432786,-90.29395768656721
A_single_thread,jxl_e3,decode,36,0.09872051231357092,-90.12794876864291
A_single_thread,jxl_e3,decode,37,0.09116130768937158,-90.88386923106285
A_single_thread,jxl_e3,decode,38,0.0992382454296115,-90.07617545703886
A_single_thread,jxl_e3,decode,39,0.1014961114450314,-89.85038885549686
A_single_thread,jxl_e3,decode,40,0.09780204622667202,-90.2197953773328
A_single_thread,jxl_e3,decode,41,0.08447654458528822,-91.55234554147118
A_single_thread,jxl_e3,decode,42,0.09689136081660665,-90.31086391833934
A_single_thread,jxl_e3,decode,43,0.08982060322515656,-91.01793967748435
A_single_thread,jxl_e3,decode,44,0.11627531465103781,-88.37246853489621
A_single_thread,jxl_e3,decode,45,0.09270295478780918,-90.72970452121908
A_single_thread,jxl_e3,decode,46,0.09664724478624959,-90.33527552137504
A_single_thread,jxl_e3,decode,47,0.10927617953182217,-89.07238204681778
A_single_thread,jxl_e3,decode,48,0.1080977374077136,-89.19022625922864
A_single_thread,jxl_e3,decode,49,0.09788137711441373,-90.21186228855863
A_single_thread,jxl_e3,decode,50,0.10368968298740205,-89.63103170125979
A_single_thread,jxl_e3,decode,51,0.10204864227002185,-89.79513577299781
A_single_thread,jxl_e3,decode,52,0.11362913378005327,-88.63708662199468
A_single_thread,jxl_e3,decode,53,0.10921285938806015,-89.07871406119399
A_single_thread,jxl_e3,decode,54,0.1155289393509608,-88.44710606490392
A_single_thread,jxl_e3,decode,55,0.09459120904006646,-90.54087909599335
A_single_thread,jxl_e3,decode,56,0.09854879651357948,-90.14512034864205
A_single_thread,jxl_e3,decode,57,0.09495644317658612,-90.50435568234138
A_single_thread,jxl_e3,decode,58,0.10750363351096295,-89.2496366489037
A_single_thread,jxl_e3,decode,59,0.09816166680608487,-90.18383331939151
A_single_thread,jxl_e3,decode,60,0.0935368085981516,-90.64631914018484
A_single_thread,jxl_e3,decode,61,0.07009764637280648,-92.99023536271935
A_single_thread,jxl_e3,decode,62,0.07112220757218944,-92.88777924278105
A_single_thread,jxl_e3,decode,63,0.08416497641281145,-91.58350235871886
A_single_thread,jxl_e3,decode,64,0.09421374879573559,-90.57862512042644
A_single_thread,jxl_e3,decode,65,0.08938657511181353,-91.06134248881865
A_single_thread,jxl_e3,decode,66,0.08652727849163092,-91.34727215083691
A_single_thread,jxl_e3,decode,67,0.0904943730041594,-90.95056269958405
A_single_thread,jxl_e3,decode,68,0.1052940000189835,-89.47059999810165
A_single_thread,jxl_e3,decode,69,0.08558275003731648,-91.44172499626835
A_single_thread,jxl_e3,decode,70,0.08887265141045284,-91.11273485895471
A_single_thread,jxl_e3,decode,71,0.0843649348232124,-91.56350651767876
A_single_thread,jxl_e3,decode,72,0.09491456304287098,-90.5085436957129
A_single_thread,jxl_e3,decode,73,0.06779378461879733,-93.22062153812027
A_single_thread,jxl_e3,decode,74,0.07208345980683262,-92.79165401931674
A_single_thread,jxl_e3,decode,75,0.07425423493806677,-92.57457650619332
A_single_thread,jxl_e3,decode,76,0.09910903147151374,-90.08909685284863
A_single_thread,jxl_e3,decode,77,0.10496043839776933,-89.50395616022307
A_single_thread,jxl_e3,decode,78,0.10771762366119039,-89.22823763388095
A_single_thread,jxl_e3,decode,79,0.11582094812435555,-88.41790518756444
A_single_thread,jxl_e3,decode,80,0.10149047729610887,-89.85095227038912
A_single_thread,jxl_e3,decode,81,0.09839958059692154,-90.16004194030785
A_single_thread,jxl_e3,decode,82,0.10036731034247469,-89.96326896575253
A_single_thread,jxl_e3,decode,83,0.09760918639881608,-90.23908136011839
A_single_thread,jxl_e3,decode,84,0.09764981296755486,-90.23501870324452
A_single_thread,jxl_e3,decode,85,0.11847498436849363,-88.15250156315064
A_single_thread,jxl_e3,decode,86,0.10079402308799065,-89.92059769120092
A_single_thread,jxl_e3,decode,87,0.10972398790203404,-89.02760120979659
A_single_thread,jxl_e3,decode,88,0.08512777443590533,-91.48722255640946
A_single_thread,jxl_e3,decode,89,0.09634854582829257,-90.36514541717075
A_single_thread,jxl_e3,decode,90,0.09582173127013655,-90.41782687298634
A_single_thread,jxl_e3,decode,91,0.09096399491501594,-90.9036005084984
A_single_thread,jxl_e3,decode,92,0.08987578964776813,-91.01242103522318
A_single_thread,jxl_e3,decode,93,0.07415967463988014,-92.58403253601199
A_single_thread,jxl_e3,decode,94,0.10307567386981381,-89.69243261301862
A_single_thread,jxl_e3,decode,95,0.09554245741569632,-90.44575425843037
A_single_thread,jxl_e3,decode,96,0.1012547028053619,-89.87452971946381
A_single_thread,jxl_e3,decode,97,0.08808889670756061,-91.19111032924394
A_single_thread,jxl_e3,decode,98,0.08442242069898902,-91.5577579301011
A_single_thread,jxl_e3,decode,99,0.08038867102530477,-91.96113289746953
A_single_thread,jxl_e3,decode,100,0.09254604730400845,-90.74539526959914
A_single_thread,jxl_e3,decode,101,0.08450027960910877,-91.54997203908913
A_single_thread,jxl_e3,decode,102,0.09762388613590271,-90.23761138640974
A_single_thread,jxl_e3,decode,103,0.08889045951439443,-91.11095404856056
A_single_thread,jxl_e3,decode,104,0.08890095758715512,-91.10990424128448
A_single_thread,jxl_e3,decode,105,0.0873137147269432,-91.26862852730568
A_single_thread,jxl_e3,decode,106,0.09895376552124455,-90.10462344787554
A_single_thread,jxl_e3,decode,107,0.10037779373199428,-89.96222062680057
A_single_thread,jxl_e3,decode,108,0.1019842891802383,-89.80157108197618
A_single_thread,jxl_e3,decode,109,0.07894034903863457,-92.10596509613654
A_single_thread,jxl_e3,decode,110,0.10103625095517801,-89.8963749044822
A_single_thread,jxl_e3,decode,111,0.07920542582764471,-92.07945741723553
A_single_thread,jxl_e3,decode,112,0.10399504009517796,-89.60049599048222
A_single_thread,jxl_e3,decode,113,0.088514597768098,-91.1485402231902
A_single_thread,jxl_e3,decode,114,0.11157522802573255,-88.84247719742675
A_single_thread,jxl_e3,decode,115,0.09988693974275432,-90.01130602572456
A_single_thread,jxl_e3,decode,116,0.07607812213087063,-92.39218778691294
A_single_thread,jxl_e3,decode,117,0.07038674548958998,-92.961325451041
A_single_thread,jxl_e3,decode,118,0.0935322742622845,-90.64677257377156
A_single_thread,jxl_e3,decode,119,0.09744108118037592,-90.25589188196241
A_single_thread,jxl_e3,decode,120,0.10417446030092219,-89.58255396990779
A_single_thread,jxl_e7,encode,1,0.01167981387726305,-98.8320186122737
A_single_thread,jxl_e7,encode,2,0.008852120120276561,-99.11478798797233
A_single_thread,jxl_e7,encode,3,0.010555917012739393,-98.94440829872606
A_single_thread,jxl_e7,encode,4,0.012314331965901943,-98.76856680340981
A_single_thread,jxl_e7,encode,5,0.011353662278305553,-98.86463377216944
A_single_thread,jxl_e7,encode,6,0.011709577925139754,-98.82904220748603
A_single_thread,jxl_e7,encode,7,0.01115470374005504,-98.8845296259945
A_single_thread,jxl_e7,encode,8,0.01008100950746962,-98.99189904925304
A_single_thread,jxl_e7,encode,9,0.011760900246075264,-98.82390997539248
A_single_thread,jxl_e7,encode,10,0.009789942801735285,-99.02100571982648
A_single_thread,jxl_e7,encode,11,0.007808040721492047,-99.2191959278508
A_single_thread,jxl_e7,encode,12,0.00820656838273949,-99.17934316172605
A_single_thread,jxl_e7,encode,13,0.008212908886850835,-99.17870911131492
A_single_thread,jxl_e7,encode,14,0.009262490621051151,-99.07375093789489
A_single_thread,jxl_e7,encode,15,0.010569936206707868,-98.94300637932922
A_single_thread,jxl_e7,encode,16,0.012123842171443123,-98.78761578285568
A_single_thread,jxl_e7,encode,17,0.010984303171789132,-98.90156968282109
A_single_thread,jxl_e7,encode,18,0.010964574250700587,-98.90354257492994
A_single_thread,jxl_e7,encode,19,0.011005909947112235,-98.89940900528877
A_single_thread,jxl_e7,encode,20,0.014094488786588416,-98.59055112134116
A_single_thread,jxl_e7,encode,21,0.010777696262084475,-98.92223037379155
A_single_thread,jxl_e7,encode,22,0.013710831262871407,-98.62891687371285
A_single_thread,jxl_e7,encode,23,0.01404990664416539,-98.59500933558346
A_single_thread,jxl_e7,encode,24,0.012010758003588503,-98.79892419964115
A_single_thread,jxl_e7,encode,25,0.010361672389850052,-98.963832761015
A_single_thread,jxl_e7,encode,26,0.014433571349842182,-98.55664286501579
A_single_thread,jxl_e7,encode,27,0.012963548988330452,-98.70364510116696
A_single_thread,jxl_e7,encode,28,0.009069561588209013,-99.0930438411791
A_single_thread,jxl_e7,encode,29,0.01218091276227482,-98.78190872377252
A_single_thread,jxl_e7,encode,30,0.010957170578687257,-98.90428294213127
A_single_thread,jxl_e7,encode,31,0.012737935262249181,-98.72620647377508
A_single_thread,jxl_e7,encode,32,0.009093429382250941,-99.0906570617749
A_single_thread,jxl_e7,encode,33,0.009335600503391685,-99.06643994966083
A_single_thread,jxl_e7,encode,34,0.009482716721751128,-99.05172832782489
A_single_thread,jxl_e7,encode,35,0.012209099935429634,-98.77909000645704
A_single_thread,jxl_e7,encode,36,0.013021495249389458,-98.69785047506106
A_single_thread,jxl_e7,encode,37,0.011812902882849455,-98.81870971171506
A_single_thread,jxl_e7,encode,38,0.012621639031645204,-98.73783609683548
A_single_thread,jxl_e7,encode,39,0.01294827927144897,-98.7051720728551
A_single_thread,jxl_e7,encode,40,0.01158792022219368,-98.84120797778063
A_single_thread,jxl_e7,encode,41,0.011231211720995504,-98.87687882790046
A_single_thread,jxl_e7,encode,42,0.01059495626095442,-98.94050437390456
A_single_thread,jxl_e7,encode,43,0.010487954751897155,-98.9512045248103
A_single_thread,jxl_e7,encode,44,0.015118082390216945,-98.48819176097831
A_single_thread,jxl_e7,encode,45,0.010912887372777826,-98.90871126272222
A_single_thread,jxl_e7,encode,46,0.013478508489899739,-98.65214915101002
A_single_thread,jxl_e7,encode,47,0.015008459723919088,-98.4991540276081
A_single_thread,jxl_e7,encode,48,0.013730934168426126,-98.62690658315739
A_single_thread,jxl_e7,encode,49,0.011627889603334005,-98.8372110396666
A_single_thread,jxl_e7,encode,50,0.013805220439437564,-98.61947795605624
A_single_thread,jxl_e7,encode,51,0.013217108004162438,-98.67828919958376
A_single_thread,jxl_e7,encode,52,0.014984874113226255,-98.50151258867737
A_single_thread,jxl_e7,encode,53,0.014016156349895335,-98.59838436501047
A_single_thread,jxl_e7,encode,54,0.014386783411090906,-98.5613216588909
A_single_thread,jxl_e7,encode,55,0.011261482963489878,-98.87385170365101
A_single_thread,jxl_e7,encode,56,0.012531277429221716,-98.74687225707784
A_single_thread,jxl_e7,encode,57,0.010777927014545396,-98.92220729854546
A_single_thread,jxl_e7,encode,58,0.012751917989963552,-98.72480820100364
A_single_thread,jxl_e7,encode,59,0.01199353776275513,-98.80064622372448
A_single_thread,jxl_e7,encode,60,0.011486044234270262,-98.85139557657297
A_single_thread,jxl_e7,encode,61,0.009254620023261861,-99.07453799767381
A_single_thread,jxl_e7,encode,62,0.008924137901580332,-99.10758620984197
A_single_thread,jxl_e7,encode,63,0.010610808747188106,-98.93891912528119
A_single_thread,jxl_e7,encode,64,0.010434865438666768,-98.95651345613332
A_single_thread,jxl_e7,encode,65,0.010340283869003793,-98.96597161309963
A_single_thread,jxl_e7,encode,66,0.01046156783993291,-98.9538432160067
A_single_thread,jxl_e7,encode,67,0.009359373679677763,-99.06406263203222
A_single_thread,jxl_e7,encode,68,0.012486505701940686,-98.75134942980594
A_single_thread,jxl_e7,encode,69,0.0100064975431719,-98.9993502456828
A_single_thread,jxl_e7,encode,70,0.011496907945889302,-98.85030920541107
A_single_thread,jxl_e7,encode,71,0.010525527539709822,-98.94744724602901
A_single_thread,jxl_e7,encode,72,0.01065515068074097,-98.93448493192591
A_single_thread,jxl_e7,encode,73,0.007821613537889344,-99.21783864621106
A_single_thread,jxl_e7,encode,74,0.009262327378834858,-99.07376726211652
A_single_thread,jxl_e7,encode,75,0.008549252871985595,-99.14507471280145
A_single_thread,jxl_e7,encode,76,0.011782627950640608,-98.82173720493594
A_single_thread,jxl_e7,encode,77,0.012905403818865391,-98.70945961811346
A_single_thread,jxl_e7,encode,78,0.01366814861555681,-98.63318513844432
A_single_thread,jxl_e7,encode,79,0.01479502666638166,-98.52049733336183
A_single_thread,jxl_e7,encode,80,0.011958751629763741,-98.80412483702362
A_single_thread,jxl_e7,encode,81,0.012296449326713794,-98.77035506732862
A_single_thread,jxl_e7,encode,82,0.01184666661622941,-98.81533333837706
A_single_thread,jxl_e7,encode,83,0.011171645230202186,-98.88283547697978
A_single_thread,jxl_e7,encode,84,0.010761046813441255,-98.92389531865588
A_single_thread,jxl_e7,encode,85,0.015227476986298685,-98.47725230137013
A_single_thread,jxl_e7,encode,86,0.01322452831927959,-98.67754716807204
A_single_thread,jxl_e7,encode,87,0.013969479526224194,-98.60305204737759
A_single_thread,jxl_e7,encode,88,0.010334955995842526,-98.96650440041574
A_single_thread,jxl_e7,encode,89,0.01150059297774782,-98.84994070222521
A_single_thread,jxl_e7,encode,90,0.01186906201501876,-98.81309379849812
A_single_thread,jxl_e7,encode,91,0.010460273346602475,-98.95397266533975
A_single_thread,jxl_e7,encode,92,0.011328244411661404,-98.86717555883386
A_single_thread,jxl_e7,encode,93,0.009548486341737963,-99.0451513658262
A_single_thread,jxl_e7,encode,94,0.01095351145562043,-98.90464885443797
A_single_thread,jxl_e7,encode,95,0.010186048011035467,-98.98139519889645
A_single_thread,jxl_e7,encode,96,0.01113087266826695,-98.8869127331733
A_single_thread,jxl_e7,encode,97,0.009073957909582096,-99.0926042090418
A_single_thread,jxl_e7,encode,98,0.009896397123627278,-99.01036028763727
A_single_thread,jxl_e7,encode,99,0.009374402947140805,-99.06255970528592
A_single_thread,jxl_e7,encode,100,0.010766523549748195,-98.92334764502519
A_single_thread,jxl_e7,encode,101,0.009433967697612155,-99.05660323023878
A_single_thread,jxl_e7,encode,102,0.01224568853947721,-98.77543114605228
A_single_thread,jxl_e7,encode,103,0.011652624981821107,-98.8347375018179
A_single_thread,jxl_e7,encode,104,0.010159425704044251,-98.98405742959557
A_single_thread,jxl_e7,encode,105,0.01036842607150554,-98.96315739284944
A_single_thread,jxl_e7,encode,106,0.012132001605883428,-98.78679983941166
A_single_thread,jxl_e7,encode,107,0.011953393081613783,-98.80466069183862
A_single_thread,jxl_e7,encode,108,0.012842173890016252,-98.71578261099837
A_single_thread,jxl_e7,encode,109,0.00874299039316922,-99.12570096068308
A_single_thread,jxl_e7,encode,110,0.012091043638910438,-98.79089563610896
A_single_thread,jxl_e7,encode,111,0.01047395569856002,-98.95260443014399
A_single_thread,jxl_e7,encode,112,0.012243940342029207,-98.77560596579707
A_single_thread,jxl_e7,encode,113,0.010320947078491441,-98.96790529215086
A_single_thread,jxl_e7,encode,114,0.0119902747098926,-98.80097252901075
A_single_thread,jxl_e7,encode,115,0.010649190126755087,-98.93508098732448
A_single_thread,jxl_e7,encode,116,0.008124089018854029,-99.18759109811461
A_single_thread,jxl_e7,encode,117,0.007647956362919002,-99.23520436370809
A_single_thread,jxl_e7,encode,118,0.011240643265230842,-98.87593567347692
A_single_thread,jxl_e7,encode,119,0.011598264766688253,-98.84017352333117
A_single_thread,jxl_e7,encode,120,0.012304036863284724,-98.76959631367153
A_single_thread,jxl_e7,decode,1,0.10763979615678906,-89.2360203843211
A_single_thread,jxl_e7,decode,2,0.09004418498628852,-90.99558150137115
A_single_thread,jxl_e7,decode,3,0.10195461383957218,-89.80453861604278
A_single_thread,jxl_e7,decode,4,0.12025170981319197,-87.9748290186808
A_single_thread,jxl_e7,decode,5,0.10134539391261628,-89.86546060873837
A_single_thread,jxl_e7,decode,6,0.10448856498598251,-89.55114350140175
A_single_thread,jxl_e7,decode,7,0.09934067882766748,-90.06593211723325
A_single_thread,jxl_e7,decode,8,0.09203778330671249,-90.79622166932874
A_single_thread,jxl_e7,decode,9,0.11112923360505364,-88.88707663949464
A_single_thread,jxl_e7,decode,10,0.10325661204868475,-89.67433879513152
A_single_thread,jxl_e7,decode,11,0.07939277092146207,-92.06072290785379
A_single_thread,jxl_e7,decode,12,0.07991393932884723,-92.00860606711527
A_single_thread,jxl_e7,decode,13,0.08627342542739956,-91.37265745726005
A_single_thread,jxl_e7,decode,14,0.08614292891394332,-91.38570710860567
A_single_thread,jxl_e7,decode,15,0.09865419522948563,-90.13458047705144
A_single_thread,jxl_e7,decode,16,0.09508514871096375,-90.49148512890362
A_single_thread,jxl_e7,decode,17,0.11177299731789962,-88.82270026821004
A_single_thread,jxl_e7,decode,18,0.09431279958998288,-90.56872004100171
A_single_thread,jxl_e7,decode,19,0.09267980748125708,-90.73201925187429
A_single_thread,jxl_e7,decode,20,0.12204960748025762,-87.79503925197425
A_single_thread,jxl_e7,decode,21,0.08384649608612406,-91.6153503913876
A_single_thread,jxl_e7,decode,22,0.10528571712104869,-89.47142828789512
A_single_thread,jxl_e7,decode,23,0.12290757987115074,-87.70924201288493
A_single_thread,jxl_e7,decode,24,0.09891115295356613,-90.10888470464339
A_single_thread,jxl_e7,decode,25,0.08879703745590632,-91.12029625440937
A_single_thread,jxl_e7,decode,26,0.11883014380133208,-88.1169856198668
A_single_thread,jxl_e7,decode,27,0.10544678962565185,-89.45532103743481
A_single_thread,jxl_e7,decode,28,0.08132841328544345,-91.86715867145566
A_single_thread,jxl_e7,decode,29,0.10572024530143977,-89.42797546985602
A_single_thread,jxl_e7,decode,30,0.09708666521764624,-90.29133347823539
A_single_thread,jxl_e7,decode,31,0.09693432547301487,-90.30656745269852
A_single_thread,jxl_e7,decode,32,0.08753058995054418,-91.24694100494558
A_single_thread,jxl_e7,decode,33,0.08623136672917046,-91.37686332708296
A_single_thread,jxl_e7,decode,34,0.09128954163524787,-90.87104583647522
A_single_thread,jxl_e7,decode,35,0.09895581868960159,-90.10441813103984
A_single_thread,jxl_e7,decode,36,0.09896583823489159,-90.10341617651085
A_single_thread,jxl_e7,decode,37,0.10460047423225563,-89.53995257677444
A_single_thread,jxl_e7,decode,38,0.10921384388415824,-89.07861561158418
A_single_thread,jxl_e7,decode,39,0.11225479006148632,-88.77452099385137
A_single_thread,jxl_e7,decode,40,0.11109038877715861,-88.89096112228414
A_single_thread,jxl_e7,decode,41,0.08485817143805938,-91.51418285619405
A_single_thread,jxl_e7,decode,42,0.09601648732519837,-90.39835126748017
A_single_thread,jxl_e7,decode,43,0.09852420684064271,-90.14757931593573
A_single_thread,jxl_e7,decode,44,0.13874096188165305,-86.12590381183469
A_single_thread,jxl_e7,decode,45,0.10193412951393836,-89.80658704860616
A_single_thread,jxl_e7,decode,46,0.1256362139052185,-87.43637860947815
A_single_thread,jxl_e7,decode,47,0.14476533505955902,-85.5234664940441
A_single_thread,jxl_e7,decode,48,0.13939985453601242,-86.06001454639876
A_single_thread,jxl_e7,decode,49,0.1163996432620758,-88.36003567379242
A_single_thread,jxl_e7,decode,50,0.13595477739951528,-86.40452226004847
A_single_thread,jxl_e7,decode,51,0.13140904423770397,-86.8590955762296
A_single_thread,jxl_e7,decode,52,0.14320722553603918,-85.67927744639609
A_single_thread,jxl_e7,decode,53,0.13830036535697093,-86.1699634643029
A_single_thread,jxl_e7,decode,54,0.14537967565749524,-85.46203243425047
A_single_thread,jxl_e7,decode,55,0.10552790224113692,-89.44720977588631
A_single_thread,jxl_e7,decode,56,0.1217172096528399,-87.828279034716
A_single_thread,jxl_e7,decode,57,0.11030640607564027,-88.96935939243598
A_single_thread,jxl_e7,decode,58,0.1144663955904406,-88.55336044095594
A_single_thread,jxl_e7,decode,59,0.09676591475476844,-90.32340852452315
A_single_thread,jxl_e7,decode,60,0.09355894976572231,-90.64410502342777
A_single_thread,jxl_e7,decode,61,0.07499312614558845,-92.50068738544115
A_single_thread,jxl_e7,decode,62,0.07828998642689916,-92.17100135731009
A_single_thread,jxl_e7,decode,63,0.08482864295830098,-91.5171357041699
A_single_thread,jxl_e7,decode,64,0.10270848380719516,-89.72915161928047
A_single_thread,jxl_e7,decode,65,0.10265913942012286,-89.73408605798771
A_single_thread,jxl_e7,decode,66,0.09128754625360011,-90.87124537463998
A_single_thread,jxl_e7,decode,67,0.09598226689004596,-90.40177331099541
A_single_thread,jxl_e7,decode,68,0.11813050272191308,-88.1869497278087
A_single_thread,jxl_e7,decode,69,0.0918662149006919,-90.81337850993081
A_single_thread,jxl_e7,decode,70,0.10565621684391141,-89.43437831560885
A_single_thread,jxl_e7,decode,71,0.0825418576022164,-91.74581423977835
A_single_thread,jxl_e7,decode,72,0.10262474758563786,-89.73752524143622
A_single_thread,jxl_e7,decode,73,0.07900804605145274,-92.09919539485473
A_single_thread,jxl_e7,decode,74,0.0858007116842629,-91.4199288315737
A_single_thread,jxl_e7,decode,75,0.08344797912124094,-91.6552020878759
A_single_thread,jxl_e7,decode,76,0.09141193794107122,-90.85880620589289
A_single_thread,jxl_e7,decode,77,0.11272497735810348,-88.72750226418965
A_single_thread,jxl_e7,decode,78,0.1199905080146947,-88.00094919853053
A_single_thread,jxl_e7,decode,79,0.1285944793500611,-87.1405520649939
A_single_thread,jxl_e7,decode,80,0.11196422684752996,-88.80357731524701
A_single_thread,jxl_e7,decode,81,0.10228919705433742,-89.77108029456626
A_single_thread,jxl_e7,decode,82,0.1017897235810858,-89.82102764189142
A_single_thread,jxl_e7,decode,83,0.10055937058871875,-89.94406294112812
A_single_thread,jxl_e7,decode,84,0.11579356786018058,-88.42064321398195
A_single_thread,jxl_e7,decode,85,0.12553874468384138,-87.44612553161586
A_single_thread,jxl_e7,decode,86,0.1030795698528008,-89.69204301471993
A_single_thread,jxl_e7,decode,87,0.11117266611647998,-88.882733388352
A_single_thread,jxl_e7,decode,88,0.09000415173893851,-90.99958482610614
A_single_thread,jxl_e7,decode,89,0.10564366794776328,-89.43563320522368
A_single_thread,jxl_e7,decode,90,0.09487231246119893,-90.5127687538801
A_single_thread,jxl_e7,decode,91,0.08636211009741941,-91.36378899025806
A_single_thread,jxl_e7,decode,92,0.09264534774157525,-90.73546522584247
A_single_thread,jxl_e7,decode,93,0.07429952183126236,-92.57004781687377
A_single_thread,jxl_e7,decode,94,0.10636557455602257,-89.36344254439774
A_single_thread,jxl_e7,decode,95,0.09179675686733668,-90.82032431326633
A_single_thread,jxl_e7,decode,96,0.11003258918047988,-88.99674108195201
A_single_thread,jxl_e7,decode,97,0.08501913649641868,-91.49808635035814
A_single_thread,jxl_e7,decode,98,0.08327586865257937,-91.67241313474206
A_single_thread,jxl_e7,decode,99,0.08311104889705442,-91.68889511029455
A_single_thread,jxl_e7,decode,100,0.08533050572595764,-91.46694942740423
A_single_thread,jxl_e7,decode,101,0.08567343075797781,-91.43265692420222
A_single_thread,jxl_e7,decode,102,0.08975597283560101,-91.0244027164399
A_single_thread,jxl_e7,decode,103,0.08894344184141523,-91.10565581585848
A_single_thread,jxl_e7,decode,104,0.09218247698036344,-90.78175230196366
A_single_thread,jxl_e7,decode,105,0.09675218838608109,-90.32478116139188
A_single_thread,jxl_e7,decode,106,0.09434491092811967,-90.56550890718803
A_single_thread,jxl_e7,decode,107,0.11191334411150533,-88.80866558884946
A_single_thread,jxl_e7,decode,108,0.10783605943798705,-89.2163940562013
A_single_thread,jxl_e7,decode,109,0.08659983342082642,-91.34001665791736
A_single_thread,jxl_e7,decode,110,0.09641033877833272,-90.35896612216673
A_single_thread,jxl_e7,decode,111,0.08229503965195951,-91.77049603480405
A_single_thread,jxl_e7,decode,112,0.11305790846598203,-88.69420915340179
A_single_thread,jxl_e7,decode,113,0.0914437783152731,-90.85562216847269
A_single_thread,jxl_e7,decode,114,0.12264987373518291,-87.7350126264817
A_single_thread,jxl_e7,decode,115,0.11162468535542452,-88.83753146445754
A_single_thread,jxl_e7,decode,116,0.07959782892728662,-92.04021710727133
A_single_thread,jxl_e7,decode,117,0.07506958698437799,-92.4930413015622
A_single_thread,jxl_e7,decode,118,0.09171401306920186,-90.82859869307981
A_single_thread,jxl_e7,decode,119,0.09950337884129361,-90.04966211587065
A_single_thread,jxl_e7,decode,120,0.10538313005796938,-89.46168699420306
B_throughput,jpeg,encode,1,0.7107714295643405,-28.92285704356595
B_throughput,jpeg,encode,2,0.7059083078723069,-29.409169212769314
B_throughput,jpeg,encode,3,0.5909535179368309,-40.90464820631691
B_throughput,jpeg,encode,4,0.5334659029181531,-46.65340970818469
B_throughput,jpeg,encode,5,0.555510008486358,-44.4489991513642
B_throughput,jpeg,encode,6,0.6970449138091255,-30.295508619087453
B_throughput,jpeg,encode,7,0.5828488709268606,-41.715112907313944
B_throughput,jpeg,encode,8,0.6432516844616454,-35.67483155383546
B_throughput,jpeg,encode,9,0.5451121236756522,-45.48878763243478
B_throughput,jpeg,encode,10,0.5390215462309477,-46.097845376905234
B_throughput,jpeg,encode,11,0.7169147903779691,-28.308520962203087
B_throughput,jpeg,encode,12,0.7953589360789718,-20.46410639210282
B_throughput,jpeg,encode,13,0.5867769033832565,-41.32230966167435
B_throughput,jpeg,encode,14,0.6167369172080236,-38.32630827919764
B_throughput,jpeg,encode,15,0.5338576868553692,-46.61423131446308
B_throughput,jpeg,encode,16,0.8794558372337178,-12.05441627662822
B_throughput,jpeg,encode,17,0.6171206168545654,-38.28793831454346
B_throughput,jpeg,encode,18,0.624526358101534,-37.5473641898466
B_throughput,jpeg,encode,19,0.5963376616586339,-40.36623383413661
B_throughput,jpeg,encode,20,0.6188602287165943,-38.11397712834057
B_throughput,jpeg,encode,21,0.8601482575583669,-13.985174244163312
B_throughput,jpeg,encode,22,0.8762142456113764,-12.37857543886236
B_throughput,jpeg,encode,23,0.5471939231959783,-45.28060768040218
B_throughput,jpeg,encode,24,0.8487271894471267,-15.127281055287334
B_throughput,jpeg,encode,25,0.6376550016932924,-36.234499830670764
B_throughput,jpeg,encode,26,0.7470602188363432,-25.29397811636568
B_throughput,jpeg,encode,27,0.754477023356027,-24.552297664397305
B_throughput,jpeg,encode,28,0.6541381952251316,-34.58618047748684
B_throughput,jpeg,encode,29,0.602964251267453,-39.7035748732547
B_throughput,jpeg,encode,30,0.6230766502958459,-37.69233497041541
B_throughput,jpeg,encode,31,0.9158260400464381,-8.417395995356191
B_throughput,jpeg,encode,32,0.725939233171427,-27.406076682857304
B_throughput,jpeg,encode,33,0.5858571188789398,-41.41428811210602
B_throughput,jpeg,encode,34,0.6067987535759958,-39.32012464240042
B_throughput,jpeg,encode,35,0.5783456525246353,-42.165434747536466
B_throughput,jpeg,encode,36,0.843480262874858,-15.6519737125142
B_throughput,jpeg,encode,37,0.7445648995287022,-25.54351004712978
B_throughput,jpeg,encode,38,0.5671188993293671,-43.28811006706329
B_throughput,jpeg,encode,39,0.5887011816216048,-41.12988183783952
B_throughput,jpeg,encode,40,0.6083479794884742,-39.16520205115258
B_throughput,jpeg,encode,41,0.8899443861391766,-11.005561386082341
B_throughput,jpeg,encode,42,0.6860694762502223,-31.39305237497777
B_throughput,jpeg,encode,43,0.5752091171545659,-42.47908828454341
B_throughput,jpeg,encode,44,0.5759079784064024,-42.40920215935976
B_throughput,jpeg,encode,45,0.535062708194308,-46.4937291805692
B_throughput,jpeg,encode,46,0.8449219981977842,-15.507800180221576
B_throughput,jpeg,encode,47,0.7087506228442256,-29.12493771557744
B_throughput,jpeg,encode,48,0.6056501089484545,-39.43498910515455
B_throughput,jpeg,encode,49,0.591835852728208,-40.81641472717919
B_throughput,jpeg,encode,50,0.5602648152207332,-43.973518477926675
B_throughput,jpeg,encode,51,0.7917678212288689,-20.82321787711311
B_throughput,jpeg,encode,52,0.7182137588293079,-28.178624117069205
B_throughput,jpeg,encode,53,0.6472506783820903,-35.27493216179097
B_throughput,jpeg,encode,54,0.5505031221473754,-44.94968778526246
B_throughput,jpeg,encode,55,0.5977189208366239,-40.228107916337606
B_throughput,jpeg,encode,56,0.8154823984625336,-18.451760153746644
B_throughput,jpeg,encode,57,0.6307328912669647,-36.92671087330353
B_throughput,jpeg,encode,58,0.6263066655446148,-37.36933344553852
B_throughput,jpeg,encode,59,0.6070195825987733,-39.29804174012267
B_throughput,jpeg,encode,60,0.5820656656478131,-41.79343343521869
B_throughput,jpeg,encode,61,0.8980412558271765,-10.195874417282347
B_throughput,jpeg,encode,62,0.7778027432542077,-22.219725674579227
B_throughput,jpeg,encode,63,0.6588215255299474,-34.11784744700525
B_throughput,jpeg,encode,64,0.5941612659186397,-40.58387340813603
B_throughput,jpeg,encode,65,0.6401984920729974,-35.98015079270026
B_throughput,jpeg,encode,66,0.8943656183399531,-10.56343816600469
B_throughput,jpeg,encode,67,0.8120716528324611,-18.79283471675389
B_throughput,jpeg,encode,68,0.6263912100437758,-37.360878995622414
B_throughput,jpeg,encode,69,0.6132633326984988,-38.673666730150124
B_throughput,jpeg,encode,70,0.634408544002987,-36.5591455997013
B_throughput,jpeg,encode,71,0.8692737539251678,-13.072624607483219
B_throughput,jpeg,encode,72,0.657591799135533,-34.240820086446696
B_throughput,jpeg,encode,73,0.6627959726251168,-33.72040273748832
B_throughput,jpeg,encode,74,0.6281058371936663,-37.18941628063337
B_throughput,jpeg,encode,75,0.6102447723999075,-38.97552276000925
B_throughput,jpeg,encode,76,0.804717209030811,-19.5282790969189
B_throughput,jpeg,encode,77,0.7181835614401416,-28.18164385598584
B_throughput,jpeg,encode,78,0.5939877706540768,-40.601222934592315
B_throughput,jpeg,encode,79,0.5686067278024237,-43.139327219757625
B_throughput,jpeg,encode,80,0.5747631899102426,-42.52368100897574
B_throughput,jpeg,encode,81,0.8533064826538449,-14.66935173461551
B_throughput,jpeg,encode,82,0.7757168077833011,-22.42831922166989
B_throughput,jpeg,encode,83,0.5598420775301025,-44.01579224698975
B_throughput,jpeg,encode,84,0.6114400464507735,-38.85599535492265
B_throughput,jpeg,encode,85,0.5491035924515615,-45.08964075484385
B_throughput,jpeg,encode,86,0.893416617594648,-10.658338240535203
B_throughput,jpeg,encode,87,0.7785889386977757,-22.141106130222433
B_throughput,jpeg,encode,88,0.6888433045165627,-31.115669548343728
B_throughput,jpeg,encode,89,0.577650438355893,-42.2349561644107
B_throughput,jpeg,encode,90,0.6032195177328391,-39.678048226716086
B_throughput,jpeg,encode,91,0.7898067310215426,-21.019326897845737
B_throughput,jpeg,encode,92,0.7175027921397124,-28.249720786028764
B_throughput,jpeg,encode,93,0.6155495871169344,-38.445041288306555
B_throughput,jpeg,encode,94,0.5895581373406803,-41.04418626593197
B_throughput,jpeg,encode,95,0.5771759628950001,-42.28240371049999
B_throughput,jpeg,encode,96,0.7596320889884969,-24.036791101150314
B_throughput,jpeg,encode,97,0.6426001965769459,-35.73998034230541
B_throughput,jpeg,encode,98,0.7933368172231836,-20.66631827768164
B_throughput,jpeg,encode,99,0.5883219412973737,-41.16780587026263
B_throughput,jpeg,encode,100,0.729403332104399,-27.0596667895601
B_throughput,jpeg,encode,101,0.862891279378294,-13.710872062170598
B_throughput,jpeg,encode,102,0.8722691738536706,-12.773082614632935
B_throughput,jpeg,encode,103,0.7988576011645714,-20.11423988354286
B_throughput,jpeg,encode,104,0.6124500590733009,-38.75499409266992
B_throughput,jpeg,encode,105,0.5713776728040939,-42.86223271959061
B_throughput,jpeg,encode,106,0.9352213899773407,-6.477861002265928
B_throughput,jpeg,encode,107,0.7065537402950138,-29.344625970498615
B_throughput,jpeg,encode,108,0.6354942730947436,-36.45057269052564
B_throughput,jpeg,encode,109,0.8458650960220648,-15.413490397793517
B_throughput,jpeg,encode,110,0.6090318875679956,-39.096811243200435
B_throughput,jpeg,encode,111,1.0083394880934164,0.8339488093416447
B_throughput,jpeg,encode,112,0.6416259587090608,-35.83740412909392
B_throughput,jpeg,encode,113,0.6244711942668575,-37.552880573314255
B_throughput,jpeg,encode,114,0.6574486893525494,-34.25513106474506
B_throughput,jpeg,encode,115,0.5543526053391272,-44.564739466087275
B_throughput,jpeg,encode,116,0.7576705081566886,-24.232949184331144
B_throughput,jpeg,encode,117,0.8602029120376573,-13.97970879623427
B_throughput,jpeg,encode,118,0.6549298402022312,-34.50701597977688
B_throughput,jpeg,encode,119,0.6341709149078875,-36.58290850921125
B_throughput,jpeg,encode,120,0.62446748992868,-37.553251007132005
B_throughput,jpeg,decode,1,0.8518490531676968,-14.815094683230324
B_throughput,jpeg,decode,2,0.8583304714118832,-14.166952858811676
B_throughput,jpeg,decode,3,0.855213742211241,-14.478625778875898
B_throughput,jpeg,decode,4,0.8278239977735229,-17.21760022264771
B_throughput,jpeg,decode,5,0.8367488303769018,-16.325116962309817
B_throughput,jpeg,decode,6,0.8674345550581131,-13.256544494188693
B_throughput,jpeg,decode,7,0.8362118173122003,-16.37881826877997
B_throughput,jpeg,decode,8,0.8580551181550459,-14.194488184495412
B_throughput,jpeg,decode,9,0.8284364457521886,-17.156355424781143
B_throughput,jpeg,decode,10,0.8105418818748441,-18.94581181251559
B_throughput,jpeg,decode,11,0.8639385622577515,-13.606143774224854
B_throughput,jpeg,decode,12,0.7626926887646113,-23.730731123538874
B_throughput,jpeg,decode,13,0.8234122286227933,-17.658777137720673
B_throughput,jpeg,decode,14,0.7968324271930615,-20.316757280693853
B_throughput,jpeg,decode,15,0.7740918049769466,-22.590819502305337
B_throughput,jpeg,decode,16,0.8489651705590564,-15.10348294409436
B_throughput,jpeg,decode,17,0.8436232302210153,-15.637676977898474
B_throughput,jpeg,decode,18,0.8656114117303972,-13.438858826960276
B_throughput,jpeg,decode,19,0.8994792632959064,-10.052073670409357
B_throughput,jpeg,decode,20,0.8438235011650933,-15.61764988349067
B_throughput,jpeg,decode,21,0.8394674497243286,-16.053255027567136
B_throughput,jpeg,decode,22,0.8187123407597439,-18.128765924025615
B_throughput,jpeg,decode,23,0.8733252205395448,-12.667477946045524
B_throughput,jpeg,decode,24,0.8445323551664929,-15.546764483350707
B_throughput,jpeg,decode,25,0.8602910057618105,-13.970899423818949
B_throughput,jpeg,decode,26,0.8565469825506448,-14.345301744935524
B_throughput,jpeg,decode,27,0.8345559612211445,-16.54440387788555
B_throughput,jpeg,decode,28,0.8101166965990366,-18.988330340096336
B_throughput,jpeg,decode,29,0.8721105321453719,-12.788946785462807
B_throughput,jpeg,decode,30,0.9022429058842908,-9.77570941157092
B_throughput,jpeg,decode,31,0.8271935296176386,-17.28064703823614
B_throughput,jpeg,decode,32,0.7985149797196084,-20.14850202803916
B_throughput,jpeg,decode,33,0.8367441578422727,-16.325584215772725
B_throughput,jpeg,decode,34,0.8492282015297643,-15.077179847023569
B_throughput,jpeg,decode,35,0.8988331578097749,-10.11668421902251
B_throughput,jpeg,decode,36,0.8217431138559849,-17.825688614401514
B_throughput,jpeg,decode,37,0.812966511899825,-18.703348810017495
B_throughput,jpeg,decode,38,0.8660896809507539,-13.39103190492461
B_throughput,jpeg,decode,39,0.8947712093458169,-10.522879065418312
B_throughput,jpeg,decode,40,0.8951573244472141,-10.484267555278592
B_throughput,jpeg,decode,41,0.8117697447347898,-18.823025526521022
B_throughput,jpeg,decode,42,0.8330921104427301,-16.690788955726987
B_throughput,jpeg,decode,43,0.8640837701339564,-13.591622986604357
B_throughput,jpeg,decode,44,0.8968080059728141,-10.319199402718592
B_throughput,jpeg,decode,45,0.8697812917488321,-13.021870825116789
B_throughput,jpeg,decode,46,0.8330174572685252,-16.698254273147484
B_throughput,jpeg,decode,47,0.7964211145914567,-20.35788854085433
B_throughput,jpeg,decode,48,0.8467158308857693,-15.328416911423071
B_throughput,jpeg,decode,49,0.8617111639341294,-13.82888360658706
B_throughput,jpeg,decode,50,0.8569366173873336,-14.306338261266639
B_throughput,jpeg,decode,51,0.8146397820658652,-18.536021793413482
B_throughput,jpeg,decode,52,0.8289978811408754,-17.100211885912465
B_throughput,jpeg,decode,53,0.8513988493244516,-14.860115067554835
B_throughput,jpeg,decode,54,0.9121842497636687,-8.781575023633126
B_throughput,jpeg,decode,55,0.8756381712163949,-12.436182878360514
B_throughput,jpeg,decode,56,0.8082015908022244,-19.179840919777558
B_throughput,jpeg,decode,57,0.9193712519881964,-8.062874801180364
B_throughput,jpeg,decode,58,0.9122834605768602,-8.771653942313984
B_throughput,jpeg,decode,59,0.929618700199531,-7.038129980046904
B_throughput,jpeg,decode,60,0.895627275600764,-10.437272439923595
B_throughput,jpeg,decode,61,0.8142888982970264,-18.571110170297356
B_throughput,jpeg,decode,62,0.8108931014101131,-18.910689858988693
B_throughput,jpeg,decode,63,0.8512462940646417,-14.87537059353583
B_throughput,jpeg,decode,64,0.8796199464339108,-12.038005356608917
B_throughput,jpeg,decode,65,0.8950317998116204,-10.49682001883796
B_throughput,jpeg,decode,66,0.86752096300678,-13.247903699321995
B_throughput,jpeg,decode,67,0.8100365583791639,-18.996344162083613
B_throughput,jpeg,decode,68,0.8380192096050321,-16.198079039496793
B_throughput,jpeg,decode,69,0.8327084696872054,-16.729153031279466
B_throughput,jpeg,decode,70,0.8674068750806843,-13.259312491931574
B_throughput,jpeg,decode,71,0.8539425092928827,-14.605749070711727
B_throughput,jpeg,decode,72,0.775493697621098,-22.450630237890202
B_throughput,jpeg,decode,73,0.7805888222528866,-21.941117774711337
B_throughput,jpeg,decode,74,0.8280256039638338,-17.197439603616615
B_throughput,jpeg,decode,75,0.8174719772705845,-18.252802272941548
B_throughput,jpeg,decode,76,0.8684838121593247,-13.151618784067532
B_throughput,jpeg,decode,77,0.8253828758950605,-17.461712410493945
B_throughput,jpeg,decode,78,0.8681468788493535,-13.18531211506465
B_throughput,jpeg,decode,79,0.904647075357397,-9.535292464260303
B_throughput,jpeg,decode,80,0.8751140309773787,-12.488596902262127
B_throughput,jpeg,decode,81,0.8929655049653573,-10.703449503464268
B_throughput,jpeg,decode,82,0.851663742827506,-14.833625717249399
B_throughput,jpeg,decode,83,0.8936785926653114,-10.632140733468864
B_throughput,jpeg,decode,84,0.9101670551950009,-8.983294480499914
B_throughput,jpeg,decode,85,0.9124379572729934,-8.756204272700662
B_throughput,jpeg,decode,86,0.8365116392279269,-16.348836077207306
B_throughput,jpeg,decode,87,0.8377736019536932,-16.222639804630678
B_throughput,jpeg,decode,88,0.8511371435555048,-14.886285644449515
B_throughput,jpeg,decode,89,0.8789471524274903,-12.105284757250967
B_throughput,jpeg,decode,90,0.8749664167315278,-12.503358326847225
B_throughput,jpeg,decode,91,0.8597153673954003,-14.028463260459967
B_throughput,jpeg,decode,92,0.8372328049861391,-16.276719501386093
B_throughput,jpeg,decode,93,0.8169639585275807,-18.303604147241927
B_throughput,jpeg,decode,94,0.8901938733330952,-10.980612666690481
B_throughput,jpeg,decode,95,0.8178114856276352,-18.218851437236484
B_throughput,jpeg,decode,96,0.8550751570119494,-14.492484298805064
B_throughput,jpeg,decode,97,0.7674184964689064,-23.258150353109365
B_throughput,jpeg,decode,98,0.8053811143653496,-19.461888563465035
B_throughput,jpeg,decode,99,0.8378396714161501,-16.216032858384988
B_throughput,jpeg,decode,100,0.8548324179755741,-14.516758202442592
B_throughput,jpeg,decode,101,0.8774225564414052,-12.25774435585948
B_throughput,jpeg,decode,102,0.8577098618714148,-14.229013812858515
B_throughput,jpeg,decode,103,0.8449217192808103,-15.507828071918972
B_throughput,jpeg,decode,104,0.8666985239822164,-13.330147601778364
B_throughput,jpeg,decode,105,0.8794973044198006,-12.050269558019943
B_throughput,jpeg,decode,106,0.8825396276496561,-11.74603723503439
B_throughput,jpeg,decode,107,0.8369049836620097,-16.30950163379903
B_throughput,jpeg,decode,108,0.8474864314416224,-15.251356855837761
B_throughput,jpeg,decode,109,0.8536862038341969,-14.63137961658031
B_throughput,jpeg,decode,110,0.9204271628892451,-7.957283711075491
B_throughput,jpeg,decode,111,0.7985070576512249,-20.149294234877512
B_throughput,jpeg,decode,112,0.8530203379107592,-14.697966208924084
B_throughput,jpeg,decode,113,0.8359139357242042,-16.408606427579574
B_throughput,jpeg,decode,114,0.8365824832913477,-16.341751670865236
B_throughput,jpeg,decode,115,0.8550580755593705,-14.494192444062948
B_throughput,jpeg,decode,116,0.8146709061425503,-18.532909385744965
B_throughput,jpeg,decode,117,0.8204060128936274,-17.959398710637263
B_throughput,jpeg,decode,118,0.8547905710980649,-14.520942890193512
B_throughput,jpeg,decode,119,0.9348385792106232,-6.516142078937682
B_throughput,jpeg,decode,120,0.9299870271740525,-7.001297282594754
B_throughput,jxl_e3,encode,1,0.11895361954375115,-88.10463804562488
B_throughput,jxl_e3,encode,2,0.13025824973275943,-86.97417502672405
B_throughput,jxl_e3,encode,3,0.14859710893694414,-85.14028910630559
B_throughput,jxl_e3,encode,4,0.15373859647290458,-84.62614035270954
B_throughput,jxl_e3,encode,5,0.15421962787824367,-84.57803721217563
B_throughput,jxl_e3,encode,6,0.13033851646437117,-86.96614835356289
B_throughput,jxl_e3,encode,7,0.11616556812841068,-88.38344318715893
B_throughput,jxl_e3,encode,8,0.1269877921752057,-87.30122078247943
B_throughput,jxl_e3,encode,9,0.1568362897628732,-84.31637102371268
B_throughput,jxl_e3,encode,10,0.13511900858899964,-86.48809914110004
B_throughput,jxl_e3,encode,11,0.09169520409785853,-90.83047959021415
B_throughput,jxl_e3,encode,12,0.10400007248651708,-89.5999927513483
B_throughput,jxl_e3,encode,13,0.09869254481844879,-90.13074551815512
B_throughput,jxl_e3,encode,14,0.13174116910425807,-86.82588308957419
B_throughput,jxl_e3,encode,15,0.1831137747000341,-81.6886225299966
B_throughput,jxl_e3,encode,16,0.11580296082669253,-88.41970391733075
B_throughput,jxl_e3,encode,17,0.11981432049133768,-88.01856795086623
B_throughput,jxl_e3,encode,18,0.1373692581495547,-86.26307418504453
B_throughput,jxl_e3,encode,19,0.14236808614123703,-85.7631913858763
B_throughput,jxl_e3,encode,20,0.1621872280697705,-83.78127719302296
B_throughput,jxl_e3,encode,21,0.09918820593923859,-90.08117940607615
B_throughput,jxl_e3,encode,22,0.12858337131494896,-87.14166286850511
B_throughput,jxl_e3,encode,23,0.14284788796581854,-85.71521120341814
B_throughput,jxl_e3,encode,24,0.11713696417682658,-88.28630358231734
B_throughput,jxl_e3,encode,25,0.12256331366224947,-87.74366863377506
B_throughput,jxl_e3,encode,26,0.12323647007085249,-87.67635299291476
B_throughput,jxl_e3,encode,27,0.14117133627924353,-85.88286637207565
B_throughput,jxl_e3,encode,28,0.1023339438467939,-89.76660561532061
B_throughput,jxl_e3,encode,29,0.1528921433327881,-84.7107856667212
B_throughput,jxl_e3,encode,30,0.13920524648634724,-86.07947535136528
B_throughput,jxl_e3,encode,31,0.11400414079006381,-88.59958592099362
B_throughput,jxl_e3,encode,32,0.11812014460329254,-88.18798553967075
B_throughput,jxl_e3,encode,33,0.10139073273544717,-89.86092672645528
B_throughput,jxl_e3,encode,34,0.11173112945195408,-88.82688705480459
B_throughput,jxl_e3,encode,35,0.15651096561257585,-84.34890343874241
B_throughput,jxl_e3,encode,36,0.11428417118153908,-88.57158288184608
B_throughput,jxl_e3,encode,37,0.12864439730470764,-87.13556026952924
B_throughput,jxl_e3,encode,38,0.14858616544569125,-85.14138345543087
B_throughput,jxl_e3,encode,39,0.1610940573556328,-83.89059426443673
B_throughput,jxl_e3,encode,40,0.14868532422662797,-85.1314675773372
B_throughput,jxl_e3,encode,41,0.1059536203030682,-89.40463796969318
B_throughput,jxl_e3,encode,42,0.10691360689506162,-89.30863931049385
B_throughput,jxl_e3,encode,43,0.10817158595392094,-89.1828414046079
B_throughput,jxl_e3,encode,44,0.145752042877842,-85.4247957122158
B_throughput,jxl_e3,encode,45,0.15686393429834625,-84.31360657016538
B_throughput,jxl_e3,encode,46,0.13430847956881928,-86.56915204311807
B_throughput,jxl_e3,encode,47,0.15389266931236156,-84.61073306876385
B_throughput,jxl_e3,encode,48,0.16584393946174367,-83.41560605382563
B_throughput,jxl_e3,encode,49,0.16058088854258207,-83.94191114574178
B_throughput,jxl_e3,encode,50,0.17662827591116154,-82.33717240888384
B_throughput,jxl_e3,encode,51,0.12397265523057013,-87.60273447694298
B_throughput,jxl_e3,encode,52,0.15418040530075583,-84.58195946992441
B_throughput,jxl_e3,encode,53,0.17207956449367495,-82.7920435506325
B_throughput,jxl_e3,encode,54,0.16862541625166155,-83.13745837483384
B_throughput,jxl_e3,encode,55,0.1528873450403588,-84.71126549596411
B_throughput,jxl_e3,encode,56,0.12190582825537796,-87.8094171744622
B_throughput,jxl_e3,encode,57,0.15323560104700534,-84.67643989529947
B_throughput,jxl_e3,encode,58,0.16046989358216515,-83.9530106417835
B_throughput,jxl_e3,encode,59,0.16831695535643346,-83.16830446435665
B_throughput,jxl_e3,encode,60,0.14072287924228102,-85.9277120757719
B_throughput,jxl_e3,encode,61,0.0889232654628436,-91.10767345371565
B_throughput,jxl_e3,encode,62,0.11064103672674883,-88.93589632732511
B_throughput,jxl_e3,encode,63,0.12321572448710201,-87.6784275512898
B_throughput,jxl_e3,encode,64,0.13018115442192638,-86.98188455780736
B_throughput,jxl_e3,encode,65,0.1274858846403195,-87.25141153596805
B_throughput,jxl_e3,encode,66,0.10072974808061602,-89.9270251919384
B_throughput,jxl_e3,encode,67,0.13769054037763875,-86.23094596223612
B_throughput,jxl_e3,encode,68,0.1662087267697432,-83.37912732302568
B_throughput,jxl_e3,encode,69,0.1047871153862726,-89.52128846137273
B_throughput,jxl_e3,encode,70,0.13917848118589674,-86.08215188141033
B_throughput,jxl_e3,encode,71,0.10653094297680447,-89.34690570231956
B_throughput,jxl_e3,encode,72,0.1159142149414595,-88.40857850585405
B_throughput,jxl_e3,encode,73,0.09352593597905429,-90.64740640209456
B_throughput,jxl_e3,encode,74,0.1168875848287513,-88.31124151712487
B_throughput,jxl_e3,encode,75,0.09805925560114462,-90.19407443988554
B_throughput,jxl_e3,encode,76,0.10671141600346265,-89.32885839965373
B_throughput,jxl_e3,encode,77,0.14036089113523656,-85.96391088647634
B_throughput,jxl_e3,encode,78,0.1553007822784879,-84.46992177215121
B_throughput,jxl_e3,encode,79,0.17736823107413313,-82.26317689258669
B_throughput,jxl_e3,encode,80,0.15352901893108364,-84.64709810689163
B_throughput,jxl_e3,encode,81,0.11218571587084546,-88.78142841291546
B_throughput,jxl_e3,encode,82,0.14018918036737466,-85.98108196326253
B_throughput,jxl_e3,encode,83,0.13348867455815258,-86.65113254418473
B_throughput,jxl_e3,encode,84,0.1373174230700856,-86.26825769299144
B_throughput,jxl_e3,encode,85,0.17503630214666854,-82.49636978533314
B_throughput,jxl_e3,encode,86,0.11468443595976585,-88.53155640402342
B_throughput,jxl_e3,encode,87,0.14673564146996593,-85.32643585300342
B_throughput,jxl_e3,encode,88,0.12201994076242546,-87.79800592375744
B_throughput,jxl_e3,encode,89,0.16186864716315316,-83.81313528368469
B_throughput,jxl_e3,encode,90,0.1284000215111561,-87.1599978488844
B_throughput,jxl_e3,encode,91,0.10385474444096938,-89.61452555590306
B_throughput,jxl_e3,encode,92,0.1257009436473186,-87.42990563526814
B_throughput,jxl_e3,encode,93,0.10013236826629547,-89.98676317337045
B_throughput,jxl_e3,encode,94,0.10203093782024203,-89.7969062179758
B_throughput,jxl_e3,encode,95,0.19218453506753064,-80.78154649324694
B_throughput,jxl_e3,encode,96,0.10614601484906798,-89.3853985150932
B_throughput,jxl_e3,encode,97,0.11801204150154973,-88.19879584984503
B_throughput,jxl_e3,encode,98,0.09252832927393208,-90.7471670726068
B_throughput,jxl_e3,encode,99,0.11471883766529084,-88.52811623347093
B_throughput,jxl_e3,encode,100,0.08243123691086203,-91.75687630891379
B_throughput,jxl_e3,encode,101,0.09695635718833336,-90.30436428116666
B_throughput,jxl_e3,encode,102,0.11429849966351274,-88.57015003364872
B_throughput,jxl_e3,encode,103,0.10028949662195091,-89.9710503378049
B_throughput,jxl_e3,encode,104,0.12240419553588432,-87.75958044641156
B_throughput,jxl_e3,encode,105,0.11120152618918962,-88.87984738108103
B_throughput,jxl_e3,encode,106,0.12957068420453804,-87.04293157954619
B_throughput,jxl_e3,encode,107,0.1363146912988157,-86.36853087011843
B_throughput,jxl_e3,encode,108,0.11323487932442391,-88.67651206755761
B_throughput,jxl_e3,encode,109,0.10320325647400728,-89.67967435259926
B_throughput,jxl_e3,encode,110,0.14312517092715507,-85.68748290728449
B_throughput,jxl_e3,encode,111,0.10691097100542106,-89.3089028994579
B_throughput,jxl_e3,encode,112,0.14581691006054395,-85.4183089939456
B_throughput,jxl_e3,encode,113,0.12704079951189617,-87.29592004881039
B_throughput,jxl_e3,encode,114,0.11984325735044048,-88.01567426495596
B_throughput,jxl_e3,encode,115,0.16217461344978457,-83.78253865502154
B_throughput,jxl_e3,encode,116,0.08682513785695611,-91.3174862143044
B_throughput,jxl_e3,encode,117,0.08447781944376424,-91.55221805562358
B_throughput,jxl_e3,encode,118,0.13391730245696531,-86.60826975430346
B_throughput,jxl_e3,encode,119,0.15631175920725265,-84.36882407927473
B_throughput,jxl_e3,encode,120,0.15718992952561964,-84.28100704743804
B_throughput,jxl_e3,decode,1,0.09424412855481273,-90.57558714451872
B_throughput,jxl_e3,decode,2,0.08879447487031698,-91.1205525129683
B_throughput,jxl_e3,decode,3,0.11784334620363879,-88.21566537963612
B_throughput,jxl_e3,decode,4,0.15134196653145043,-84.86580334685496
B_throughput,jxl_e3,decode,5,0.15509944126293645,-84.49005587370635
B_throughput,jxl_e3,decode,6,0.09203191725083734,-90.79680827491626
B_throughput,jxl_e3,decode,7,0.11298792880682813,-88.70120711931719
B_throughput,jxl_e3,decode,8,0.10389104531793303,-89.61089546820669
B_throughput,jxl_e3,decode,9,0.15922127994244292,-84.07787200575571
B_throughput,jxl_e3,decode,10,0.14082569654395266,-85.91743034560473
B_throughput,jxl_e3,decode,11,0.06137940000410277,-93.86205999958972
B_throughput,jxl_e3,decode,12,0.055257551923456466,-94.47424480765434
B_throughput,jxl_e3,decode,13,0.0859742078564015,-91.40257921435985
B_throughput,jxl_e3,decode,14,0.0937126322878189,-90.62873677121812
B_throughput,jxl_e3,decode,15,0.14796768266376858,-85.20323173362314
B_throughput,jxl_e3,decode,16,0.07079118804167238,-92.92088119583276
B_throughput,jxl_e3,decode,17,0.11734942157508402,-88.2650578424916
B_throughput,jxl_e3,decode,18,0.09961643982533637,-90.03835601746636
B_throughput,jxl_e3,decode,19,0.11856909793636888,-88.14309020636311
B_throughput,jxl_e3,decode,20,0.13344843502972453,-86.65515649702755
B_throughput,jxl_e3,decode,21,0.0589668972615231,-94.10331027384768
B_throughput,jxl_e3,decode,22,0.07862643266675932,-92.13735673332407
B_throughput,jxl_e3,decode,23,0.15047636503839015,-84.95236349616098
B_throughput,jxl_e3,decode,24,0.07742077407712646,-92.25792259228736
B_throughput,jxl_e3,decode,25,0.09154499030878695,-90.8455009691213
B_throughput,jxl_e3,decode,26,0.10728016160534551,-89.27198383946545
B_throughput,jxl_e3,decode,27,0.09514107377965234,-90.48589262203477
B_throughput,jxl_e3,decode,28,0.07810843605612809,-92.1891563943872
B_throughput,jxl_e3,decode,29,0.12971309164432862,-87.02869083556713
B_throughput,jxl_e3,decode,30,0.11477415345025231,-88.52258465497476
B_throughput,jxl_e3,decode,31,0.06055206548889887,-93.94479345111012
B_throughput,jxl_e3,decode,32,0.08412848497796942,-91.58715150220306
B_throughput,jxl_e3,decode,33,0.09363340525448326,-90.63665947455168
B_throughput,jxl_e3,decode,34,0.09823831225268534,-90.17616877473147
B_throughput,jxl_e3,decode,35,0.14560350705899822,-85.43964929410018
B_throughput,jxl_e3,decode,36,0.07609186038866891,-92.3908139611331
B_throughput,jxl_e3,decode,37,0.08929466241440594,-91.0705337585594
B_throughput,jxl_e3,decode,38,0.13487430825242883,-86.51256917475712
B_throughput,jxl_e3,decode,39,0.14990318839627892,-85.00968116037211
B_throughput,jxl_e3,decode,40,0.1433349939938919,-85.6665006006108
B_throughput,jxl_e3,decode,41,0.06373909697516071,-93.62609030248393
B_throughput,jxl_e3,decode,42,0.09704128863002455,-90.29587113699755
B_throughput,jxl_e3,decode,43,0.10956552464344996,-89.043447535655
B_throughput,jxl_e3,decode,44,0.1673667218869576,-83.26332781130425
B_throughput,jxl_e3,decode,45,0.14685241859436587,-85.31475814056341
B_throughput,jxl_e3,decode,46,0.08610885581686013,-91.389114418314
B_throughput,jxl_e3,decode,47,0.11130725787031913,-88.86927421296808
B_throughput,jxl_e3,decode,48,0.13686527587748964,-86.31347241225103
B_throughput,jxl_e3,decode,49,0.13401407805135154,-86.59859219486485
B_throughput,jxl_e3,decode,50,0.1577334617128157,-84.22665382871844
B_throughput,jxl_e3,decode,51,0.08609034288149439,-91.39096571185055
B_throughput,jxl_e3,decode,52,0.11237620775550453,-88.76237922444955
B_throughput,jxl_e3,decode,53,0.13107014301827774,-86.89298569817223
B_throughput,jxl_e3,decode,54,0.17884578086768954,-82.11542191323105
B_throughput,jxl_e3,decode,55,0.12559321857766878,-87.44067814223312
B_throughput,jxl_e3,decode,56,0.08254554298163665,-91.74544570183633
B_throughput,jxl_e3,decode,57,0.16145412179798074,-83.85458782020191
B_throughput,jxl_e3,decode,58,0.219042260401327,-78.0957739598673
B_throughput,jxl_e3,decode,59,0.19854123134482293,-80.1458768655177
B_throughput,jxl_e3,decode,60,0.1287383556872726,-87.12616443127274
B_throughput,jxl_e3,decode,61,0.04391786631562928,-95.60821336843706
B_throughput,jxl_e3,decode,62,0.06589796144026282,-93.41020385597372
B_throughput,jxl_e3,decode,63,0.08653931826935114,-91.3460681730649
B_throughput,jxl_e3,decode,64,0.12894933121783095,-87.1050668782169
B_throughput,jxl_e3,decode,65,0.11373855544702988,-88.62614445529702
B_throughput,jxl_e3,decode,66,0.05609384965190651,-94.39061503480934
B_throughput,jxl_e3,decode,67,0.08378231005373289,-91.6217689946267
B_throughput,jxl_e3,decode,68,0.12488131098106489,-87.51186890189351
B_throughput,jxl_e3,decode,69,0.09129829896959213,-90.87017010304079
B_throughput,jxl_e3,decode,70,0.11328862514318215,-88.67113748568178
B_throughput,jxl_e3,decode,71,0.05669740951613688,-94.33025904838631
B_throughput,jxl_e3,decode,72,0.08646668730660634,-91.35333126933936
B_throughput,jxl_e3,decode,73,0.06618051643100298,-93.3819483568997
B_throughput,jxl_e3,decode,74,0.08706640249926458,-91.29335975007355
B_throughput,jxl_e3,decode,75,0.0947518381113259,-90.5248161888674
B_throughput,jxl_e3,decode,76,0.07426846192652148,-92.57315380734785
B_throughput,jxl_e3,decode,77,0.10637247493103076,-89.36275250689692
B_throughput,jxl_e3,decode,78,0.13309045907438846,-86.69095409256116
B_throughput,jxl_e3,decode,79,0.16945959124796986,-83.05404087520301
B_throughput,jxl_e3,decode,80,0.14468305590331504,-85.5316944096685
B_throughput,jxl_e3,decode,81,0.0695301315053022,-93.04698684946977
B_throughput,jxl_e3,decode,82,0.08971471017557062,-91.02852898244294
B_throughput,jxl_e3,decode,83,0.13851016231116264,-86.14898376888374
B_throughput,jxl_e3,decode,84,0.13570262386712947,-86.42973761328705
B_throughput,jxl_e3,decode,85,0.18642424658609566,-81.35757534139043
B_throughput,jxl_e3,decode,86,0.06556835669098238,-93.44316433090177
B_throughput,jxl_e3,decode,87,0.1020695440358799,-89.79304559641201
B_throughput,jxl_e3,decode,88,0.0854576237884213,-91.45423762115787
B_throughput,jxl_e3,decode,89,0.15105151192976574,-84.89484880702342
B_throughput,jxl_e3,decode,90,0.11396163232607295,-88.6038367673927
B_throughput,jxl_e3,decode,91,0.07725209275334873,-92.27479072466512
B_throughput,jxl_e3,decode,92,0.08644798698399787,-91.3552013016002
B_throughput,jxl_e3,decode,93,0.07964246214245391,-92.03575378575462
B_throughput,jxl_e3,decode,94,0.12273734098775056,-87.72626590122495
B_throughput,jxl_e3,decode,95,0.14694263198745602,-85.3057368012544
B_throughput,jxl_e3,decode,96,0.08529922113059873,-91.47007788694013
B_throughput,jxl_e3,decode,97,0.085691389755905,-91.43086102440951
B_throughput,jxl_e3,decode,98,0.05528545684204229,-94.47145431579577
B_throughput,jxl_e3,decode,99,0.0956204075360113,-90.43795924639888
B_throughput,jxl_e3,decode,100,0.06975081860943406,-93.0249181390566
B_throughput,jxl_e3,decode,101,0.055601842889187875,-94.43981571108121
B_throughput,jxl_e3,decode,102,0.06278370349536756,-93.72162965046324
B_throughput,jxl_e3,decode,103,0.07018425044677246,-92.98157495532276
B_throughput,jxl_e3,decode,104,0.1125401027461629,-88.74598972538371
B_throughput,jxl_e3,decode,105,0.1070508433277322,-89.29491566722677
B_throughput,jxl_e3,decode,106,0.06635461804552706,-93.3645381954473
B_throughput,jxl_e3,decode,107,0.10017362896675756,-89.98263710332425
B_throughput,jxl_e3,decode,108,0.10119020458048528,-89.88097954195146
B_throughput,jxl_e3,decode,109,0.060883851398897085,-93.91161486011029
B_throughput,jxl_e3,decode,110,0.1290274215395133,-87.09725784604868
B_throughput,jxl_e3,decode,111,0.043071089974799324,-95.69289100252007
B_throughput,jxl_e3,decode,112,0.12257584785134107,-87.7424152148659
B_throughput,jxl_e3,decode,113,0.09594102137428157,-90.40589786257185
B_throughput,jxl_e3,decode,114,0.11934623534073371,-88.06537646592662
B_throughput,jxl_e3,decode,115,0.1436381445066209,-85.63618554933791
B_throughput,jxl_e3,decode,116,0.057095456872886856,-94.29045431271132
B_throughput,jxl_e3,decode,117,0.043586146219181374,-95.64138537808186
B_throughput,jxl_e3,decode,118,0.1000540840932323,-89.99459159067678
B_throughput,jxl_e3,decode,119,0.12486120763366611,-87.51387923663339
B_throughput,jxl_e3,decode,120,0.13205415561037528,-86.79458443896247
B_throughput,jxl_e7,encode,1,0.01492418125997013,-98.507581874003
B_throughput,jxl_e7,encode,2,0.01222906709684128,-98.77709329031588
B_throughput,jxl_e7,encode,3,0.016256160300791776,-98.37438396992081
B_throughput,jxl_e7,encode,4,0.02227802345102728,-97.77219765489727
B_throughput,jxl_e7,encode,5,0.021579924677692673,-97.84200753223074
B_throughput,jxl_e7,encode,6,0.01689724474994218,-98.31027552500579
B_throughput,jxl_e7,encode,7,0.0148427101760872,-98.51572898239128
B_throughput,jxl_e7,encode,8,0.01511865136060566,-98.48813486393944
B_throughput,jxl_e7,encode,9,0.02298747224025657,-97.70125277597434
B_throughput,jxl_e7,encode,10,0.01750291049196048,-98.24970895080395
B_throughput,jxl_e7,encode,11,0.009471244815627937,-99.0528755184372
B_throughput,jxl_e7,encode,12,0.012060926411886764,-98.79390735881132
B_throughput,jxl_e7,encode,13,0.010052398193361633,-98.99476018066383
B_throughput,jxl_e7,encode,14,0.014791691151242903,-98.5208308848757
B_throughput,jxl_e7,encode,15,0.018032817639433815,-98.19671823605663
B_throughput,jxl_e7,encode,16,0.01972436653663583,-98.02756334633642
B_throughput,jxl_e7,encode,17,0.015484086166954012,-98.4515913833046
B_throughput,jxl_e7,encode,18,0.015339194714786147,-98.46608052852139
B_throughput,jxl_e7,encode,19,0.015568177480854201,-98.44318225191458
B_throughput,jxl_e7,encode,20,0.02057307986399254,-97.94269201360075
B_throughput,jxl_e7,encode,21,0.016186112052957648,-98.38138879470424
B_throughput,jxl_e7,encode,22,0.022216371488519033,-97.77836285114809
B_throughput,jxl_e7,encode,23,0.020445169212760655,-97.95548307872394
B_throughput,jxl_e7,encode,24,0.020368361101810617,-97.96316388981894
B_throughput,jxl_e7,encode,25,0.013222028422231746,-98.67779715777682
B_throughput,jxl_e7,encode,26,0.02287761834687237,-97.71223816531275
B_throughput,jxl_e7,encode,27,0.01973255312651182,-98.02674468734882
B_throughput,jxl_e7,encode,28,0.01165794247262181,-98.83420575273782
B_throughput,jxl_e7,encode,29,0.018368710923451343,-98.16312890765487
B_throughput,jxl_e7,encode,30,0.01574704965210308,-98.4252950347897
B_throughput,jxl_e7,encode,31,0.02125397179144562,-97.87460282085544
B_throughput,jxl_e7,encode,32,0.013551909929550857,-98.64480900704491
B_throughput,jxl_e7,encode,33,0.011931083898583805,-98.80689161014162
B_throughput,jxl_e7,encode,34,0.013542003765215502,-98.64579962347845
B_throughput,jxl_e7,encode,35,0.020413116018469162,-97.95868839815309
B_throughput,jxl_e7,encode,36,0.021085809762894956,-97.8914190237105
B_throughput,jxl_e7,encode,37,0.018306659140738837,-98.16933408592612
B_throughput,jxl_e7,encode,38,0.018934172036177803,-98.10658279638223
B_throughput,jxl_e7,encode,39,0.021797050909296577,-97.82029490907034
B_throughput,jxl_e7,encode,40,0.018203132151760365,-98.17968678482396
B_throughput,jxl_e7,encode,41,0.018322203491659545,-98.16777965083404
B_throughput,jxl_e7,encode,42,0.015378155752582489,-98.46218442474175
B_throughput,jxl_e7,encode,43,0.013665307504327583,-98.63346924956724
B_throughput,jxl_e7,encode,44,0.023419696694410137,-97.65803033055899
B_throughput,jxl_e7,encode,45,0.01665012622660793,-98.33498737733922
B_throughput,jxl_e7,encode,46,0.024147789534296752,-97.58522104657033
B_throughput,jxl_e7,encode,47,0.02316106140609506,-97.6838938593905
B_throughput,jxl_e7,encode,48,0.021778013145118392,-97.82219868548816
B_throughput,jxl_e7,encode,49,0.0194242684900825,-98.05757315099174
B_throughput,jxl_e7,encode,50,0.024268751572981077,-97.5731248427019
B_throughput,jxl_e7,encode,51,0.02259520533707861,-97.74047946629214
B_throughput,jxl_e7,encode,52,0.023096574270369763,-97.69034257296303
B_throughput,jxl_e7,encode,53,0.022285770182647924,-97.77142298173521
B_throughput,jxl_e7,encode,54,0.02456042482115523,-97.54395751788448
B_throughput,jxl_e7,encode,55,0.017162327720756522,-98.28376722792434
B_throughput,jxl_e7,encode,56,0.021586374136058694,-97.84136258639413
B_throughput,jxl_e7,encode,57,0.022709771194907424,-97.72902288050925
B_throughput,jxl_e7,encode,58,0.02510241178397219,-97.48975882160278
B_throughput,jxl_e7,encode,59,0.02727973823391188,-97.27202617660882
B_throughput,jxl_e7,encode,60,0.017075673156116345,-98.29243268438836
B_throughput,jxl_e7,encode,61,0.013364133711066,-98.6635866288934
B_throughput,jxl_e7,encode,62,0.012860777794963228,-98.71392222050368
B_throughput,jxl_e7,encode,63,0.014019746018270801,-98.59802539817292
B_throughput,jxl_e7,encode,64,0.015376599547366492,-98.46234004526335
B_throughput,jxl_e7,encode,65,0.01537759851722965,-98.46224014827703
B_throughput,jxl_e7,encode,66,0.016113271176407627,-98.38867288235924
B_throughput,jxl_e7,encode,67,0.015379855264581233,-98.46201447354188
B_throughput,jxl_e7,encode,68,0.019444513763581518,-98.05554862364185
B_throughput,jxl_e7,encode,69,0.01238719042265729,-98.76128095773427
B_throughput,jxl_e7,encode,70,0.016729469248595426,-98.32705307514046
B_throughput,jxl_e7,encode,71,0.01601321247886636,-98.39867875211337
B_throughput,jxl_e7,encode,72,0.012570716992056065,-98.7429283007944
B_throughput,jxl_e7,encode,73,0.010026368181610198,-98.99736318183898
B_throughput,jxl_e7,encode,74,0.011699887058663861,-98.83001129413361
B_throughput,jxl_e7,encode,75,0.011574249757531394,-98.84257502424686
B_throughput,jxl_e7,encode,76,0.018253960029247673,-98.17460399707522
B_throughput,jxl_e7,encode,77,0.020518787080213024,-97.9481212919787
B_throughput,jxl_e7,encode,78,0.02058521639385481,-97.94147836061452
B_throughput,jxl_e7,encode,79,0.023175701477579757,-97.68242985224202
B_throughput,jxl_e7,encode,80,0.019681831017693864,-98.03181689823062
B_throughput,jxl_e7,encode,81,0.019393247797566175,-98.06067522024338
B_throughput,jxl_e7,encode,82,0.018706375967444882,-98.12936240325551
B_throughput,jxl_e7,encode,83,0.016004952621359005,-98.39950473786409
B_throughput,jxl_e7,encode,84,0.01668690139637503,-98.3313098603625
B_throughput,jxl_e7,encode,85,0.026706431689319753,-97.32935683106803
B_throughput,jxl_e7,encode,86,0.02147447250400286,-97.85255274959972
B_throughput,jxl_e7,encode,87,0.023179248771579793,-97.68207512284202
B_throughput,jxl_e7,encode,88,0.01470791690216255,-98.52920830978374
B_throughput,jxl_e7,encode,89,0.01901131366993491,-98.0988686330065
B_throughput,jxl_e7,encode,90,0.015712624704696514,-98.42873752953035
B_throughput,jxl_e7,encode,91,0.01480339031988794,-98.51966096801121
B_throughput,jxl_e7,encode,92,0.01680725359960132,-98.31927464003986
B_throughput,jxl_e7,encode,93,0.01152441895971291,-98.8475581040287
B_throughput,jxl_e7,encode,94,0.014730708791747888,-98.52692912082522
B_throughput,jxl_e7,encode,95,0.017648704850513768,-98.23512951494862
B_throughput,jxl_e7,encode,96,0.0166896051948452,-98.33103948051549
B_throughput,jxl_e7,encode,97,0.011508562466943944,-98.8491437533056
B_throughput,jxl_e7,encode,98,0.012381272108036308,-98.76187278919637
B_throughput,jxl_e7,encode,99,0.013322427748861521,-98.66775722511385
B_throughput,jxl_e7,encode,100,0.014192907292366646,-98.58070927076334
B_throughput,jxl_e7,encode,101,0.01277819089656095,-98.72218091034391
B_throughput,jxl_e7,encode,102,0.01954138453505058,-98.04586154649493
B_throughput,jxl_e7,encode,103,0.017448896431292542,-98.25511035687074
B_throughput,jxl_e7,encode,104,0.014960181326458629,-98.50398186735414
B_throughput,jxl_e7,encode,105,0.013494695834690335,-98.65053041653097
B_throughput,jxl_e7,encode,106,0.02097303114385006,-97.90269688561499
B_throughput,jxl_e7,encode,107,0.018455888017375466,-98.15441119826245
B_throughput,jxl_e7,encode,108,0.016936458782819918,-98.30635412171802
B_throughput,jxl_e7,encode,109,0.012682307824564974,-98.7317692175435
B_throughput,jxl_e7,encode,110,0.018110892032668423,-98.18891079673315
B_throughput,jxl_e7,encode,111,0.01473015068278389,-98.5269849317216
B_throughput,jxl_e7,encode,112,0.018985370149518496,-98.10146298504814
B_throughput,jxl_e7,encode,113,0.015231407322830357,-98.47685926771696
B_throughput,jxl_e7,encode,114,0.017262935954929358,-98.27370640450707
B_throughput,jxl_e7,encode,115,0.01668933021681734,-98.33106697831828
B_throughput,jxl_e7,encode,116,0.009932805108209852,-99.00671948917902
B_throughput,jxl_e7,encode,117,0.009301354138094645,-99.06986458619053
B_throughput,jxl_e7,encode,118,0.016129222134219676,-98.38707778657803
B_throughput,jxl_e7,encode,119,0.017393880372333196,-98.26061196276667
B_throughput,jxl_e7,encode,120,0.01881717874632828,-98.11828212536717
B_throughput,jxl_e7,decode,1,0.11271399674532323,-88.72860032546768
B_throughput,jxl_e7,decode,2,0.10160439824896703,-89.8395601751033
B_throughput,jxl_e7,decode,3,0.14271127209297385,-85.72887279070261
B_throughput,jxl_e7,decode,4,0.19267632843747456,-80.73236715625254
B_throughput,jxl_e7,decode,5,0.1701059236936495,-82.98940763063504
B_throughput,jxl_e7,decode,6,0.11741214209343342,-88.25878579065666
B_throughput,jxl_e7,decode,7,0.13678498803112135,-86.32150119688787
B_throughput,jxl_e7,decode,8,0.12095689486276794,-87.9043105137232
B_throughput,jxl_e7,decode,9,0.19242042091713896,-80.7579579082861
B_throughput,jxl_e7,decode,10,0.1616418351583308,-83.83581648416691
B_throughput,jxl_e7,decode,11,0.07018713763835234,-92.98128623616476
B_throughput,jxl_e7,decode,12,0.07476244887004083,-92.52375511299591
B_throughput,jxl_e7,decode,13,0.10380271763958286,-89.61972823604172
B_throughput,jxl_e7,decode,14,0.11644772863440463,-88.35522713655953
B_throughput,jxl_e7,decode,15,0.1657244016253099,-83.427559837469
B_throughput,jxl_e7,decode,16,0.07986685429842862,-92.01331457015714
B_throughput,jxl_e7,decode,17,0.14465229090823686,-85.53477090917632
B_throughput,jxl_e7,decode,18,0.12031670595761486,-87.96832940423852
B_throughput,jxl_e7,decode,19,0.1348713081100589,-86.51286918899412
B_throughput,jxl_e7,decode,20,0.17106596816045871,-82.89340318395413
B_throughput,jxl_e7,decode,21,0.06493224548414302,-93.5067754515857
B_throughput,jxl_e7,decode,22,0.09285540367621055,-90.71445963237895
B_throughput,jxl_e7,decode,23,0.1784497714698509,-82.15502285301491
B_throughput,jxl_e7,decode,24,0.08990054149867562,-91.00994585013244
B_throughput,jxl_e7,decode,25,0.11025073664767213,-88.97492633523278
B_throughput,jxl_e7,decode,26,0.11951777149906491,-88.04822285009351
B_throughput,jxl_e7,decode,27,0.11200612471499863,-88.79938752850013
B_throughput,jxl_e7,decode,28,0.09424134246187035,-90.57586575381296
B_throughput,jxl_e7,decode,29,0.15530277916580104,-84.4697220834199
B_throughput,jxl_e7,decode,30,0.13390653271326314,-86.60934672867369
B_throughput,jxl_e7,decode,31,0.0681429169489207,-93.18570830510792
B_throughput,jxl_e7,decode,32,0.09990282055445077,-90.00971794455492
B_throughput,jxl_e7,decode,33,0.11451413805622969,-88.54858619437704
B_throughput,jxl_e7,decode,34,0.12263612728189541,-87.73638727181046
B_throughput,jxl_e7,decode,35,0.15363145767243033,-84.63685423275696
B_throughput,jxl_e7,decode,36,0.08560113523725348,-91.43988647627465
B_throughput,jxl_e7,decode,37,0.10667666998333232,-89.33233300166677
B_throughput,jxl_e7,decode,38,0.15950748932648423,-84.04925106735158
B_throughput,jxl_e7,decode,39,0.16700365625806643,-83.29963437419336
B_throughput,jxl_e7,decode,40,0.16782633831036312,-83.2173661689637
B_throughput,jxl_e7,decode,41,0.07028477211662541,-92.97152278833745
B_throughput,jxl_e7,decode,42,0.11125189697617117,-88.87481030238288
B_throughput,jxl_e7,decode,43,0.128722916315269,-87.1277083684731
B_throughput,jxl_e7,decode,44,0.22370242660870182,-77.62975733912982
B_throughput,jxl_e7,decode,45,0.15850705622377712,-84.14929437762228
B_throughput,jxl_e7,decode,46,0.11402794688743763,-88.59720531125623
B_throughput,jxl_e7,decode,47,0.1644984325844452,-83.55015674155548
B_throughput,jxl_e7,decode,48,0.20204840440158245,-79.79515955984175
B_throughput,jxl_e7,decode,49,0.16883162990244063,-83.11683700975594
B_throughput,jxl_e7,decode,50,0.21805703683772876,-78.19429631622712
B_throughput,jxl_e7,decode,51,0.12341811633930727,-87.65818836606927
B_throughput,jxl_e7,decode,52,0.1599768413765282,-84.00231586234717
B_throughput,jxl_e7,decode,53,0.18766449782466998,-81.23355021753301
B_throughput,jxl_e7,decode,54,0.22285003390826524,-77.71499660917347
B_throughput,jxl_e7,decode,55,0.15418825047074686,-84.58117495292532
B_throughput,jxl_e7,decode,56,0.10869081690702588,-89.13091830929741
B_throughput,jxl_e7,decode,57,0.17049499443289984,-82.95050055671001
B_throughput,jxl_e7,decode,58,0.2103806173485602,-78.96193826514398
B_throughput,jxl_e7,decode,59,0.18005727158648277,-81.99427284135172
B_throughput,jxl_e7,decode,60,0.1336197869854694,-86.63802130145307
B_throughput,jxl_e7,decode,61,0.05746085982662958,-94.25391401733704
B_throughput,jxl_e7,decode,62,0.08009855479152304,-91.99014452084769
B_throughput,jxl_e7,decode,63,0.09926570858492109,-90.07342914150789
B_throughput,jxl_e7,decode,64,0.1432414342124384,-85.67585657875615
B_throughput,jxl_e7,decode,65,0.13701046868786643,-86.29895313121337
B_throughput,jxl_e7,decode,66,0.07166410198984147,-92.83358980101586
B_throughput,jxl_e7,decode,67,0.09398692847340107,-90.6013071526599
B_throughput,jxl_e7,decode,68,0.15994621755817717,-84.00537824418228
B_throughput,jxl_e7,decode,69,0.11471659834856,-88.528340165144
B_throughput,jxl_e7,decode,70,0.13960353217894314,-86.03964678210568
B_throughput,jxl_e7,decode,71,0.06122743745435794,-93.8772562545642
B_throughput,jxl_e7,decode,72,0.10551873203004034,-89.44812679699596
B_throughput,jxl_e7,decode,73,0.08962402411523823,-91.03759758847619
B_throughput,jxl_e7,decode,74,0.1083705309467131,-89.16294690532868
B_throughput,jxl_e7,decode,75,0.1070651427481924,-89.29348572518077
B_throughput,jxl_e7,decode,76,0.07886222406660409,-92.11377759333959
B_throughput,jxl_e7,decode,77,0.13075117591171082,-86.92488240882892
B_throughput,jxl_e7,decode,78,0.16906708842601972,-83.09329115739803
B_throughput,jxl_e7,decode,79,0.19947540072799108,-80.05245992720089
B_throughput,jxl_e7,decode,80,0.16405701359031197,-83.5942986409688
B_throughput,jxl_e7,decode,81,0.08115943112831926,-91.88405688716807
B_throughput,jxl_e7,decode,82,0.101858909437351,-89.8141090562649
B_throughput,jxl_e7,decode,83,0.15443228999661596,-84.5567710003384
B_throughput,jxl_e7,decode,84,0.16631456275298534,-83.36854372470145
B_throughput,jxl_e7,decode,85,0.20862232505308242,-79.13776749469176
B_throughput,jxl_e7,decode,86,0.07474205029937381,-92.52579497006262
B_throughput,jxl_e7,decode,87,0.11639229206742839,-88.36077079325716
B_throughput,jxl_e7,decode,88,0.10617142525281245,-89.38285747471876
B_throughput,jxl_e7,decode,89,0.17441028074345205,-82.5589719256548
B_throughput,jxl_e7,decode,90,0.12812517256859757,-87.18748274314024
B_throughput,jxl_e7,decode,91,0.08314031808941047,-91.68596819105895
B_throughput,jxl_e7,decode,92,0.10148697609449571,-89.85130239055043
B_throughput,jxl_e7,decode,93,0.09132652998847123,-90.86734700115288
B_throughput,jxl_e7,decode,94,0.14449943014587985,-85.55005698541201
B_throughput,jxl_e7,decode,95,0.15205904373951065,-84.79409562604894
B_throughput,jxl_e7,decode,96,0.10051219196982802,-89.9487808030172
B_throughput,jxl_e7,decode,97,0.09453641646166257,-90.54635835383374
B_throughput,jxl_e7,decode,98,0.06303699258962372,-93.69630074103763
B_throughput,jxl_e7,decode,99,0.10694455604914616,-89.30554439508538
B_throughput,jxl_e7,decode,100,0.07768634407472037,-92.23136559252796
B_throughput,jxl_e7,decode,101,0.06476994688342096,-93.5230053116579
B_throughput,jxl_e7,decode,102,0.07133986380372269,-92.86601361962774
B_throughput,jxl_e7,decode,103,0.07755233892888545,-92.24476610711146
B_throughput,jxl_e7,decode,104,0.12548292917285644,-87.45170708271436
B_throughput,jxl_e7,decode,105,0.1310499166738739,-86.8950083326126
B_throughput,jxl_e7,decode,106,0.07302914123639243,-92.69708587636076
B_throughput,jxl_e7,decode,107,0.12226433773265821,-87.77356622673418
B_throughput,jxl_e7,decode,108,0.12046301707364225,-87.95369829263578
B_throughput,jxl_e7,decode,109,0.07656432766120087,-92.34356723387991
B_throughput,jxl_e7,decode,110,0.13560322437908728,-86.43967756209128
B_throughput,jxl_e7,decode,111,0.0494685085585106,-95.05314914414895
B_throughput,jxl_e7,decode,112,0.1468083289844691,-85.31916710155309
B_throughput,jxl_e7,decode,113,0.11004726832292992,-88.99527316770701
B_throughput,jxl_e7,decode,114,0.14454200576531295,-85.54579942346871
B_throughput,jxl_e7,decode,115,0.16863809565544813,-83.13619043445519
B_throughput,jxl_e7,decode,116,0.0719934618251862,-92.80065381748138
B_throughput,jxl_e7,decode,117,0.05244766771689034,-94.75523322831097
B_throughput,jxl_e7,decode,118,0.11037305699186066,-88.96269430081394
B_throughput,jxl_e7,decode,119,0.14100238982454813,-85.89976101754519
B_throughput,jxl_e7,decode,120,0.14974691386109565,-85.02530861389045
