comparison,metric,image_id,filename,category,bd_rate_pct,overlap_quality_low,overlap_quality_high
n148i_vs_jpeg,psnr_rgb_db,1,corpus-0001.ppm,retratos_historicos,-1.3618661563746692,27.865130115647887,38.573158218619405
n148i_vs_jpeg,psnr_rgb_db,2,corpus-0002.ppm,retratos_historicos,-2.3346592697500723,37.463288971029314,45.34248700654438
n148i_vs_jpeg,psnr_rgb_db,3,corpus-0003.ppm,retratos_historicos,-0.9476598886317245,28.642890580215212,36.088458583070945
n148i_vs_jpeg,psnr_rgb_db,4,corpus-0004.ppm,retratos_historicos,-0.8753185631964477,28.1506914355465,36.68634698787812
n148i_vs_jpeg,psnr_rgb_db,5,corpus-0005.ppm,retratos_historicos,-1.7960763149718728,31.670638061452827,39.05543151558269
n148i_vs_jpeg,psnr_rgb_db,6,corpus-0006.ppm,retratos_historicos,-1.98335232113932,32.7187410220344,40.88254854418385
n148i_vs_jpeg,psnr_rgb_db,7,corpus-0007.ppm,retratos_historicos,-1.273288715238896,28.031640495564183,34.49717074697731
n148i_vs_jpeg,psnr_rgb_db,8,corpus-0008.ppm,retratos_historicos,-1.8104090907015147,37.31896703593921,44.00909850674996
n148i_vs_jpeg,psnr_rgb_db,9,corpus-0009.ppm,retratos_historicos,-1.1974705152259957,28.634704616915915,37.77496223240985
n148i_vs_jpeg,psnr_rgb_db,10,corpus-0010.ppm,retratos_historicos,-1.2740076097580766,35.04118002154953,44.95839974963995
n148i_vs_jpeg,psnr_rgb_db,11,corpus-0011.ppm,retratos_historicos,-2.9869913616643706,35.656874422010716,43.20393639705784
n148i_vs_jpeg,psnr_rgb_db,12,corpus-0012.ppm,retratos_historicos,-4.814057101690916,38.08081024719557,44.38424880873264
n148i_vs_jpeg,psnr_rgb_db,13,corpus-0013.ppm,retratos_historicos,-1.9664618414789836,35.089832863533616,42.8480459023816
n148i_vs_jpeg,psnr_rgb_db,14,corpus-0014.ppm,retratos_historicos,-2.5108245099619952,36.04712852753878,42.155026175959485
n148i_vs_jpeg,psnr_rgb_db,15,corpus-0015.ppm,retratos_historicos,-0.39461638148711176,26.919692325341813,41.84879594955721
n148i_vs_jpeg,psnr_rgb_db,16,corpus-0016.ppm,paisagens_naturais,-1.852980834873641,28.381693759342465,37.101396068894054
n148i_vs_jpeg,psnr_rgb_db,17,corpus-0017.ppm,paisagens_naturais,-1.3004214531772695,28.624213045739147,36.70919869616707
n148i_vs_jpeg,psnr_rgb_db,18,corpus-0018.ppm,paisagens_naturais,-2.2488042830391963,32.22540500887474,40.10725968182447
n148i_vs_jpeg,psnr_rgb_db,19,corpus-0019.ppm,paisagens_naturais,-2.369592714293156,33.36489625654376,41.045109486926926
n148i_vs_jpeg,psnr_rgb_db,20,corpus-0020.ppm,paisagens_naturais,-1.031037703382287,25.27684672688316,36.601367545891705
n148i_vs_jpeg,psnr_rgb_db,21,corpus-0021.ppm,paisagens_naturais,-3.299394558689217,32.26158977105767,39.78290889478926
n148i_vs_jpeg,psnr_rgb_db,22,corpus-0022.ppm,paisagens_naturais,-1.8471294120649184,27.036722086662863,34.030222647270286
n148i_vs_jpeg,psnr_rgb_db,23,corpus-0023.ppm,paisagens_naturais,-0.7560474788811167,22.396655734973102,29.151893279702268
n148i_vs_jpeg,psnr_rgb_db,24,corpus-0024.ppm,paisagens_naturais,-2.8348178782401035,30.64593817533853,39.22514824402508
n148i_vs_jpeg,psnr_rgb_db,25,corpus-0025.ppm,paisagens_naturais,-4.385393588857466,34.65125588186082,40.56410092667743
n148i_vs_jpeg,psnr_rgb_db,26,corpus-0026.ppm,paisagens_naturais,-1.2636588199493315,24.605006451942813,33.94131732698818
n148i_vs_jpeg,psnr_rgb_db,27,corpus-0027.ppm,paisagens_naturais,-1.4784217715948067,27.417804462377582,33.488434015731045
n148i_vs_jpeg,psnr_rgb_db,28,corpus-0028.ppm,paisagens_naturais,-3.761296777862011,36.723796879231486,44.56008981782314
n148i_vs_jpeg,psnr_rgb_db,29,corpus-0029.ppm,paisagens_naturais,-1.3003095916954033,29.169980499197873,38.03136419480962
n148i_vs_jpeg,psnr_rgb_db,30,corpus-0030.ppm,paisagens_naturais,-2.711789712455781,33.36121284992512,41.40086751171496
n148i_vs_jpeg,psnr_rgb_db,31,corpus-0031.ppm,urbano_arquitetura,-1.2855753788077684,27.601585824386824,35.55830810752872
n148i_vs_jpeg,psnr_rgb_db,32,corpus-0032.ppm,urbano_arquitetura,-1.4878565971647828,31.85193363705702,37.3428715764731
n148i_vs_jpeg,psnr_rgb_db,33,corpus-0033.ppm,urbano_arquitetura,-2.2530370570140734,33.87884749785049,38.09898862344516
n148i_vs_jpeg,psnr_rgb_db,34,corpus-0034.ppm,urbano_arquitetura,-2.01790770149165,33.79154416716269,38.52643774789661
n148i_vs_jpeg,psnr_rgb_db,35,corpus-0035.ppm,urbano_arquitetura,-1.5990454369503193,28.87108262270687,37.09329428849914
n148i_vs_jpeg,psnr_rgb_db,36,corpus-0036.ppm,urbano_arquitetura,-1.545017218685485,27.22805080524568,35.02406498193016
n148i_vs_jpeg,psnr_rgb_db,37,corpus-0037.ppm,urbano_arquitetura,-1.4127505338358493,26.087872144878364,32.02682507996259
n148i_vs_jpeg,psnr_rgb_db,38,corpus-0038.ppm,urbano_arquitetura,-1.442236663469243,28.477589702275864,37.12503369098104
n148i_vs_jpeg,psnr_rgb_db,39,corpus-0039.ppm,urbano_arquitetura,-1.1307745418089876,26.690972640311198,34.74516493519553
n148i_vs_jpeg,psnr_rgb_db,40,corpus-0040.ppm,urbano_arquitetura,-1.2337993923322688,26.739783232586085,34.63176113600741
n148i_vs_jpeg,psnr_rgb_db,41,corpus-0041.ppm,urbano_arquitetura,-2.1780743852572226,30.623061798828275,37.60663942648514
n148i_vs_jpeg,psnr_rgb_db,42,corpus-0042.ppm,urbano_arquitetura,-1.2162275538541323,27.672818687364096,35.0216805219294
n148i_vs_jpeg,psnr_rgb_db,43,corpus-0043.ppm,urbano_arquitetura,-2.042579626397656,32.78885026467372,39.9343309443003
n148i_vs_jpeg,psnr_rgb_db,44,corpus-0044.ppm,urbano_arquitetura,-0.5817502243643524,22.56325332386951,37.701708104953994
n148i_vs_jpeg,psnr_rgb_db,45,corpus-0045.ppm,urbano_arquitetura,-1.331900373763617,28.55139216807023,38.43551010144348
n148i_vs_jpeg,psnr_rgb_db,46,corpus-0046.ppm,texturas_alta_frequencia,-1.1786586336010374,25.70505303621859,32.61396861724222
n148i_vs_jpeg,psnr_rgb_db,47,corpus-0047.ppm,texturas_alta_frequencia,-0.86965190629259,23.269638224873674,31.907165219982645
n148i_vs_jpeg,psnr_rgb_db,48,corpus-0048.ppm,texturas_alta_frequencia,-0.8273188778295304,25.21727224086284,31.92463881036446
n148i_vs_jpeg,psnr_rgb_db,49,corpus-0049.ppm,texturas_alta_frequencia,-1.996997784785226,31.111719766331966,39.26424975205752
n148i_vs_jpeg,psnr_rgb_db,50,corpus-0050.ppm,texturas_alta_frequencia,-1.1914129884748492,27.579956943392823,33.500177677185974
n148i_vs_jpeg,psnr_rgb_db,51,corpus-0051.ppm,texturas_alta_frequencia,-1.0190929117391168,25.645418874907445,35.53224612086347
n148i_vs_jpeg,psnr_rgb_db,52,corpus-0052.ppm,texturas_alta_frequencia,-0.7820574957222437,24.6548618848346,33.39351411409141
n148i_vs_jpeg,psnr_rgb_db,53,corpus-0053.ppm,texturas_alta_frequencia,-0.7490320814707352,26.11708383303899,34.52850369278327
n148i_vs_jpeg,psnr_rgb_db,54,corpus-0054.ppm,texturas_alta_frequencia,-0.756593499048297,25.150132228613376,37.192925828935174
n148i_vs_jpeg,psnr_rgb_db,55,corpus-0055.ppm,texturas_alta_frequencia,-1.7747864880717001,33.056206224171646,38.94413432882146
n148i_vs_jpeg,psnr_rgb_db,56,corpus-0056.ppm,texturas_alta_frequencia,-1.1024186910019718,26.63802451675157,35.1135929747361
n148i_vs_jpeg,psnr_rgb_db,57,corpus-0057.ppm,texturas_alta_frequencia,-0.994652808570784,30.905077640648223,38.293170541660416
n148i_vs_jpeg,psnr_rgb_db,58,corpus-0058.ppm,texturas_alta_frequencia,-0.8966971247553635,25.859063672491427,34.57966960279875
n148i_vs_jpeg,psnr_rgb_db,59,corpus-0059.ppm,texturas_alta_frequencia,-2.0724141430057075,33.48273458908023,41.20431136432444
n148i_vs_jpeg,psnr_rgb_db,60,corpus-0060.ppm,texturas_alta_frequencia,-2.0805478214351636,33.419600612530466,40.61522497995149
n148i_vs_jpeg,psnr_rgb_db,61,corpus-0061.ppm,superficies_suaves_degrades,-5.981322248741194,37.69966842608121,43.92492855490397
n148i_vs_jpeg,psnr_rgb_db,62,corpus-0062.ppm,superficies_suaves_degrades,-5.837272386185277,38.52150354632445,44.829917324526576
n148i_vs_jpeg,psnr_rgb_db,63,corpus-0063.ppm,superficies_suaves_degrades,-2.457405820358771,34.73945823751276,42.93580931303117
n148i_vs_jpeg,psnr_rgb_db,64,corpus-0064.ppm,superficies_suaves_degrades,-1.1583074754052736,30.21277009255182,45.6279654797554
n148i_vs_jpeg,psnr_rgb_db,65,corpus-0065.ppm,superficies_suaves_degrades,-1.590991399231012,30.995085018603387,38.119569451698524
n148i_vs_jpeg,psnr_rgb_db,66,corpus-0066.ppm,superficies_suaves_degrades,-2.769806401158259,34.88068177810811,41.05119395442131
n148i_vs_jpeg,psnr_rgb_db,67,corpus-0067.ppm,superficies_suaves_degrades,-2.2909093960479354,31.666906401964198,37.728020867172106
n148i_vs_jpeg,psnr_rgb_db,68,corpus-0068.ppm,superficies_suaves_degrades,-0.3428699990355,25.26861048503462,32.006682206169714
n148i_vs_jpeg,psnr_rgb_db,69,corpus-0069.ppm,superficies_suaves_degrades,-3.4313221802863225,32.65594976265734,39.448812623429575
n148i_vs_jpeg,psnr_rgb_db,70,corpus-0070.ppm,superficies_suaves_degrades,-2.155528681860197,29.56007110423289,35.7830775383713
n148i_vs_jpeg,psnr_rgb_db,71,corpus-0071.ppm,superficies_suaves_degrades,-4.7002966616576325,32.90889277504524,38.66562696557218
n148i_vs_jpeg,psnr_rgb_db,72,corpus-0072.ppm,superficies_suaves_degrades,-1.3629719786500516,26.940187563686827,38.693508601204826
n148i_vs_jpeg,psnr_rgb_db,73,corpus-0073.ppm,superficies_suaves_degrades,-12.579474594151318,39.23352592115401,46.348358532011076
n148i_vs_jpeg,psnr_rgb_db,74,corpus-0074.ppm,superficies_suaves_degrades,-3.7010535641073927,37.67881939666643,44.879733805842655
n148i_vs_jpeg,psnr_rgb_db,75,corpus-0075.ppm,superficies_suaves_degrades,-6.876801326834004,37.675284970256136,45.786943621794805
n148i_vs_jpeg,psnr_rgb_db,76,corpus-0076.ppm,detalhe_fino,-2.1271614608142086,30.998322958794674,38.089044075308884
n148i_vs_jpeg,psnr_rgb_db,77,corpus-0077.ppm,detalhe_fino,-0.9732548170908628,27.88364577170988,35.000741889157304
n148i_vs_jpeg,psnr_rgb_db,78,corpus-0078.ppm,detalhe_fino,-0.9234082644985153,26.300159629128657,34.76943177575449
n148i_vs_jpeg,psnr_rgb_db,79,corpus-0079.ppm,detalhe_fino,-0.642145958260798,24.500049653073873,31.533500051597805
n148i_vs_jpeg,psnr_rgb_db,80,corpus-0080.ppm,detalhe_fino,-1.299698042169839,29.627625967846704,37.237456054955885
n148i_vs_jpeg,psnr_rgb_db,81,corpus-0081.ppm,detalhe_fino,-1.8178517470280209,30.74551805139906,42.802187965245594
n148i_vs_jpeg,psnr_rgb_db,82,corpus-0082.ppm,detalhe_fino,-2.19002435174388,31.804237306871915,37.41123344774289
n148i_vs_jpeg,psnr_rgb_db,83,corpus-0083.ppm,detalhe_fino,-1.4004713063614949,29.50899249209303,36.36426299127264
n148i_vs_jpeg,psnr_rgb_db,84,corpus-0084.ppm,detalhe_fino,-1.5320633664909322,28.05221827719677,32.79883948585813
n148i_vs_jpeg,psnr_rgb_db,85,corpus-0085.ppm,detalhe_fino,-0.6484915150988813,23.488055683170668,37.87588375292061
n148i_vs_jpeg,psnr_rgb_db,86,corpus-0086.ppm,detalhe_fino,-1.652090807208928,26.720720034821255,33.15510302998099
n148i_vs_jpeg,psnr_rgb_db,87,corpus-0087.ppm,detalhe_fino,-0.7826791461564064,26.12014048280272,33.47498433698315
n148i_vs_jpeg,psnr_rgb_db,88,corpus-0088.ppm,detalhe_fino,-2.489401062763974,35.2754853689099,40.84190374275212
n148i_vs_jpeg,psnr_rgb_db,89,corpus-0089.ppm,detalhe_fino,-0.9151102322892957,25.526339818475453,29.303581180410895
n148i_vs_jpeg,psnr_rgb_db,90,corpus-0090.ppm,detalhe_fino,-1.2260752332543534,28.871905980748224,33.38692019156002
n148i_vs_jpeg,psnr_rgb_db,91,corpus-0091.ppm,texto_bordas_nitidas,-1.6272259241782994,28.028578893201423,37.166061957265484
n148i_vs_jpeg,psnr_rgb_db,92,corpus-0092.ppm,texto_bordas_nitidas,-1.8639171947784416,30.09639235061218,34.74456155619999
n148i_vs_jpeg,psnr_rgb_db,93,corpus-0093.ppm,texto_bordas_nitidas,-1.7166199968477236,31.159607863448766,40.15385322366241
n148i_vs_jpeg,psnr_rgb_db,94,corpus-0094.ppm,texto_bordas_nitidas,-1.4102375941031475,27.16649972911718,36.22244796337863
n148i_vs_jpeg,psnr_rgb_db,95,corpus-0095.ppm,texto_bordas_nitidas,-0.8321808579417334,27.66530257138257,40.93853129671598
n148i_vs_jpeg,psnr_rgb_db,96,corpus-0096.ppm,texto_bordas_nitidas,-1.522869816599015,25.75505638219741,35.462984158729036
n148i_vs_jpeg,psnr_rgb_db,97,corpus-0097.ppm,texto_bordas_nitidas,-1.205805068138921,27.5767232083889,41.42389374226204
n148i_vs_jpeg,psnr_rgb_db,98,corpus-0098.ppm,texto_bordas_nitidas,-2.126898656801468,28.05193478769041,35.624940226723965
n148i_vs_jpeg,psnr_rgb_db,99,corpus-0099.ppm,texto_bordas_nitidas,-2.6208057722021616,31.822456715905886,37.60678713880358
n148i_vs_jpeg,psnr_rgb_db,100,corpus-0100.ppm,texto_bordas_nitidas,-1.5845245734614877,27.383657467253514,34.03750092797107
n148i_vs_jpeg,psnr_rgb_db,101,corpus-0101.ppm,texto_bordas_nitidas,-2.9481584303225783,30.91536836769942,38.141912546994455
n148i_vs_jpeg,psnr_rgb_db,102,corpus-0102.ppm,texto_bordas_nitidas,-2.3124702991227264,30.195749636009737,37.768923111435086
n148i_vs_jpeg,psnr_rgb_db,103,corpus-0103.ppm,texto_bordas_nitidas,-2.6551517719336393,30.7384592918574,39.60164825296565
n148i_vs_jpeg,psnr_rgb_db,104,corpus-0104.ppm,texto_bordas_nitidas,-2.230356384994081,32.74906065958399,40.39273999625182
n148i_vs_jpeg,psnr_rgb_db,105,corpus-0105.ppm,texto_bordas_nitidas,-2.0036206412848423,33.19025099400736,39.52178695128504
n148i_vs_jpeg,psnr_rgb_db,106,corpus-0106.ppm,cores_saturadas_dessaturadas,-2.177631118461154,29.548098321016496,35.09823441825204
n148i_vs_jpeg,psnr_rgb_db,107,corpus-0107.ppm,cores_saturadas_dessaturadas,-0.8054534074693143,29.304037419592575,34.29515980253532
n148i_vs_jpeg,psnr_rgb_db,108,corpus-0108.ppm,cores_saturadas_dessaturadas,-1.4765633053578031,26.547219593466053,35.83717600031043
n148i_vs_jpeg,psnr_rgb_db,109,corpus-0109.ppm,cores_saturadas_dessaturadas,-4.715109078449087,34.311374534667735,41.441471174757645
n148i_vs_jpeg,psnr_rgb_db,110,corpus-0110.ppm,cores_saturadas_dessaturadas,-0.8952827686970477,29.04718021219435,35.53932684643346
n148i_vs_jpeg,psnr_rgb_db,111,corpus-0111.ppm,cores_saturadas_dessaturadas,-1.1776276695479093,26.78315280697244,31.811381283960266
n148i_vs_jpeg,psnr_rgb_db,112,corpus-0112.ppm,cores_saturadas_dessaturadas,-1.150831647594841,29.759140756068913,37.79541625032935
n148i_vs_jpeg,psnr_rgb_db,113,corpus-0113.ppm,cores_saturadas_dessaturadas,-1.4262844996372648,29.186662403993044,35.492649595896765
n148i_vs_jpeg,psnr_rgb_db,114,corpus-0114.ppm,cores_saturadas_dessaturadas,-0.8538525377774664,26.769614226796897,33.97765057913293
n148i_vs_jpeg,psnr_rgb_db,115,corpus-0115.ppm,cores_saturadas_dessaturadas,-0.9843183440491621,30.857235910500226,39.50553220510842
n148i_vs_jpeg,psnr_rgb_db,116,corpus-0116.ppm,cores_saturadas_dessaturadas,-3.408384870620984,36.69624510557464,44.46490156155438
n148i_vs_jpeg,psnr_rgb_db,117,corpus-0117.ppm,cores_saturadas_dessaturadas,-10.51729045023354,39.041323921388475,46.71648111458042
n148i_vs_jpeg,psnr_rgb_db,118,corpus-0118.ppm,cores_saturadas_dessaturadas,-2.020614787721886,31.540654826393695,37.51036863505212
n148i_vs_jpeg,psnr_rgb_db,119,corpus-0119.ppm,cores_saturadas_dessaturadas,-1.909815649795188,31.76415174546051,37.26615423869179
n148i_vs_jpeg,psnr_rgb_db,120,corpus-0120.ppm,cores_saturadas_dessaturadas,-1.6019238707364991,31.103722981426316,37.04273927524489
n148i_vs_jpeg,psnr_y_db,1,corpus-0001.ppm,retratos_historicos,-1.3618661563746692,27.865130115647887,38.573158218619405
n148i_vs_jpeg,psnr_y_db,2,corpus-0002.ppm,retratos_historicos,-2.2330366521120193,38.959281757315225,47.167393875954524
n148i_vs_jpeg,psnr_y_db,3,corpus-0003.ppm,retratos_historicos,-0.8872092761756045,30.274198698625593,41.744524522818914
n148i_vs_jpeg,psnr_y_db,4,corpus-0004.ppm,retratos_historicos,-0.8723863086687933,28.305419354514353,37.09579695145245
n148i_vs_jpeg,psnr_y_db,5,corpus-0005.ppm,retratos_historicos,-1.4043112193897533,32.64272018052557,40.25853301155307
n148i_vs_jpeg,psnr_y_db,6,corpus-0006.ppm,retratos_historicos,-1.5296748444441732,34.361339692294344,43.53787066226854
n148i_vs_jpeg,psnr_y_db,7,corpus-0007.ppm,retratos_historicos,-1.1942459956299833,30.660971114102956,40.12984716432562
n148i_vs_jpeg,psnr_y_db,8,corpus-0008.ppm,retratos_historicos,-2.163654201373555,39.83095702108274,47.61056339374804
n148i_vs_jpeg,psnr_y_db,9,corpus-0009.ppm,retratos_historicos,-1.1220949736240549,28.94510477210142,38.647146865156145
n148i_vs_jpeg,psnr_y_db,10,corpus-0010.ppm,retratos_historicos,-1.212924717841446,36.37986863217439,45.1043561036198
n148i_vs_jpeg,psnr_y_db,11,corpus-0011.ppm,retratos_historicos,-2.8394867073333163,36.05558485200169,43.4406730075363
n148i_vs_jpeg,psnr_y_db,12,corpus-0012.ppm,retratos_historicos,-4.134991264755872,41.336402116469486,47.608247343484834
n148i_vs_jpeg,psnr_y_db,13,corpus-0013.ppm,retratos_historicos,-1.9664618414789836,35.089832863533616,42.8480459023816
n148i_vs_jpeg,psnr_y_db,14,corpus-0014.ppm,retratos_historicos,-2.681708754699863,36.67548820807682,43.097649300069854
n148i_vs_jpeg,psnr_y_db,15,corpus-0015.ppm,retratos_historicos,-0.39461638148711176,26.919692325341813,41.84879594955721
n148i_vs_jpeg,psnr_y_db,16,corpus-0016.ppm,paisagens_naturais,-1.7694487055380237,28.853844899153312,39.168944298950365
n148i_vs_jpeg,psnr_y_db,17,corpus-0017.ppm,paisagens_naturais,-1.2224524353998567,29.86487926500868,39.56041909254326
n148i_vs_jpeg,psnr_y_db,18,corpus-0018.ppm,paisagens_naturais,-2.124976733697681,32.726724699400116,41.18352621677852
n148i_vs_jpeg,psnr_y_db,19,corpus-0019.ppm,paisagens_naturais,-2.204635046747516,33.77640090889772,41.86212818061769
n148i_vs_jpeg,psnr_y_db,20,corpus-0020.ppm,paisagens_naturais,-0.9381671915400847,25.601453156684837,38.238835782647556
n148i_vs_jpeg,psnr_y_db,21,corpus-0021.ppm,paisagens_naturais,-2.9560104658302944,33.445417553133574,42.11143948622542
n148i_vs_jpeg,psnr_y_db,22,corpus-0022.ppm,paisagens_naturais,-1.7781374497898295,28.732774604159708,38.711279985672256
n148i_vs_jpeg,psnr_y_db,23,corpus-0023.ppm,paisagens_naturais,-0.6669622269391939,24.226553840211672,37.588585394513444
n148i_vs_jpeg,psnr_y_db,24,corpus-0024.ppm,paisagens_naturais,-2.617866035380345,31.136258264266136,40.12331981062938
n148i_vs_jpeg,psnr_y_db,25,corpus-0025.ppm,paisagens_naturais,-3.7749124881224505,37.24851429588505,45.6628311789379
n148i_vs_jpeg,psnr_y_db,26,corpus-0026.ppm,paisagens_naturais,-1.2180797792258446,25.65323562719311,37.353824883796044
n148i_vs_jpeg,psnr_y_db,27,corpus-0027.ppm,paisagens_naturais,-1.417533097738266,28.968704102864073,38.67545323151274
n148i_vs_jpeg,psnr_y_db,28,corpus-0028.ppm,paisagens_naturais,-3.0412842996058065,38.70751201963034,46.978906922353005
n148i_vs_jpeg,psnr_y_db,29,corpus-0029.ppm,paisagens_naturais,-1.3448150906562928,29.765196799908793,39.51440944261682
n148i_vs_jpeg,psnr_y_db,30,corpus-0030.ppm,paisagens_naturais,-2.318084683311805,34.64028579883213,43.33630320746704
n148i_vs_jpeg,psnr_y_db,31,corpus-0031.ppm,urbano_arquitetura,-1.3843813239121983,28.95783962934415,39.63304482126652
n148i_vs_jpeg,psnr_y_db,32,corpus-0032.ppm,urbano_arquitetura,-1.562235190042649,33.159344823014976,41.2958876085071
n148i_vs_jpeg,psnr_y_db,33,corpus-0033.ppm,urbano_arquitetura,-2.030231400779703,36.16368367992985,42.286245473862465
n148i_vs_jpeg,psnr_y_db,34,corpus-0034.ppm,urbano_arquitetura,-2.0379610454278607,36.46704985583832,43.37604459132022
n148i_vs_jpeg,psnr_y_db,35,corpus-0035.ppm,urbano_arquitetura,-1.509625890037125,29.967780799397712,40.161147277052095
n148i_vs_jpeg,psnr_y_db,36,corpus-0036.ppm,urbano_arquitetura,-1.4454342698914102,28.84525840338146,39.692541803855065
n148i_vs_jpeg,psnr_y_db,37,corpus-0037.ppm,urbano_arquitetura,-1.403583404816866,29.707855406029488,40.78122128032974
n148i_vs_jpeg,psnr_y_db,38,corpus-0038.ppm,urbano_arquitetura,-1.3331832511313424,28.88863267381428,38.089834597545064
n148i_vs_jpeg,psnr_y_db,39,corpus-0039.ppm,urbano_arquitetura,-1.0588440993489656,27.659326907276395,38.74988186254962
n148i_vs_jpeg,psnr_y_db,40,corpus-0040.ppm,urbano_arquitetura,-1.19468927552413,27.773298085500727,38.97014376987119
n148i_vs_jpeg,psnr_y_db,41,corpus-0041.ppm,urbano_arquitetura,-2.0523791757312337,32.07573434730597,41.699962942997566
n148i_vs_jpeg,psnr_y_db,42,corpus-0042.ppm,urbano_arquitetura,-1.1067070796993428,28.89140461613731,39.5520982155802
n148i_vs_jpeg,psnr_y_db,43,corpus-0043.ppm,urbano_arquitetura,-1.6439833485247024,34.67225805090552,43.22068255671685
n148i_vs_jpeg,psnr_y_db,44,corpus-0044.ppm,urbano_arquitetura,-0.557027941956989,23.25024506026387,39.91974227307448
n148i_vs_jpeg,psnr_y_db,45,corpus-0045.ppm,urbano_arquitetura,-1.331900373763617,28.55139216807023,38.43551010144348
n148i_vs_jpeg,psnr_y_db,46,corpus-0046.ppm,texturas_alta_frequencia,-1.0375320146362998,26.494638045299755,36.3680477289264
n148i_vs_jpeg,psnr_y_db,47,corpus-0047.ppm,texturas_alta_frequencia,-0.7952617115928873,23.836535723575683,36.318178816165634
n148i_vs_jpeg,psnr_y_db,48,corpus-0048.ppm,texturas_alta_frequencia,-0.88928821982176,26.29934167432857,37.62214843074311
n148i_vs_jpeg,psnr_y_db,49,corpus-0049.ppm,texturas_alta_frequencia,-1.756019388919039,31.422456032795782,39.75008246953104
n148i_vs_jpeg,psnr_y_db,50,corpus-0050.ppm,texturas_alta_frequencia,-0.9294859125538291,28.46040519790033,37.40052599969558
n148i_vs_jpeg,psnr_y_db,51,corpus-0051.ppm,texturas_alta_frequencia,-1.00716260202931,25.81385215564425,36.39577660671759
n148i_vs_jpeg,psnr_y_db,52,corpus-0052.ppm,texturas_alta_frequencia,-0.6890007567527223,25.294775730333164,36.45406023377224
n148i_vs_jpeg,psnr_y_db,53,corpus-0053.ppm,texturas_alta_frequencia,-0.6862941220703966,26.80703288074639,37.197195680645244
n148i_vs_jpeg,psnr_y_db,54,corpus-0054.ppm,texturas_alta_frequencia,-0.6395701075075144,25.652349453004387,42.283378423772845
n148i_vs_jpeg,psnr_y_db,55,corpus-0055.ppm,texturas_alta_frequencia,-1.4770840327985368,34.05734851358372,40.694964675798026
n148i_vs_jpeg,psnr_y_db,56,corpus-0056.ppm,texturas_alta_frequencia,-1.064813767515671,26.89331482163062,36.43498018201122
n148i_vs_jpeg,psnr_y_db,57,corpus-0057.ppm,texturas_alta_frequencia,-1.0989983836951156,31.34413229738465,38.529501748636186
n148i_vs_jpeg,psnr_y_db,58,corpus-0058.ppm,texturas_alta_frequencia,-0.9961037362333336,26.90654388949922,38.317399169693054
n148i_vs_jpeg,psnr_y_db,59,corpus-0059.ppm,texturas_alta_frequencia,-1.4781886966552804,35.56857892330675,43.66382227783896
n148i_vs_jpeg,psnr_y_db,60,corpus-0060.ppm,texturas_alta_frequencia,-1.6124739641731334,35.47850115683197,43.11142921808912
n148i_vs_jpeg,psnr_y_db,61,corpus-0061.ppm,superficies_suaves_degrades,-5.082523397077676,41.59626764037433,47.89754730563301
n148i_vs_jpeg,psnr_y_db,62,corpus-0062.ppm,superficies_suaves_degrades,-4.645748857556564,42.194896106551305,48.48752567867873
n148i_vs_jpeg,psnr_y_db,63,corpus-0063.ppm,superficies_suaves_degrades,-1.9181964363507609,36.534748331527645,45.96863699955793
n148i_vs_jpeg,psnr_y_db,64,corpus-0064.ppm,superficies_suaves_degrades,-1.1089282776398979,30.995062471670888,47.23348784897069
n148i_vs_jpeg,psnr_y_db,65,corpus-0065.ppm,superficies_suaves_degrades,-1.5207407325975586,32.31986774326919,42.089833492306525
n148i_vs_jpeg,psnr_y_db,66,corpus-0066.ppm,superficies_suaves_degrades,-2.455259890972772,35.58957363143387,41.93095407616157
n148i_vs_jpeg,psnr_y_db,67,corpus-0067.ppm,superficies_suaves_degrades,-1.9702756904301788,32.962931806710934,41.09105468646255
n148i_vs_jpeg,psnr_y_db,68,corpus-0068.ppm,superficies_suaves_degrades,-0.6179407877583976,26.96812302200736,37.78058025463277
n148i_vs_jpeg,psnr_y_db,69,corpus-0069.ppm,superficies_suaves_degrades,-3.1597131200144846,33.89915134635186,42.73517576139376
n148i_vs_jpeg,psnr_y_db,70,corpus-0070.ppm,superficies_suaves_degrades,-2.0077583258328424,31.360658683749804,40.93994146954482
n148i_vs_jpeg,psnr_y_db,71,corpus-0071.ppm,superficies_suaves_degrades,-4.779949614180545,37.16545956475426,45.35896903901845
n148i_vs_jpeg,psnr_y_db,72,corpus-0072.ppm,superficies_suaves_degrades,-1.3629719786500516,26.940187563686827,38.693508601204826
n148i_vs_jpeg,psnr_y_db,73,corpus-0073.ppm,superficies_suaves_degrades,-11.468336430541303,43.59900480008064,50.600502338300906
n148i_vs_jpeg,psnr_y_db,74,corpus-0074.ppm,superficies_suaves_degrades,-3.1270947566749974,38.751241013124506,46.361480060697026
n148i_vs_jpeg,psnr_y_db,75,corpus-0075.ppm,superficies_suaves_degrades,-6.397365321267545,39.78392787697635,48.56894532161883
n148i_vs_jpeg,psnr_y_db,76,corpus-0076.ppm,detalhe_fino,-1.7836518933558976,33.95182400159393,42.58443230821152
n148i_vs_jpeg,psnr_y_db,77,corpus-0077.ppm,detalhe_fino,-0.8878084673723641,29.283962158194747,38.36569492170792
n148i_vs_jpeg,psnr_y_db,78,corpus-0078.ppm,detalhe_fino,-0.946183318485283,27.336567336534515,37.754096288729286
n148i_vs_jpeg,psnr_y_db,79,corpus-0079.ppm,detalhe_fino,-0.7409670677683167,26.75079355698442,37.56698500517472
n148i_vs_jpeg,psnr_y_db,80,corpus-0080.ppm,detalhe_fino,-1.1192914771020246,30.33576811133029,39.34563444692826
n148i_vs_jpeg,psnr_y_db,81,corpus-0081.ppm,detalhe_fino,-0.8927083471302333,31.712671749517494,57.98819692814833
n148i_vs_jpeg,psnr_y_db,82,corpus-0082.ppm,detalhe_fino,-1.64744663352705,34.169745693086455,41.790425738645034
n148i_vs_jpeg,psnr_y_db,83,corpus-0083.ppm,detalhe_fino,-1.1555821613138173,31.981007222134743,41.93421823265008
n148i_vs_jpeg,psnr_y_db,84,corpus-0084.ppm,detalhe_fino,-1.4380182003249642,34.83196286735571,42.79531541069559
n148i_vs_jpeg,psnr_y_db,85,corpus-0085.ppm,detalhe_fino,-0.6225913279238604,25.410494270242616,42.04500647391051
n148i_vs_jpeg,psnr_y_db,86,corpus-0086.ppm,detalhe_fino,-1.4963903885413021,28.760442083397002,37.82380849166848
n148i_vs_jpeg,psnr_y_db,87,corpus-0087.ppm,detalhe_fino,-0.8608758025667185,27.878497346323417,38.207579630162144
n148i_vs_jpeg,psnr_y_db,88,corpus-0088.ppm,detalhe_fino,-2.4985121149087575,39.78331203538077,47.24464032988247
n148i_vs_jpeg,psnr_y_db,89,corpus-0089.ppm,detalhe_fino,-0.9613294663341154,30.802514007546094,39.07553053313639
n148i_vs_jpeg,psnr_y_db,90,corpus-0090.ppm,detalhe_fino,-1.6108395789387275,34.65035009971481,43.254782939532944
n148i_vs_jpeg,psnr_y_db,91,corpus-0091.ppm,texto_bordas_nitidas,-1.4564351437030387,29.288513521740995,41.601697988150654
n148i_vs_jpeg,psnr_y_db,92,corpus-0092.ppm,texto_bordas_nitidas,-1.6491226904705392,32.08842731335408,39.90434352172918
n148i_vs_jpeg,psnr_y_db,93,corpus-0093.ppm,texto_bordas_nitidas,-1.9298140748772008,32.3369223766326,44.38241864858091
n148i_vs_jpeg,psnr_y_db,94,corpus-0094.ppm,texto_bordas_nitidas,-1.2617527221582936,28.400741070538036,39.93939086081946
n148i_vs_jpeg,psnr_y_db,95,corpus-0095.ppm,texto_bordas_nitidas,-0.8321808579417334,27.66530257138257,40.93853129671597
n148i_vs_jpeg,psnr_y_db,96,corpus-0096.ppm,texto_bordas_nitidas,-1.4222801088509485,26.18770807577721,37.61325969452711
n148i_vs_jpeg,psnr_y_db,97,corpus-0097.ppm,texto_bordas_nitidas,-1.1673501187903224,27.6347962055406,41.8584914517717
n148i_vs_jpeg,psnr_y_db,98,corpus-0098.ppm,texto_bordas_nitidas,-1.9007634025823839,29.898390894971357,41.480905877614596
n148i_vs_jpeg,psnr_y_db,99,corpus-0099.ppm,texto_bordas_nitidas,-2.3397124798704594,35.926386091951315,47.7792103414514
n148i_vs_jpeg,psnr_y_db,100,corpus-0100.ppm,texto_bordas_nitidas,-1.5945160448043727,30.31258339984589,41.75712187894465
n148i_vs_jpeg,psnr_y_db,101,corpus-0101.ppm,texto_bordas_nitidas,-1.952592736222536,34.30777306503031,58.996695673337
n148i_vs_jpeg,psnr_y_db,102,corpus-0102.ppm,texto_bordas_nitidas,-1.7769186682876081,31.74801009524571,41.387288917484355
n148i_vs_jpeg,psnr_y_db,103,corpus-0103.ppm,texto_bordas_nitidas,-2.5515587604242995,32.301174000747956,43.35737349112175
n148i_vs_jpeg,psnr_y_db,104,corpus-0104.ppm,texto_bordas_nitidas,-1.8233695417588125,34.86057776973126,43.64504420675669
n148i_vs_jpeg,psnr_y_db,105,corpus-0105.ppm,texto_bordas_nitidas,-2.0202664363933476,36.3002305174999,44.197652901741684
n148i_vs_jpeg,psnr_y_db,106,corpus-0106.ppm,cores_saturadas_dessaturadas,-1.9545638908388008,35.60542995957551,43.79538569633919
n148i_vs_jpeg,psnr_y_db,107,corpus-0107.ppm,cores_saturadas_dessaturadas,-1.0745007451956057,30.48851461157099,37.541381262348196
n148i_vs_jpeg,psnr_y_db,108,corpus-0108.ppm,cores_saturadas_dessaturadas,-1.379040860551728,27.481760476240275,38.48551492331042
n148i_vs_jpeg,psnr_y_db,109,corpus-0109.ppm,cores_saturadas_dessaturadas,-4.251201146906858,36.6664897381222,44.36950774336107
n148i_vs_jpeg,psnr_y_db,110,corpus-0110.ppm,cores_saturadas_dessaturadas,-1.0186037213847143,31.922581053539865,41.489180206055714
n148i_vs_jpeg,psnr_y_db,111,corpus-0111.ppm,cores_saturadas_dessaturadas,-1.5430112934862183,31.878325777004836,42.05017139077181
n148i_vs_jpeg,psnr_y_db,112,corpus-0112.ppm,cores_saturadas_dessaturadas,-1.0361604306235783,31.009438133428176,40.00765724409795
n148i_vs_jpeg,psnr_y_db,113,corpus-0113.ppm,cores_saturadas_dessaturadas,-1.5745429750680495,34.4415230261328,43.60731091039228
n148i_vs_jpeg,psnr_y_db,114,corpus-0114.ppm,cores_saturadas_dessaturadas,-0.8987183941291277,28.526652974194203,38.51198989645468
n148i_vs_jpeg,psnr_y_db,115,corpus-0115.ppm,cores_saturadas_dessaturadas,-0.9843183440491621,30.857235910500226,39.50553220510842
n148i_vs_jpeg,psnr_y_db,116,corpus-0116.ppm,cores_saturadas_dessaturadas,-3.408384870620984,36.69624510557464,44.46490156155438
n148i_vs_jpeg,psnr_y_db,117,corpus-0117.ppm,cores_saturadas_dessaturadas,-10.517290450233595,39.041323921388475,46.71648111458042
n148i_vs_jpeg,psnr_y_db,118,corpus-0118.ppm,cores_saturadas_dessaturadas,-1.9207427501552798,38.70918097890027,46.61272525773015
n148i_vs_jpeg,psnr_y_db,119,corpus-0119.ppm,cores_saturadas_dessaturadas,-1.7488555856765897,37.22819247494705,45.24828264205102
n148i_vs_jpeg,psnr_y_db,120,corpus-0120.ppm,cores_saturadas_dessaturadas,-1.3712113675963256,37.06263839889346,45.24742493995166
n148i_vs_jpeg,ssim,1,corpus-0001.ppm,retratos_historicos,-1.421051048336608,0.8611461969249495,0.9821070583122894
n148i_vs_jpeg,ssim,2,corpus-0002.ppm,retratos_historicos,-3.7772793527678483,0.9347058409817182,0.9845210976370012
n148i_vs_jpeg,ssim,3,corpus-0003.ppm,retratos_historicos,-1.7731366485506994,0.9231309261281956,0.9787499339383497
n148i_vs_jpeg,ssim,4,corpus-0004.ppm,retratos_historicos,-0.787898722495961,0.7317935914654156,0.9615478397877079
n148i_vs_jpeg,ssim,5,corpus-0005.ppm,retratos_historicos,-2.0561874513936096,0.8322036955961748,0.9557270071788165
n148i_vs_jpeg,ssim,6,corpus-0006.ppm,retratos_historicos,-2.374370429735828,0.9047052678118166,0.9795094466747386
n148i_vs_jpeg,ssim,7,corpus-0007.ppm,retratos_historicos,-1.6061002578196315,0.8191883882586213,0.9453209541852289
n148i_vs_jpeg,ssim,8,corpus-0008.ppm,retratos_historicos,-0.7453184509128796,0.8740553830963007,0.9635929225733205
n148i_vs_jpeg,ssim,9,corpus-0009.ppm,retratos_historicos,-1.1790779097653248,0.8341620544414406,0.9613123180162703
n148i_vs_jpeg,ssim,10,corpus-0010.ppm,retratos_historicos,-1.1461572990639435,0.9033498987044712,0.9846643322182845
n148i_vs_jpeg,ssim,11,corpus-0011.ppm,retratos_historicos,-3.071333550022448,0.9228146655845898,0.9770334556154712
n148i_vs_jpeg,ssim,12,corpus-0012.ppm,retratos_historicos,-6.962851135190973,0.9602446833276962,0.97956410512049
n148i_vs_jpeg,ssim,13,corpus-0013.ppm,retratos_historicos,-1.9725451535464233,0.8963106117249303,0.9767873115385314
n148i_vs_jpeg,ssim,14,corpus-0014.ppm,retratos_historicos,-2.875652104976334,0.9101357649860997,0.9674344931498503
n148i_vs_jpeg,ssim,15,corpus-0015.ppm,retratos_historicos,-0.4143912314622411,0.9673910499862647,0.9963002136054748
n148i_vs_jpeg,ssim,16,corpus-0016.ppm,paisagens_naturais,-2.223162946882762,0.8753795093477352,0.9723265941016046
n148i_vs_jpeg,ssim,17,corpus-0017.ppm,paisagens_naturais,-1.6535907757425305,0.8485925857459907,0.9646871312377009
n148i_vs_jpeg,ssim,18,corpus-0018.ppm,paisagens_naturais,-2.6315645280539535,0.8798297553853436,0.9690363317485114
n148i_vs_jpeg,ssim,19,corpus-0019.ppm,paisagens_naturais,-2.6744257760473955,0.885786776675899,0.9714745974271312
n148i_vs_jpeg,ssim,20,corpus-0020.ppm,paisagens_naturais,-1.2663920269835538,0.8342674743972767,0.9733478609397147
n148i_vs_jpeg,ssim,21,corpus-0021.ppm,paisagens_naturais,-4.208733163584444,0.8887241195638627,0.9681325013792049
n148i_vs_jpeg,ssim,22,corpus-0022.ppm,paisagens_naturais,-2.4247744712415753,0.7962508164449553,0.9487621255253963
n148i_vs_jpeg,ssim,23,corpus-0023.ppm,paisagens_naturais,-0.9666906971974476,0.8607925830030951,0.9543795929340515
n148i_vs_jpeg,ssim,24,corpus-0024.ppm,paisagens_naturais,-3.580171623706896,0.8660923932925706,0.9728954228025902
n148i_vs_jpeg,ssim,25,corpus-0025.ppm,paisagens_naturais,-6.182252047212677,0.9116081779853561,0.9675890930457336
n148i_vs_jpeg,ssim,26,corpus-0026.ppm,paisagens_naturais,-1.3743683337898105,0.7903515317600908,0.9633928840068312
n148i_vs_jpeg,ssim,27,corpus-0027.ppm,paisagens_naturais,-1.8232174227234332,0.7956403621059523,0.9383981999678609
n148i_vs_jpeg,ssim,28,corpus-0028.ppm,paisagens_naturais,-5.507884644355587,0.9377757123427916,0.9829619983016694
n148i_vs_jpeg,ssim,29,corpus-0029.ppm,paisagens_naturais,-1.718355746896738,0.8557631965339391,0.9704494597073205
n148i_vs_jpeg,ssim,30,corpus-0030.ppm,paisagens_naturais,-3.1036570031331534,0.8935178658182753,0.9749417454346291
n148i_vs_jpeg,ssim,31,corpus-0031.ppm,urbano_arquitetura,-1.926617651346474,0.8843011464115643,0.9714282040145337
n148i_vs_jpeg,ssim,32,corpus-0032.ppm,urbano_arquitetura,-1.657590171047696,0.8211851506473523,0.9266486595631397
n148i_vs_jpeg,ssim,33,corpus-0033.ppm,urbano_arquitetura,-2.781955753419907,0.8309709996396949,0.926271042337734
n148i_vs_jpeg,ssim,34,corpus-0034.ppm,urbano_arquitetura,-2.381183533934228,0.8513382317078405,0.9337495893139202
n148i_vs_jpeg,ssim,35,corpus-0035.ppm,urbano_arquitetura,-2.0015080862882284,0.8789863372488886,0.9728618079646757
n148i_vs_jpeg,ssim,36,corpus-0036.ppm,urbano_arquitetura,-2.1584362125127043,0.8741166122237546,0.9660943209850306
n148i_vs_jpeg,ssim,37,corpus-0037.ppm,urbano_arquitetura,-1.582071675348895,0.8428547226440642,0.948329873068055
n148i_vs_jpeg,ssim,38,corpus-0038.ppm,urbano_arquitetura,-1.6391121577716383,0.881903362294007,0.9751992074672411
n148i_vs_jpeg,ssim,39,corpus-0039.ppm,urbano_arquitetura,-1.4170044509856927,0.8708161540041974,0.9722019905248165
n148i_vs_jpeg,ssim,40,corpus-0040.ppm,urbano_arquitetura,-1.5897841542794944,0.8209246934197708,0.956815801284285
n148i_vs_jpeg,ssim,41,corpus-0041.ppm,urbano_arquitetura,-3.1220260724811544,0.8924965092708522,0.9658966435393811
n148i_vs_jpeg,ssim,42,corpus-0042.ppm,urbano_arquitetura,-1.5061987007254696,0.8742137562008955,0.9652189651631548
n148i_vs_jpeg,ssim,43,corpus-0043.ppm,urbano_arquitetura,-2.227596720864733,0.918153639372401,0.9732516558469984
n148i_vs_jpeg,ssim,44,corpus-0044.ppm,urbano_arquitetura,-0.5361500814084263,0.8341523384066885,0.9942279212798395
n148i_vs_jpeg,ssim,45,corpus-0045.ppm,urbano_arquitetura,-1.3233805836592394,0.8279968813241269,0.975645317729294
n148i_vs_jpeg,ssim,46,corpus-0046.ppm,texturas_alta_frequencia,-1.048856773343898,0.639868887216469,0.9369047514476794
n148i_vs_jpeg,ssim,47,corpus-0047.ppm,texturas_alta_frequencia,-0.811069497101824,0.6976960451775187,0.9598319840525183
n148i_vs_jpeg,ssim,48,corpus-0048.ppm,texturas_alta_frequencia,-0.8540896796590647,0.7635948346129086,0.9466965639230184
n148i_vs_jpeg,ssim,49,corpus-0049.ppm,texturas_alta_frequencia,-1.9999620877740099,0.8266134025332459,0.9689994206655682
n148i_vs_jpeg,ssim,50,corpus-0050.ppm,texturas_alta_frequencia,-1.1626650183342746,0.8395128521046686,0.9551430887969278
n148i_vs_jpeg,ssim,51,corpus-0051.ppm,texturas_alta_frequencia,-1.0553099154813728,0.7125121482868897,0.9738073381474456
n148i_vs_jpeg,ssim,52,corpus-0052.ppm,texturas_alta_frequencia,-0.7562851085357147,0.8343913135502458,0.9770093575478797
n148i_vs_jpeg,ssim,53,corpus-0053.ppm,texturas_alta_frequencia,-0.7805078938962318,0.8609028642305959,0.9762797057874458
n148i_vs_jpeg,ssim,54,corpus-0054.ppm,texturas_alta_frequencia,-0.6757684463289726,0.8663798249906492,0.9914858449713541
n148i_vs_jpeg,ssim,55,corpus-0055.ppm,texturas_alta_frequencia,-1.89353642896265,0.8050146725247808,0.9459352680805352
n148i_vs_jpeg,ssim,56,corpus-0056.ppm,texturas_alta_frequencia,-1.0540836712584212,0.632181954071054,0.9549071391994989
n148i_vs_jpeg,ssim,57,corpus-0057.ppm,texturas_alta_frequencia,-0.997459144138213,0.7949821397190223,0.9593348321123308
n148i_vs_jpeg,ssim,58,corpus-0058.ppm,texturas_alta_frequencia,-1.0933037659851874,0.8527853968783914,0.9661561782283435
n148i_vs_jpeg,ssim,59,corpus-0059.ppm,texturas_alta_frequencia,-2.7763810639708453,0.8833289146552114,0.9723270457293919
n148i_vs_jpeg,ssim,60,corpus-0060.ppm,texturas_alta_frequencia,-2.592709110674263,0.8594096020742196,0.9630298162181014
n148i_vs_jpeg,ssim,61,corpus-0061.ppm,superficies_suaves_degrades,-8.617027674353139,0.9465488671775516,0.9754845264226472
n148i_vs_jpeg,ssim,62,corpus-0062.ppm,superficies_suaves_degrades,-9.072027631962666,0.9524186954400106,0.9777668992101068
n148i_vs_jpeg,ssim,63,corpus-0063.ppm,superficies_suaves_degrades,-4.090269294663695,0.9327680693458053,0.9794700553272131
n148i_vs_jpeg,ssim,64,corpus-0064.ppm,superficies_suaves_degrades,-1.685861456922222,0.9064454263693177,0.9951290288582095
n148i_vs_jpeg,ssim,65,corpus-0065.ppm,superficies_suaves_degrades,-2.8424393722313313,0.9121667223095247,0.9752647850677478
n148i_vs_jpeg,ssim,66,corpus-0066.ppm,superficies_suaves_degrades,-3.16136671553906,0.8778390844179054,0.9624108630396716
n148i_vs_jpeg,ssim,67,corpus-0067.ppm,superficies_suaves_degrades,-3.136216412963455,0.8734860506036699,0.9624430548865394
n148i_vs_jpeg,ssim,68,corpus-0068.ppm,superficies_suaves_degrades,0.023102226250726332,0.8042561359280954,0.9484362777443515
n148i_vs_jpeg,ssim,69,corpus-0069.ppm,superficies_suaves_degrades,-4.368696538478234,0.8844738300397262,0.9694930309758659
n148i_vs_jpeg,ssim,70,corpus-0070.ppm,superficies_suaves_degrades,-2.79769810365329,0.8856275706427404,0.9681669516872583
n148i_vs_jpeg,ssim,71,corpus-0071.ppm,superficies_suaves_degrades,-4.888888508187916,0.8794009187788031,0.9587090332694154
n148i_vs_jpeg,ssim,72,corpus-0072.ppm,superficies_suaves_degrades,-1.4674278809175267,0.8554618418167522,0.9798844928338083
n148i_vs_jpeg,ssim,73,corpus-0073.ppm,superficies_suaves_degrades,-13.329646065895606,0.9134065394344545,0.9832127653987749
n148i_vs_jpeg,ssim,74,corpus-0074.ppm,superficies_suaves_degrades,-4.274755235311067,0.9505657426280019,0.9845022131798417
n148i_vs_jpeg,ssim,75,corpus-0075.ppm,superficies_suaves_degrades,-8.26499752702109,0.9419655843863945,0.9885499291682432
n148i_vs_jpeg,ssim,76,corpus-0076.ppm,detalhe_fino,-3.0293009308506313,0.8742697048150793,0.9598453694561163
n148i_vs_jpeg,ssim,77,corpus-0077.ppm,detalhe_fino,-1.254913846071315,0.8331676181903326,0.9600435469117937
n148i_vs_jpeg,ssim,78,corpus-0078.ppm,detalhe_fino,-1.1409360115065437,0.8397062090325694,0.9698115890855075
n148i_vs_jpeg,ssim,79,corpus-0079.ppm,detalhe_fino,-0.8213924339246281,0.8133993736159013,0.9528075389920131
n148i_vs_jpeg,ssim,80,corpus-0080.ppm,detalhe_fino,-1.4087746338713902,0.8245573566635297,0.9592702721119736
n148i_vs_jpeg,ssim,81,corpus-0081.ppm,detalhe_fino,-2.406853974075951,0.8493524758541886,0.9904230836608529
n148i_vs_jpeg,ssim,82,corpus-0082.ppm,detalhe_fino,-2.880273833307767,0.8466568781055187,0.9451812243737395
n148i_vs_jpeg,ssim,83,corpus-0083.ppm,detalhe_fino,-1.5988941800653356,0.8629213409441059,0.9577226542215079
n148i_vs_jpeg,ssim,84,corpus-0084.ppm,detalhe_fino,-1.4932231311607147,0.6471073293962245,0.8611545428104458
n148i_vs_jpeg,ssim,85,corpus-0085.ppm,detalhe_fino,-0.6537593490616556,0.8374197410863774,0.9930036144647246
n148i_vs_jpeg,ssim,86,corpus-0086.ppm,detalhe_fino,-1.817229137045684,0.7638287412864574,0.9304908007624951
n148i_vs_jpeg,ssim,87,corpus-0087.ppm,detalhe_fino,-0.8684246163373155,0.8484331082458009,0.9607529078117728
n148i_vs_jpeg,ssim,88,corpus-0088.ppm,detalhe_fino,-1.0507327252927023,0.8745148401828637,0.9511257068589941
n148i_vs_jpeg,ssim,89,corpus-0089.ppm,detalhe_fino,-1.3479973426960612,0.6960166486863408,0.8665044558063427
n148i_vs_jpeg,ssim,90,corpus-0090.ppm,detalhe_fino,-0.6074123609312809,0.8040030066757679,0.9038155863783143
n148i_vs_jpeg,ssim,91,corpus-0091.ppm,texto_bordas_nitidas,-2.1018262196171977,0.9313999019945282,0.9881219457941706
n148i_vs_jpeg,ssim,92,corpus-0092.ppm,texto_bordas_nitidas,-2.200756837736939,0.7737335412532391,0.8896939761345063
n148i_vs_jpeg,ssim,93,corpus-0093.ppm,texto_bordas_nitidas,-1.3956928444234906,0.9380821766013258,0.9818663037248286
n148i_vs_jpeg,ssim,94,corpus-0094.ppm,texto_bordas_nitidas,-1.7978299309917012,0.8634726703357082,0.9698509043970981
n148i_vs_jpeg,ssim,95,corpus-0095.ppm,texto_bordas_nitidas,-0.9187257367053059,0.9609473648175065,0.9948081383993731
n148i_vs_jpeg,ssim,96,corpus-0096.ppm,texto_bordas_nitidas,-1.531309011396309,0.7832324938912892,0.9711505997452837
n148i_vs_jpeg,ssim,97,corpus-0097.ppm,texto_bordas_nitidas,-1.2778568121200928,0.942118549177556,0.9929895087469521
n148i_vs_jpeg,ssim,98,corpus-0098.ppm,texto_bordas_nitidas,-2.8168152740860597,0.8944645620903762,0.9646205202503095
n148i_vs_jpeg,ssim,99,corpus-0099.ppm,texto_bordas_nitidas,-2.8445845494245225,0.9059862012203309,0.9764944470229268
n148i_vs_jpeg,ssim,100,corpus-0100.ppm,texto_bordas_nitidas,-2.343874522570033,0.8914470775040413,0.9633202639572264
n148i_vs_jpeg,ssim,101,corpus-0101.ppm,texto_bordas_nitidas,-3.726752550896739,0.921901218563198,0.9832154939914878
n148i_vs_jpeg,ssim,102,corpus-0102.ppm,texto_bordas_nitidas,-2.9268765842902944,0.881352525644976,0.9656592890441352
n148i_vs_jpeg,ssim,103,corpus-0103.ppm,texto_bordas_nitidas,-3.8601381275927493,0.9287843367876727,0.9787098849490535
n148i_vs_jpeg,ssim,104,corpus-0104.ppm,texto_bordas_nitidas,-3.6441730827735386,0.9283570957923688,0.9733008702984988
n148i_vs_jpeg,ssim,105,corpus-0105.ppm,texto_bordas_nitidas,-0.5931369914536355,0.8736263340752565,0.9605622625591131
n148i_vs_jpeg,ssim,106,corpus-0106.ppm,cores_saturadas_dessaturadas,-3.6563364687410504,0.852828642322561,0.9418235430075433
n148i_vs_jpeg,ssim,107,corpus-0107.ppm,cores_saturadas_dessaturadas,-0.5750423598319787,0.6895963757549869,0.88347559792496
n148i_vs_jpeg,ssim,108,corpus-0108.ppm,cores_saturadas_dessaturadas,-1.6895012416199062,0.8241299851990581,0.9681082165942887
n148i_vs_jpeg,ssim,109,corpus-0109.ppm,cores_saturadas_dessaturadas,-5.818288503566571,0.9009125757523514,0.9652952218388785
n148i_vs_jpeg,ssim,110,corpus-0110.ppm,cores_saturadas_dessaturadas,-2.1013243043869867,0.8777971400329984,0.9586845448615676
n148i_vs_jpeg,ssim,111,corpus-0111.ppm,cores_saturadas_dessaturadas,-0.5607477579041009,0.8708400612342001,0.9404723638538747
n148i_vs_jpeg,ssim,112,corpus-0112.ppm,cores_saturadas_dessaturadas,-1.5539387863093168,0.9107293714242135,0.9777648033362268
n148i_vs_jpeg,ssim,113,corpus-0113.ppm,cores_saturadas_dessaturadas,0.7307709141504359,0.8655792569912298,0.9538631749784287
n148i_vs_jpeg,ssim,114,corpus-0114.ppm,cores_saturadas_dessaturadas,-1.0532433482676296,0.8449915506897333,0.9566511148027117
n148i_vs_jpeg,ssim,115,corpus-0115.ppm,cores_saturadas_dessaturadas,-0.9752380152211693,0.8872981719764251,0.9808603164815382
n148i_vs_jpeg,ssim,116,corpus-0116.ppm,cores_saturadas_dessaturadas,-3.63191377914035,0.9392238330410105,0.9837218763616983
n148i_vs_jpeg,ssim,117,corpus-0117.ppm,cores_saturadas_dessaturadas,-11.125655400059975,0.9589302723433747,0.9859075575526961
n148i_vs_jpeg,ssim,118,corpus-0118.ppm,cores_saturadas_dessaturadas,-2.6490631637692608,0.8771596547108856,0.9523062904488627
n148i_vs_jpeg,ssim,119,corpus-0119.ppm,cores_saturadas_dessaturadas,-2.079048311669318,0.8531056076368083,0.944144963574126
n148i_vs_jpeg,ssim,120,corpus-0120.ppm,cores_saturadas_dessaturadas,-2.097078959771792,0.8685719738801706,0.9520283877724977
n148i_vs_jpeg,ms_ssim,1,corpus-0001.ppm,retratos_historicos,-1.4411074723730932,0.977208552529847,0.998230508491032
n148i_vs_jpeg,ms_ssim,2,corpus-0002.ppm,retratos_historicos,-2.423671312922626,0.9814273359703574,0.9977724804276599
n148i_vs_jpeg,ms_ssim,3,corpus-0003.ppm,retratos_historicos,-0.9604075259141309,0.9823622262222137,0.997031658851664
n148i_vs_jpeg,ms_ssim,4,corpus-0004.ppm,retratos_historicos,-0.802549051624446,0.952633600561519,0.9960085982031734
n148i_vs_jpeg,ms_ssim,5,corpus-0005.ppm,retratos_historicos,-1.4211281491840477,0.9641188789853139,0.9946261406456968
n148i_vs_jpeg,ms_ssim,6,corpus-0006.ppm,retratos_historicos,-1.6899779429722872,0.9797431345826186,0.9972847530353329
n148i_vs_jpeg,ms_ssim,7,corpus-0007.ppm,retratos_historicos,-1.2181777132039162,0.9584511423197613,0.9912727644614445
n148i_vs_jpeg,ms_ssim,8,corpus-0008.ppm,retratos_historicos,-2.3942936748413413,0.9715344586339804,0.9959554858090809
n148i_vs_jpeg,ms_ssim,9,corpus-0009.ppm,retratos_historicos,-1.0689030380352627,0.9698329076363464,0.9957857946847609
n148i_vs_jpeg,ms_ssim,10,corpus-0010.ppm,retratos_historicos,-1.0863886887246377,0.9764098505353368,0.9980496209286824
n148i_vs_jpeg,ms_ssim,11,corpus-0011.ppm,retratos_historicos,-2.8819667550752825,0.9855658409278246,0.9978167191048232
n148i_vs_jpeg,ms_ssim,12,corpus-0012.ppm,retratos_historicos,-4.460902356588148,0.9833528580121489,0.9962914935949913
n148i_vs_jpeg,ms_ssim,13,corpus-0013.ppm,retratos_historicos,-1.9607840400221566,0.9771327799854554,0.9972251631937534
n148i_vs_jpeg,ms_ssim,14,corpus-0014.ppm,retratos_historicos,-3.0403733179529824,0.9786460407555646,0.995175398108439
n148i_vs_jpeg,ms_ssim,15,corpus-0015.ppm,retratos_historicos,-0.42358892185710983,0.9963086512294442,0.9998189729192437
n148i_vs_jpeg,ms_ssim,16,corpus-0016.ppm,paisagens_naturais,-1.8852255279486418,0.9792054460576561,0.9969304240456814
n148i_vs_jpeg,ms_ssim,17,corpus-0017.ppm,paisagens_naturais,-1.2290793979487291,0.9728572990521261,0.9962335100598875
n148i_vs_jpeg,ms_ssim,18,corpus-0018.ppm,paisagens_naturais,-2.311967327742981,0.9756506735343718,0.9963423240986817
n148i_vs_jpeg,ms_ssim,19,corpus-0019.ppm,paisagens_naturais,-2.4725405048946048,0.9753665301743915,0.9965538604420909
n148i_vs_jpeg,ms_ssim,20,corpus-0020.ppm,paisagens_naturais,-1.0237466279907514,0.9733000080059064,0.997041902607116
n148i_vs_jpeg,ms_ssim,21,corpus-0021.ppm,paisagens_naturais,-2.9468145580205274,0.9731942120596935,0.9958013275299065
n148i_vs_jpeg,ms_ssim,22,corpus-0022.ppm,paisagens_naturais,-1.9755576433937883,0.964828634014901,0.9936413983410372
n148i_vs_jpeg,ms_ssim,23,corpus-0023.ppm,paisagens_naturais,-0.7366755545322401,0.9802566248550045,0.9953018400942932
n148i_vs_jpeg,ms_ssim,24,corpus-0024.ppm,paisagens_naturais,-3.2750241609181385,0.972135881452198,0.9966478586827088
n148i_vs_jpeg,ms_ssim,25,corpus-0025.ppm,paisagens_naturais,-4.6018191992075135,0.970300002122445,0.9939289541971126
n148i_vs_jpeg,ms_ssim,26,corpus-0026.ppm,paisagens_naturais,-1.3415353543962394,0.9524023450509825,0.9934699413185192
n148i_vs_jpeg,ms_ssim,27,corpus-0027.ppm,paisagens_naturais,-1.5646673709397763,0.9631998917860937,0.9927171286924769
n148i_vs_jpeg,ms_ssim,28,corpus-0028.ppm,paisagens_naturais,-3.649922094723246,0.9766084259276878,0.9969620928923164
n148i_vs_jpeg,ms_ssim,29,corpus-0029.ppm,paisagens_naturais,-1.555481966560579,0.9740256391313649,0.9969134168844738
n148i_vs_jpeg,ms_ssim,30,corpus-0030.ppm,paisagens_naturais,-2.5270940017630306,0.9763166343106852,0.9967972712974301
n148i_vs_jpeg,ms_ssim,31,corpus-0031.ppm,urbano_arquitetura,-1.5417763923932792,0.9828859348553579,0.9969951395233722
n148i_vs_jpeg,ms_ssim,32,corpus-0032.ppm,urbano_arquitetura,-1.2206793722183584,0.9605268623053171,0.9900808161519528
n148i_vs_jpeg,ms_ssim,33,corpus-0033.ppm,urbano_arquitetura,-1.9970659808085545,0.9548885683387226,0.9870909568504247
n148i_vs_jpeg,ms_ssim,34,corpus-0034.ppm,urbano_arquitetura,-1.8054164412640628,0.9506388683948339,0.985449476347864
n148i_vs_jpeg,ms_ssim,35,corpus-0035.ppm,urbano_arquitetura,-1.6880021170847637,0.9799361779412091,0.9967701663765788
n148i_vs_jpeg,ms_ssim,36,corpus-0036.ppm,urbano_arquitetura,-1.7695539283122064,0.9792095031328039,0.9959679521783948
n148i_vs_jpeg,ms_ssim,37,corpus-0037.ppm,urbano_arquitetura,-1.325890184302747,0.9643333918710479,0.9910203401157199
n148i_vs_jpeg,ms_ssim,38,corpus-0038.ppm,urbano_arquitetura,-1.4702865434653822,0.9839486319158309,0.9977279320069452
n148i_vs_jpeg,ms_ssim,39,corpus-0039.ppm,urbano_arquitetura,-1.0651379811354444,0.9767128806568912,0.996182179176949
n148i_vs_jpeg,ms_ssim,40,corpus-0040.ppm,urbano_arquitetura,-1.3404405028268451,0.9652730718845125,0.9939519968341702
n148i_vs_jpeg,ms_ssim,41,corpus-0041.ppm,urbano_arquitetura,-2.1725990484345425,0.9777757117712673,0.9951702013714518
n148i_vs_jpeg,ms_ssim,42,corpus-0042.ppm,urbano_arquitetura,-1.2936956055408455,0.9827304121817051,0.9962458654211869
n148i_vs_jpeg,ms_ssim,43,corpus-0043.ppm,urbano_arquitetura,-2.995303698812457,0.985191138722917,0.9962093691816382
n148i_vs_jpeg,ms_ssim,44,corpus-0044.ppm,urbano_arquitetura,-0.5669738870919705,0.977213001506181,0.999204471965059
n148i_vs_jpeg,ms_ssim,45,corpus-0045.ppm,urbano_arquitetura,-1.3961810467648883,0.973388056192366,0.9977838286710742
n148i_vs_jpeg,ms_ssim,46,corpus-0046.ppm,texturas_alta_frequencia,-1.1365702924575727,0.9151923599879196,0.9862301035800617
n148i_vs_jpeg,ms_ssim,47,corpus-0047.ppm,texturas_alta_frequencia,-0.8175073145267775,0.9495478537195371,0.9949706353647289
n148i_vs_jpeg,ms_ssim,48,corpus-0048.ppm,texturas_alta_frequencia,-0.8411764123138044,0.948421361238452,0.9921180971362706
n148i_vs_jpeg,ms_ssim,49,corpus-0049.ppm,texturas_alta_frequencia,-1.9655889240376534,0.962713827956475,0.9960555880303561
n148i_vs_jpeg,ms_ssim,50,corpus-0050.ppm,texturas_alta_frequencia,-1.0783154043724874,0.9666852574286579,0.9940649247190408
n148i_vs_jpeg,ms_ssim,51,corpus-0051.ppm,texturas_alta_frequencia,-1.219993839777056,0.9345120877149758,0.9948136459978851
n148i_vs_jpeg,ms_ssim,52,corpus-0052.ppm,texturas_alta_frequencia,-0.6889321955147465,0.976723691383839,0.9970729893830096
n148i_vs_jpeg,ms_ssim,53,corpus-0053.ppm,texturas_alta_frequencia,-0.7528906142144631,0.9791816468600523,0.9973770826686909
n148i_vs_jpeg,ms_ssim,54,corpus-0054.ppm,texturas_alta_frequencia,-0.562431811385844,0.9812316433419285,0.9987451376149302
n148i_vs_jpeg,ms_ssim,55,corpus-0055.ppm,texturas_alta_frequencia,-1.7021730896165765,0.946050928570554,0.990864508987425
n148i_vs_jpeg,ms_ssim,56,corpus-0056.ppm,texturas_alta_frequencia,-1.269604229056387,0.9297600079458904,0.9938396532307475
n148i_vs_jpeg,ms_ssim,57,corpus-0057.ppm,texturas_alta_frequencia,-0.9832396203620419,0.9579411167570093,0.9959463153297275
n148i_vs_jpeg,ms_ssim,58,corpus-0058.ppm,texturas_alta_frequencia,-1.0753635887132296,0.9801477819348757,0.9968309863660397
n148i_vs_jpeg,ms_ssim,59,corpus-0059.ppm,texturas_alta_frequencia,-1.7367870591093904,0.9758551617676183,0.9966753834241517
n148i_vs_jpeg,ms_ssim,60,corpus-0060.ppm,texturas_alta_frequencia,-1.5880296763818635,0.96161194517534,0.994469058795463
n148i_vs_jpeg,ms_ssim,61,corpus-0061.ppm,superficies_suaves_degrades,-5.113929002492168,0.9829178438218159,0.9953741096553421
n148i_vs_jpeg,ms_ssim,62,corpus-0062.ppm,superficies_suaves_degrades,-5.030657216988821,0.9817934748913981,0.9955846450348255
n148i_vs_jpeg,ms_ssim,63,corpus-0063.ppm,superficies_suaves_degrades,-2.4916517557884488,0.9811270423586105,0.9968399752972589
n148i_vs_jpeg,ms_ssim,64,corpus-0064.ppm,superficies_suaves_degrades,-1.2105370512844438,0.9790514780684683,0.999313265855095
n148i_vs_jpeg,ms_ssim,65,corpus-0065.ppm,superficies_suaves_degrades,-1.6504496107329847,0.9767877579786679,0.996498973375248
n148i_vs_jpeg,ms_ssim,66,corpus-0066.ppm,superficies_suaves_degrades,-2.6612124269782766,0.9730831587805115,0.9956099027657223
n148i_vs_jpeg,ms_ssim,67,corpus-0067.ppm,superficies_suaves_degrades,-2.1494092121867814,0.9712369558890233,0.9951464233462631
n148i_vs_jpeg,ms_ssim,68,corpus-0068.ppm,superficies_suaves_degrades,-0.2659358828267844,0.9702226010271693,0.9946827317007746
n148i_vs_jpeg,ms_ssim,69,corpus-0069.ppm,superficies_suaves_degrades,-3.5566620005217375,0.9663552714906486,0.9948321682478211
n148i_vs_jpeg,ms_ssim,70,corpus-0070.ppm,superficies_suaves_degrades,-2.2672607099662456,0.9703880104252866,0.9949162231427344
n148i_vs_jpeg,ms_ssim,71,corpus-0071.ppm,superficies_suaves_degrades,-4.061913802507178,0.9765979397100024,0.9941844246615132
n148i_vs_jpeg,ms_ssim,72,corpus-0072.ppm,superficies_suaves_degrades,-1.5381892991671253,0.9763672683040558,0.9980965507910433
n148i_vs_jpeg,ms_ssim,73,corpus-0073.ppm,superficies_suaves_degrades,-12.512587239663176,0.986418808213437,0.9976516021735402
n148i_vs_jpeg,ms_ssim,74,corpus-0074.ppm,superficies_suaves_degrades,-3.234838907072113,0.9872765325449989,0.9977839372861345
n148i_vs_jpeg,ms_ssim,75,corpus-0075.ppm,superficies_suaves_degrades,-7.06376793244059,0.9864756622761468,0.9982824146635205
n148i_vs_jpeg,ms_ssim,76,corpus-0076.ppm,detalhe_fino,-2.254352169766105,0.9807771109098965,0.9962604633922321
n148i_vs_jpeg,ms_ssim,77,corpus-0077.ppm,detalhe_fino,-1.0362933868808044,0.9671295454793201,0.9945321499959694
n148i_vs_jpeg,ms_ssim,78,corpus-0078.ppm,detalhe_fino,-0.9680857652081487,0.9741873844060783,0.9968296617644736
n148i_vs_jpeg,ms_ssim,79,corpus-0079.ppm,detalhe_fino,-0.7692003315016849,0.9733278084272713,0.9950945813865808
n148i_vs_jpeg,ms_ssim,80,corpus-0080.ppm,detalhe_fino,-1.0995866533244358,0.9646345747170585,0.994862989353195
n148i_vs_jpeg,ms_ssim,81,corpus-0081.ppm,detalhe_fino,-2.3582882143641792,0.9692748299162637,0.9982566412012254
n148i_vs_jpeg,ms_ssim,82,corpus-0082.ppm,detalhe_fino,-1.9053355422647744,0.9672647741966246,0.992755204617121
n148i_vs_jpeg,ms_ssim,83,corpus-0083.ppm,detalhe_fino,-1.4007588155387607,0.9742273031963055,0.9945576077690086
n148i_vs_jpeg,ms_ssim,84,corpus-0084.ppm,detalhe_fino,-1.3041173360019642,0.8995144604428641,0.9747629426584532
n148i_vs_jpeg,ms_ssim,85,corpus-0085.ppm,detalhe_fino,-0.5534406236194611,0.9796520024892975,0.9991057526228859
n148i_vs_jpeg,ms_ssim,86,corpus-0086.ppm,detalhe_fino,-1.7521315660277814,0.9418906662081369,0.9871848331208457
n148i_vs_jpeg,ms_ssim,87,corpus-0087.ppm,detalhe_fino,-0.8986052814264345,0.982731293670525,0.9969419255137156
n148i_vs_jpeg,ms_ssim,88,corpus-0088.ppm,detalhe_fino,-2.998275522855398,0.9779996819831811,0.9947114922068633
n148i_vs_jpeg,ms_ssim,89,corpus-0089.ppm,detalhe_fino,-0.6249409589324295,0.936137203990035,0.9803351955020054
n148i_vs_jpeg,ms_ssim,90,corpus-0090.ppm,detalhe_fino,-1.5430946371354226,0.9581976105384986,0.9875464567660704
n148i_vs_jpeg,ms_ssim,91,corpus-0091.ppm,texto_bordas_nitidas,-1.936754761524162,0.9897249708660084,0.998703881240419
n148i_vs_jpeg,ms_ssim,92,corpus-0092.ppm,texto_bordas_nitidas,-1.716859631687373,0.9561693218623843,0.9858757011473073
n148i_vs_jpeg,ms_ssim,93,corpus-0093.ppm,texto_bordas_nitidas,-1.4407780577050833,0.9923361336748555,0.9980586816837048
n148i_vs_jpeg,ms_ssim,94,corpus-0094.ppm,texto_bordas_nitidas,-1.5381261783332656,0.9766748275040744,0.9960634097766353
n148i_vs_jpeg,ms_ssim,95,corpus-0095.ppm,texto_bordas_nitidas,-0.910769638172948,0.9955913601973257,0.9996454972320029
n148i_vs_jpeg,ms_ssim,96,corpus-0096.ppm,texto_bordas_nitidas,-1.5773985618906305,0.9629869320508176,0.9957863866373863
n148i_vs_jpeg,ms_ssim,97,corpus-0097.ppm,texto_bordas_nitidas,-1.2860967370784127,0.9913945397649285,0.9993806308735766
n148i_vs_jpeg,ms_ssim,98,corpus-0098.ppm,texto_bordas_nitidas,-2.770503143273295,0.9817412351269805,0.9960824388731297
n148i_vs_jpeg,ms_ssim,99,corpus-0099.ppm,texto_bordas_nitidas,-2.7367544404123145,0.9812906010253278,0.9967161107640622
n148i_vs_jpeg,ms_ssim,100,corpus-0100.ppm,texto_bordas_nitidas,-2.3895217500697563,0.9852640779419481,0.9962065614680289
n148i_vs_jpeg,ms_ssim,101,corpus-0101.ppm,texto_bordas_nitidas,-3.307272194689981,0.9773131776470952,0.9954355987288502
n148i_vs_jpeg,ms_ssim,102,corpus-0102.ppm,texto_bordas_nitidas,-2.0439430043821982,0.9737665088648806,0.9953045439912702
n148i_vs_jpeg,ms_ssim,103,corpus-0103.ppm,texto_bordas_nitidas,-2.8906946471864203,0.9836589262073543,0.9972257800549241
n148i_vs_jpeg,ms_ssim,104,corpus-0104.ppm,texto_bordas_nitidas,-2.2270878904365743,0.9842161957937551,0.9966370888860325
n148i_vs_jpeg,ms_ssim,105,corpus-0105.ppm,texto_bordas_nitidas,-1.6929909593971337,0.9796181328245738,0.9953252365707916
n148i_vs_jpeg,ms_ssim,106,corpus-0106.ppm,cores_saturadas_dessaturadas,-3.104010610529062,0.958956258712848,0.9897809695627683
n148i_vs_jpeg,ms_ssim,107,corpus-0107.ppm,cores_saturadas_dessaturadas,-0.8790745700798963,0.9357536842310544,0.9858853840175403
n148i_vs_jpeg,ms_ssim,108,corpus-0108.ppm,cores_saturadas_dessaturadas,-1.5376531882249522,0.968657540794105,0.9958143726434963
n148i_vs_jpeg,ms_ssim,109,corpus-0109.ppm,cores_saturadas_dessaturadas,-5.441239498911099,0.9705887273179243,0.9944323024917185
n148i_vs_jpeg,ms_ssim,110,corpus-0110.ppm,cores_saturadas_dessaturadas,-1.4118150136991026,0.9793386882318156,0.9957116991875671
n148i_vs_jpeg,ms_ssim,111,corpus-0111.ppm,cores_saturadas_dessaturadas,-0.8060490888354033,0.9854996257256509,0.9958033788159797
n148i_vs_jpeg,ms_ssim,112,corpus-0112.ppm,cores_saturadas_dessaturadas,-1.2349693836352316,0.9858533263541748,0.9977547070689632
n148i_vs_jpeg,ms_ssim,113,corpus-0113.ppm,cores_saturadas_dessaturadas,-2.023100012961576,0.9764045985597117,0.9945291820378579
n148i_vs_jpeg,ms_ssim,114,corpus-0114.ppm,cores_saturadas_dessaturadas,-0.8702315094385793,0.9782841652276103,0.9959377510750034
n148i_vs_jpeg,ms_ssim,115,corpus-0115.ppm,cores_saturadas_dessaturadas,-1.004127227488294,0.9820582102506025,0.9983282626651179
n148i_vs_jpeg,ms_ssim,116,corpus-0116.ppm,cores_saturadas_dessaturadas,-3.715335197539038,0.9868727230860256,0.9981861795788975
n148i_vs_jpeg,ms_ssim,117,corpus-0117.ppm,cores_saturadas_dessaturadas,-11.675590435726235,0.9891145917371599,0.9981044229805557
n148i_vs_jpeg,ms_ssim,118,corpus-0118.ppm,cores_saturadas_dessaturadas,-1.976080833307159,0.9730975530285837,0.9937917851667115
n148i_vs_jpeg,ms_ssim,119,corpus-0119.ppm,cores_saturadas_dessaturadas,-1.7026448565829688,0.9637156733169491,0.99146031426934
n148i_vs_jpeg,ms_ssim,120,corpus-0120.ppm,cores_saturadas_dessaturadas,-2.191745416263857,0.9734111406483004,0.9934325240319103
n148i_vs_jpeg,ssimulacra2,1,corpus-0001.ppm,retratos_historicos,-1.3702439923230059,55.52672957,88.55381087
n148i_vs_jpeg,ssimulacra2,2,corpus-0002.ppm,retratos_historicos,-3.0554454031895273,51.19827029,89.2747029
n148i_vs_jpeg,ssimulacra2,3,corpus-0003.ppm,retratos_historicos,-1.3089726170950167,46.65405391,82.50945534
n148i_vs_jpeg,ssimulacra2,4,corpus-0004.ppm,retratos_historicos,-1.179360626293935,41.84511004,83.61666811
n148i_vs_jpeg,ssimulacra2,5,corpus-0005.ppm,retratos_historicos,-1.450481236486556,44.67599524,84.66825762
n148i_vs_jpeg,ssimulacra2,6,corpus-0006.ppm,retratos_historicos,-1.5964260745785497,53.23039314,88.49394768
n148i_vs_jpeg,ssimulacra2,7,corpus-0007.ppm,retratos_historicos,-1.1482321407014773,44.84763483,82.10860187
n148i_vs_jpeg,ssimulacra2,8,corpus-0008.ppm,retratos_historicos,-2.418532235936788,39.79382544,87.73085411
n148i_vs_jpeg,ssimulacra2,9,corpus-0009.ppm,retratos_historicos,-1.0727957216761563,39.08603723,82.01564164
n148i_vs_jpeg,ssimulacra2,10,corpus-0010.ppm,retratos_historicos,-1.1893396744650286,52.0767952,88.89501445
n148i_vs_jpeg,ssimulacra2,11,corpus-0011.ppm,retratos_historicos,-0.8704262542145957,62.97385974,88.16858819
n148i_vs_jpeg,ssimulacra2,12,corpus-0012.ppm,retratos_historicos,-4.409331570283504,53.87300193,87.37369386
n148i_vs_jpeg,ssimulacra2,13,corpus-0013.ppm,retratos_historicos,-1.974627029485032,53.71025374,87.51657041
n148i_vs_jpeg,ssimulacra2,14,corpus-0014.ppm,retratos_historicos,-2.73473761779488,41.76498792,82.37651652
n148i_vs_jpeg,ssimulacra2,15,corpus-0015.ppm,retratos_historicos,-0.357337158824389,60.90964923,88.98302583
n148i_vs_jpeg,ssimulacra2,16,corpus-0016.ppm,paisagens_naturais,-1.8623356864582163,50.99800204,84.12758217
n148i_vs_jpeg,ssimulacra2,17,corpus-0017.ppm,paisagens_naturais,-1.2636614888633435,45.45951257,84.90062635
n148i_vs_jpeg,ssimulacra2,18,corpus-0018.ppm,paisagens_naturais,-2.1431846663351073,47.86040519,85.3363431
n148i_vs_jpeg,ssimulacra2,19,corpus-0019.ppm,paisagens_naturais,-2.3108487650198573,47.32791698,85.28517687
n148i_vs_jpeg,ssimulacra2,20,corpus-0020.ppm,paisagens_naturais,-0.9325908453401754,47.33401749,85.8501555
n148i_vs_jpeg,ssimulacra2,21,corpus-0021.ppm,paisagens_naturais,-3.4298228079000737,46.22338134,84.66815789
n148i_vs_jpeg,ssimulacra2,22,corpus-0022.ppm,paisagens_naturais,-2.0154837916128154,47.57537756,83.16235157
n148i_vs_jpeg,ssimulacra2,23,corpus-0023.ppm,paisagens_naturais,-0.4334327793913073,48.02729073,79.30267981
n148i_vs_jpeg,ssimulacra2,24,corpus-0024.ppm,paisagens_naturais,-2.901065840304873,46.97859373,85.74331425
n148i_vs_jpeg,ssimulacra2,25,corpus-0025.ppm,paisagens_naturais,-4.743207902759073,40.32520277,84.93657174
n148i_vs_jpeg,ssimulacra2,26,corpus-0026.ppm,paisagens_naturais,-0.9307851513866372,40.84919103,82.97884288
n148i_vs_jpeg,ssimulacra2,27,corpus-0027.ppm,paisagens_naturais,-1.2123886190127497,42.85450936,81.45584688
n148i_vs_jpeg,ssimulacra2,28,corpus-0028.ppm,paisagens_naturais,-3.638015645505288,43.22105218,86.96638031
n148i_vs_jpeg,ssimulacra2,29,corpus-0029.ppm,paisagens_naturais,-1.4956045067820223,47.16092582,84.69167368
n148i_vs_jpeg,ssimulacra2,30,corpus-0030.ppm,paisagens_naturais,-2.6725553132447177,44.31749192,85.66597354
n148i_vs_jpeg,ssimulacra2,31,corpus-0031.ppm,urbano_arquitetura,-1.399078278641519,51.40921456,82.12623388
n148i_vs_jpeg,ssimulacra2,32,corpus-0032.ppm,urbano_arquitetura,-1.3121695936158972,36.75045036,81.84238092
n148i_vs_jpeg,ssimulacra2,33,corpus-0033.ppm,urbano_arquitetura,-2.9477562479198305,37.87117205,82.70367793
n148i_vs_jpeg,ssimulacra2,34,corpus-0034.ppm,urbano_arquitetura,-2.564691559364185,37.91410078,80.30971225
n148i_vs_jpeg,ssimulacra2,35,corpus-0035.ppm,urbano_arquitetura,-1.5622324059754833,49.51785991,84.29859853
n148i_vs_jpeg,ssimulacra2,36,corpus-0036.ppm,urbano_arquitetura,-1.4426012568484525,54.59372381,83.97684302
n148i_vs_jpeg,ssimulacra2,37,corpus-0037.ppm,urbano_arquitetura,-1.267295259851542,43.26798721,82.30553921
n148i_vs_jpeg,ssimulacra2,38,corpus-0038.ppm,urbano_arquitetura,-0.7566750287364976,56.05899601,84.77568445
n148i_vs_jpeg,ssimulacra2,39,corpus-0039.ppm,urbano_arquitetura,-1.1852650254773334,48.27221128,82.34256306
n148i_vs_jpeg,ssimulacra2,40,corpus-0040.ppm,urbano_arquitetura,-1.1533766037527315,40.76942739,80.87772972
n148i_vs_jpeg,ssimulacra2,41,corpus-0041.ppm,urbano_arquitetura,-2.23830369240704,50.8130131,84.45828563
n148i_vs_jpeg,ssimulacra2,42,corpus-0042.ppm,urbano_arquitetura,-1.265503874546925,53.44687444,82.99381113
n148i_vs_jpeg,ssimulacra2,43,corpus-0043.ppm,urbano_arquitetura,-2.110333481887139,58.95882091,86.63603225
n148i_vs_jpeg,ssimulacra2,44,corpus-0044.ppm,urbano_arquitetura,-0.25757559528952756,46.95258495,87.1705156
n148i_vs_jpeg,ssimulacra2,45,corpus-0045.ppm,urbano_arquitetura,-1.3950337603229168,51.2855362,87.05230048
n148i_vs_jpeg,ssimulacra2,46,corpus-0046.ppm,texturas_alta_frequencia,-1.3377029986778366,29.66447175,81.2794894
n148i_vs_jpeg,ssimulacra2,47,corpus-0047.ppm,texturas_alta_frequencia,-0.7624091986071724,41.3306054,85.50830015
n148i_vs_jpeg,ssimulacra2,48,corpus-0048.ppm,texturas_alta_frequencia,-0.9324276305002877,37.26443221,82.86632212
n148i_vs_jpeg,ssimulacra2,49,corpus-0049.ppm,texturas_alta_frequencia,-2.021999050734047,42.8003786,85.36820222
n148i_vs_jpeg,ssimulacra2,50,corpus-0050.ppm,texturas_alta_frequencia,-1.223453554737275,40.75166584,82.86138311
n148i_vs_jpeg,ssimulacra2,51,corpus-0051.ppm,texturas_alta_frequencia,-1.1212842518287691,31.40428565,84.54242966
n148i_vs_jpeg,ssimulacra2,52,corpus-0052.ppm,texturas_alta_frequencia,-0.6017463564069958,52.36850477,85.2666902
n148i_vs_jpeg,ssimulacra2,53,corpus-0053.ppm,texturas_alta_frequencia,-0.6338496892479006,54.06681673,85.43988278
n148i_vs_jpeg,ssimulacra2,54,corpus-0054.ppm,texturas_alta_frequencia,-0.621913286814102,52.53438785,88.50408023
n148i_vs_jpeg,ssimulacra2,55,corpus-0055.ppm,texturas_alta_frequencia,-2.3342243682445862,42.72018759,84.03327004
n148i_vs_jpeg,ssimulacra2,56,corpus-0056.ppm,texturas_alta_frequencia,-1.0499574275441348,35.71064484,84.45626629
n148i_vs_jpeg,ssimulacra2,57,corpus-0057.ppm,texturas_alta_frequencia,-0.7673413393081807,43.39288916,84.81154814
n148i_vs_jpeg,ssimulacra2,58,corpus-0058.ppm,texturas_alta_frequencia,-1.2327364533210705,51.29200236,81.75882573
n148i_vs_jpeg,ssimulacra2,59,corpus-0059.ppm,texturas_alta_frequencia,-1.6570639792331532,52.53887132,87.53904698
n148i_vs_jpeg,ssimulacra2,60,corpus-0060.ppm,texturas_alta_frequencia,-1.7171167592010539,41.01116319,85.53417962
n148i_vs_jpeg,ssimulacra2,61,corpus-0061.ppm,superficies_suaves_degrades,-6.382019098877622,53.30205764,87.62426559
n148i_vs_jpeg,ssimulacra2,62,corpus-0062.ppm,superficies_suaves_degrades,-5.7662668404406485,50.99636763,87.47210176
n148i_vs_jpeg,ssimulacra2,63,corpus-0063.ppm,superficies_suaves_degrades,-2.125861246883143,48.55244552,87.1464635
n148i_vs_jpeg,ssimulacra2,64,corpus-0064.ppm,superficies_suaves_degrades,-0.9625502623867965,48.03392554,89.92680602
n148i_vs_jpeg,ssimulacra2,65,corpus-0065.ppm,superficies_suaves_degrades,-1.6940764917200646,44.16210238,84.23759891
n148i_vs_jpeg,ssimulacra2,66,corpus-0066.ppm,superficies_suaves_degrades,-2.507531843313504,44.04343988,84.37899859
n148i_vs_jpeg,ssimulacra2,67,corpus-0067.ppm,superficies_suaves_degrades,-1.9578819106866763,45.51410083,84.93231434
n148i_vs_jpeg,ssimulacra2,68,corpus-0068.ppm,superficies_suaves_degrades,-0.43833055681973265,38.04545724,76.94958195
n148i_vs_jpeg,ssimulacra2,69,corpus-0069.ppm,superficies_suaves_degrades,-3.5113470446672346,39.00067951,84.07926076
n148i_vs_jpeg,ssimulacra2,70,corpus-0070.ppm,superficies_suaves_degrades,-2.0388623219880664,40.92961405,83.0118714
n148i_vs_jpeg,ssimulacra2,71,corpus-0071.ppm,superficies_suaves_degrades,-5.631597020558798,49.28196488,83.89065893
n148i_vs_jpeg,ssimulacra2,72,corpus-0072.ppm,superficies_suaves_degrades,-1.3929240190592718,49.9874198,87.07700124
n148i_vs_jpeg,ssimulacra2,73,corpus-0073.ppm,superficies_suaves_degrades,-11.777165952552316,55.42542359,88.11809175
n148i_vs_jpeg,ssimulacra2,74,corpus-0074.ppm,superficies_suaves_degrades,-2.8648347404834906,51.06585413,88.19716563
n148i_vs_jpeg,ssimulacra2,75,corpus-0075.ppm,superficies_suaves_degrades,-6.929059273810689,47.58717951,88.16080459
n148i_vs_jpeg,ssimulacra2,76,corpus-0076.ppm,detalhe_fino,-1.5445077231109994,59.18993421,86.82164989
n148i_vs_jpeg,ssimulacra2,77,corpus-0077.ppm,detalhe_fino,-0.40018628993974126,48.80275596,81.98936511
n148i_vs_jpeg,ssimulacra2,78,corpus-0078.ppm,detalhe_fino,-0.8010841026801385,48.30639735,82.34976782
n148i_vs_jpeg,ssimulacra2,79,corpus-0079.ppm,detalhe_fino,-0.7399363976506645,50.80611197,81.50796096
n148i_vs_jpeg,ssimulacra2,80,corpus-0080.ppm,detalhe_fino,-1.3816669908987445,44.72332002,83.89276107
n148i_vs_jpeg,ssimulacra2,81,corpus-0081.ppm,detalhe_fino,-2.292327396233662,47.07645619,91.69828733
n148i_vs_jpeg,ssimulacra2,82,corpus-0082.ppm,detalhe_fino,-1.610667160772794,49.21053105,85.97921941
n148i_vs_jpeg,ssimulacra2,83,corpus-0083.ppm,detalhe_fino,-1.3295965026341228,49.17149517,83.48105448
n148i_vs_jpeg,ssimulacra2,84,corpus-0084.ppm,detalhe_fino,-1.2365399191417992,35.65095991,82.15903721
n148i_vs_jpeg,ssimulacra2,85,corpus-0085.ppm,detalhe_fino,-0.5819542442920933,52.631497,88.79567923
n148i_vs_jpeg,ssimulacra2,86,corpus-0086.ppm,detalhe_fino,-1.635426904921078,46.57237493,83.22865016
n148i_vs_jpeg,ssimulacra2,87,corpus-0087.ppm,detalhe_fino,-0.8000760408121588,55.74559068,82.83638295
n148i_vs_jpeg,ssimulacra2,88,corpus-0088.ppm,detalhe_fino,-2.683497813716773,57.73396585,86.92849247
n148i_vs_jpeg,ssimulacra2,89,corpus-0089.ppm,detalhe_fino,-0.17040755440405064,32.17033152,72.3939387
n148i_vs_jpeg,ssimulacra2,90,corpus-0090.ppm,detalhe_fino,-1.7543838004029033,38.62313197,74.56312685
n148i_vs_jpeg,ssimulacra2,91,corpus-0091.ppm,texto_bordas_nitidas,-1.632276985203196,56.23809073,86.71403383
n148i_vs_jpeg,ssimulacra2,92,corpus-0092.ppm,texto_bordas_nitidas,-1.851986927501248,44.23028042,82.71132659
n148i_vs_jpeg,ssimulacra2,93,corpus-0093.ppm,texto_bordas_nitidas,-1.1330811685628217,56.22904796,80.47602441
n148i_vs_jpeg,ssimulacra2,94,corpus-0094.ppm,texto_bordas_nitidas,-1.2799552977644013,50.33535448,84.28987633
n148i_vs_jpeg,ssimulacra2,95,corpus-0095.ppm,texto_bordas_nitidas,-0.8712606188049477,64.10936953,89.36473159
n148i_vs_jpeg,ssimulacra2,96,corpus-0096.ppm,texto_bordas_nitidas,-2.0872045031341657,45.1908564,83.8126201
n148i_vs_jpeg,ssimulacra2,97,corpus-0097.ppm,texto_bordas_nitidas,-1.4865778951729136,52.28187238,86.88006661
n148i_vs_jpeg,ssimulacra2,98,corpus-0098.ppm,texto_bordas_nitidas,-1.7293359504181205,54.65216359,81.62975154
n148i_vs_jpeg,ssimulacra2,99,corpus-0099.ppm,texto_bordas_nitidas,-3.9013921540164587,52.5600361,79.00146456
n148i_vs_jpeg,ssimulacra2,100,corpus-0100.ppm,texto_bordas_nitidas,-2.14042548419352,58.27053117,83.35504528
n148i_vs_jpeg,ssimulacra2,101,corpus-0101.ppm,texto_bordas_nitidas,-2.762011303918366,51.30576553,88.82371811
n148i_vs_jpeg,ssimulacra2,102,corpus-0102.ppm,texto_bordas_nitidas,-2.2423282793732624,53.87458762,86.41514068
n148i_vs_jpeg,ssimulacra2,103,corpus-0103.ppm,texto_bordas_nitidas,-2.4015490954125585,50.49487429,85.0835278
n148i_vs_jpeg,ssimulacra2,104,corpus-0104.ppm,texto_bordas_nitidas,-2.080776746480628,53.99830055,84.98841872
n148i_vs_jpeg,ssimulacra2,105,corpus-0105.ppm,texto_bordas_nitidas,-2.2086552673977633,56.1958833,87.06130344
n148i_vs_jpeg,ssimulacra2,106,corpus-0106.ppm,cores_saturadas_dessaturadas,-2.6616631433318827,52.1586283,82.35662961
n148i_vs_jpeg,ssimulacra2,107,corpus-0107.ppm,cores_saturadas_dessaturadas,-0.6123424139243938,31.67529039,76.52525756
n148i_vs_jpeg,ssimulacra2,108,corpus-0108.ppm,cores_saturadas_dessaturadas,-1.3294174670869685,50.05744774,84.28106145
n148i_vs_jpeg,ssimulacra2,109,corpus-0109.ppm,cores_saturadas_dessaturadas,-4.862772313922569,46.95909104,85.56936186
n148i_vs_jpeg,ssimulacra2,110,corpus-0110.ppm,cores_saturadas_dessaturadas,-0.8210420390717732,52.13100504,81.27032716
n148i_vs_jpeg,ssimulacra2,111,corpus-0111.ppm,cores_saturadas_dessaturadas,-1.1714634871061946,44.35155068,72.64991964
n148i_vs_jpeg,ssimulacra2,112,corpus-0112.ppm,cores_saturadas_dessaturadas,-1.266531432021445,59.39728198,86.27436145
n148i_vs_jpeg,ssimulacra2,113,corpus-0113.ppm,cores_saturadas_dessaturadas,-1.6360141473187872,50.17912944,82.17333084
n148i_vs_jpeg,ssimulacra2,114,corpus-0114.ppm,cores_saturadas_dessaturadas,-0.7522833501783732,52.63862406,80.85563304
n148i_vs_jpeg,ssimulacra2,115,corpus-0115.ppm,cores_saturadas_dessaturadas,-0.9937131096628748,62.60530127,89.2335839
n148i_vs_jpeg,ssimulacra2,116,corpus-0116.ppm,cores_saturadas_dessaturadas,-3.7263750345827407,56.07982199,89.59954916
n148i_vs_jpeg,ssimulacra2,117,corpus-0117.ppm,cores_saturadas_dessaturadas,-11.759394024687285,59.21010499,90.70838394
n148i_vs_jpeg,ssimulacra2,118,corpus-0118.ppm,cores_saturadas_dessaturadas,-2.0415887185646353,54.72691718,86.0515785
n148i_vs_jpeg,ssimulacra2,119,corpus-0119.ppm,cores_saturadas_dessaturadas,-2.2934843930293214,50.79304383,84.7109686
n148i_vs_jpeg,ssimulacra2,120,corpus-0120.ppm,cores_saturadas_dessaturadas,-1.1871593914210776,60.8979858,86.69308264
n148i_vs_jpeg,butteraugli,1,corpus-0001.ppm,retratos_historicos,-0.5673848028166173,-4.9047584534,-1.5869569778
n148i_vs_jpeg,butteraugli,2,corpus-0002.ppm,retratos_historicos,-1.7401473444496274,-3.9576377869,-1.3762483597
n148i_vs_jpeg,butteraugli,3,corpus-0003.ppm,retratos_historicos,-1.6370852197960972,-5.5384159088,-2.3582103252
n148i_vs_jpeg,butteraugli,4,corpus-0004.ppm,retratos_historicos,-0.1706145927406033,-4.1822738647,-1.644559145
n148i_vs_jpeg,butteraugli,5,corpus-0005.ppm,retratos_historicos,3.0775732715962567,-4.4860754013,-2.0433893204
n148i_vs_jpeg,butteraugli,6,corpus-0006.ppm,retratos_historicos,-1.5056459352359997,-4.497168541,-1.5112228394
n148i_vs_jpeg,butteraugli,7,corpus-0007.ppm,retratos_historicos,-1.1228600316574244,-7.2718925476,-3.5984191895
n148i_vs_jpeg,butteraugli,8,corpus-0008.ppm,retratos_historicos,0.7196418528010229,-3.7178959846,-1.4337117672
n148i_vs_jpeg,butteraugli,9,corpus-0009.ppm,retratos_historicos,-2.3725106888739633,-4.6324863434,-1.711135149
n148i_vs_jpeg,butteraugli,10,corpus-0010.ppm,retratos_historicos,-1.5369550152254385,-4.3184680939,-1.3008059263
n148i_vs_jpeg,butteraugli,11,corpus-0011.ppm,retratos_historicos,-2.9681028816395782,-6.2434549332,-2.4046664238
n148i_vs_jpeg,butteraugli,12,corpus-0012.ppm,retratos_historicos,-8.226496562273622,-4.2766180038,-1.7718915939
n148i_vs_jpeg,butteraugli,13,corpus-0013.ppm,retratos_historicos,-1.1271717052499297,-4.1551990509,-1.6486227512
n148i_vs_jpeg,butteraugli,14,corpus-0014.ppm,retratos_historicos,-1.6446868546288185,-4.8457813263,-2.1282594204
n148i_vs_jpeg,butteraugli,15,corpus-0015.ppm,retratos_historicos,-0.5560779896925383,-7.2806820869,-1.9428830147
n148i_vs_jpeg,butteraugli,16,corpus-0016.ppm,paisagens_naturais,-2.8933614195485347,-5.0141706467,-2.0593278408
n148i_vs_jpeg,butteraugli,17,corpus-0017.ppm,paisagens_naturais,-1.4344147534808838,-4.9358034134,-1.8031228781
n148i_vs_jpeg,butteraugli,18,corpus-0018.ppm,paisagens_naturais,-2.459824171001035,-4.6205949783,-1.9808636904
n148i_vs_jpeg,butteraugli,19,corpus-0019.ppm,paisagens_naturais,-2.1236563967760747,-4.4828977585,-1.8038499355
n148i_vs_jpeg,butteraugli,20,corpus-0020.ppm,paisagens_naturais,1.7467216535828056,-5.7377939224,-2.2235636711
n148i_vs_jpeg,butteraugli,21,corpus-0021.ppm,paisagens_naturais,-4.713008406743624,-5.601293087,-2.0488276482
n148i_vs_jpeg,butteraugli,22,corpus-0022.ppm,paisagens_naturais,-13.054098004990278,-4.7089262009,-1.9379028082
n148i_vs_jpeg,butteraugli,23,corpus-0023.ppm,paisagens_naturais,-0.5153963730590849,-6.4145002365,-2.4028625488
n148i_vs_jpeg,butteraugli,24,corpus-0024.ppm,paisagens_naturais,-3.148287425675622,-3.8936486244,-1.714497447
n148i_vs_jpeg,butteraugli,25,corpus-0025.ppm,paisagens_naturais,-4.5393421287239,-5.7409543991,-1.857789278
n148i_vs_jpeg,butteraugli,26,corpus-0026.ppm,paisagens_naturais,-1.5132405480098976,-5.6708493233,-1.9669991732
n148i_vs_jpeg,butteraugli,27,corpus-0027.ppm,paisagens_naturais,-2.304896324523109,-5.2156829834,-1.8937824965
n148i_vs_jpeg,butteraugli,28,corpus-0028.ppm,paisagens_naturais,-2.6159107992642205,-4.4197502136,-1.627243638
n148i_vs_jpeg,butteraugli,29,corpus-0029.ppm,paisagens_naturais,-0.8723808303622183,-4.2441830635,-1.8250442743
n148i_vs_jpeg,butteraugli,30,corpus-0030.ppm,paisagens_naturais,-4.042797698373279,-5.2069473267,-1.7275533676
n148i_vs_jpeg,butteraugli,31,corpus-0031.ppm,urbano_arquitetura,3.2131848301872212,-4.7326436043,-1.7285246849
n148i_vs_jpeg,butteraugli,32,corpus-0032.ppm,urbano_arquitetura,-1.37870945576537,-5.368396759,-1.8167388439
n148i_vs_jpeg,butteraugli,33,corpus-0033.ppm,urbano_arquitetura,-3.1131985466602674,-4.1910853386,-1.7926796675
n148i_vs_jpeg,butteraugli,34,corpus-0034.ppm,urbano_arquitetura,3.7129378636584276,-5.2520680428,-2.0766208172
n148i_vs_jpeg,butteraugli,35,corpus-0035.ppm,urbano_arquitetura,-2.0745361233658888,-5.7095656395,-2.4797625542
n148i_vs_jpeg,butteraugli,36,corpus-0036.ppm,urbano_arquitetura,-0.5805022407858407,-5.85744524,-2.634976387
n148i_vs_jpeg,butteraugli,37,corpus-0037.ppm,urbano_arquitetura,-1.1135559491373903,-7.2913269997,-2.3543484211
n148i_vs_jpeg,butteraugli,38,corpus-0038.ppm,urbano_arquitetura,0.050758254692517824,-4.5076880455,-1.7190132141
n148i_vs_jpeg,butteraugli,39,corpus-0039.ppm,urbano_arquitetura,-1.4861847040228082,-6.164981842,-3.1536591053
n148i_vs_jpeg,butteraugli,40,corpus-0040.ppm,urbano_arquitetura,-2.0996004064016693,-6.3297362328,-2.1167414188
n148i_vs_jpeg,butteraugli,41,corpus-0041.ppm,urbano_arquitetura,-2.764431720756,-6.6068906784,-1.8567851782
n148i_vs_jpeg,butteraugli,42,corpus-0042.ppm,urbano_arquitetura,-1.1117769734118599,-5.6973180771,-2.5275988579
n148i_vs_jpeg,butteraugli,43,corpus-0043.ppm,urbano_arquitetura,-0.9062460995889476,-4.5454697609,-1.8874255419
n148i_vs_jpeg,butteraugli,44,corpus-0044.ppm,urbano_arquitetura,-0.876509870026243,-5.8105053902,-1.5740414858
n148i_vs_jpeg,butteraugli,45,corpus-0045.ppm,urbano_arquitetura,-1.1795265974362534,-5.6916351318,-2.0202243328
n148i_vs_jpeg,butteraugli,46,corpus-0046.ppm,texturas_alta_frequencia,0.03375467615231997,-4.311275959,-1.6113051176
n148i_vs_jpeg,butteraugli,47,corpus-0047.ppm,texturas_alta_frequencia,-1.5716485237227795,-4.756207943,-1.3491482735
n148i_vs_jpeg,butteraugli,48,corpus-0048.ppm,texturas_alta_frequencia,-2.1842151927113362,-4.430932045,-1.4878045321
n148i_vs_jpeg,butteraugli,49,corpus-0049.ppm,texturas_alta_frequencia,-2.3990171773528135,-3.7812311649,-1.7982536554
n148i_vs_jpeg,butteraugli,50,corpus-0050.ppm,texturas_alta_frequencia,0.5867521690887667,-4.0107450485,-1.497652173
n148i_vs_jpeg,butteraugli,51,corpus-0051.ppm,texturas_alta_frequencia,-0.3820354109213331,-4.1924142838,-1.4321532249
n148i_vs_jpeg,butteraugli,52,corpus-0052.ppm,texturas_alta_frequencia,0.0743337263058308,-4.2865867615,-1.4533128738
n148i_vs_jpeg,butteraugli,53,corpus-0053.ppm,texturas_alta_frequencia,-0.7252206627285651,-4.0666661263,-1.4109528065
n148i_vs_jpeg,butteraugli,54,corpus-0054.ppm,texturas_alta_frequencia,-1.0709461135602893,-4.3581542969,-0.9273582697
n148i_vs_jpeg,butteraugli,55,corpus-0055.ppm,texturas_alta_frequencia,0.9975435861239168,-3.9330120087,-1.7700175047
n148i_vs_jpeg,butteraugli,56,corpus-0056.ppm,texturas_alta_frequencia,-1.485973069270785,-4.1674866676,-1.6432002783
n148i_vs_jpeg,butteraugli,57,corpus-0057.ppm,texturas_alta_frequencia,-0.6481613727026048,-4.0318188667,-1.7261469364
n148i_vs_jpeg,butteraugli,58,corpus-0058.ppm,texturas_alta_frequencia,-2.1322418742913296,-5.0429854393,-2.0320224762
n148i_vs_jpeg,butteraugli,59,corpus-0059.ppm,texturas_alta_frequencia,-0.362045318640436,-4.6868042946,-1.8354488611
n148i_vs_jpeg,butteraugli,60,corpus-0060.ppm,texturas_alta_frequencia,-0.7037903550490388,-5.4627027512,-1.7750829458
n148i_vs_jpeg,butteraugli,61,corpus-0061.ppm,superficies_suaves_degrades,-6.2277281840636185,-3.8315656185,-1.4675678015
n148i_vs_jpeg,butteraugli,62,corpus-0062.ppm,superficies_suaves_degrades,-4.818774153315097,-4.2778015137,-1.4403538704
n148i_vs_jpeg,butteraugli,63,corpus-0063.ppm,superficies_suaves_degrades,-1.6995769703163743,-4.8074874878,-1.8227002621
n148i_vs_jpeg,butteraugli,64,corpus-0064.ppm,superficies_suaves_degrades,-5.185484758850389,-5.3972158432,-1.349272728
n148i_vs_jpeg,butteraugli,65,corpus-0065.ppm,superficies_suaves_degrades,-2.780481724412809,-4.7262821198,-1.9815622568
n148i_vs_jpeg,butteraugli,66,corpus-0066.ppm,superficies_suaves_degrades,-2.667433388660201,-3.6912050247,-1.8139451742
n148i_vs_jpeg,butteraugli,67,corpus-0067.ppm,superficies_suaves_degrades,-1.1996438164708967,-4.3261222839,-1.8459755182
n148i_vs_jpeg,butteraugli,68,corpus-0068.ppm,superficies_suaves_degrades,-2.2018050774749054,-5.1453466415,-2.8865249157
n148i_vs_jpeg,butteraugli,69,corpus-0069.ppm,superficies_suaves_degrades,0.8516077395640087,-4.7190537453,-1.8411771059
n148i_vs_jpeg,butteraugli,70,corpus-0070.ppm,superficies_suaves_degrades,-0.9102779134937289,-7.1356868744,-4.0295686722
n148i_vs_jpeg,butteraugli,71,corpus-0071.ppm,superficies_suaves_degrades,-8.206955598582011,-7.839838028,-3.223484993
n148i_vs_jpeg,butteraugli,72,corpus-0072.ppm,superficies_suaves_degrades,-1.845366457425035,-5.3136358261,-2.1624128819
n148i_vs_jpeg,butteraugli,73,corpus-0073.ppm,superficies_suaves_degrades,-16.092098743783,-3.3055758476,-1.251798749
n148i_vs_jpeg,butteraugli,74,corpus-0074.ppm,superficies_suaves_degrades,-2.440580592345487,-4.3980903625,-1.6779521704
n148i_vs_jpeg,butteraugli,75,corpus-0075.ppm,superficies_suaves_degrades,-5.567261725933892,-4.2847599983,-1.5554788113
n148i_vs_jpeg,butteraugli,76,corpus-0076.ppm,detalhe_fino,-1.9296121306989211,-5.7345552444,-1.8341283798
n148i_vs_jpeg,butteraugli,77,corpus-0077.ppm,detalhe_fino,-2.414575079207304,-4.8604164124,-2.1678118706
n148i_vs_jpeg,butteraugli,78,corpus-0078.ppm,detalhe_fino,-0.8097476708537554,-4.5018234253,-1.6867479086
n148i_vs_jpeg,butteraugli,79,corpus-0079.ppm,detalhe_fino,-0.32582987332968605,-4.7320480347,-1.6537358761
n148i_vs_jpeg,butteraugli,80,corpus-0080.ppm,detalhe_fino,1.1044797218378477,-4.9252033234,-2.000736475
n148i_vs_jpeg,butteraugli,81,corpus-0081.ppm,detalhe_fino,-0.45361291952839,-4.3827576637,-0.7271981835
n148i_vs_jpeg,butteraugli,82,corpus-0082.ppm,detalhe_fino,2.3657529468604555,-3.9089837074,-1.6426666975
n148i_vs_jpeg,butteraugli,83,corpus-0083.ppm,detalhe_fino,2.175991263332633,-10.2408905029,-3.8519120216
n148i_vs_jpeg,butteraugli,84,corpus-0084.ppm,detalhe_fino,-2.3379180607938976,-4.8815770149,-1.9101020098
n148i_vs_jpeg,butteraugli,85,corpus-0085.ppm,detalhe_fino,-0.8177605928584297,-6.8183064461,-1.5262577534
n148i_vs_jpeg,butteraugli,86,corpus-0086.ppm,detalhe_fino,-3.2716209895563453,-4.5138072968,-1.8045823574
n148i_vs_jpeg,butteraugli,87,corpus-0087.ppm,detalhe_fino,-0.8512602272947145,-4.5769896507,-1.6994726658
n148i_vs_jpeg,butteraugli,88,corpus-0088.ppm,detalhe_fino,-3.494177026542966,-4.9288449287,-1.9230287075
n148i_vs_jpeg,butteraugli,89,corpus-0089.ppm,detalhe_fino,1.3059428366520853,-8.8161239624,-4.0197896957
n148i_vs_jpeg,butteraugli,90,corpus-0090.ppm,detalhe_fino,-1.0760204663131656,-12.9917936325,-6.1414175034
n148i_vs_jpeg,butteraugli,91,corpus-0091.ppm,texto_bordas_nitidas,-2.5927257374859236,-6.0151410103,-3.7765920162
n148i_vs_jpeg,butteraugli,92,corpus-0092.ppm,texto_bordas_nitidas,0.5392197899200868,-4.8568239212,-2.3228635788
n148i_vs_jpeg,butteraugli,93,corpus-0093.ppm,texto_bordas_nitidas,-2.91822525100357,-6.1953496933,-2.5660789013
n148i_vs_jpeg,butteraugli,94,corpus-0094.ppm,texto_bordas_nitidas,-0.6186966104039349,-5.5575609207,-2.2167737484
n148i_vs_jpeg,butteraugli,95,corpus-0095.ppm,texto_bordas_nitidas,-0.8768141386780948,-5.7384314537,-1.6756027937
n148i_vs_jpeg,butteraugli,96,corpus-0096.ppm,texto_bordas_nitidas,0.8668899211106806,-6.1644177437,-2.7194263935
n148i_vs_jpeg,butteraugli,97,corpus-0097.ppm,texto_bordas_nitidas,-0.9814790402540963,-6.488237381,-1.8168729544
n148i_vs_jpeg,butteraugli,98,corpus-0098.ppm,texto_bordas_nitidas,-3.7723766333099262,-11.7757196426,-3.5083417892
n148i_vs_jpeg,butteraugli,99,corpus-0099.ppm,texto_bordas_nitidas,-4.29910119248238,-10.1862545013,-3.80204916
n148i_vs_jpeg,butteraugli,100,corpus-0100.ppm,texto_bordas_nitidas,-0.39265795868210773,-6.1174750328,-2.3776602745
n148i_vs_jpeg,butteraugli,101,corpus-0101.ppm,texto_bordas_nitidas,-2.6034787769172896,-5.141064167,-1.7616994381
n148i_vs_jpeg,butteraugli,102,corpus-0102.ppm,texto_bordas_nitidas,-1.932219404564972,-4.492310524,-1.6579496861
n148i_vs_jpeg,butteraugli,103,corpus-0103.ppm,texto_bordas_nitidas,-2.5244396501022504,-4.6354908943,-2.0024337769
n148i_vs_jpeg,butteraugli,104,corpus-0104.ppm,texto_bordas_nitidas,-1.1260404432982152,-4.5559139252,-2.0273573399
n148i_vs_jpeg,butteraugli,105,corpus-0105.ppm,texto_bordas_nitidas,-8.717510215017255,-3.7049241066,-1.5671141148
n148i_vs_jpeg,butteraugli,106,corpus-0106.ppm,cores_saturadas_dessaturadas,-11.556352532522961,-6.5145788193,-2.9195570946
n148i_vs_jpeg,butteraugli,107,corpus-0107.ppm,cores_saturadas_dessaturadas,11.794497775651624,-5.4348025322,-2.4772992134
n148i_vs_jpeg,butteraugli,108,corpus-0108.ppm,cores_saturadas_dessaturadas,-0.11845979916976779,-6.0539474487,-2.3083870411
n148i_vs_jpeg,butteraugli,109,corpus-0109.ppm,cores_saturadas_dessaturadas,-5.379451018205328,-5.5798316002,-1.7540909052
n148i_vs_jpeg,butteraugli,110,corpus-0110.ppm,cores_saturadas_dessaturadas,-1.3008947255823022,-7.5827817917,-2.3650546074
n148i_vs_jpeg,butteraugli,111,corpus-0111.ppm,cores_saturadas_dessaturadas,-1.7347949134120966,-8.133061409,-4.2826938629
n148i_vs_jpeg,butteraugli,112,corpus-0112.ppm,cores_saturadas_dessaturadas,-1.468159817719361,-4.6235980988,-1.7422770262
n148i_vs_jpeg,butteraugli,113,corpus-0113.ppm,cores_saturadas_dessaturadas,-2.7705954109236264,-9.4544525146,-3.1730513573
n148i_vs_jpeg,butteraugli,114,corpus-0114.ppm,cores_saturadas_dessaturadas,-3.3470959430003555,-5.1072220802,-1.8418700695
n148i_vs_jpeg,butteraugli,115,corpus-0115.ppm,cores_saturadas_dessaturadas,-0.6903901237474641,-5.1920657158,-1.6587700844
n148i_vs_jpeg,butteraugli,116,corpus-0116.ppm,cores_saturadas_dessaturadas,-3.9387447399089504,-4.439740181,-1.9812414646
n148i_vs_jpeg,butteraugli,117,corpus-0117.ppm,cores_saturadas_dessaturadas,-11.41669218716157,-5.2937283516,-1.9633857012
n148i_vs_jpeg,butteraugli,118,corpus-0118.ppm,cores_saturadas_dessaturadas,-3.4492909307952346,-7.8455758095,-3.5384476185
n148i_vs_jpeg,butteraugli,119,corpus-0119.ppm,cores_saturadas_dessaturadas,-1.7631203894185932,-8.2850818634,-3.1487369537
n148i_vs_jpeg,butteraugli,120,corpus-0120.ppm,cores_saturadas_dessaturadas,-0.46994213897690873,-6.9442987442,-2.7012796402
n148i_vs_jxl_e3,psnr_rgb_db,1,corpus-0001.ppm,retratos_historicos,39.013277948587735,27.86438433770702,38.573690621859626
n148i_vs_jxl_e3,psnr_rgb_db,2,corpus-0002.ppm,retratos_historicos,41.20840251595086,37.44246376802341,45.469229395741095
n148i_vs_jxl_e3,psnr_rgb_db,3,corpus-0003.ppm,retratos_historicos,26.614853910108472,28.640949554572686,36.090073424218815
n148i_vs_jxl_e3,psnr_rgb_db,4,corpus-0004.ppm,retratos_historicos,51.204410906517175,28.14681555654414,36.70234230114919
n148i_vs_jxl_e3,psnr_rgb_db,5,corpus-0005.ppm,retratos_historicos,27.59743718196963,31.665456575691778,39.10947210480601
n148i_vs_jxl_e3,psnr_rgb_db,6,corpus-0006.ppm,retratos_historicos,32.244938476590065,32.71651264583345,40.9747194129387
n148i_vs_jxl_e3,psnr_rgb_db,7,corpus-0007.ppm,retratos_historicos,48.88615494893289,28.031640495564183,34.50346356962111
n148i_vs_jxl_e3,psnr_rgb_db,8,corpus-0008.ppm,retratos_historicos,11.41063705939478,37.24842702335708,43.16273829849821
n148i_vs_jxl_e3,psnr_rgb_db,9,corpus-0009.ppm,retratos_historicos,45.354542736139415,28.630934093107527,37.79410123928314
n148i_vs_jxl_e3,psnr_rgb_db,10,corpus-0010.ppm,retratos_historicos,34.016600729459334,35.04118002154953,44.9769070208841
n148i_vs_jxl_e3,psnr_rgb_db,11,corpus-0011.ppm,retratos_historicos,49.805675539196145,35.656874422010716,43.22301273662303
n148i_vs_jxl_e3,psnr_rgb_db,12,corpus-0012.ppm,retratos_historicos,50.984304216295605,38.05584431179019,44.449521320867916
n148i_vs_jxl_e3,psnr_rgb_db,13,corpus-0013.ppm,retratos_historicos,56.632601043464035,35.08975989138164,42.852980213153096
n148i_vs_jxl_e3,psnr_rgb_db,14,corpus-0014.ppm,retratos_historicos,85.23905259280673,36.008041996864215,42.18912542547958
n148i_vs_jxl_e3,psnr_rgb_db,15,corpus-0015.ppm,retratos_historicos,35.45210153613883,27.535746487525714,41.84879594955721
n148i_vs_jxl_e3,psnr_rgb_db,16,corpus-0016.ppm,paisagens_naturais,47.411759130579114,28.378257287689518,37.12366606515821
n148i_vs_jxl_e3,psnr_rgb_db,17,corpus-0017.ppm,paisagens_naturais,20.316915346115504,28.621260316725046,36.722015539128805
n148i_vs_jxl_e3,psnr_rgb_db,18,corpus-0018.ppm,paisagens_naturais,49.977718571748575,32.211107182628496,40.13732765148302
n148i_vs_jxl_e3,psnr_rgb_db,19,corpus-0019.ppm,paisagens_naturais,50.145633264404225,33.35884856268605,41.08275314770799
n148i_vs_jxl_e3,psnr_rgb_db,20,corpus-0020.ppm,paisagens_naturais,46.287462299525316,25.485553379653794,36.63654105806265
n148i_vs_jxl_e3,psnr_rgb_db,21,corpus-0021.ppm,paisagens_naturais,47.08740923488899,32.25807597961809,39.833007263283235
n148i_vs_jxl_e3,psnr_rgb_db,22,corpus-0022.ppm,paisagens_naturais,21.318271066554175,27.031058638804275,34.03353118216526
n148i_vs_jxl_e3,psnr_rgb_db,23,corpus-0023.ppm,paisagens_naturais,30.905332155539256,22.748662025126546,29.151893279702268
n148i_vs_jxl_e3,psnr_rgb_db,24,corpus-0024.ppm,paisagens_naturais,40.94968818860547,30.639400626788316,39.267203777567936
n148i_vs_jxl_e3,psnr_rgb_db,25,corpus-0025.ppm,paisagens_naturais,54.934462153236964,34.63951687514819,40.618188541808856
n148i_vs_jxl_e3,psnr_rgb_db,26,corpus-0026.ppm,paisagens_naturais,40.40366326782474,24.628088188864044,33.94131732698818
n148i_vs_jxl_e3,psnr_rgb_db,27,corpus-0027.ppm,paisagens_naturais,22.179711758350674,27.413746684869604,33.490179093031315
n148i_vs_jxl_e3,psnr_rgb_db,28,corpus-0028.ppm,paisagens_naturais,40.22806610592218,36.70453697567295,44.68150435666274
n148i_vs_jxl_e3,psnr_rgb_db,29,corpus-0029.ppm,paisagens_naturais,35.4710658694142,29.15823178757966,38.03136419480962
n148i_vs_jxl_e3,psnr_rgb_db,30,corpus-0030.ppm,paisagens_naturais,37.242517633666594,33.345438647484194,41.47162428150047
n148i_vs_jxl_e3,psnr_rgb_db,31,corpus-0031.ppm,urbano_arquitetura,22.37756055027591,27.592226995490826,35.55830810752872
n148i_vs_jxl_e3,psnr_rgb_db,32,corpus-0032.ppm,urbano_arquitetura,48.29847964994314,31.83012631338363,37.353861018126665
n148i_vs_jxl_e3,psnr_rgb_db,33,corpus-0033.ppm,urbano_arquitetura,40.98171080610913,33.85007487926093,38.14644583763584
n148i_vs_jxl_e3,psnr_rgb_db,34,corpus-0034.ppm,urbano_arquitetura,38.12544867894885,33.77107513315611,38.55687488603479
n148i_vs_jxl_e3,psnr_rgb_db,35,corpus-0035.ppm,urbano_arquitetura,40.072251046309404,28.864548303522,37.111872573183106
n148i_vs_jxl_e3,psnr_rgb_db,36,corpus-0036.ppm,urbano_arquitetura,38.492402079055395,27.22797394747845,35.03007023828695
n148i_vs_jxl_e3,psnr_rgb_db,37,corpus-0037.ppm,urbano_arquitetura,42.2581246099492,26.087872144878364,32.02682507996259
n148i_vs_jxl_e3,psnr_rgb_db,38,corpus-0038.ppm,urbano_arquitetura,36.52016207970617,28.46964970257477,37.15501663370228
n148i_vs_jxl_e3,psnr_rgb_db,39,corpus-0039.ppm,urbano_arquitetura,40.29733465766765,26.687574668895113,34.75609059487044
n148i_vs_jxl_e3,psnr_rgb_db,40,corpus-0040.ppm,urbano_arquitetura,37.058326564026814,26.736305588558444,34.63854493684253
n148i_vs_jxl_e3,psnr_rgb_db,41,corpus-0041.ppm,urbano_arquitetura,37.99405527802009,30.61329237235174,37.61584035029359
n148i_vs_jxl_e3,psnr_rgb_db,42,corpus-0042.ppm,urbano_arquitetura,40.4080684915342,27.670850955633476,35.028589823481305
n148i_vs_jxl_e3,psnr_rgb_db,43,corpus-0043.ppm,urbano_arquitetura,16.015450173539403,32.78876193390372,39.96641892252186
n148i_vs_jxl_e3,psnr_rgb_db,44,corpus-0044.ppm,urbano_arquitetura,22.42552470735648,22.79145588394426,36.896779780014704
n148i_vs_jxl_e3,psnr_rgb_db,45,corpus-0045.ppm,urbano_arquitetura,46.67675840073715,28.550860072745582,38.436223138156066
n148i_vs_jxl_e3,psnr_rgb_db,46,corpus-0046.ppm,texturas_alta_frequencia,22.426658051392078,25.70338111580532,32.62722747258741
n148i_vs_jxl_e3,psnr_rgb_db,47,corpus-0047.ppm,texturas_alta_frequencia,20.841969743347622,23.269638224873674,31.5402838855441
n148i_vs_jxl_e3,psnr_rgb_db,48,corpus-0048.ppm,texturas_alta_frequencia,11.807386247726303,25.210219397008025,31.416806171567497
n148i_vs_jxl_e3,psnr_rgb_db,49,corpus-0049.ppm,texturas_alta_frequencia,43.622716868596626,31.10622516165057,39.298470625035606
n148i_vs_jxl_e3,psnr_rgb_db,50,corpus-0050.ppm,texturas_alta_frequencia,32.86885895369556,27.57734093112124,33.52620388710751
n148i_vs_jxl_e3,psnr_rgb_db,51,corpus-0051.ppm,texturas_alta_frequencia,45.569803944679954,25.63840564570695,35.55658936698928
n148i_vs_jxl_e3,psnr_rgb_db,52,corpus-0052.ppm,texturas_alta_frequencia,39.202456339692525,24.65310257229598,33.408673072067884
n148i_vs_jxl_e3,psnr_rgb_db,53,corpus-0053.ppm,texturas_alta_frequencia,35.64687404603735,26.11458366570166,34.543166500798684
n148i_vs_jxl_e3,psnr_rgb_db,54,corpus-0054.ppm,texturas_alta_frequencia,39.50365714258071,25.146201250828906,37.22223228585048
n148i_vs_jxl_e3,psnr_rgb_db,55,corpus-0055.ppm,texturas_alta_frequencia,34.85253844025185,33.04317129889028,39.00203545799173
n148i_vs_jxl_e3,psnr_rgb_db,56,corpus-0056.ppm,texturas_alta_frequencia,54.1747706878851,26.63610165310185,35.14055768737994
n148i_vs_jxl_e3,psnr_rgb_db,57,corpus-0057.ppm,texturas_alta_frequencia,41.06395910589002,30.905077640648223,38.30355869882075
n148i_vs_jxl_e3,psnr_rgb_db,58,corpus-0058.ppm,texturas_alta_frequencia,23.14982192433337,25.852833270396243,34.57966960279875
n148i_vs_jxl_e3,psnr_rgb_db,59,corpus-0059.ppm,texturas_alta_frequencia,12.762506280561503,33.46968685239423,41.291793573040806
n148i_vs_jxl_e3,psnr_rgb_db,60,corpus-0060.ppm,texturas_alta_frequencia,21.482345793757453,33.40992247981682,40.690966901644934
n148i_vs_jxl_e3,psnr_rgb_db,61,corpus-0061.ppm,superficies_suaves_degrades,47.0139567762635,37.717115974154424,44.00418729735486
n148i_vs_jxl_e3,psnr_rgb_db,62,corpus-0062.ppm,superficies_suaves_degrades,54.87991158942553,38.61803253506636,44.96097462282212
n148i_vs_jxl_e3,psnr_rgb_db,63,corpus-0063.ppm,superficies_suaves_degrades,50.60964348475867,34.73194593718177,43.02534486435809
n148i_vs_jxl_e3,psnr_rgb_db,64,corpus-0064.ppm,superficies_suaves_degrades,32.72751186736696,30.21140212022402,43.1099565490402
n148i_vs_jxl_e3,psnr_rgb_db,65,corpus-0065.ppm,superficies_suaves_degrades,34.8644246360442,30.98531220549941,38.13997370461182
n148i_vs_jxl_e3,psnr_rgb_db,66,corpus-0066.ppm,superficies_suaves_degrades,43.48098217273622,34.86934043286582,41.0943233932244
n148i_vs_jxl_e3,psnr_rgb_db,67,corpus-0067.ppm,superficies_suaves_degrades,31.355641712793858,31.664008546387063,37.76316567297728
n148i_vs_jxl_e3,psnr_rgb_db,68,corpus-0068.ppm,superficies_suaves_degrades,50.02853477442124,25.37128276178747,32.006682206169714
n148i_vs_jxl_e3,psnr_rgb_db,69,corpus-0069.ppm,superficies_suaves_degrades,60.685604218398595,32.64129472073293,39.48094475855279
n148i_vs_jxl_e3,psnr_rgb_db,70,corpus-0070.ppm,superficies_suaves_degrades,50.75681522859774,29.55619234275315,35.798049920453394
n148i_vs_jxl_e3,psnr_rgb_db,71,corpus-0071.ppm,superficies_suaves_degrades,9.044560730735785,32.89561886220782,38.66562696557218
n148i_vs_jxl_e3,psnr_rgb_db,72,corpus-0072.ppm,superficies_suaves_degrades,53.18269613634619,27.055469579197037,38.69717344288731
n148i_vs_jxl_e3,psnr_rgb_db,73,corpus-0073.ppm,superficies_suaves_degrades,58.069764027519156,39.198903349109294,46.45945638813349
n148i_vs_jxl_e3,psnr_rgb_db,74,corpus-0074.ppm,superficies_suaves_degrades,60.78883061218554,37.670841396860624,44.94220446895217
n148i_vs_jxl_e3,psnr_rgb_db,75,corpus-0075.ppm,superficies_suaves_degrades,69.74797131684622,37.66192374081032,45.876104123536834
n148i_vs_jxl_e3,psnr_rgb_db,76,corpus-0076.ppm,detalhe_fino,-15.829316323129428,30.998322958794674,36.525806014733625
n148i_vs_jxl_e3,psnr_rgb_db,77,corpus-0077.ppm,detalhe_fino,22.301079780009857,27.87920346541526,35.00856985214191
n148i_vs_jxl_e3,psnr_rgb_db,78,corpus-0078.ppm,detalhe_fino,27.92276067713051,26.29376877000678,34.76943177575449
n148i_vs_jxl_e3,psnr_rgb_db,79,corpus-0079.ppm,detalhe_fino,8.070602027231445,24.496065904245622,31.533500051597805
n148i_vs_jxl_e3,psnr_rgb_db,80,corpus-0080.ppm,detalhe_fino,46.013731505154176,29.621506941094648,37.267491866426994
n148i_vs_jxl_e3,psnr_rgb_db,81,corpus-0081.ppm,detalhe_fino,30.639779222682062,30.738178380028856,42.847704142395244
n148i_vs_jxl_e3,psnr_rgb_db,82,corpus-0082.ppm,detalhe_fino,38.49416133880139,31.801199061147464,37.456821574603225
n148i_vs_jxl_e3,psnr_rgb_db,83,corpus-0083.ppm,detalhe_fino,30.254552414177894,29.50899249209303,36.37882140997296
n148i_vs_jxl_e3,psnr_rgb_db,84,corpus-0084.ppm,detalhe_fino,47.790958426020524,28.189896918103486,32.79883948585813
n148i_vs_jxl_e3,psnr_rgb_db,85,corpus-0085.ppm,detalhe_fino,21.211308176892384,23.567320999340616,36.47282518549297
n148i_vs_jxl_e3,psnr_rgb_db,86,corpus-0086.ppm,detalhe_fino,48.77394987406753,26.720720034821255,33.16296192386728
n148i_vs_jxl_e3,psnr_rgb_db,87,corpus-0087.ppm,detalhe_fino,9.644466285121055,26.114143681956325,33.47498433698315
n148i_vs_jxl_e3,psnr_rgb_db,89,corpus-0089.ppm,detalhe_fino,1.717188365979938,25.524571650274176,29.303581180410895
n148i_vs_jxl_e3,psnr_rgb_db,90,corpus-0090.ppm,detalhe_fino,0.7562212685165992,28.858697497786952,33.38692019156002
n148i_vs_jxl_e3,psnr_rgb_db,91,corpus-0091.ppm,texto_bordas_nitidas,31.953434582422346,28.298128605442507,37.18684555544507
n148i_vs_jxl_e3,psnr_rgb_db,92,corpus-0092.ppm,texto_bordas_nitidas,48.155242544400025,30.09133188043134,34.76766127637211
n148i_vs_jxl_e3,psnr_rgb_db,93,corpus-0093.ppm,texto_bordas_nitidas,17.956868840605146,31.180860647681556,40.15385322366241
n148i_vs_jxl_e3,psnr_rgb_db,94,corpus-0094.ppm,texto_bordas_nitidas,32.91946689501264,27.27136673306444,36.23996612330621
n148i_vs_jxl_e3,psnr_rgb_db,95,corpus-0095.ppm,texto_bordas_nitidas,34.73965376798773,27.980346073348755,40.93853129671598
n148i_vs_jxl_e3,psnr_rgb_db,96,corpus-0096.ppm,texto_bordas_nitidas,38.9482606852642,25.75496861141285,35.479706962379126
n148i_vs_jxl_e3,psnr_rgb_db,97,corpus-0097.ppm,texto_bordas_nitidas,38.350963253086135,28.036594004252784,41.42901372586636
n148i_vs_jxl_e3,psnr_rgb_db,98,corpus-0098.ppm,texto_bordas_nitidas,40.30064626653625,28.335079977073022,35.624940226723965
n148i_vs_jxl_e3,psnr_rgb_db,99,corpus-0099.ppm,texto_bordas_nitidas,71.67089696726848,31.822456715905886,37.60678713880358
n148i_vs_jxl_e3,psnr_rgb_db,100,corpus-0100.ppm,texto_bordas_nitidas,7.204503453222455,27.37879426327707,34.03750092797107
n148i_vs_jxl_e3,psnr_rgb_db,101,corpus-0101.ppm,texto_bordas_nitidas,67.21031572517388,31.63053753430603,38.141912546994455
n148i_vs_jxl_e3,psnr_rgb_db,102,corpus-0102.ppm,texto_bordas_nitidas,42.787605861557275,30.195749636009737,37.81197701576416
n148i_vs_jxl_e3,psnr_rgb_db,103,corpus-0103.ppm,texto_bordas_nitidas,44.23256298945291,30.81005491963607,39.647968483540815
n148i_vs_jxl_e3,psnr_rgb_db,104,corpus-0104.ppm,texto_bordas_nitidas,31.668474992320796,32.74323411590079,40.462659128344484
n148i_vs_jxl_e3,psnr_rgb_db,105,corpus-0105.ppm,texto_bordas_nitidas,33.969051170701704,33.1680661998629,39.52421599051101
n148i_vs_jxl_e3,psnr_rgb_db,106,corpus-0106.ppm,cores_saturadas_dessaturadas,14.459627664975972,29.548098321016496,35.10285361060469
n148i_vs_jxl_e3,psnr_rgb_db,107,corpus-0107.ppm,cores_saturadas_dessaturadas,-40.78445891820428,29.29052188596565,32.28118713267151
n148i_vs_jxl_e3,psnr_rgb_db,108,corpus-0108.ppm,cores_saturadas_dessaturadas,36.18370389578507,26.547219593466053,35.85149945534149
n148i_vs_jxl_e3,psnr_rgb_db,109,corpus-0109.ppm,cores_saturadas_dessaturadas,38.32736488182733,34.30432657838161,41.50469416892098
n148i_vs_jxl_e3,psnr_rgb_db,110,corpus-0110.ppm,cores_saturadas_dessaturadas,-9.755223884535768,29.032589139756514,34.926195883631486
n148i_vs_jxl_e3,psnr_rgb_db,111,corpus-0111.ppm,cores_saturadas_dessaturadas,7.592117187778813,26.76920696748668,31.811381283960266
n148i_vs_jxl_e3,psnr_rgb_db,112,corpus-0112.ppm,cores_saturadas_dessaturadas,23.967156058979477,29.753748493963528,37.819734851081655
n148i_vs_jxl_e3,psnr_rgb_db,113,corpus-0113.ppm,cores_saturadas_dessaturadas,-6.227686471700322,29.17997579778978,34.96605835406081
n148i_vs_jxl_e3,psnr_rgb_db,114,corpus-0114.ppm,cores_saturadas_dessaturadas,24.94838882521733,26.76122660545157,33.97765057913293
n148i_vs_jxl_e3,psnr_rgb_db,115,corpus-0115.ppm,cores_saturadas_dessaturadas,42.022273371774574,30.856894445120282,39.506308653949
n148i_vs_jxl_e3,psnr_rgb_db,116,corpus-0116.ppm,cores_saturadas_dessaturadas,55.895064627862844,36.69624510557464,44.46814738042689
n148i_vs_jxl_e3,psnr_rgb_db,117,corpus-0117.ppm,cores_saturadas_dessaturadas,68.41522369572677,39.03855351593627,46.72702913695485
n148i_vs_jxl_e3,psnr_rgb_db,118,corpus-0118.ppm,cores_saturadas_dessaturadas,0.4083278245327948,31.53730610667873,37.019185426963375
n148i_vs_jxl_e3,psnr_rgb_db,119,corpus-0119.ppm,cores_saturadas_dessaturadas,-14.434299557935958,31.75419417588589,36.028387203250325
n148i_vs_jxl_e3,psnr_rgb_db,120,corpus-0120.ppm,cores_saturadas_dessaturadas,-16.00506406155401,31.103722981426316,35.75189233426842
n148i_vs_jxl_e3,psnr_y_db,1,corpus-0001.ppm,retratos_historicos,39.24301047548315,27.86438433770702,38.573690621859626
n148i_vs_jxl_e3,psnr_y_db,2,corpus-0002.ppm,retratos_historicos,27.108451651191046,38.9574378334084,47.167393875954524
n148i_vs_jxl_e3,psnr_y_db,3,corpus-0003.ppm,retratos_historicos,43.40035958092632,30.305276352839996,41.744524522818914
n148i_vs_jxl_e3,psnr_y_db,4,corpus-0004.ppm,retratos_historicos,52.35955788431392,28.305335616015217,37.096057189576186
n148i_vs_jxl_e3,psnr_y_db,5,corpus-0005.ppm,retratos_historicos,45.41879475697439,32.64272018052557,40.25853301155307
n148i_vs_jxl_e3,psnr_y_db,6,corpus-0006.ppm,retratos_historicos,27.367421652848623,34.360910349902674,43.54255931099252
n148i_vs_jxl_e3,psnr_y_db,7,corpus-0007.ppm,retratos_historicos,29.232166316466547,30.660971114102956,40.12984716432562
n148i_vs_jxl_e3,psnr_y_db,8,corpus-0008.ppm,retratos_historicos,31.89759080543615,39.823015158126516,47.61056339374804
n148i_vs_jxl_e3,psnr_y_db,9,corpus-0009.ppm,retratos_historicos,50.946702981005984,28.94452599531145,38.647146865156145
n148i_vs_jxl_e3,psnr_y_db,10,corpus-0010.ppm,retratos_historicos,34.02587491585734,36.37986863217439,45.11031458165747
n148i_vs_jxl_e3,psnr_y_db,11,corpus-0011.ppm,retratos_historicos,50.36027166192467,36.05558485200169,43.4406730075363
n148i_vs_jxl_e3,psnr_y_db,12,corpus-0012.ppm,retratos_historicos,53.85887821581501,41.336402116469486,47.616589384540276
n148i_vs_jxl_e3,psnr_y_db,13,corpus-0013.ppm,retratos_historicos,58.136885797921444,35.08975989138164,42.852980213153096
n148i_vs_jxl_e3,psnr_y_db,14,corpus-0014.ppm,retratos_historicos,90.39170140631416,36.67548820807682,43.10411358940429
n148i_vs_jxl_e3,psnr_y_db,15,corpus-0015.ppm,retratos_historicos,35.52373611831015,27.53687773964033,41.84879594955721
n148i_vs_jxl_e3,psnr_y_db,16,corpus-0016.ppm,paisagens_naturais,46.860153680900794,28.853599462017357,39.17076407640301
n148i_vs_jxl_e3,psnr_y_db,17,corpus-0017.ppm,paisagens_naturais,46.475795127944444,29.863612417691563,39.561342478021004
n148i_vs_jxl_e3,psnr_y_db,18,corpus-0018.ppm,paisagens_naturais,50.45591568710783,32.72627469335689,41.18352621677852
n148i_vs_jxl_e3,psnr_y_db,19,corpus-0019.ppm,paisagens_naturais,51.09376580309184,33.775562249613735,41.86212818061769
n148i_vs_jxl_e3,psnr_y_db,20,corpus-0020.ppm,paisagens_naturais,48.866927801635065,25.82070437207851,38.24007969425764
n148i_vs_jxl_e3,psnr_y_db,21,corpus-0021.ppm,paisagens_naturais,46.017670487193165,33.444998049884646,42.113920760916585
n148i_vs_jxl_e3,psnr_y_db,22,corpus-0022.ppm,paisagens_naturais,40.67762280112175,28.73158615038203,38.71187595017802
n148i_vs_jxl_e3,psnr_y_db,23,corpus-0023.ppm,paisagens_naturais,25.923365549247258,24.63395598862565,37.588585394513444
n148i_vs_jxl_e3,psnr_y_db,24,corpus-0024.ppm,paisagens_naturais,48.09156747431733,31.135351814895774,40.12331981062938
n148i_vs_jxl_e3,psnr_y_db,25,corpus-0025.ppm,paisagens_naturais,48.45548224949914,37.24851429588505,45.6628311789379
n148i_vs_jxl_e3,psnr_y_db,26,corpus-0026.ppm,paisagens_naturais,38.16166717088274,25.652370772129316,37.353824883796044
n148i_vs_jxl_e3,psnr_y_db,27,corpus-0027.ppm,paisagens_naturais,45.15484922400963,28.967811320248554,38.67545323151274
n148i_vs_jxl_e3,psnr_y_db,28,corpus-0028.ppm,paisagens_naturais,39.68425859788341,38.70751201963034,46.978906922353005
n148i_vs_jxl_e3,psnr_y_db,29,corpus-0029.ppm,paisagens_naturais,50.969521935166775,29.76334309108505,39.51440944261682
n148i_vs_jxl_e3,psnr_y_db,30,corpus-0030.ppm,paisagens_naturais,46.39173144150879,34.64028579883213,43.33630320746704
n148i_vs_jxl_e3,psnr_y_db,31,corpus-0031.ppm,urbano_arquitetura,26.165833397383985,28.954454880047123,39.63304482126652
n148i_vs_jxl_e3,psnr_y_db,32,corpus-0032.ppm,urbano_arquitetura,45.925277718042864,33.15726242051375,41.2958876085071
n148i_vs_jxl_e3,psnr_y_db,33,corpus-0033.ppm,urbano_arquitetura,27.521509532003275,36.16368367992985,42.287767891186675
n148i_vs_jxl_e3,psnr_y_db,34,corpus-0034.ppm,urbano_arquitetura,36.21768506307062,36.46647669035053,43.37848362232275
n148i_vs_jxl_e3,psnr_y_db,35,corpus-0035.ppm,urbano_arquitetura,36.3149873523757,29.967399503326007,40.161147277052095
n148i_vs_jxl_e3,psnr_y_db,36,corpus-0036.ppm,urbano_arquitetura,35.35101080392871,28.84525840338146,39.696129540685696
n148i_vs_jxl_e3,psnr_y_db,37,corpus-0037.ppm,urbano_arquitetura,26.23343722894973,29.707114305321483,40.78122128032974
n148i_vs_jxl_e3,psnr_y_db,38,corpus-0038.ppm,urbano_arquitetura,36.32422225105911,28.888387832799033,38.091410442847646
n148i_vs_jxl_e3,psnr_y_db,39,corpus-0039.ppm,urbano_arquitetura,38.109624391831474,27.65880574817759,38.74988186254962
n148i_vs_jxl_e3,psnr_y_db,40,corpus-0040.ppm,urbano_arquitetura,43.186503020934055,27.771894682186705,38.97014376987119
n148i_vs_jxl_e3,psnr_y_db,41,corpus-0041.ppm,urbano_arquitetura,36.60056781959731,32.07561293712102,41.699962942997566
n148i_vs_jxl_e3,psnr_y_db,42,corpus-0042.ppm,urbano_arquitetura,35.15171056255441,28.89140461613731,39.5520982155802
n148i_vs_jxl_e3,psnr_y_db,43,corpus-0043.ppm,urbano_arquitetura,27.139493843842555,34.67189354068485,43.22068255671685
n148i_vs_jxl_e3,psnr_y_db,44,corpus-0044.ppm,urbano_arquitetura,30.835065717302413,23.633085475983222,39.91974227307448
n148i_vs_jxl_e3,psnr_y_db,45,corpus-0045.ppm,urbano_arquitetura,46.958861294369704,28.550860072745582,38.436223138156066
n148i_vs_jxl_e3,psnr_y_db,46,corpus-0046.ppm,texturas_alta_frequencia,42.141439089724074,26.494638045299755,36.37206784990971
n148i_vs_jxl_e3,psnr_y_db,47,corpus-0047.ppm,texturas_alta_frequencia,45.38786168226221,23.836535723575683,36.319033105107835
n148i_vs_jxl_e3,psnr_y_db,48,corpus-0048.ppm,texturas_alta_frequencia,42.81874835167723,26.299151582315474,37.62214843074311
n148i_vs_jxl_e3,psnr_y_db,49,corpus-0049.ppm,texturas_alta_frequencia,44.18828161290633,31.422456032795782,39.75008246953104
n148i_vs_jxl_e3,psnr_y_db,50,corpus-0050.ppm,texturas_alta_frequencia,38.32808720945344,28.459980414879613,37.40191442608508
n148i_vs_jxl_e3,psnr_y_db,51,corpus-0051.ppm,texturas_alta_frequencia,46.21449044074026,25.81385215564425,36.39875100447205
n148i_vs_jxl_e3,psnr_y_db,52,corpus-0052.ppm,texturas_alta_frequencia,41.99187069158079,25.29460869662024,36.456969524020494
n148i_vs_jxl_e3,psnr_y_db,53,corpus-0053.ppm,texturas_alta_frequencia,40.85259769202114,26.806516963210328,37.197195680645244
n148i_vs_jxl_e3,psnr_y_db,54,corpus-0054.ppm,texturas_alta_frequencia,38.86425598552768,25.65204848791181,42.283378423772845
n148i_vs_jxl_e3,psnr_y_db,55,corpus-0055.ppm,texturas_alta_frequencia,30.910336463709243,34.05734851358372,40.69975147091525
n148i_vs_jxl_e3,psnr_y_db,56,corpus-0056.ppm,texturas_alta_frequencia,54.56731560781811,26.89331482163062,36.438679680702045
n148i_vs_jxl_e3,psnr_y_db,57,corpus-0057.ppm,texturas_alta_frequencia,40.1927713744769,31.34413229738465,38.529501748636186
n148i_vs_jxl_e3,psnr_y_db,58,corpus-0058.ppm,texturas_alta_frequencia,36.817028338047784,26.90430625355219,38.317399169693054
n148i_vs_jxl_e3,psnr_y_db,59,corpus-0059.ppm,texturas_alta_frequencia,23.557638851064567,35.56795040642565,43.66382227783896
n148i_vs_jxl_e3,psnr_y_db,60,corpus-0060.ppm,texturas_alta_frequencia,26.21195165706991,35.47816663047352,43.11152912058586
n148i_vs_jxl_e3,psnr_y_db,61,corpus-0061.ppm,superficies_suaves_degrades,20.216488239186404,41.59626764037433,47.84940686120219
n148i_vs_jxl_e3,psnr_y_db,62,corpus-0062.ppm,superficies_suaves_degrades,28.764941765967645,42.194896106551305,48.16187357653629
n148i_vs_jxl_e3,psnr_y_db,63,corpus-0063.ppm,superficies_suaves_degrades,45.65589891295456,36.53409730410852,45.96863699955793
n148i_vs_jxl_e3,psnr_y_db,64,corpus-0064.ppm,superficies_suaves_degrades,42.212546846655876,30.99299316983458,47.23348784897069
n148i_vs_jxl_e3,psnr_y_db,65,corpus-0065.ppm,superficies_suaves_degrades,50.84014399085106,32.31895390517772,42.089833492306525
n148i_vs_jxl_e3,psnr_y_db,66,corpus-0066.ppm,superficies_suaves_degrades,42.01176174599841,35.58957363143387,41.93095407616157
n148i_vs_jxl_e3,psnr_y_db,67,corpus-0067.ppm,superficies_suaves_degrades,43.74506005994796,32.962931806710934,41.094962929459406
n148i_vs_jxl_e3,psnr_y_db,68,corpus-0068.ppm,superficies_suaves_degrades,28.80126459550121,26.962675072285375,37.78058025463277
n148i_vs_jxl_e3,psnr_y_db,69,corpus-0069.ppm,superficies_suaves_degrades,54.162328736706456,33.89831940306625,42.73844852614761
n148i_vs_jxl_e3,psnr_y_db,70,corpus-0070.ppm,superficies_suaves_degrades,42.51574057457812,31.35990275948142,40.94239856840788
n148i_vs_jxl_e3,psnr_y_db,71,corpus-0071.ppm,superficies_suaves_degrades,16.07182283913584,37.16545956475426,45.35896903901845
n148i_vs_jxl_e3,psnr_y_db,72,corpus-0072.ppm,superficies_suaves_degrades,53.41421556340911,27.058691951156796,38.69717344288731
n148i_vs_jxl_e3,psnr_y_db,73,corpus-0073.ppm,superficies_suaves_degrades,42.50419296841468,43.59900480008064,50.233992372652345
n148i_vs_jxl_e3,psnr_y_db,74,corpus-0074.ppm,superficies_suaves_degrades,62.116740066787514,38.74935241749752,46.361480060697026
n148i_vs_jxl_e3,psnr_y_db,75,corpus-0075.ppm,superficies_suaves_degrades,62.17484253207151,39.781855767216065,48.56894532161883
n148i_vs_jxl_e3,psnr_y_db,76,corpus-0076.ppm,detalhe_fino,33.9505881802844,33.951412287074064,42.589100084479355
n148i_vs_jxl_e3,psnr_y_db,77,corpus-0077.ppm,detalhe_fino,27.4237231258303,29.282522476933742,38.36653119385054
n148i_vs_jxl_e3,psnr_y_db,78,corpus-0078.ppm,detalhe_fino,36.20793500854025,27.33452031331895,37.754096288729286
n148i_vs_jxl_e3,psnr_y_db,79,corpus-0079.ppm,detalhe_fino,30.670653724002882,26.749189861883906,37.56698500517472
n148i_vs_jxl_e3,psnr_y_db,80,corpus-0080.ppm,detalhe_fino,49.100010022851734,30.33576811133029,39.34644436328508
n148i_vs_jxl_e3,psnr_y_db,81,corpus-0081.ppm,detalhe_fino,19.856565423868776,31.71198892133515,48.019756031632156
n148i_vs_jxl_e3,psnr_y_db,82,corpus-0082.ppm,detalhe_fino,26.419268745078895,34.169745693086455,41.791886551221076
n148i_vs_jxl_e3,psnr_y_db,83,corpus-0083.ppm,detalhe_fino,23.474513573095113,31.978553622903505,41.93421823265008
n148i_vs_jxl_e3,psnr_y_db,84,corpus-0084.ppm,detalhe_fino,-4.591936193434265,34.83196286735571,42.80018965476024
n148i_vs_jxl_e3,psnr_y_db,85,corpus-0085.ppm,detalhe_fino,25.889882458175183,25.410304633655407,42.04500647391051
n148i_vs_jxl_e3,psnr_y_db,86,corpus-0086.ppm,detalhe_fino,29.29885268156869,28.760442083397002,37.82642328203769
n148i_vs_jxl_e3,psnr_y_db,87,corpus-0087.ppm,detalhe_fino,28.209094862751538,27.87641673840355,38.207579630162144
n148i_vs_jxl_e3,psnr_y_db,88,corpus-0088.ppm,detalhe_fino,-6.5998946227731725,39.77719376272999,45.553344312495625
n148i_vs_jxl_e3,psnr_y_db,89,corpus-0089.ppm,detalhe_fino,-5.627683529985273,30.80241770850261,39.07838068102285
n148i_vs_jxl_e3,psnr_y_db,90,corpus-0090.ppm,detalhe_fino,-10.866241262840305,34.64753127887958,42.49498247524628
n148i_vs_jxl_e3,psnr_y_db,91,corpus-0091.ppm,texto_bordas_nitidas,26.75768821643083,29.38158193496296,41.601697988150654
n148i_vs_jxl_e3,psnr_y_db,92,corpus-0092.ppm,texto_bordas_nitidas,44.18785453104006,32.088263584819956,39.90844089214821
n148i_vs_jxl_e3,psnr_y_db,93,corpus-0093.ppm,texto_bordas_nitidas,32.79220712494673,32.85741877442418,44.39356270799848
n148i_vs_jxl_e3,psnr_y_db,94,corpus-0094.ppm,texto_bordas_nitidas,35.244689332654566,28.595560627559063,39.93939086081946
n148i_vs_jxl_e3,psnr_y_db,95,corpus-0095.ppm,texto_bordas_nitidas,34.86070369072254,27.982686541909576,40.93853129671597
n148i_vs_jxl_e3,psnr_y_db,96,corpus-0096.ppm,texto_bordas_nitidas,37.65256179257555,26.18705058733545,37.6137298879567
n148i_vs_jxl_e3,psnr_y_db,97,corpus-0097.ppm,texto_bordas_nitidas,38.54691716110921,28.096853413235266,41.8584914517717
n148i_vs_jxl_e3,psnr_y_db,98,corpus-0098.ppm,texto_bordas_nitidas,20.874125780248075,29.89808504112839,41.480905877614596
n148i_vs_jxl_e3,psnr_y_db,99,corpus-0099.ppm,texto_bordas_nitidas,18.88398582197597,35.91186975516135,45.24145904344949
n148i_vs_jxl_e3,psnr_y_db,100,corpus-0100.ppm,texto_bordas_nitidas,31.088747681144536,30.305121469450068,41.75712187894465
n148i_vs_jxl_e3,psnr_y_db,101,corpus-0101.ppm,texto_bordas_nitidas,19.87832217335366,34.3067179780126,49.86756907712
n148i_vs_jxl_e3,psnr_y_db,102,corpus-0102.ppm,texto_bordas_nitidas,33.24361192379368,31.74547995987141,41.387288917484355
n148i_vs_jxl_e3,psnr_y_db,103,corpus-0103.ppm,texto_bordas_nitidas,41.09319745364808,32.30014792715602,43.35737349112175
n148i_vs_jxl_e3,psnr_y_db,104,corpus-0104.ppm,texto_bordas_nitidas,39.74525797854489,34.86039986342489,43.64997379404289
n148i_vs_jxl_e3,psnr_y_db,105,corpus-0105.ppm,texto_bordas_nitidas,27.264650154741776,36.29899648855972,44.19782835281577
n148i_vs_jxl_e3,psnr_y_db,106,corpus-0106.ppm,cores_saturadas_dessaturadas,-17.189040591024263,35.60129557711316,42.584878886577854
n148i_vs_jxl_e3,psnr_y_db,107,corpus-0107.ppm,cores_saturadas_dessaturadas,1.9956962234315867,30.487022383324295,37.541381262348196
n148i_vs_jxl_e3,psnr_y_db,108,corpus-0108.ppm,cores_saturadas_dessaturadas,40.65714640687488,27.48133664234804,38.48867336236497
n148i_vs_jxl_e3,psnr_y_db,109,corpus-0109.ppm,cores_saturadas_dessaturadas,55.37890079887144,36.6664897381222,44.36950774336107
n148i_vs_jxl_e3,psnr_y_db,110,corpus-0110.ppm,cores_saturadas_dessaturadas,16.733000268757813,31.920000228007957,41.489180206055714
n148i_vs_jxl_e3,psnr_y_db,111,corpus-0111.ppm,cores_saturadas_dessaturadas,4.301438441571226,31.871591027712295,42.05017139077181
n148i_vs_jxl_e3,psnr_y_db,112,corpus-0112.ppm,cores_saturadas_dessaturadas,30.69741353290951,31.009035738951752,40.00765724409795
n148i_vs_jxl_e3,psnr_y_db,113,corpus-0113.ppm,cores_saturadas_dessaturadas,18.467679535729875,34.43358152253924,43.60731091039228
n148i_vs_jxl_e3,psnr_y_db,114,corpus-0114.ppm,cores_saturadas_dessaturadas,23.677540020087328,28.523857027110967,38.51198989645468
n148i_vs_jxl_e3,psnr_y_db,115,corpus-0115.ppm,cores_saturadas_dessaturadas,42.415331978763945,30.856894445120282,39.506308653949
n148i_vs_jxl_e3,psnr_y_db,116,corpus-0116.ppm,cores_saturadas_dessaturadas,57.985188107093435,36.69624510557464,44.46814738042689
n148i_vs_jxl_e3,psnr_y_db,117,corpus-0117.ppm,cores_saturadas_dessaturadas,73.50215017811061,39.03855351593627,46.727029136954854
n148i_vs_jxl_e3,psnr_y_db,118,corpus-0118.ppm,cores_saturadas_dessaturadas,-30.113951473215206,38.70918097890027,43.383795051709996
n148i_vs_jxl_e3,psnr_y_db,119,corpus-0119.ppm,cores_saturadas_dessaturadas,-8.84792047766647,37.22819247494705,43.62072943406436
n148i_vs_jxl_e3,psnr_y_db,120,corpus-0120.ppm,cores_saturadas_dessaturadas,-4.302007661869444,37.059759570709346,44.54579849762542
n148i_vs_jxl_e3,ssim,1,corpus-0001.ppm,retratos_historicos,29.63415657992945,0.8609408305682478,0.9821070583122894
n148i_vs_jxl_e3,ssim,2,corpus-0002.ppm,retratos_historicos,20.36571736807604,0.9346164741129748,0.9835778422599674
n148i_vs_jxl_e3,ssim,3,corpus-0003.ppm,retratos_historicos,21.94481407803255,0.9231309261281956,0.9792948320406851
n148i_vs_jxl_e3,ssim,4,corpus-0004.ppm,retratos_historicos,32.57229982734891,0.7313079954024566,0.9616146043486555
n148i_vs_jxl_e3,ssim,5,corpus-0005.ppm,retratos_historicos,18.125524899453005,0.8322036955961748,0.9564734266370026
n148i_vs_jxl_e3,ssim,6,corpus-0006.ppm,retratos_historicos,17.8337630757593,0.9047052678118166,0.9801653992892599
n148i_vs_jxl_e3,ssim,7,corpus-0007.ppm,retratos_historicos,36.86689733222652,0.8191883882586213,0.945823170888609
n148i_vs_jxl_e3,ssim,8,corpus-0008.ppm,retratos_historicos,12.027684001419026,0.8728504552053163,0.9563941772117417
n148i_vs_jxl_e3,ssim,9,corpus-0009.ppm,retratos_historicos,26.717890228671372,0.8339374912465259,0.9614072153173424
n148i_vs_jxl_e3,ssim,10,corpus-0010.ppm,retratos_historicos,20.487335320630606,0.9032201867846289,0.9844191790731278
n148i_vs_jxl_e3,ssim,11,corpus-0011.ppm,retratos_historicos,32.54756079595336,0.9228126229537419,0.9771089552151654
n148i_vs_jxl_e3,ssim,12,corpus-0012.ppm,retratos_historicos,25.28869443155255,0.960365942444929,0.9784386402033721
n148i_vs_jxl_e3,ssim,13,corpus-0013.ppm,retratos_historicos,38.430303598388704,0.8962007732711762,0.9767873877908113
n148i_vs_jxl_e3,ssim,14,corpus-0014.ppm,retratos_historicos,49.741868122906155,0.9098777600233178,0.9676014885881079
n148i_vs_jxl_e3,ssim,15,corpus-0015.ppm,retratos_historicos,43.41760887465236,0.9749377400344742,0.9963002136054748
n148i_vs_jxl_e3,ssim,16,corpus-0016.ppm,paisagens_naturais,24.791353700819684,0.8752614333721804,0.9726922974402997
n148i_vs_jxl_e3,ssim,17,corpus-0017.ppm,paisagens_naturais,11.998021735407782,0.8485925857459907,0.9651143720414807
n148i_vs_jxl_e3,ssim,18,corpus-0018.ppm,paisagens_naturais,21.66381763504519,0.879638967444844,0.969477117237541
n148i_vs_jxl_e3,ssim,19,corpus-0019.ppm,paisagens_naturais,22.2225425552373,0.8856899405542332,0.9718217325824772
n148i_vs_jxl_e3,ssim,20,corpus-0020.ppm,paisagens_naturais,27.165092932999556,0.8342283043461688,0.9738535751181044
n148i_vs_jxl_e3,ssim,21,corpus-0021.ppm,paisagens_naturais,24.252072157065953,0.8887241195638627,0.9690036183829226
n148i_vs_jxl_e3,ssim,22,corpus-0022.ppm,paisagens_naturais,18.57362922808661,0.7962508164449553,0.949349870363752
n148i_vs_jxl_e3,ssim,23,corpus-0023.ppm,paisagens_naturais,23.599912962267823,0.8644004375399806,0.9546594101715682
n148i_vs_jxl_e3,ssim,24,corpus-0024.ppm,paisagens_naturais,24.97450650807722,0.8660923932925706,0.9735953785509732
n148i_vs_jxl_e3,ssim,25,corpus-0025.ppm,paisagens_naturais,27.56681374944179,0.9116081779853561,0.9687075402664549
n148i_vs_jxl_e3,ssim,26,corpus-0026.ppm,paisagens_naturais,29.058980249067233,0.7900056199531765,0.9635818396958135
n148i_vs_jxl_e3,ssim,27,corpus-0027.ppm,paisagens_naturais,22.01602600967496,0.7955346038943288,0.9388621707564052
n148i_vs_jxl_e3,ssim,28,corpus-0028.ppm,paisagens_naturais,24.00911692801344,0.9377757123427916,0.9828319631882277
n148i_vs_jxl_e3,ssim,29,corpus-0029.ppm,paisagens_naturais,20.209961962025314,0.8556293136106131,0.9707934542720986
n148i_vs_jxl_e3,ssim,30,corpus-0030.ppm,paisagens_naturais,16.196911899483936,0.8929857040173825,0.9743305924678961
n148i_vs_jxl_e3,ssim,31,corpus-0031.ppm,urbano_arquitetura,17.460182639939426,0.8843011464115643,0.9718002715174293
n148i_vs_jxl_e3,ssim,32,corpus-0032.ppm,urbano_arquitetura,16.070650216449266,0.8209034766640354,0.9270599655445975
n148i_vs_jxl_e3,ssim,33,corpus-0033.ppm,urbano_arquitetura,16.349222788829955,0.8309169155890351,0.9272080865874374
n148i_vs_jxl_e3,ssim,34,corpus-0034.ppm,urbano_arquitetura,21.369479519911415,0.8513276236229719,0.9344231199324816
n148i_vs_jxl_e3,ssim,35,corpus-0035.ppm,urbano_arquitetura,28.109855611428735,0.8789511220029133,0.9733228911547047
n148i_vs_jxl_e3,ssim,36,corpus-0036.ppm,urbano_arquitetura,35.3824174076606,0.8771983795557398,0.9666304784953353
n148i_vs_jxl_e3,ssim,37,corpus-0037.ppm,urbano_arquitetura,33.452628724592245,0.8428547226440642,0.9485964805841957
n148i_vs_jxl_e3,ssim,38,corpus-0038.ppm,urbano_arquitetura,21.395666444937422,0.8818658669904748,0.97543644018906
n148i_vs_jxl_e3,ssim,39,corpus-0039.ppm,urbano_arquitetura,30.581778003358107,0.8708161540041974,0.9725680536472403
n148i_vs_jxl_e3,ssim,40,corpus-0040.ppm,urbano_arquitetura,26.34919330390282,0.8209246934197708,0.9573876735251154
n148i_vs_jxl_e3,ssim,41,corpus-0041.ppm,urbano_arquitetura,34.595556398570395,0.8924965092708522,0.9666663698475864
n148i_vs_jxl_e3,ssim,42,corpus-0042.ppm,urbano_arquitetura,33.557853118612634,0.8742137562008955,0.9656043914090989
n148i_vs_jxl_e3,ssim,43,corpus-0043.ppm,urbano_arquitetura,22.062607301541014,0.918153639372401,0.9735720151885809
n148i_vs_jxl_e3,ssim,44,corpus-0044.ppm,urbano_arquitetura,22.038041801797558,0.834054870625462,0.9896006381681284
n148i_vs_jxl_e3,ssim,45,corpus-0045.ppm,urbano_arquitetura,32.62252094511384,0.8277917573509296,0.975645317729294
n148i_vs_jxl_e3,ssim,46,corpus-0046.ppm,texturas_alta_frequencia,21.576390905547417,0.6393494595488133,0.9369653976220222
n148i_vs_jxl_e3,ssim,47,corpus-0047.ppm,texturas_alta_frequencia,29.37073541512052,0.6974952616402174,0.9583670898562038
n148i_vs_jxl_e3,ssim,48,corpus-0048.ppm,texturas_alta_frequencia,12.458563033524218,0.7632731142569522,0.9451413767264202
n148i_vs_jxl_e3,ssim,49,corpus-0049.ppm,texturas_alta_frequencia,23.816621719245077,0.8263285763166471,0.9693426684740839
n148i_vs_jxl_e3,ssim,50,corpus-0050.ppm,texturas_alta_frequencia,29.16965482883438,0.8394050374749833,0.9554480675045411
n148i_vs_jxl_e3,ssim,51,corpus-0051.ppm,texturas_alta_frequencia,34.65671414786753,0.7120228520833196,0.9739228795484561
n148i_vs_jxl_e3,ssim,52,corpus-0052.ppm,texturas_alta_frequencia,33.786256464968886,0.8342679018139142,0.9770990928574131
n148i_vs_jxl_e3,ssim,53,corpus-0053.ppm,texturas_alta_frequencia,26.945299729943727,0.8608446931567633,0.9764263726833379
n148i_vs_jxl_e3,ssim,54,corpus-0054.ppm,texturas_alta_frequencia,35.64607118854495,0.8663506100211302,0.9916275811652632
n148i_vs_jxl_e3,ssim,55,corpus-0055.ppm,texturas_alta_frequencia,17.98172156254758,0.8047304800456683,0.9467255268025463
n148i_vs_jxl_e3,ssim,56,corpus-0056.ppm,texturas_alta_frequencia,37.200606360799604,0.6313651722068602,0.9550369825640149
n148i_vs_jxl_e3,ssim,57,corpus-0057.ppm,texturas_alta_frequencia,27.567627781048067,0.7946001142129182,0.9593582323585809
n148i_vs_jxl_e3,ssim,58,corpus-0058.ppm,texturas_alta_frequencia,16.034609447406957,0.8527853968783914,0.9662383699335036
n148i_vs_jxl_e3,ssim,59,corpus-0059.ppm,texturas_alta_frequencia,4.407634948397399,0.8833289146552114,0.973309407422017
n148i_vs_jxl_e3,ssim,60,corpus-0060.ppm,texturas_alta_frequencia,8.436426928960516,0.859407605746922,0.9640726243175726
n148i_vs_jxl_e3,ssim,61,corpus-0061.ppm,superficies_suaves_degrades,33.066789898448135,0.9486014240579758,0.9763810537035451
n148i_vs_jxl_e3,ssim,62,corpus-0062.ppm,superficies_suaves_degrades,34.48694731430937,0.9547402482727506,0.9764626152530776
n148i_vs_jxl_e3,ssim,63,corpus-0063.ppm,superficies_suaves_degrades,38.17636654381462,0.9348138275206304,0.9804532296678689
n148i_vs_jxl_e3,ssim,64,corpus-0064.ppm,superficies_suaves_degrades,26.657427141613745,0.9064454263693177,0.9876242729347117
n148i_vs_jxl_e3,ssim,65,corpus-0065.ppm,superficies_suaves_degrades,26.501754863214934,0.9121667223095247,0.976105879874757
n148i_vs_jxl_e3,ssim,66,corpus-0066.ppm,superficies_suaves_degrades,21.344213680207336,0.8777762621476791,0.9628700329360705
n148i_vs_jxl_e3,ssim,67,corpus-0067.ppm,superficies_suaves_degrades,19.449981394471315,0.8734103151559874,0.9633506747401076
n148i_vs_jxl_e3,ssim,68,corpus-0068.ppm,superficies_suaves_degrades,43.428762307634926,0.8032152788008298,0.9484362777443515
n148i_vs_jxl_e3,ssim,69,corpus-0069.ppm,superficies_suaves_degrades,34.61596550286714,0.8844738300397262,0.9702786707222263
n148i_vs_jxl_e3,ssim,70,corpus-0070.ppm,superficies_suaves_degrades,35.53717857809491,0.8855874607410276,0.9686944168039954
n148i_vs_jxl_e3,ssim,71,corpus-0071.ppm,superficies_suaves_degrades,-6.591639514903913,0.8788971506861798,0.9547812162311914
n148i_vs_jxl_e3,ssim,72,corpus-0072.ppm,superficies_suaves_degrades,36.19437313280962,0.8553192454500848,0.9798844928338083
n148i_vs_jxl_e3,ssim,73,corpus-0073.ppm,superficies_suaves_degrades,93.31069627805029,0.9319117504506663,0.9828316802208125
n148i_vs_jxl_e3,ssim,74,corpus-0074.ppm,superficies_suaves_degrades,40.987248594179526,0.9505657426280019,0.9837092388162659
n148i_vs_jxl_e3,ssim,75,corpus-0075.ppm,superficies_suaves_degrades,57.582876400924675,0.9452227311119731,0.9879077667042256
n148i_vs_jxl_e3,ssim,76,corpus-0076.ppm,detalhe_fino,-20.28542051437273,0.8742697048150793,0.9446400528059264
n148i_vs_jxl_e3,ssim,77,corpus-0077.ppm,detalhe_fino,11.62073986177421,0.8331676181903326,0.9604681359149309
n148i_vs_jxl_e3,ssim,78,corpus-0078.ppm,detalhe_fino,17.169958597773483,0.8395504368534049,0.970009078955773
n148i_vs_jxl_e3,ssim,79,corpus-0079.ppm,detalhe_fino,8.449749753993707,0.8133993736159013,0.9528075389920131
n148i_vs_jxl_e3,ssim,80,corpus-0080.ppm,detalhe_fino,22.38085142041757,0.8243846906320421,0.9597328527880405
n148i_vs_jxl_e3,ssim,81,corpus-0081.ppm,detalhe_fino,24.45603966529577,0.8493018322598497,0.989227090063134
n148i_vs_jxl_e3,ssim,82,corpus-0082.ppm,detalhe_fino,22.975968647732834,0.8466568781055187,0.9462433005095008
n148i_vs_jxl_e3,ssim,83,corpus-0083.ppm,detalhe_fino,13.568978196104343,0.8629213409441059,0.957986662748756
n148i_vs_jxl_e3,ssim,84,corpus-0084.ppm,detalhe_fino,50.270865728366054,0.6470816422793327,0.8611545428104458
n148i_vs_jxl_e3,ssim,85,corpus-0085.ppm,detalhe_fino,26.35378125485048,0.8399297248096826,0.9868849453811133
n148i_vs_jxl_e3,ssim,86,corpus-0086.ppm,detalhe_fino,33.88660742825975,0.7638287412864574,0.9308180539381686
n148i_vs_jxl_e3,ssim,87,corpus-0087.ppm,detalhe_fino,5.116959802727528,0.8484331082458009,0.9607542081321188
n148i_vs_jxl_e3,ssim,89,corpus-0089.ppm,detalhe_fino,13.022153972892191,0.6960166486863408,0.8668413594320578
n148i_vs_jxl_e3,ssim,90,corpus-0090.ppm,detalhe_fino,-18.650759967753938,0.8032218846437823,0.8849190853453607
n148i_vs_jxl_e3,ssim,91,corpus-0091.ppm,texto_bordas_nitidas,42.72523506189305,0.947975279118982,0.9884256028453811
n148i_vs_jxl_e3,ssim,92,corpus-0092.ppm,texto_bordas_nitidas,26.289441065374895,0.7737335412532391,0.8903742788571266
n148i_vs_jxl_e3,ssim,93,corpus-0093.ppm,texto_bordas_nitidas,54.8288864938139,0.9575491492797847,0.9818663037248286
n148i_vs_jxl_e3,ssim,94,corpus-0094.ppm,texto_bordas_nitidas,27.87651729632823,0.8634726703357082,0.9703092661075109
n148i_vs_jxl_e3,ssim,95,corpus-0095.ppm,texto_bordas_nitidas,44.36855524020289,0.9734128489851162,0.9948081383993731
n148i_vs_jxl_e3,ssim,96,corpus-0096.ppm,texto_bordas_nitidas,26.603615185604234,0.783020964518911,0.9713454566582126
n148i_vs_jxl_e3,ssim,97,corpus-0097.ppm,texto_bordas_nitidas,48.505900352225616,0.9549920266671257,0.9930087907918517
n148i_vs_jxl_e3,ssim,98,corpus-0098.ppm,texto_bordas_nitidas,48.605743403582835,0.9100970722322734,0.9653266233028277
n148i_vs_jxl_e3,ssim,99,corpus-0099.ppm,texto_bordas_nitidas,36.96623895483984,0.9059862012203309,0.9749389143525798
n148i_vs_jxl_e3,ssim,100,corpus-0100.ppm,texto_bordas_nitidas,37.65150010648981,0.9143033923155617,0.9637168140776482
n148i_vs_jxl_e3,ssim,101,corpus-0101.ppm,texto_bordas_nitidas,48.90603271707887,0.931602011312776,0.9835700028085562
n148i_vs_jxl_e3,ssim,102,corpus-0102.ppm,texto_bordas_nitidas,16.551859208577046,0.881352525644976,0.9664594607615354
n148i_vs_jxl_e3,ssim,103,corpus-0103.ppm,texto_bordas_nitidas,27.66974216099729,0.9314474097845956,0.9794074390711794
n148i_vs_jxl_e3,ssim,104,corpus-0104.ppm,texto_bordas_nitidas,19.907268550192025,0.9283570957923688,0.974192593480125
n148i_vs_jxl_e3,ssim,105,corpus-0105.ppm,texto_bordas_nitidas,30.21632714075224,0.87212781934558,0.9605622625591131
n148i_vs_jxl_e3,ssim,106,corpus-0106.ppm,cores_saturadas_dessaturadas,-6.979301659698834,0.852828642322561,0.9427501996014627
n148i_vs_jxl_e3,ssim,107,corpus-0107.ppm,cores_saturadas_dessaturadas,-27.94941678952011,0.6888228013650278,0.8406049466137375
n148i_vs_jxl_e3,ssim,108,corpus-0108.ppm,cores_saturadas_dessaturadas,22.337710085312622,0.8241299851990581,0.9684884409961807
n148i_vs_jxl_e3,ssim,109,corpus-0109.ppm,cores_saturadas_dessaturadas,27.173218325286896,0.9009125757523514,0.9640343871771687
n148i_vs_jxl_e3,ssim,110,corpus-0110.ppm,cores_saturadas_dessaturadas,-20.2763867577353,0.8777971400329984,0.9441110264647801
n148i_vs_jxl_e3,ssim,111,corpus-0111.ppm,cores_saturadas_dessaturadas,58.77399641024097,0.8930374696824227,0.9404723638538747
n148i_vs_jxl_e3,ssim,112,corpus-0112.ppm,cores_saturadas_dessaturadas,9.758769085276775,0.9107293714242135,0.9781374795270305
n148i_vs_jxl_e3,ssim,113,corpus-0113.ppm,cores_saturadas_dessaturadas,13.78971929612829,0.8648558183133085,0.94924944376165
n148i_vs_jxl_e3,ssim,114,corpus-0114.ppm,cores_saturadas_dessaturadas,16.825289675222656,0.8449187974318072,0.9566511148027117
n148i_vs_jxl_e3,ssim,115,corpus-0115.ppm,cores_saturadas_dessaturadas,29.20142921117317,0.8871976110134819,0.9808603164815382
n148i_vs_jxl_e3,ssim,116,corpus-0116.ppm,cores_saturadas_dessaturadas,35.7868621162519,0.9392238330410105,0.9837218763616983
n148i_vs_jxl_e3,ssim,117,corpus-0117.ppm,cores_saturadas_dessaturadas,46.93187606925817,0.9667910980076168,0.9837040899532702
n148i_vs_jxl_e3,ssim,118,corpus-0118.ppm,cores_saturadas_dessaturadas,8.669294842925668,0.8771596547108856,0.9413589374600484
n148i_vs_jxl_e3,ssim,119,corpus-0119.ppm,cores_saturadas_dessaturadas,-16.660457776369963,0.8530522738495471,0.9240901331200334
n148i_vs_jxl_e3,ssim,120,corpus-0120.ppm,cores_saturadas_dessaturadas,-7.641544150570612,0.8685719738801706,0.942170357296192
n148i_vs_jxl_e3,ms_ssim,1,corpus-0001.ppm,retratos_historicos,15.340518688890104,0.9771700232168139,0.9982357955196107
n148i_vs_jxl_e3,ms_ssim,2,corpus-0002.ppm,retratos_historicos,22.194350072115476,0.9813757255645223,0.9976316444344557
n148i_vs_jxl_e3,ms_ssim,3,corpus-0003.ppm,retratos_historicos,30.85649587003221,0.9826516047884648,0.997031658851664
n148i_vs_jxl_e3,ms_ssim,4,corpus-0004.ppm,retratos_historicos,20.673415261666484,0.9525136832563436,0.9960085982031734
n148i_vs_jxl_e3,ms_ssim,5,corpus-0005.ppm,retratos_historicos,22.190547702346166,0.9640562165666674,0.9946379284100519
n148i_vs_jxl_e3,ms_ssim,6,corpus-0006.ppm,retratos_historicos,21.164889216940264,0.9796268973707889,0.9973181815503102
n148i_vs_jxl_e3,ms_ssim,7,corpus-0007.ppm,retratos_historicos,54.07840717205114,0.9590986078710193,0.9912782303057169
n148i_vs_jxl_e3,ms_ssim,8,corpus-0008.ppm,retratos_historicos,31.344532138152715,0.9715008075866265,0.9958668767082058
n148i_vs_jxl_e3,ms_ssim,9,corpus-0009.ppm,retratos_historicos,24.6332337363391,0.9698096927369197,0.9957857946847609
n148i_vs_jxl_e3,ms_ssim,10,corpus-0010.ppm,retratos_historicos,14.083675036688948,0.9763532644464279,0.997715647745348
n148i_vs_jxl_e3,ms_ssim,11,corpus-0011.ppm,retratos_historicos,23.964252774475646,0.9854941859316965,0.9978167191048232
n148i_vs_jxl_e3,ms_ssim,12,corpus-0012.ppm,retratos_historicos,74.98267375902958,0.9877479580515639,0.9963266606416866
n148i_vs_jxl_e3,ms_ssim,13,corpus-0013.ppm,retratos_historicos,29.08862889660626,0.9770902001174853,0.9972251631937534
n148i_vs_jxl_e3,ms_ssim,14,corpus-0014.ppm,retratos_historicos,41.615929089883544,0.9785503032647552,0.995175398108439
n148i_vs_jxl_e3,ms_ssim,15,corpus-0015.ppm,retratos_historicos,33.39460699262735,0.9965637484989293,0.9998189729192437
n148i_vs_jxl_e3,ms_ssim,16,corpus-0016.ppm,paisagens_naturais,11.329797810344466,0.9791309157156293,0.9969331628752787
n148i_vs_jxl_e3,ms_ssim,17,corpus-0017.ppm,paisagens_naturais,9.761680298167775,0.9728572990521261,0.9962405054578916
n148i_vs_jxl_e3,ms_ssim,18,corpus-0018.ppm,paisagens_naturais,11.133012807800636,0.9756129090864084,0.9963423240986817
n148i_vs_jxl_e3,ms_ssim,19,corpus-0019.ppm,paisagens_naturais,11.257424989545628,0.9753345140792811,0.996561019446368
n148i_vs_jxl_e3,ms_ssim,20,corpus-0020.ppm,paisagens_naturais,9.567231679413446,0.9732334356978862,0.9970621392669395
n148i_vs_jxl_e3,ms_ssim,21,corpus-0021.ppm,paisagens_naturais,15.663509196400426,0.9728441313563744,0.9958013275299065
n148i_vs_jxl_e3,ms_ssim,22,corpus-0022.ppm,paisagens_naturais,16.372321643287858,0.9647046304420922,0.9936431883800719
n148i_vs_jxl_e3,ms_ssim,23,corpus-0023.ppm,paisagens_naturais,23.110758359884255,0.9802463306358151,0.995309823918004
n148i_vs_jxl_e3,ms_ssim,24,corpus-0024.ppm,paisagens_naturais,16.78960919556143,0.972135881452198,0.9966487455315948
n148i_vs_jxl_e3,ms_ssim,25,corpus-0025.ppm,paisagens_naturais,34.29944735411483,0.970300002122445,0.9939366480673976
n148i_vs_jxl_e3,ms_ssim,26,corpus-0026.ppm,paisagens_naturais,14.874701799588808,0.9523033335918041,0.9934699413185192
n148i_vs_jxl_e3,ms_ssim,27,corpus-0027.ppm,paisagens_naturais,14.23434144741329,0.963067188661554,0.9927236221915181
n148i_vs_jxl_e3,ms_ssim,28,corpus-0028.ppm,paisagens_naturais,28.189482452500414,0.9765310362525629,0.9964637786191076
n148i_vs_jxl_e3,ms_ssim,29,corpus-0029.ppm,paisagens_naturais,13.907147355626993,0.9739766131914719,0.9969170790029273
n148i_vs_jxl_e3,ms_ssim,30,corpus-0030.ppm,paisagens_naturais,6.343940982197371,0.9763166343106852,0.9961774218555361
n148i_vs_jxl_e3,ms_ssim,31,corpus-0031.ppm,urbano_arquitetura,14.914690050878331,0.9828443517925586,0.9969968458350308
n148i_vs_jxl_e3,ms_ssim,32,corpus-0032.ppm,urbano_arquitetura,10.437143837845975,0.960398990974284,0.9900808161519528
n148i_vs_jxl_e3,ms_ssim,33,corpus-0033.ppm,urbano_arquitetura,16.440309094099568,0.9548885683387226,0.9871103295070084
n148i_vs_jxl_e3,ms_ssim,34,corpus-0034.ppm,urbano_arquitetura,4.813858060974097,0.9506388683948339,0.985449476347864
n148i_vs_jxl_e3,ms_ssim,35,corpus-0035.ppm,urbano_arquitetura,21.03847389706146,0.9798540394982719,0.9967742491837969
n148i_vs_jxl_e3,ms_ssim,36,corpus-0036.ppm,urbano_arquitetura,25.187606152608353,0.9792095031328039,0.995972277780593
n148i_vs_jxl_e3,ms_ssim,37,corpus-0037.ppm,urbano_arquitetura,29.255657103933032,0.9643254967960603,0.9910203401157199
n148i_vs_jxl_e3,ms_ssim,38,corpus-0038.ppm,urbano_arquitetura,17.733653325498167,0.9839276328347853,0.9977338742232185
n148i_vs_jxl_e3,ms_ssim,39,corpus-0039.ppm,urbano_arquitetura,26.204190117458804,0.9766826772587051,0.9961919100499081
n148i_vs_jxl_e3,ms_ssim,40,corpus-0040.ppm,urbano_arquitetura,15.401476475360031,0.9652132855216257,0.9939704141760279
n148i_vs_jxl_e3,ms_ssim,41,corpus-0041.ppm,urbano_arquitetura,24.646376243135173,0.9777757117712673,0.9951702013714518
n148i_vs_jxl_e3,ms_ssim,42,corpus-0042.ppm,urbano_arquitetura,24.36766580534606,0.9827143279505017,0.9962534672558193
n148i_vs_jxl_e3,ms_ssim,43,corpus-0043.ppm,urbano_arquitetura,42.73897823756945,0.985191138722917,0.9962868054263732
n148i_vs_jxl_e3,ms_ssim,44,corpus-0044.ppm,urbano_arquitetura,18.428284609552904,0.9771915731378626,0.9988819699227007
n148i_vs_jxl_e3,ms_ssim,45,corpus-0045.ppm,urbano_arquitetura,19.375331659191808,0.9733508308135654,0.9977838286710742
n148i_vs_jxl_e3,ms_ssim,46,corpus-0046.ppm,texturas_alta_frequencia,5.230222023570108,0.9150257415577515,0.9862301035800617
n148i_vs_jxl_e3,ms_ssim,47,corpus-0047.ppm,texturas_alta_frequencia,15.996395938870078,0.9495478537195371,0.9949084714252524
n148i_vs_jxl_e3,ms_ssim,48,corpus-0048.ppm,texturas_alta_frequencia,5.013667201496164,0.9483682011508453,0.9921180971362706
n148i_vs_jxl_e3,ms_ssim,49,corpus-0049.ppm,texturas_alta_frequencia,16.030662136289276,0.9625661103808362,0.9960570954043289
n148i_vs_jxl_e3,ms_ssim,50,corpus-0050.ppm,texturas_alta_frequencia,16.65617103768544,0.9666849787863978,0.9941082395760048
n148i_vs_jxl_e3,ms_ssim,51,corpus-0051.ppm,texturas_alta_frequencia,24.6380416538293,0.9339572972538523,0.994861549478685
n148i_vs_jxl_e3,ms_ssim,52,corpus-0052.ppm,texturas_alta_frequencia,30.857706495352556,0.976723691383839,0.9970729893830096
n148i_vs_jxl_e3,ms_ssim,53,corpus-0053.ppm,texturas_alta_frequencia,22.741032536337368,0.9791681740337886,0.9973839359509618
n148i_vs_jxl_e3,ms_ssim,54,corpus-0054.ppm,texturas_alta_frequencia,26.07556660942776,0.9812205027501333,0.9987507187937689
n148i_vs_jxl_e3,ms_ssim,55,corpus-0055.ppm,texturas_alta_frequencia,31.538211841716457,0.9459564537600493,0.9909571219546198
n148i_vs_jxl_e3,ms_ssim,56,corpus-0056.ppm,texturas_alta_frequencia,25.52232073262801,0.929614113210522,0.9938504922283018
n148i_vs_jxl_e3,ms_ssim,57,corpus-0057.ppm,texturas_alta_frequencia,21.378435552850483,0.9578563016699341,0.9959463153297275
n148i_vs_jxl_e3,ms_ssim,58,corpus-0058.ppm,texturas_alta_frequencia,8.976474774103327,0.9801477819348757,0.9968344133677086
n148i_vs_jxl_e3,ms_ssim,59,corpus-0059.ppm,texturas_alta_frequencia,0.6495960841979453,0.9758405312764374,0.9965295766188959
n148i_vs_jxl_e3,ms_ssim,60,corpus-0060.ppm,texturas_alta_frequencia,3.7730703637797847,0.9614556271325392,0.9944446221938028
n148i_vs_jxl_e3,ms_ssim,61,corpus-0061.ppm,superficies_suaves_degrades,35.06140661765731,0.9828718310655024,0.9953741096553421
n148i_vs_jxl_e3,ms_ssim,62,corpus-0062.ppm,superficies_suaves_degrades,46.05283723986868,0.9817934748913981,0.9951552817453602
n148i_vs_jxl_e3,ms_ssim,63,corpus-0063.ppm,superficies_suaves_degrades,27.470627217555933,0.9811270423586105,0.9968648694832384
n148i_vs_jxl_e3,ms_ssim,64,corpus-0064.ppm,superficies_suaves_degrades,-3.7592176906424912,0.9790177014262829,0.9969010577550617
n148i_vs_jxl_e3,ms_ssim,65,corpus-0065.ppm,superficies_suaves_degrades,24.79980217061428,0.9767877579786679,0.9965178541690851
n148i_vs_jxl_e3,ms_ssim,66,corpus-0066.ppm,superficies_suaves_degrades,15.395462739622667,0.9730192339037965,0.9956223140264232
n148i_vs_jxl_e3,ms_ssim,67,corpus-0067.ppm,superficies_suaves_degrades,22.492293804279306,0.9711693729617115,0.9951498283771808
n148i_vs_jxl_e3,ms_ssim,68,corpus-0068.ppm,superficies_suaves_degrades,37.97352015757569,0.9700841297989274,0.9946827317007746
n148i_vs_jxl_e3,ms_ssim,69,corpus-0069.ppm,superficies_suaves_degrades,26.998939804314425,0.9663129176502196,0.9948321682478211
n148i_vs_jxl_e3,ms_ssim,70,corpus-0070.ppm,superficies_suaves_degrades,39.40846296746023,0.9702935472656659,0.9949162231427344
n148i_vs_jxl_e3,ms_ssim,71,corpus-0071.ppm,superficies_suaves_degrades,-21.782901867526384,0.9764306105316443,0.9935396252856263
n148i_vs_jxl_e3,ms_ssim,72,corpus-0072.ppm,superficies_suaves_degrades,20.134007777083806,0.9763429399403717,0.9980965507910433
n148i_vs_jxl_e3,ms_ssim,73,corpus-0073.ppm,superficies_suaves_degrades,50.894398201389926,0.986418808213437,0.9972974795632964
n148i_vs_jxl_e3,ms_ssim,74,corpus-0074.ppm,superficies_suaves_degrades,47.644748598620026,0.9880982822594906,0.9973229407868407
n148i_vs_jxl_e3,ms_ssim,75,corpus-0075.ppm,superficies_suaves_degrades,54.378108115221394,0.9877494706196729,0.9980823807371364
n148i_vs_jxl_e3,ms_ssim,76,corpus-0076.ppm,detalhe_fino,-13.452075982435286,0.9807771109098965,0.9948385744850947
n148i_vs_jxl_e3,ms_ssim,77,corpus-0077.ppm,detalhe_fino,8.596853413536486,0.9671114968469491,0.9945359606998844
n148i_vs_jxl_e3,ms_ssim,78,corpus-0078.ppm,detalhe_fino,7.595459186708653,0.9741112189516294,0.9968304933352647
n148i_vs_jxl_e3,ms_ssim,79,corpus-0079.ppm,detalhe_fino,8.957349824501604,0.9732998728541057,0.9950945813865808
n148i_vs_jxl_e3,ms_ssim,80,corpus-0080.ppm,detalhe_fino,15.587577108846196,0.964578950393669,0.9948732416028919
n148i_vs_jxl_e3,ms_ssim,81,corpus-0081.ppm,detalhe_fino,12.867467759119178,0.9692748299162637,0.9981132015355637
n148i_vs_jxl_e3,ms_ssim,82,corpus-0082.ppm,detalhe_fino,18.055977294616966,0.9672596939567822,0.9927957449477722
n148i_vs_jxl_e3,ms_ssim,83,corpus-0083.ppm,detalhe_fino,18.16968131271135,0.9742273031963055,0.9945576077690086
n148i_vs_jxl_e3,ms_ssim,84,corpus-0084.ppm,detalhe_fino,53.32766363331838,0.8993887874657123,0.9747629426584532
n148i_vs_jxl_e3,ms_ssim,85,corpus-0085.ppm,detalhe_fino,19.166607997599815,0.9796361667740904,0.9986641625495134
n148i_vs_jxl_e3,ms_ssim,86,corpus-0086.ppm,detalhe_fino,61.104735976237755,0.942430621867726,0.9871848331208457
n148i_vs_jxl_e3,ms_ssim,87,corpus-0087.ppm,detalhe_fino,5.10014763408857,0.9827221688305816,0.9969477840205592
n148i_vs_jxl_e3,ms_ssim,88,corpus-0088.ppm,detalhe_fino,-52.222608903740245,0.9779342395102836,0.9864645641496669
n148i_vs_jxl_e3,ms_ssim,89,corpus-0089.ppm,detalhe_fino,3.8734373492582908,0.9359065812599489,0.9803351955020054
n148i_vs_jxl_e3,ms_ssim,90,corpus-0090.ppm,detalhe_fino,14.891651653122274,0.958074740185661,0.9875464567660704
n148i_vs_jxl_e3,ms_ssim,91,corpus-0091.ppm,texto_bordas_nitidas,45.86158333946946,0.991840929330908,0.9987158482190771
n148i_vs_jxl_e3,ms_ssim,92,corpus-0092.ppm,texto_bordas_nitidas,18.687047356486254,0.9561693218623843,0.9858999162245802
n148i_vs_jxl_e3,ms_ssim,93,corpus-0093.ppm,texto_bordas_nitidas,-9.704958444419221,0.9922755411433887,0.9971912033965306
n148i_vs_jxl_e3,ms_ssim,94,corpus-0094.ppm,texto_bordas_nitidas,34.79853289450156,0.9766748275040744,0.9960838424399355
n148i_vs_jxl_e3,ms_ssim,95,corpus-0095.ppm,texto_bordas_nitidas,34.673403080985985,0.996245742941549,0.9996454972320029
n148i_vs_jxl_e3,ms_ssim,96,corpus-0096.ppm,texto_bordas_nitidas,19.008796851217657,0.9629869320508176,0.9957863866373863
n148i_vs_jxl_e3,ms_ssim,97,corpus-0097.ppm,texto_bordas_nitidas,36.0960078943503,0.991400446469975,0.9993812421515621
n148i_vs_jxl_e3,ms_ssim,98,corpus-0098.ppm,texto_bordas_nitidas,59.960113330829465,0.9855734643916678,0.9961220461929814
n148i_vs_jxl_e3,ms_ssim,99,corpus-0099.ppm,texto_bordas_nitidas,8.952185042063054,0.9812491610956204,0.996597258645853
n148i_vs_jxl_e3,ms_ssim,100,corpus-0100.ppm,texto_bordas_nitidas,48.7237226313922,0.9873851366572064,0.996228889549184
n148i_vs_jxl_e3,ms_ssim,101,corpus-0101.ppm,texto_bordas_nitidas,84.11380057990941,0.9827427128914087,0.9954355987288502
n148i_vs_jxl_e3,ms_ssim,102,corpus-0102.ppm,texto_bordas_nitidas,16.452573921715352,0.9737643321629728,0.9953177901162207
n148i_vs_jxl_e3,ms_ssim,103,corpus-0103.ppm,texto_bordas_nitidas,22.38939354837557,0.9837795971682715,0.9972295467382141
n148i_vs_jxl_e3,ms_ssim,104,corpus-0104.ppm,texto_bordas_nitidas,29.766549843112134,0.9842161957937551,0.9966785005304598
n148i_vs_jxl_e3,ms_ssim,105,corpus-0105.ppm,texto_bordas_nitidas,25.692671593104443,0.9794634294672724,0.9953252365707916
n148i_vs_jxl_e3,ms_ssim,106,corpus-0106.ppm,cores_saturadas_dessaturadas,5.640979547132741,0.958956258712848,0.9898669021522798
n148i_vs_jxl_e3,ms_ssim,107,corpus-0107.ppm,cores_saturadas_dessaturadas,-5.364104441155082,0.9355068089445592,0.9836780979805859
n148i_vs_jxl_e3,ms_ssim,108,corpus-0108.ppm,cores_saturadas_dessaturadas,17.334033920107906,0.968657540794105,0.9958143726434963
n148i_vs_jxl_e3,ms_ssim,109,corpus-0109.ppm,cores_saturadas_dessaturadas,45.34509306204748,0.9740252776218445,0.9944562389837142
n148i_vs_jxl_e3,ms_ssim,110,corpus-0110.ppm,cores_saturadas_dessaturadas,6.183931374439844,0.9792873827851514,0.9956780463176284
n148i_vs_jxl_e3,ms_ssim,111,corpus-0111.ppm,cores_saturadas_dessaturadas,44.34549703043136,0.9882541148341374,0.9958033788159797
n148i_vs_jxl_e3,ms_ssim,112,corpus-0112.ppm,cores_saturadas_dessaturadas,11.168931265136962,0.9858533263541748,0.9977665378466314
n148i_vs_jxl_e3,ms_ssim,113,corpus-0113.ppm,cores_saturadas_dessaturadas,27.594159039773515,0.9764045985597117,0.9945544876190984
n148i_vs_jxl_e3,ms_ssim,114,corpus-0114.ppm,cores_saturadas_dessaturadas,31.852358031965554,0.9782286325006788,0.9959377510750034
n148i_vs_jxl_e3,ms_ssim,115,corpus-0115.ppm,cores_saturadas_dessaturadas,20.86659757842808,0.9820355591169394,0.9983282626651179
n148i_vs_jxl_e3,ms_ssim,116,corpus-0116.ppm,cores_saturadas_dessaturadas,32.843031578317536,0.9868450119973038,0.9981861795788975
n148i_vs_jxl_e3,ms_ssim,117,corpus-0117.ppm,cores_saturadas_dessaturadas,45.43952128100324,0.9925593549918825,0.9975687649358244
n148i_vs_jxl_e3,ms_ssim,118,corpus-0118.ppm,cores_saturadas_dessaturadas,-15.908677271167749,0.9730975530285837,0.9908861029723436
n148i_vs_jxl_e3,ms_ssim,119,corpus-0119.ppm,cores_saturadas_dessaturadas,-15.448977032183741,0.9637156733169491,0.9879188091332493
n148i_vs_jxl_e3,ms_ssim,120,corpus-0120.ppm,cores_saturadas_dessaturadas,30.513218575134893,0.9734111406483004,0.9935296663635184
n148i_vs_jxl_e3,ssimulacra2,1,corpus-0001.ppm,retratos_historicos,17.111554936811668,55.44213207,88.55381087
n148i_vs_jxl_e3,ssimulacra2,2,corpus-0002.ppm,retratos_historicos,46.85414392228733,50.95623096,89.34471225
n148i_vs_jxl_e3,ssimulacra2,3,corpus-0003.ppm,retratos_historicos,37.90114031551237,48.18012949,82.63421267
n148i_vs_jxl_e3,ssimulacra2,4,corpus-0004.ppm,retratos_historicos,19.03509676492421,41.77340923,83.96288964
n148i_vs_jxl_e3,ssimulacra2,5,corpus-0005.ppm,retratos_historicos,29.44582241153284,44.61890072,84.7045125
n148i_vs_jxl_e3,ssimulacra2,6,corpus-0006.ppm,retratos_historicos,29.00339593173944,53.11119567,88.56676621
n148i_vs_jxl_e3,ssimulacra2,7,corpus-0007.ppm,retratos_historicos,34.843842990867266,44.84763483,82.10860187
n148i_vs_jxl_e3,ssimulacra2,8,corpus-0008.ppm,retratos_historicos,46.733235934855166,39.70868263,87.73085411
n148i_vs_jxl_e3,ssimulacra2,9,corpus-0009.ppm,retratos_historicos,26.61022522348744,38.98009613,82.01564164
n148i_vs_jxl_e3,ssimulacra2,10,corpus-0010.ppm,retratos_historicos,29.423375931724728,52.06979914,88.89917331
n148i_vs_jxl_e3,ssimulacra2,11,corpus-0011.ppm,retratos_historicos,36.76528361304898,62.25411818,88.16858819
n148i_vs_jxl_e3,ssimulacra2,12,corpus-0012.ppm,retratos_historicos,80.88774378363976,60.08911397,87.37369386
n148i_vs_jxl_e3,ssimulacra2,13,corpus-0013.ppm,retratos_historicos,33.36569181933044,53.6676106,87.54392717
n148i_vs_jxl_e3,ssimulacra2,14,corpus-0014.ppm,retratos_historicos,82.31080237191885,47.27203728,82.37651652
n148i_vs_jxl_e3,ssimulacra2,15,corpus-0015.ppm,retratos_historicos,31.893922975558176,60.8906682,88.98302583
n148i_vs_jxl_e3,ssimulacra2,16,corpus-0016.ppm,paisagens_naturais,23.707431243700828,50.8705985,84.32659172
n148i_vs_jxl_e3,ssimulacra2,17,corpus-0017.ppm,paisagens_naturais,34.49930725217241,45.45951257,84.90726446
n148i_vs_jxl_e3,ssimulacra2,18,corpus-0018.ppm,paisagens_naturais,31.287650338422445,47.7298761,85.34408369
n148i_vs_jxl_e3,ssimulacra2,19,corpus-0019.ppm,paisagens_naturais,35.36158674016028,47.24104409,85.35755794
n148i_vs_jxl_e3,ssimulacra2,20,corpus-0020.ppm,paisagens_naturais,26.025963288336573,47.29102637,85.8501555
n148i_vs_jxl_e3,ssimulacra2,21,corpus-0021.ppm,paisagens_naturais,36.68424392073793,45.92126279,84.78136315
n148i_vs_jxl_e3,ssimulacra2,22,corpus-0022.ppm,paisagens_naturais,23.25513897304954,47.54320147,83.16235157
n148i_vs_jxl_e3,ssimulacra2,23,corpus-0023.ppm,paisagens_naturais,25.212095846424297,48.02729073,79.30267981
n148i_vs_jxl_e3,ssimulacra2,24,corpus-0024.ppm,paisagens_naturais,26.170198249487054,46.92716404,85.74331425
n148i_vs_jxl_e3,ssimulacra2,25,corpus-0025.ppm,paisagens_naturais,47.4075778633448,40.32520277,85.0266757
n148i_vs_jxl_e3,ssimulacra2,26,corpus-0026.ppm,paisagens_naturais,22.658110409540335,40.78589038,83.05686694
n148i_vs_jxl_e3,ssimulacra2,27,corpus-0027.ppm,paisagens_naturais,21.95456332190617,42.74055041,81.45584688
n148i_vs_jxl_e3,ssimulacra2,28,corpus-0028.ppm,paisagens_naturais,70.30172387683997,48.56426678,87.07916597
n148i_vs_jxl_e3,ssimulacra2,29,corpus-0029.ppm,paisagens_naturais,24.199318782503987,47.16092582,84.69167368
n148i_vs_jxl_e3,ssimulacra2,30,corpus-0030.ppm,paisagens_naturais,49.69057452670271,44.17165171,85.66597354
n148i_vs_jxl_e3,ssimulacra2,31,corpus-0031.ppm,urbano_arquitetura,21.46658283610725,51.40921456,82.24403269
n148i_vs_jxl_e3,ssimulacra2,32,corpus-0032.ppm,urbano_arquitetura,32.54931411435742,36.73715841,81.84238092
n148i_vs_jxl_e3,ssimulacra2,33,corpus-0033.ppm,urbano_arquitetura,39.87177572246099,37.87117205,82.90136999
n148i_vs_jxl_e3,ssimulacra2,34,corpus-0034.ppm,urbano_arquitetura,72.05743273760402,39.06858617,80.53570077
n148i_vs_jxl_e3,ssimulacra2,35,corpus-0035.ppm,urbano_arquitetura,28.457784510088025,49.36526034,84.29859853
n148i_vs_jxl_e3,ssimulacra2,36,corpus-0036.ppm,urbano_arquitetura,34.05451606676046,54.59372381,83.97684302
n148i_vs_jxl_e3,ssimulacra2,37,corpus-0037.ppm,urbano_arquitetura,40.98923281992415,43.24568954,82.30553921
n148i_vs_jxl_e3,ssimulacra2,38,corpus-0038.ppm,urbano_arquitetura,27.876940143835572,55.87137997,84.77568445
n148i_vs_jxl_e3,ssimulacra2,39,corpus-0039.ppm,urbano_arquitetura,29.143449310755855,48.0974449,82.34927233
n148i_vs_jxl_e3,ssimulacra2,40,corpus-0040.ppm,urbano_arquitetura,24.22338324316602,40.76942739,80.95094899
n148i_vs_jxl_e3,ssimulacra2,41,corpus-0041.ppm,urbano_arquitetura,39.39239810622943,50.65795344,84.45828563
n148i_vs_jxl_e3,ssimulacra2,42,corpus-0042.ppm,urbano_arquitetura,35.87865178859311,53.44687444,82.99381113
n148i_vs_jxl_e3,ssimulacra2,43,corpus-0043.ppm,urbano_arquitetura,27.784620986163855,58.92946463,86.65737113
n148i_vs_jxl_e3,ssimulacra2,44,corpus-0044.ppm,urbano_arquitetura,23.677231763522812,46.91011241,87.1705156
n148i_vs_jxl_e3,ssimulacra2,45,corpus-0045.ppm,urbano_arquitetura,19.665986253391242,51.22896451,87.05230048
n148i_vs_jxl_e3,ssimulacra2,46,corpus-0046.ppm,texturas_alta_frequencia,21.110359210614927,29.64224702,81.32199603
n148i_vs_jxl_e3,ssimulacra2,47,corpus-0047.ppm,texturas_alta_frequencia,21.500774473089447,41.3306054,85.50830015
n148i_vs_jxl_e3,ssimulacra2,48,corpus-0048.ppm,texturas_alta_frequencia,21.97489343832686,37.20216671,82.86632212
n148i_vs_jxl_e3,ssimulacra2,49,corpus-0049.ppm,texturas_alta_frequencia,26.862291456429176,42.8003786,85.51871666
n148i_vs_jxl_e3,ssimulacra2,50,corpus-0050.ppm,texturas_alta_frequencia,29.10254293592047,40.55035297,82.88906437
n148i_vs_jxl_e3,ssimulacra2,51,corpus-0051.ppm,texturas_alta_frequencia,15.9657465839262,31.40428565,84.71473886
n148i_vs_jxl_e3,ssimulacra2,52,corpus-0052.ppm,texturas_alta_frequencia,27.03204260122456,52.26703673,85.2666902
n148i_vs_jxl_e3,ssimulacra2,53,corpus-0053.ppm,texturas_alta_frequencia,27.425978978289155,54.06681673,85.46936782
n148i_vs_jxl_e3,ssimulacra2,54,corpus-0054.ppm,texturas_alta_frequencia,27.732033171096116,52.50356748,88.50408023
n148i_vs_jxl_e3,ssimulacra2,55,corpus-0055.ppm,texturas_alta_frequencia,26.126517910954018,42.52542881,84.20644842
n148i_vs_jxl_e3,ssimulacra2,56,corpus-0056.ppm,texturas_alta_frequencia,19.180834445848326,35.71064484,84.56316857
n148i_vs_jxl_e3,ssimulacra2,57,corpus-0057.ppm,texturas_alta_frequencia,22.54226116539226,43.35281191,84.81154814
n148i_vs_jxl_e3,ssimulacra2,58,corpus-0058.ppm,texturas_alta_frequencia,25.969151194027738,51.29200236,81.75882573
n148i_vs_jxl_e3,ssimulacra2,59,corpus-0059.ppm,texturas_alta_frequencia,32.47786864743971,52.49247584,87.61398508
n148i_vs_jxl_e3,ssimulacra2,60,corpus-0060.ppm,texturas_alta_frequencia,37.141171396525905,40.97269717,85.53417962
n148i_vs_jxl_e3,ssimulacra2,61,corpus-0061.ppm,superficies_suaves_degrades,89.60186184211332,62.91598911,87.76522289
n148i_vs_jxl_e3,ssimulacra2,62,corpus-0062.ppm,superficies_suaves_degrades,100.71335851616952,60.57182471,87.7160303
n148i_vs_jxl_e3,ssimulacra2,63,corpus-0063.ppm,superficies_suaves_degrades,61.78299755569503,52.61930655,87.26935607
n148i_vs_jxl_e3,ssimulacra2,64,corpus-0064.ppm,superficies_suaves_degrades,36.26828850538701,48.02958285,89.92680602
n148i_vs_jxl_e3,ssimulacra2,65,corpus-0065.ppm,superficies_suaves_degrades,41.469519632910746,44.6342872,84.28119084
n148i_vs_jxl_e3,ssimulacra2,66,corpus-0066.ppm,superficies_suaves_degrades,33.74236157117747,43.92416028,84.37899859
n148i_vs_jxl_e3,ssimulacra2,67,corpus-0067.ppm,superficies_suaves_degrades,30.370313283161288,45.38913011,84.93231434
n148i_vs_jxl_e3,ssimulacra2,68,corpus-0068.ppm,superficies_suaves_degrades,32.456774959925696,38.04545724,76.94958195
n148i_vs_jxl_e3,ssimulacra2,69,corpus-0069.ppm,superficies_suaves_degrades,48.01065707727468,38.83674214,84.07926076
n148i_vs_jxl_e3,ssimulacra2,70,corpus-0070.ppm,superficies_suaves_degrades,45.043986129917755,40.92356675,83.0118714
n148i_vs_jxl_e3,ssimulacra2,71,corpus-0071.ppm,superficies_suaves_degrades,47.58660427217993,51.15517922,83.89065893
n148i_vs_jxl_e3,ssimulacra2,72,corpus-0072.ppm,superficies_suaves_degrades,19.26102218871828,49.92055337,87.07700124
n148i_vs_jxl_e3,ssimulacra2,73,corpus-0073.ppm,superficies_suaves_degrades,122.5371872490093,63.30073536,88.11809175
n148i_vs_jxl_e3,ssimulacra2,74,corpus-0074.ppm,superficies_suaves_degrades,75.0847353012283,57.75690057,88.19716563
n148i_vs_jxl_e3,ssimulacra2,75,corpus-0075.ppm,superficies_suaves_degrades,88.2259185133582,58.73017709,88.16080459
n148i_vs_jxl_e3,ssimulacra2,76,corpus-0076.ppm,detalhe_fino,33.34339842601,59.18993421,86.82164989
n148i_vs_jxl_e3,ssimulacra2,77,corpus-0077.ppm,detalhe_fino,26.82856221904022,48.61626114,81.98936511
n148i_vs_jxl_e3,ssimulacra2,78,corpus-0078.ppm,detalhe_fino,22.184519072148667,48.29515321,82.34976782
n148i_vs_jxl_e3,ssimulacra2,79,corpus-0079.ppm,detalhe_fino,23.50564021621162,50.58420025,81.50796096
n148i_vs_jxl_e3,ssimulacra2,80,corpus-0080.ppm,detalhe_fino,23.10018812687302,44.71393464,84.01614291
n148i_vs_jxl_e3,ssimulacra2,81,corpus-0081.ppm,detalhe_fino,25.475269461357563,46.84597287,91.48030571
n148i_vs_jxl_e3,ssimulacra2,82,corpus-0082.ppm,detalhe_fino,29.9562533150985,49.17131343,85.97921941
n148i_vs_jxl_e3,ssimulacra2,83,corpus-0083.ppm,detalhe_fino,41.132875804345325,49.13558463,83.58403669
n148i_vs_jxl_e3,ssimulacra2,84,corpus-0084.ppm,detalhe_fino,18.1786702118518,35.59639159,82.15903721
n148i_vs_jxl_e3,ssimulacra2,85,corpus-0085.ppm,detalhe_fino,31.835019782479733,54.00421362,88.79567923
n148i_vs_jxl_e3,ssimulacra2,86,corpus-0086.ppm,detalhe_fino,17.63975657099557,46.57237493,83.22865016
n148i_vs_jxl_e3,ssimulacra2,87,corpus-0087.ppm,detalhe_fino,27.904973673162935,55.65721996,82.83638295
n148i_vs_jxl_e3,ssimulacra2,88,corpus-0088.ppm,detalhe_fino,42.515157052676834,57.63837857,86.96036633
n148i_vs_jxl_e3,ssimulacra2,89,corpus-0089.ppm,detalhe_fino,55.813758899628766,32.17033152,72.3939387
n148i_vs_jxl_e3,ssimulacra2,90,corpus-0090.ppm,detalhe_fino,79.94202412439012,44.46147182,74.58469304
n148i_vs_jxl_e3,ssimulacra2,91,corpus-0091.ppm,texto_bordas_nitidas,44.69101385237395,62.81581535,86.71403383
n148i_vs_jxl_e3,ssimulacra2,92,corpus-0092.ppm,texto_bordas_nitidas,29.028399740647416,43.99987595,82.87987475
n148i_vs_jxl_e3,ssimulacra2,93,corpus-0093.ppm,texto_bordas_nitidas,52.03637700077892,59.58506016,80.47602441
n148i_vs_jxl_e3,ssimulacra2,94,corpus-0094.ppm,texto_bordas_nitidas,33.77734891914423,50.33535448,84.29463333
n148i_vs_jxl_e3,ssimulacra2,95,corpus-0095.ppm,texto_bordas_nitidas,33.09174763188889,66.21237007,89.36473159
n148i_vs_jxl_e3,ssimulacra2,96,corpus-0096.ppm,texto_bordas_nitidas,19.107545671802797,45.16763011,83.92311252
n148i_vs_jxl_e3,ssimulacra2,97,corpus-0097.ppm,texto_bordas_nitidas,42.396673763342086,56.03468078,86.92173235
n148i_vs_jxl_e3,ssimulacra2,98,corpus-0098.ppm,texto_bordas_nitidas,60.234275400298884,57.4542942,81.62975154
n148i_vs_jxl_e3,ssimulacra2,99,corpus-0099.ppm,texto_bordas_nitidas,84.05620750989185,52.49514887,79.10170264
n148i_vs_jxl_e3,ssimulacra2,100,corpus-0100.ppm,texto_bordas_nitidas,44.299674858979074,59.73846929,83.42742341
n148i_vs_jxl_e3,ssimulacra2,101,corpus-0101.ppm,texto_bordas_nitidas,50.59151152118429,59.04937425,88.82371811
n148i_vs_jxl_e3,ssimulacra2,102,corpus-0102.ppm,texto_bordas_nitidas,27.3883723396513,53.87458762,86.41514068
n148i_vs_jxl_e3,ssimulacra2,103,corpus-0103.ppm,texto_bordas_nitidas,42.53026815856173,53.69656969,85.08922513
n148i_vs_jxl_e3,ssimulacra2,104,corpus-0104.ppm,texto_bordas_nitidas,47.580446209386885,55.57600056,85.13858968
n148i_vs_jxl_e3,ssimulacra2,105,corpus-0105.ppm,texto_bordas_nitidas,30.111967791729775,56.1958833,87.06130344
n148i_vs_jxl_e3,ssimulacra2,106,corpus-0106.ppm,cores_saturadas_dessaturadas,49.377225846985986,52.1586283,82.35662961
n148i_vs_jxl_e3,ssimulacra2,107,corpus-0107.ppm,cores_saturadas_dessaturadas,69.01084340511441,31.45700535,76.52525756
n148i_vs_jxl_e3,ssimulacra2,108,corpus-0108.ppm,cores_saturadas_dessaturadas,24.100205276072305,49.98248431,84.28106145
n148i_vs_jxl_e3,ssimulacra2,109,corpus-0109.ppm,cores_saturadas_dessaturadas,62.58815029776525,58.79948848,85.56936186
n148i_vs_jxl_e3,ssimulacra2,110,corpus-0110.ppm,cores_saturadas_dessaturadas,38.43825054182888,54.10332641,81.27032716
n148i_vs_jxl_e3,ssimulacra2,111,corpus-0111.ppm,cores_saturadas_dessaturadas,32.681062986710515,44.35155068,72.64991964
n148i_vs_jxl_e3,ssimulacra2,112,corpus-0112.ppm,cores_saturadas_dessaturadas,25.379064866734158,59.39728198,86.4774013
n148i_vs_jxl_e3,ssimulacra2,113,corpus-0113.ppm,cores_saturadas_dessaturadas,32.422096535911834,50.17912944,82.17333084
n148i_vs_jxl_e3,ssimulacra2,114,corpus-0114.ppm,cores_saturadas_dessaturadas,31.333733703926427,52.52059963,80.85563304
n148i_vs_jxl_e3,ssimulacra2,115,corpus-0115.ppm,cores_saturadas_dessaturadas,20.795995473589546,62.60530127,89.2335839
n148i_vs_jxl_e3,ssimulacra2,116,corpus-0116.ppm,cores_saturadas_dessaturadas,60.09702545191382,59.6386533,89.59954916
n148i_vs_jxl_e3,ssimulacra2,117,corpus-0117.ppm,cores_saturadas_dessaturadas,75.77133950462857,69.57668573,90.65968154
n148i_vs_jxl_e3,ssimulacra2,118,corpus-0118.ppm,cores_saturadas_dessaturadas,67.48155470704276,58.65386888,86.20245439
n148i_vs_jxl_e3,ssimulacra2,119,corpus-0119.ppm,cores_saturadas_dessaturadas,58.81770880616559,50.79304383,84.86714426
n148i_vs_jxl_e3,ssimulacra2,120,corpus-0120.ppm,cores_saturadas_dessaturadas,39.430884090228076,60.8979858,86.69308264
n148i_vs_jxl_e3,butteraugli,1,corpus-0001.ppm,retratos_historicos,47.46182078000629,-4.9047584534,-1.5189000368
n148i_vs_jxl_e3,butteraugli,2,corpus-0002.ppm,retratos_historicos,36.372364433013416,-3.9576377869,-1.3762483597
n148i_vs_jxl_e3,butteraugli,3,corpus-0003.ppm,retratos_historicos,60.808144402915396,-5.5712771416,-2.2234144211
n148i_vs_jxl_e3,butteraugli,4,corpus-0004.ppm,retratos_historicos,32.09035508990987,-4.1995401382,-1.644559145
n148i_vs_jxl_e3,butteraugli,5,corpus-0005.ppm,retratos_historicos,70.0812861424215,-4.4860754013,-2.0040926933
n148i_vs_jxl_e3,butteraugli,6,corpus-0006.ppm,retratos_historicos,50.56647257988849,-4.497168541,-1.4952764511
n148i_vs_jxl_e3,butteraugli,7,corpus-0007.ppm,retratos_historicos,150.24630218468872,-5.6260995865,-3.4574246407
n148i_vs_jxl_e3,butteraugli,8,corpus-0008.ppm,retratos_historicos,101.8941824470557,-3.7365760803,-1.4273000956
n148i_vs_jxl_e3,butteraugli,9,corpus-0009.ppm,retratos_historicos,48.39929430339378,-4.6391296387,-1.6882938147
n148i_vs_jxl_e3,butteraugli,10,corpus-0010.ppm,retratos_historicos,35.68724358366566,-4.3202123642,-1.3008059263
n148i_vs_jxl_e3,butteraugli,11,corpus-0011.ppm,retratos_historicos,140.643108635913,-5.7678194046,-2.0955281258
n148i_vs_jxl_e3,butteraugli,12,corpus-0012.ppm,retratos_historicos,46.12885331589358,-4.3297400475,-1.7698895931
n148i_vs_jxl_e3,butteraugli,13,corpus-0013.ppm,retratos_historicos,77.47728141577342,-4.1551990509,-1.6486227512
n148i_vs_jxl_e3,butteraugli,14,corpus-0014.ppm,retratos_historicos,116.80022088768065,-4.8805608749,-2.1282594204
n148i_vs_jxl_e3,butteraugli,15,corpus-0015.ppm,retratos_historicos,39.542331778748796,-7.2806820869,-1.9428830147
n148i_vs_jxl_e3,butteraugli,16,corpus-0016.ppm,paisagens_naturais,44.12216069616255,-5.0274033546,-2.0449931622
n148i_vs_jxl_e3,butteraugli,17,corpus-0017.ppm,paisagens_naturais,41.92055661557414,-4.9358034134,-1.7991816998
n148i_vs_jxl_e3,butteraugli,18,corpus-0018.ppm,paisagens_naturais,60.79891776091875,-4.6301865578,-1.932798624
n148i_vs_jxl_e3,butteraugli,19,corpus-0019.ppm,paisagens_naturais,65.82511496596328,-4.4857654572,-1.7749224901
n148i_vs_jxl_e3,butteraugli,20,corpus-0020.ppm,paisagens_naturais,80.02714093750731,-5.3432412148,-2.1845164299
n148i_vs_jxl_e3,butteraugli,21,corpus-0021.ppm,paisagens_naturais,102.59818487956318,-5.4109344482,-2.0173537731
n148i_vs_jxl_e3,butteraugli,22,corpus-0022.ppm,paisagens_naturais,23.210641330365632,-4.7680206299,-1.870639205
n148i_vs_jxl_e3,butteraugli,23,corpus-0023.ppm,paisagens_naturais,40.97055342920135,-6.293712616,-2.4028625488
n148i_vs_jxl_e3,butteraugli,24,corpus-0024.ppm,paisagens_naturais,32.67143744200229,-4.1871051788,-1.714497447
n148i_vs_jxl_e3,butteraugli,25,corpus-0025.ppm,paisagens_naturais,88.18505383989954,-5.2284417152,-1.857789278
n148i_vs_jxl_e3,butteraugli,26,corpus-0026.ppm,paisagens_naturais,20.22160203698973,-5.6708493233,-1.9551846981
n148i_vs_jxl_e3,butteraugli,27,corpus-0027.ppm,paisagens_naturais,74.99856946916181,-5.2156829834,-1.8620860577
n148i_vs_jxl_e3,butteraugli,28,corpus-0028.ppm,paisagens_naturais,41.93168276743413,-4.4336056709,-1.627243638
n148i_vs_jxl_e3,butteraugli,29,corpus-0029.ppm,paisagens_naturais,33.826618750782586,-4.247636795,-1.8158670664
n148i_vs_jxl_e3,butteraugli,30,corpus-0030.ppm,paisagens_naturais,64.1995004178798,-5.2069473267,-1.7275533676
n148i_vs_jxl_e3,butteraugli,31,corpus-0031.ppm,urbano_arquitetura,49.012011107365616,-4.7595844269,-1.7285246849
n148i_vs_jxl_e3,butteraugli,32,corpus-0032.ppm,urbano_arquitetura,72.30923911508538,-5.1514172554,-1.8167388439
n148i_vs_jxl_e3,butteraugli,33,corpus-0033.ppm,urbano_arquitetura,43.458610651683905,-4.1910853386,-1.7926796675
n148i_vs_jxl_e3,butteraugli,34,corpus-0034.ppm,urbano_arquitetura,86.21222537347673,-5.1331849098,-2.0766208172
n148i_vs_jxl_e3,butteraugli,35,corpus-0035.ppm,urbano_arquitetura,64.51459725793245,-5.7095656395,-2.3977451324
n148i_vs_jxl_e3,butteraugli,36,corpus-0036.ppm,urbano_arquitetura,49.50695741717801,-5.8818030357,-2.5878298283
n148i_vs_jxl_e3,butteraugli,37,corpus-0037.ppm,urbano_arquitetura,59.69887375450196,-6.2092862129,-2.3432376385
n148i_vs_jxl_e3,butteraugli,38,corpus-0038.ppm,urbano_arquitetura,49.79340162220514,-4.5999617577,-1.7190132141
n148i_vs_jxl_e3,butteraugli,39,corpus-0039.ppm,urbano_arquitetura,93.3679099467797,-5.6572108269,-3.1031625271
n148i_vs_jxl_e3,butteraugli,40,corpus-0040.ppm,urbano_arquitetura,62.67474199724483,-5.7860059738,-2.0295596123
n148i_vs_jxl_e3,butteraugli,41,corpus-0041.ppm,urbano_arquitetura,64.09267119751163,-5.1782479286,-1.7933849096
n148i_vs_jxl_e3,butteraugli,42,corpus-0042.ppm,urbano_arquitetura,71.18420842907216,-5.6973180771,-2.5275988579
n148i_vs_jxl_e3,butteraugli,43,corpus-0043.ppm,urbano_arquitetura,75.65792532732287,-4.5454697609,-1.8874255419
n148i_vs_jxl_e3,butteraugli,44,corpus-0044.ppm,urbano_arquitetura,26.69131191300327,-5.4144759178,-1.5702524185
n148i_vs_jxl_e3,butteraugli,45,corpus-0045.ppm,urbano_arquitetura,46.049652237575245,-5.6916351318,-2.0202243328
n148i_vs_jxl_e3,butteraugli,46,corpus-0046.ppm,texturas_alta_frequencia,37.210688874892604,-4.3324761391,-1.5632072687
n148i_vs_jxl_e3,butteraugli,47,corpus-0047.ppm,texturas_alta_frequencia,37.478350241957294,-4.7832660675,-1.344094038
n148i_vs_jxl_e3,butteraugli,48,corpus-0048.ppm,texturas_alta_frequencia,38.91194043303263,-4.430932045,-1.4290269613
n148i_vs_jxl_e3,butteraugli,49,corpus-0049.ppm,texturas_alta_frequencia,33.59258046140434,-3.7913835049,-1.7982536554
n148i_vs_jxl_e3,butteraugli,50,corpus-0050.ppm,texturas_alta_frequencia,26.21792236564726,-4.0686664581,-1.497652173
n148i_vs_jxl_e3,butteraugli,51,corpus-0051.ppm,texturas_alta_frequencia,32.704932025932386,-4.2145018578,-1.4321532249
n148i_vs_jxl_e3,butteraugli,52,corpus-0052.ppm,texturas_alta_frequencia,33.82221507842049,-4.3208060265,-1.4533128738
n148i_vs_jxl_e3,butteraugli,53,corpus-0053.ppm,texturas_alta_frequencia,40.21096555536201,-4.0666661263,-1.4109528065
n148i_vs_jxl_e3,butteraugli,54,corpus-0054.ppm,texturas_alta_frequencia,37.573932647238784,-4.3581542969,-0.9273582697
n148i_vs_jxl_e3,butteraugli,55,corpus-0055.ppm,texturas_alta_frequencia,9.568715986260479,-3.9576408863,-1.7700175047
n148i_vs_jxl_e3,butteraugli,56,corpus-0056.ppm,texturas_alta_frequencia,52.60807783130026,-4.1674866676,-1.6432002783
n148i_vs_jxl_e3,butteraugli,57,corpus-0057.ppm,texturas_alta_frequencia,55.01490216944933,-4.0855021477,-1.7261469364
n148i_vs_jxl_e3,butteraugli,58,corpus-0058.ppm,texturas_alta_frequencia,32.91148260798564,-5.0504717827,-2.0320224762
n148i_vs_jxl_e3,butteraugli,59,corpus-0059.ppm,texturas_alta_frequencia,56.50281750043891,-4.6868042946,-1.8022649288
n148i_vs_jxl_e3,butteraugli,60,corpus-0060.ppm,texturas_alta_frequencia,67.0057656418329,-5.5436787605,-1.7750829458
n148i_vs_jxl_e3,butteraugli,61,corpus-0061.ppm,superficies_suaves_degrades,23.232970588494272,-4.2011756897,-1.4647518396
n148i_vs_jxl_e3,butteraugli,62,corpus-0062.ppm,superficies_suaves_degrades,42.721772585450935,-4.2778015137,-1.4305979013
n148i_vs_jxl_e3,butteraugli,63,corpus-0063.ppm,superficies_suaves_degrades,63.06522922651683,-4.8619623184,-1.8227002621
n148i_vs_jxl_e3,butteraugli,64,corpus-0064.ppm,superficies_suaves_degrades,45.52902478990839,-5.3972158432,-1.3177450895
n148i_vs_jxl_e3,butteraugli,65,corpus-0065.ppm,superficies_suaves_degrades,28.960313955075613,-4.7302832603,-1.7600318193
n148i_vs_jxl_e3,butteraugli,66,corpus-0066.ppm,superficies_suaves_degrades,69.11337347212023,-3.6912050247,-1.8139451742
n148i_vs_jxl_e3,butteraugli,67,corpus-0067.ppm,superficies_suaves_degrades,45.11027396179739,-4.3261222839,-1.8459755182
n148i_vs_jxl_e3,butteraugli,68,corpus-0068.ppm,superficies_suaves_degrades,55.790610914495666,-5.0891852379,-2.82071805
n148i_vs_jxl_e3,butteraugli,69,corpus-0069.ppm,superficies_suaves_degrades,117.33349544901368,-4.7217350006,-1.8411771059
n148i_vs_jxl_e3,butteraugli,70,corpus-0070.ppm,superficies_suaves_degrades,303.209199311103,-5.1767578125,-4.0277905464
n148i_vs_jxl_e3,butteraugli,71,corpus-0071.ppm,superficies_suaves_degrades,100.41581792605126,-5.1195497513,-3.1281919479
n148i_vs_jxl_e3,butteraugli,72,corpus-0072.ppm,superficies_suaves_degrades,45.1499833128755,-5.3136358261,-2.1624128819
n148i_vs_jxl_e3,butteraugli,73,corpus-0073.ppm,superficies_suaves_degrades,66.23950949042434,-3.3110442162,-1.1757736206
n148i_vs_jxl_e3,butteraugli,74,corpus-0074.ppm,superficies_suaves_degrades,72.89560898642813,-4.5236487389,-1.6779521704
n148i_vs_jxl_e3,butteraugli,75,corpus-0075.ppm,superficies_suaves_degrades,100.90246383806165,-4.2847599983,-1.5244408846
n148i_vs_jxl_e3,butteraugli,76,corpus-0076.ppm,detalhe_fino,67.89464835440388,-5.2114844322,-1.8341283798
n148i_vs_jxl_e3,butteraugli,77,corpus-0077.ppm,detalhe_fino,47.50357317228111,-4.8707308769,-2.0622193813
n148i_vs_jxl_e3,butteraugli,78,corpus-0078.ppm,detalhe_fino,39.89141493335622,-4.5018234253,-1.6485784054
n148i_vs_jxl_e3,butteraugli,79,corpus-0079.ppm,detalhe_fino,32.3987494054152,-4.7320480347,-1.6374239922
n148i_vs_jxl_e3,butteraugli,80,corpus-0080.ppm,detalhe_fino,74.15784380436136,-4.9255366325,-2.000736475
n148i_vs_jxl_e3,butteraugli,81,corpus-0081.ppm,detalhe_fino,32.2675346941574,-4.3827576637,-0.7961170673
n148i_vs_jxl_e3,butteraugli,82,corpus-0082.ppm,detalhe_fino,25.36937274159794,-3.9464304447,-1.6426666975
n148i_vs_jxl_e3,butteraugli,83,corpus-0083.ppm,detalhe_fino,267.66660597642147,-5.463906765,-3.8519120216
n148i_vs_jxl_e3,butteraugli,84,corpus-0084.ppm,detalhe_fino,53.253849539660195,-4.8815770149,-1.9101020098
n148i_vs_jxl_e3,butteraugli,85,corpus-0085.ppm,detalhe_fino,51.24536948462946,-4.8846697807,-1.5262577534
n148i_vs_jxl_e3,butteraugli,86,corpus-0086.ppm,detalhe_fino,30.841661353606,-4.5138072968,-1.7662146091
n148i_vs_jxl_e3,butteraugli,87,corpus-0087.ppm,detalhe_fino,41.51339388827318,-4.6194081306,-1.6933207512
n148i_vs_jxl_e3,butteraugli,88,corpus-0088.ppm,detalhe_fino,58.24242322280395,-5.1241931915,-1.9230287075
n148i_vs_jxl_e3,butteraugli,89,corpus-0089.ppm,detalhe_fino,248.03145508751996,-5.725092411,-4.0197896957
n148i_vs_jxl_e3,butteraugli,91,corpus-0091.ppm,texto_bordas_nitidas,57.633177400070366,-5.4486665726,-3.7765920162
n148i_vs_jxl_e3,butteraugli,92,corpus-0092.ppm,texto_bordas_nitidas,83.38401521498149,-5.0020241737,-2.3228635788
n148i_vs_jxl_e3,butteraugli,93,corpus-0093.ppm,texto_bordas_nitidas,60.514415407569125,-6.1953496933,-2.5660789013
n148i_vs_jxl_e3,butteraugli,94,corpus-0094.ppm,texto_bordas_nitidas,67.32342720341124,-5.3417124748,-2.2167737484
n148i_vs_jxl_e3,butteraugli,95,corpus-0095.ppm,texto_bordas_nitidas,39.07204874221901,-5.7384314537,-1.6756027937
n148i_vs_jxl_e3,butteraugli,96,corpus-0096.ppm,texto_bordas_nitidas,95.7220817869173,-5.7974095345,-2.6494336128
n148i_vs_jxl_e3,butteraugli,97,corpus-0097.ppm,texto_bordas_nitidas,39.69719677099486,-6.031068325,-1.8168729544
n148i_vs_jxl_e3,butteraugli,98,corpus-0098.ppm,texto_bordas_nitidas,175.1819201565316,-6.1413650513,-3.5083417892
n148i_vs_jxl_e3,butteraugli,99,corpus-0099.ppm,texto_bordas_nitidas,281.39636747494086,-5.1128292084,-3.80204916
n148i_vs_jxl_e3,butteraugli,100,corpus-0100.ppm,texto_bordas_nitidas,54.405256977503356,-5.5952453613,-2.3776602745
n148i_vs_jxl_e3,butteraugli,101,corpus-0101.ppm,texto_bordas_nitidas,61.18995430816594,-5.141064167,-1.7616994381
n148i_vs_jxl_e3,butteraugli,102,corpus-0102.ppm,texto_bordas_nitidas,57.4352970560505,-4.500222683,-1.6579496861
n148i_vs_jxl_e3,butteraugli,103,corpus-0103.ppm,texto_bordas_nitidas,37.13523300752293,-4.6421971321,-2.0024337769
n148i_vs_jxl_e3,butteraugli,104,corpus-0104.ppm,texto_bordas_nitidas,59.118485988501824,-4.5757045746,-1.9489563704
n148i_vs_jxl_e3,butteraugli,105,corpus-0105.ppm,texto_bordas_nitidas,32.46144884282198,-3.7117738724,-1.5671141148
n148i_vs_jxl_e3,butteraugli,106,corpus-0106.ppm,cores_saturadas_dessaturadas,148.01004318660125,-5.8662424088,-2.8330299854
n148i_vs_jxl_e3,butteraugli,107,corpus-0107.ppm,cores_saturadas_dessaturadas,163.3509329734999,-5.1959204674,-2.4772992134
n148i_vs_jxl_e3,butteraugli,108,corpus-0108.ppm,cores_saturadas_dessaturadas,57.35978951062422,-5.8325457573,-2.3083870411
n148i_vs_jxl_e3,butteraugli,109,corpus-0109.ppm,cores_saturadas_dessaturadas,80.85369199523306,-5.1682252884,-1.7389398813
n148i_vs_jxl_e3,butteraugli,110,corpus-0110.ppm,cores_saturadas_dessaturadas,57.33784199668308,-5.6129608154,-2.2857613564
n148i_vs_jxl_e3,butteraugli,111,corpus-0111.ppm,cores_saturadas_dessaturadas,58.99127780783813,-6.6435875893,-4.2826938629
n148i_vs_jxl_e3,butteraugli,112,corpus-0112.ppm,cores_saturadas_dessaturadas,60.932912080195024,-4.6422362328,-1.7151319981
n148i_vs_jxl_e3,butteraugli,113,corpus-0113.ppm,cores_saturadas_dessaturadas,131.0628908772744,-5.8939833641,-3.1730513573
n148i_vs_jxl_e3,butteraugli,114,corpus-0114.ppm,cores_saturadas_dessaturadas,42.33969561472244,-4.9610471725,-1.8418700695
n148i_vs_jxl_e3,butteraugli,115,corpus-0115.ppm,cores_saturadas_dessaturadas,70.17997097278541,-5.1929712296,-1.6587700844
n148i_vs_jxl_e3,butteraugli,116,corpus-0116.ppm,cores_saturadas_dessaturadas,118.35638456433739,-4.439740181,-1.9812414646
n148i_vs_jxl_e3,butteraugli,117,corpus-0117.ppm,cores_saturadas_dessaturadas,88.90352893777862,-5.2937283516,-1.9633857012
n148i_vs_jxl_e3,butteraugli,118,corpus-0118.ppm,cores_saturadas_dessaturadas,152.46092011320235,-6.3222374916,-3.1520149708
n148i_vs_jxl_e3,butteraugli,119,corpus-0119.ppm,cores_saturadas_dessaturadas,186.205339465607,-7.2161021233,-3.1216607094
n148i_vs_jxl_e3,butteraugli,120,corpus-0120.ppm,cores_saturadas_dessaturadas,126.34730653924034,-6.7852363586,-2.5410106182
n148i_vs_jxl_e7,psnr_rgb_db,1,corpus-0001.ppm,retratos_historicos,43.99289832569184,27.86438433770702,38.573690621859626
n148i_vs_jxl_e7,psnr_rgb_db,2,corpus-0002.ppm,retratos_historicos,63.05209182732159,37.44246376802341,45.469229395741095
n148i_vs_jxl_e7,psnr_rgb_db,3,corpus-0003.ppm,retratos_historicos,33.8453669145764,28.640949554572686,36.090073424218815
n148i_vs_jxl_e7,psnr_rgb_db,4,corpus-0004.ppm,retratos_historicos,50.30616929366363,28.14681555654414,36.70234230114919
n148i_vs_jxl_e7,psnr_rgb_db,5,corpus-0005.ppm,retratos_historicos,30.718499470316463,31.665456575691778,39.10947210480601
n148i_vs_jxl_e7,psnr_rgb_db,6,corpus-0006.ppm,retratos_historicos,35.9366571139315,32.71651264583345,40.9747194129387
n148i_vs_jxl_e7,psnr_rgb_db,7,corpus-0007.ppm,retratos_historicos,39.86202729850379,28.031640495564183,34.50346356962111
n148i_vs_jxl_e7,psnr_rgb_db,8,corpus-0008.ppm,retratos_historicos,33.35799806435735,37.36515313786938,44.04749347193548
n148i_vs_jxl_e7,psnr_rgb_db,9,corpus-0009.ppm,retratos_historicos,46.54831920247548,28.630934093107527,37.79410123928314
n148i_vs_jxl_e7,psnr_rgb_db,10,corpus-0010.ppm,retratos_historicos,59.96219907590699,35.04118002154953,44.9769070208841
n148i_vs_jxl_e7,psnr_rgb_db,11,corpus-0011.ppm,retratos_historicos,62.1918426371461,35.656874422010716,43.22301273662303
n148i_vs_jxl_e7,psnr_rgb_db,12,corpus-0012.ppm,retratos_historicos,76.66177216554009,39.118004021723635,44.449521320867916
n148i_vs_jxl_e7,psnr_rgb_db,13,corpus-0013.ppm,retratos_historicos,42.87836607616566,35.08975989138164,42.852980213153096
n148i_vs_jxl_e7,psnr_rgb_db,14,corpus-0014.ppm,retratos_historicos,74.47478450611904,36.008041996864215,42.18912542547958
n148i_vs_jxl_e7,psnr_rgb_db,15,corpus-0015.ppm,retratos_historicos,47.49081762366052,26.91327986228897,41.84879594955721
n148i_vs_jxl_e7,psnr_rgb_db,16,corpus-0016.ppm,paisagens_naturais,37.778504429155376,28.378257287689518,37.12366606515821
n148i_vs_jxl_e7,psnr_rgb_db,17,corpus-0017.ppm,paisagens_naturais,36.12899621324368,28.621260316725046,36.722015539128805
n148i_vs_jxl_e7,psnr_rgb_db,18,corpus-0018.ppm,paisagens_naturais,42.530498797093095,32.211107182628496,40.13732765148302
n148i_vs_jxl_e7,psnr_rgb_db,19,corpus-0019.ppm,paisagens_naturais,42.08592363167121,33.35884856268605,41.08275314770799
n148i_vs_jxl_e7,psnr_rgb_db,20,corpus-0020.ppm,paisagens_naturais,42.357069811353675,25.274627672741158,36.63654105806265
n148i_vs_jxl_e7,psnr_rgb_db,21,corpus-0021.ppm,paisagens_naturais,43.04452846603502,32.25807597961809,39.833007263283235
n148i_vs_jxl_e7,psnr_rgb_db,22,corpus-0022.ppm,paisagens_naturais,33.24847663522974,27.031058638804275,34.03353118216526
n148i_vs_jxl_e7,psnr_rgb_db,23,corpus-0023.ppm,paisagens_naturais,47.7563845380695,22.396655734973102,29.151893279702268
n148i_vs_jxl_e7,psnr_rgb_db,24,corpus-0024.ppm,paisagens_naturais,32.954774784593496,30.639400626788316,39.267203777567936
n148i_vs_jxl_e7,psnr_rgb_db,25,corpus-0025.ppm,paisagens_naturais,61.47314499119025,34.63951687514819,40.618188541808856
n148i_vs_jxl_e7,psnr_rgb_db,26,corpus-0026.ppm,paisagens_naturais,31.95367808931,24.605006451942813,33.94131732698818
n148i_vs_jxl_e7,psnr_rgb_db,27,corpus-0027.ppm,paisagens_naturais,46.65261941644394,27.413746684869604,33.490179093031315
n148i_vs_jxl_e7,psnr_rgb_db,28,corpus-0028.ppm,paisagens_naturais,41.70320044959621,36.76375877117753,44.68150435666274
n148i_vs_jxl_e7,psnr_rgb_db,29,corpus-0029.ppm,paisagens_naturais,33.3181951824596,29.15823178757966,38.03136419480962
n148i_vs_jxl_e7,psnr_rgb_db,30,corpus-0030.ppm,paisagens_naturais,39.87423629872393,33.345438647484194,41.47162428150047
n148i_vs_jxl_e7,psnr_rgb_db,31,corpus-0031.ppm,urbano_arquitetura,28.491888982232226,27.592226995490826,35.55830810752872
n148i_vs_jxl_e7,psnr_rgb_db,32,corpus-0032.ppm,urbano_arquitetura,43.21258422149561,31.83012631338363,37.353861018126665
n148i_vs_jxl_e7,psnr_rgb_db,33,corpus-0033.ppm,urbano_arquitetura,37.421132632042344,33.85007487926093,38.14644583763584
n148i_vs_jxl_e7,psnr_rgb_db,34,corpus-0034.ppm,urbano_arquitetura,26.59743829426995,33.77107513315611,38.55687488603479
n148i_vs_jxl_e7,psnr_rgb_db,35,corpus-0035.ppm,urbano_arquitetura,42.420453729885125,28.864548303522,37.111872573183106
n148i_vs_jxl_e7,psnr_rgb_db,36,corpus-0036.ppm,urbano_arquitetura,37.967701315154656,27.22797394747845,35.03007023828695
n148i_vs_jxl_e7,psnr_rgb_db,37,corpus-0037.ppm,urbano_arquitetura,57.21150110823254,26.087872144878364,32.02682507996259
n148i_vs_jxl_e7,psnr_rgb_db,38,corpus-0038.ppm,urbano_arquitetura,39.51903273805475,28.46964970257477,37.15501663370228
n148i_vs_jxl_e7,psnr_rgb_db,39,corpus-0039.ppm,urbano_arquitetura,36.8930966742804,26.687574668895113,34.75609059487044
n148i_vs_jxl_e7,psnr_rgb_db,40,corpus-0040.ppm,urbano_arquitetura,34.34409339260207,26.736305588558444,34.63854493684253
n148i_vs_jxl_e7,psnr_rgb_db,41,corpus-0041.ppm,urbano_arquitetura,41.14082495285884,30.61329237235174,37.61584035029359
n148i_vs_jxl_e7,psnr_rgb_db,42,corpus-0042.ppm,urbano_arquitetura,43.61362759524767,27.670850955633476,35.028589823481305
n148i_vs_jxl_e7,psnr_rgb_db,43,corpus-0043.ppm,urbano_arquitetura,50.077006898911705,32.78876193390372,39.96641892252186
n148i_vs_jxl_e7,psnr_rgb_db,44,corpus-0044.ppm,urbano_arquitetura,23.77668968428881,22.562362291314358,35.09955365810302
n148i_vs_jxl_e7,psnr_rgb_db,45,corpus-0045.ppm,urbano_arquitetura,44.85198203256362,28.550860072745582,38.436223138156066
n148i_vs_jxl_e7,psnr_rgb_db,46,corpus-0046.ppm,texturas_alta_frequencia,26.300809858114338,25.70338111580532,32.491282792227835
n148i_vs_jxl_e7,psnr_rgb_db,47,corpus-0047.ppm,texturas_alta_frequencia,46.04717111329148,23.269638224873674,31.91322398601499
n148i_vs_jxl_e7,psnr_rgb_db,48,corpus-0048.ppm,texturas_alta_frequencia,20.082943285350787,25.210219397008025,31.191598431210437
n148i_vs_jxl_e7,psnr_rgb_db,49,corpus-0049.ppm,texturas_alta_frequencia,40.68627969068115,31.10622516165057,39.298470625035606
n148i_vs_jxl_e7,psnr_rgb_db,50,corpus-0050.ppm,texturas_alta_frequencia,156.1377339875178,28.044893415172574,33.52620388710751
n148i_vs_jxl_e7,psnr_rgb_db,51,corpus-0051.ppm,texturas_alta_frequencia,44.614435551062904,25.63840564570695,35.55658936698928
n148i_vs_jxl_e7,psnr_rgb_db,52,corpus-0052.ppm,texturas_alta_frequencia,38.89186489426757,24.65310257229598,33.408673072067884
n148i_vs_jxl_e7,psnr_rgb_db,53,corpus-0053.ppm,texturas_alta_frequencia,37.872272284117,26.11458366570166,34.543166500798684
n148i_vs_jxl_e7,psnr_rgb_db,54,corpus-0054.ppm,texturas_alta_frequencia,38.871490796787356,25.146201250828906,37.22223228585048
n148i_vs_jxl_e7,psnr_rgb_db,55,corpus-0055.ppm,texturas_alta_frequencia,41.0192323129134,33.04317129889028,39.00203545799173
n148i_vs_jxl_e7,psnr_rgb_db,56,corpus-0056.ppm,texturas_alta_frequencia,52.27116447621319,26.63610165310185,35.14055768737994
n148i_vs_jxl_e7,psnr_rgb_db,57,corpus-0057.ppm,texturas_alta_frequencia,45.63304862174433,30.905077640648223,38.30355869882075
n148i_vs_jxl_e7,psnr_rgb_db,58,corpus-0058.ppm,texturas_alta_frequencia,21.409394730286692,25.852833270396243,34.57966960279875
n148i_vs_jxl_e7,psnr_rgb_db,59,corpus-0059.ppm,texturas_alta_frequencia,22.921836546226217,33.46968685239423,41.291793573040806
n148i_vs_jxl_e7,psnr_rgb_db,60,corpus-0060.ppm,texturas_alta_frequencia,21.56959984290172,33.40992247981682,40.690966901644934
n148i_vs_jxl_e7,psnr_rgb_db,61,corpus-0061.ppm,superficies_suaves_degrades,71.96026631930008,39.169572450852165,44.00418729735486
n148i_vs_jxl_e7,psnr_rgb_db,62,corpus-0062.ppm,superficies_suaves_degrades,86.60271354104077,40.28968958827641,44.96097462282212
n148i_vs_jxl_e7,psnr_rgb_db,63,corpus-0063.ppm,superficies_suaves_degrades,64.0698679736607,35.440770201364096,43.02534486435809
n148i_vs_jxl_e7,psnr_rgb_db,64,corpus-0064.ppm,superficies_suaves_degrades,27.231356456298663,30.21140212022402,42.291943846457585
n148i_vs_jxl_e7,psnr_rgb_db,65,corpus-0065.ppm,superficies_suaves_degrades,55.32208499414002,30.98531220549941,38.13997370461182
n148i_vs_jxl_e7,psnr_rgb_db,66,corpus-0066.ppm,superficies_suaves_degrades,41.129319823197385,34.86934043286582,41.0943233932244
n148i_vs_jxl_e7,psnr_rgb_db,67,corpus-0067.ppm,superficies_suaves_degrades,54.98130589713897,31.664008546387063,37.76316567297728
n148i_vs_jxl_e7,psnr_rgb_db,68,corpus-0068.ppm,superficies_suaves_degrades,54.38315661010256,25.255147313199977,32.006682206169714
n148i_vs_jxl_e7,psnr_rgb_db,69,corpus-0069.ppm,superficies_suaves_degrades,62.360032832706615,32.64129472073293,39.48094475855279
n148i_vs_jxl_e7,psnr_rgb_db,70,corpus-0070.ppm,superficies_suaves_degrades,64.30179173480686,29.55619234275315,35.798049920453394
n148i_vs_jxl_e7,psnr_rgb_db,71,corpus-0071.ppm,superficies_suaves_degrades,36.26971580678977,32.89561886220782,38.66562696557218
n148i_vs_jxl_e7,psnr_rgb_db,72,corpus-0072.ppm,superficies_suaves_degrades,43.28312144921907,26.939495358468413,38.69717344288731
n148i_vs_jxl_e7,psnr_rgb_db,73,corpus-0073.ppm,superficies_suaves_degrades,127.15986414923024,41.21255305197299,46.45945638813349
n148i_vs_jxl_e7,psnr_rgb_db,74,corpus-0074.ppm,superficies_suaves_degrades,60.618271669085914,37.670841396860624,44.94220446895217
n148i_vs_jxl_e7,psnr_rgb_db,75,corpus-0075.ppm,superficies_suaves_degrades,88.7871994701124,38.90044206589256,45.876104123536834
n148i_vs_jxl_e7,psnr_rgb_db,76,corpus-0076.ppm,detalhe_fino,16.413384797128394,30.998322958794674,38.13153924665514
n148i_vs_jxl_e7,psnr_rgb_db,77,corpus-0077.ppm,detalhe_fino,21.506357696168777,27.87920346541526,35.00856985214191
n148i_vs_jxl_e7,psnr_rgb_db,78,corpus-0078.ppm,detalhe_fino,26.75129429247438,26.29376877000678,34.76943177575449
n148i_vs_jxl_e7,psnr_rgb_db,79,corpus-0079.ppm,detalhe_fino,16.66054375810637,24.496065904245622,31.533500051597805
n148i_vs_jxl_e7,psnr_rgb_db,80,corpus-0080.ppm,detalhe_fino,40.72733827937742,29.621506941094648,37.267491866426994
n148i_vs_jxl_e7,psnr_rgb_db,81,corpus-0081.ppm,detalhe_fino,25.60048420875056,30.738178380028856,42.847704142395244
n148i_vs_jxl_e7,psnr_rgb_db,82,corpus-0082.ppm,detalhe_fino,66.03787923520932,31.801199061147464,37.456821574603225
n148i_vs_jxl_e7,psnr_rgb_db,83,corpus-0083.ppm,detalhe_fino,37.87888378944659,29.50899249209303,36.37882140997296
n148i_vs_jxl_e7,psnr_rgb_db,84,corpus-0084.ppm,detalhe_fino,49.31864154530538,28.05221827719677,32.79883948585813
n148i_vs_jxl_e7,psnr_rgb_db,85,corpus-0085.ppm,detalhe_fino,19.261775333452302,23.488055683170668,34.896083434525636
n148i_vs_jxl_e7,psnr_rgb_db,86,corpus-0086.ppm,detalhe_fino,40.19541619566698,26.720720034821255,33.16296192386728
n148i_vs_jxl_e7,psnr_rgb_db,87,corpus-0087.ppm,detalhe_fino,14.439617304052899,26.114143681956325,33.47498433698315
n148i_vs_jxl_e7,psnr_rgb_db,88,corpus-0088.ppm,detalhe_fino,-40.07217322834512,35.255260063207196,37.427737342620816
n148i_vs_jxl_e7,psnr_rgb_db,89,corpus-0089.ppm,detalhe_fino,5.46252544730681,25.524571650274176,29.303581180410895
n148i_vs_jxl_e7,psnr_rgb_db,90,corpus-0090.ppm,detalhe_fino,21.228609978488944,28.858697497786952,33.38692019156002
n148i_vs_jxl_e7,psnr_rgb_db,91,corpus-0091.ppm,texto_bordas_nitidas,51.87343172649446,29.554495681780033,37.18684555544507
n148i_vs_jxl_e7,psnr_rgb_db,92,corpus-0092.ppm,texto_bordas_nitidas,67.41725910622351,30.09133188043134,34.76766127637211
n148i_vs_jxl_e7,psnr_rgb_db,93,corpus-0093.ppm,texto_bordas_nitidas,33.824020065188876,31.85585123818042,40.15385322366241
n148i_vs_jxl_e7,psnr_rgb_db,94,corpus-0094.ppm,texto_bordas_nitidas,42.57468983147987,27.16649972911718,36.23996612330621
n148i_vs_jxl_e7,psnr_rgb_db,95,corpus-0095.ppm,texto_bordas_nitidas,44.09783794276512,27.89519109184939,40.93853129671598
n148i_vs_jxl_e7,psnr_rgb_db,96,corpus-0096.ppm,texto_bordas_nitidas,38.68701819016805,25.75496861141285,35.479706962379126
n148i_vs_jxl_e7,psnr_rgb_db,97,corpus-0097.ppm,texto_bordas_nitidas,55.02704867833754,29.887061056347296,41.42901372586636
n148i_vs_jxl_e7,psnr_rgb_db,98,corpus-0098.ppm,texto_bordas_nitidas,44.80700992033204,28.60938930488853,35.624940226723965
n148i_vs_jxl_e7,psnr_rgb_db,99,corpus-0099.ppm,texto_bordas_nitidas,102.05446152011758,31.822456715905886,37.60678713880358
n148i_vs_jxl_e7,psnr_rgb_db,100,corpus-0100.ppm,texto_bordas_nitidas,41.0027713331965,27.37879426327707,34.03750092797107
n148i_vs_jxl_e7,psnr_rgb_db,101,corpus-0101.ppm,texto_bordas_nitidas,83.40304348762953,31.707376452299236,38.141912546994455
n148i_vs_jxl_e7,psnr_rgb_db,102,corpus-0102.ppm,texto_bordas_nitidas,52.173187722017,30.195749636009737,37.81197701576416
n148i_vs_jxl_e7,psnr_rgb_db,103,corpus-0103.ppm,texto_bordas_nitidas,43.490303080643855,30.7384592918574,39.647968483540815
n148i_vs_jxl_e7,psnr_rgb_db,104,corpus-0104.ppm,texto_bordas_nitidas,42.577280152612886,32.74323411590079,40.462659128344484
n148i_vs_jxl_e7,psnr_rgb_db,105,corpus-0105.ppm,texto_bordas_nitidas,45.035248548031916,33.1680661998629,39.52421599051101
n148i_vs_jxl_e7,psnr_rgb_db,106,corpus-0106.ppm,cores_saturadas_dessaturadas,26.43293128312574,29.548098321016496,35.10285361060469
n148i_vs_jxl_e7,psnr_rgb_db,107,corpus-0107.ppm,cores_saturadas_dessaturadas,-13.570613865824955,29.29052188596565,33.98894015440999
n148i_vs_jxl_e7,psnr_rgb_db,108,corpus-0108.ppm,cores_saturadas_dessaturadas,36.569218346091084,26.547219593466053,35.85149945534149
n148i_vs_jxl_e7,psnr_rgb_db,109,corpus-0109.ppm,cores_saturadas_dessaturadas,53.19407305100074,34.62771070738795,41.50469416892098
n148i_vs_jxl_e7,psnr_rgb_db,110,corpus-0110.ppm,cores_saturadas_dessaturadas,27.085409913392276,29.032589139756514,35.53932684643346
n148i_vs_jxl_e7,psnr_rgb_db,111,corpus-0111.ppm,cores_saturadas_dessaturadas,11.944118058087238,26.76920696748668,31.811381283960266
n148i_vs_jxl_e7,psnr_rgb_db,112,corpus-0112.ppm,cores_saturadas_dessaturadas,21.613303744777102,29.753748493963528,37.819734851081655
n148i_vs_jxl_e7,psnr_rgb_db,113,corpus-0113.ppm,cores_saturadas_dessaturadas,13.737282869012768,29.17997579778978,35.492649595896765
n148i_vs_jxl_e7,psnr_rgb_db,114,corpus-0114.ppm,cores_saturadas_dessaturadas,28.152538290243978,26.76122660545157,33.97765057913293
n148i_vs_jxl_e7,psnr_rgb_db,115,corpus-0115.ppm,cores_saturadas_dessaturadas,42.57096966786384,30.856894445120282,39.506308653949
n148i_vs_jxl_e7,psnr_rgb_db,116,corpus-0116.ppm,cores_saturadas_dessaturadas,52.164593227645724,36.69624510557464,44.46814738042689
n148i_vs_jxl_e7,psnr_rgb_db,117,corpus-0117.ppm,cores_saturadas_dessaturadas,62.303937257511464,39.03855351593627,46.72702913695485
n148i_vs_jxl_e7,psnr_rgb_db,118,corpus-0118.ppm,cores_saturadas_dessaturadas,7.3957142010163235,31.53730610667873,37.53236986112408
n148i_vs_jxl_e7,psnr_rgb_db,119,corpus-0119.ppm,cores_saturadas_dessaturadas,-5.352630573036432,31.75419417588589,36.859932924967104
n148i_vs_jxl_e7,psnr_rgb_db,120,corpus-0120.ppm,cores_saturadas_dessaturadas,-2.621470214365007,31.103722981426316,36.56513352289211
n148i_vs_jxl_e7,psnr_y_db,1,corpus-0001.ppm,retratos_historicos,44.254020210242516,27.86438433770702,38.573690621859626
n148i_vs_jxl_e7,psnr_y_db,2,corpus-0002.ppm,retratos_historicos,40.55780214016327,38.9574378334084,47.167393875954524
n148i_vs_jxl_e7,psnr_y_db,3,corpus-0003.ppm,retratos_historicos,41.9316470322953,30.27380675343288,41.744524522818914
n148i_vs_jxl_e7,psnr_y_db,4,corpus-0004.ppm,retratos_historicos,49.357998324939615,28.305335616015217,37.096057189576186
n148i_vs_jxl_e7,psnr_y_db,5,corpus-0005.ppm,retratos_historicos,39.49989072682358,32.64272018052557,40.25853301155307
n148i_vs_jxl_e7,psnr_y_db,6,corpus-0006.ppm,retratos_historicos,33.2165346131317,34.360910349902674,43.54255931099252
n148i_vs_jxl_e7,psnr_y_db,7,corpus-0007.ppm,retratos_historicos,27.769104154089863,30.660971114102956,40.12984716432562
n148i_vs_jxl_e7,psnr_y_db,8,corpus-0008.ppm,retratos_historicos,26.278296463621942,39.823015158126516,47.61056339374804
n148i_vs_jxl_e7,psnr_y_db,9,corpus-0009.ppm,retratos_historicos,48.05215093979813,28.94452599531145,38.647146865156145
n148i_vs_jxl_e7,psnr_y_db,10,corpus-0010.ppm,retratos_historicos,52.76209361339323,36.37986863217439,45.11031458165747
n148i_vs_jxl_e7,psnr_y_db,11,corpus-0011.ppm,retratos_historicos,60.916330254408166,36.05558485200169,43.4406730075363
n148i_vs_jxl_e7,psnr_y_db,12,corpus-0012.ppm,retratos_historicos,52.930914666732875,41.336402116469486,47.616589384540276
n148i_vs_jxl_e7,psnr_y_db,13,corpus-0013.ppm,retratos_historicos,44.14301433059029,35.08975989138164,42.852980213153096
n148i_vs_jxl_e7,psnr_y_db,14,corpus-0014.ppm,retratos_historicos,65.80821297996073,36.67548820807682,43.10411358940429
n148i_vs_jxl_e7,psnr_y_db,15,corpus-0015.ppm,retratos_historicos,47.606960065728245,26.91327986228897,41.84879594955721
n148i_vs_jxl_e7,psnr_y_db,16,corpus-0016.ppm,paisagens_naturais,38.30832891616258,28.853599462017357,39.17076407640301
n148i_vs_jxl_e7,psnr_y_db,17,corpus-0017.ppm,paisagens_naturais,43.566376473340476,29.863612417691563,39.561342478021004
n148i_vs_jxl_e7,psnr_y_db,18,corpus-0018.ppm,paisagens_naturais,40.222879528103526,32.72627469335689,41.18352621677852
n148i_vs_jxl_e7,psnr_y_db,19,corpus-0019.ppm,paisagens_naturais,40.27027544171784,33.775562249613735,41.86212818061769
n148i_vs_jxl_e7,psnr_y_db,20,corpus-0020.ppm,paisagens_naturais,43.13609641728675,25.601093760039756,38.24007969425764
n148i_vs_jxl_e7,psnr_y_db,21,corpus-0021.ppm,paisagens_naturais,38.40927374477931,33.444998049884646,42.113920760916585
n148i_vs_jxl_e7,psnr_y_db,22,corpus-0022.ppm,paisagens_naturais,38.881359854899046,28.73158615038203,38.71187595017802
n148i_vs_jxl_e7,psnr_y_db,23,corpus-0023.ppm,paisagens_naturais,31.48511721294225,24.223863590853185,37.588585394513444
n148i_vs_jxl_e7,psnr_y_db,24,corpus-0024.ppm,paisagens_naturais,36.10109162152635,31.135351814895774,40.12331981062938
n148i_vs_jxl_e7,psnr_y_db,25,corpus-0025.ppm,paisagens_naturais,40.56453343309043,37.24851429588505,45.6628311789379
n148i_vs_jxl_e7,psnr_y_db,26,corpus-0026.ppm,paisagens_naturais,34.78620941201205,25.652370772129316,37.353824883796044
n148i_vs_jxl_e7,psnr_y_db,27,corpus-0027.ppm,paisagens_naturais,40.88035205801337,28.967811320248554,38.67545323151274
n148i_vs_jxl_e7,psnr_y_db,28,corpus-0028.ppm,paisagens_naturais,37.14611462513897,38.70751201963034,46.978906922353005
n148i_vs_jxl_e7,psnr_y_db,29,corpus-0029.ppm,paisagens_naturais,43.097957899244,29.76334309108505,39.51440944261682
n148i_vs_jxl_e7,psnr_y_db,30,corpus-0030.ppm,paisagens_naturais,42.527670536157444,34.64028579883213,43.33630320746704
n148i_vs_jxl_e7,psnr_y_db,31,corpus-0031.ppm,urbano_arquitetura,31.74805262424347,28.954454880047123,39.63304482126652
n148i_vs_jxl_e7,psnr_y_db,32,corpus-0032.ppm,urbano_arquitetura,39.79524426892871,33.15726242051375,41.2958876085071
n148i_vs_jxl_e7,psnr_y_db,33,corpus-0033.ppm,urbano_arquitetura,30.723041168746978,36.16368367992985,42.287767891186675
n148i_vs_jxl_e7,psnr_y_db,34,corpus-0034.ppm,urbano_arquitetura,31.203802236791756,36.46647669035053,43.37848362232275
n148i_vs_jxl_e7,psnr_y_db,35,corpus-0035.ppm,urbano_arquitetura,41.13277316798811,29.967399503326007,40.161147277052095
n148i_vs_jxl_e7,psnr_y_db,36,corpus-0036.ppm,urbano_arquitetura,35.48255571219474,28.84525840338146,39.696129540685696
n148i_vs_jxl_e7,psnr_y_db,37,corpus-0037.ppm,urbano_arquitetura,36.781459441653254,29.707114305321483,40.78122128032974
n148i_vs_jxl_e7,psnr_y_db,38,corpus-0038.ppm,urbano_arquitetura,38.516165883106666,28.888387832799033,38.091410442847646
n148i_vs_jxl_e7,psnr_y_db,39,corpus-0039.ppm,urbano_arquitetura,36.14258627670617,27.65880574817759,38.74988186254962
n148i_vs_jxl_e7,psnr_y_db,40,corpus-0040.ppm,urbano_arquitetura,36.974448361656776,27.771894682186705,38.97014376987119
n148i_vs_jxl_e7,psnr_y_db,41,corpus-0041.ppm,urbano_arquitetura,40.05872517448863,32.07561293712102,41.699962942997566
n148i_vs_jxl_e7,psnr_y_db,42,corpus-0042.ppm,urbano_arquitetura,39.079307953513684,28.89140461613731,39.5520982155802
n148i_vs_jxl_e7,psnr_y_db,43,corpus-0043.ppm,urbano_arquitetura,39.6336704936524,34.67189354068485,43.22068255671685
n148i_vs_jxl_e7,psnr_y_db,44,corpus-0044.ppm,urbano_arquitetura,33.15382790787669,23.24987964163936,39.91974227307448
n148i_vs_jxl_e7,psnr_y_db,45,corpus-0045.ppm,urbano_arquitetura,45.1406295221773,28.550860072745582,38.436223138156066
n148i_vs_jxl_e7,psnr_y_db,46,corpus-0046.ppm,texturas_alta_frequencia,45.17379001695805,26.494638045299755,36.37206784990971
n148i_vs_jxl_e7,psnr_y_db,47,corpus-0047.ppm,texturas_alta_frequencia,43.720406137439596,23.836535723575683,36.319033105107835
n148i_vs_jxl_e7,psnr_y_db,48,corpus-0048.ppm,texturas_alta_frequencia,42.56165745525997,26.299151582315474,37.62214843074311
n148i_vs_jxl_e7,psnr_y_db,49,corpus-0049.ppm,texturas_alta_frequencia,39.364269217447486,31.422456032795782,39.75008246953104
n148i_vs_jxl_e7,psnr_y_db,50,corpus-0050.ppm,texturas_alta_frequencia,126.60892432761615,28.52471650090672,37.40191442608508
n148i_vs_jxl_e7,psnr_y_db,51,corpus-0051.ppm,texturas_alta_frequencia,44.79709586269509,25.81385215564425,36.39875100447205
n148i_vs_jxl_e7,psnr_y_db,52,corpus-0052.ppm,texturas_alta_frequencia,44.479645492986286,25.29460869662024,36.456969524020494
n148i_vs_jxl_e7,psnr_y_db,53,corpus-0053.ppm,texturas_alta_frequencia,44.126930173366176,26.806516963210328,37.197195680645244
n148i_vs_jxl_e7,psnr_y_db,54,corpus-0054.ppm,texturas_alta_frequencia,39.99403814008178,25.65204848791181,42.283378423772845
n148i_vs_jxl_e7,psnr_y_db,55,corpus-0055.ppm,texturas_alta_frequencia,34.02304411206656,34.05734851358372,40.69975147091525
n148i_vs_jxl_e7,psnr_y_db,56,corpus-0056.ppm,texturas_alta_frequencia,50.893260869391675,26.89331482163062,36.438679680702045
n148i_vs_jxl_e7,psnr_y_db,57,corpus-0057.ppm,texturas_alta_frequencia,42.701479654588105,31.34413229738465,38.529501748636186
n148i_vs_jxl_e7,psnr_y_db,58,corpus-0058.ppm,texturas_alta_frequencia,37.05026027625238,26.90430625355219,38.317399169693054
n148i_vs_jxl_e7,psnr_y_db,59,corpus-0059.ppm,texturas_alta_frequencia,33.330741906445404,35.56795040642565,43.66382227783896
n148i_vs_jxl_e7,psnr_y_db,60,corpus-0060.ppm,texturas_alta_frequencia,29.13690315004558,35.47816663047352,43.11152912058586
n148i_vs_jxl_e7,psnr_y_db,61,corpus-0061.ppm,superficies_suaves_degrades,31.542877677406377,41.59626764037433,47.89754730563301
n148i_vs_jxl_e7,psnr_y_db,62,corpus-0062.ppm,superficies_suaves_degrades,43.53209186247522,42.30609196982648,48.48752567867873
n148i_vs_jxl_e7,psnr_y_db,63,corpus-0063.ppm,superficies_suaves_degrades,52.628179420861265,36.53409730410852,45.96863699955793
n148i_vs_jxl_e7,psnr_y_db,64,corpus-0064.ppm,superficies_suaves_degrades,35.38810404285928,30.99299316983458,46.6941718820584
n148i_vs_jxl_e7,psnr_y_db,65,corpus-0065.ppm,superficies_suaves_degrades,46.284193354105184,32.31895390517772,42.089833492306525
n148i_vs_jxl_e7,psnr_y_db,66,corpus-0066.ppm,superficies_suaves_degrades,34.51962265699837,35.58957363143387,41.93095407616157
n148i_vs_jxl_e7,psnr_y_db,67,corpus-0067.ppm,superficies_suaves_degrades,40.54398607614773,32.962931806710934,41.094962929459406
n148i_vs_jxl_e7,psnr_y_db,68,corpus-0068.ppm,superficies_suaves_degrades,32.36146095635846,26.962675072285375,37.78058025463277
n148i_vs_jxl_e7,psnr_y_db,69,corpus-0069.ppm,superficies_suaves_degrades,48.85157901842818,33.89831940306625,42.73844852614761
n148i_vs_jxl_e7,psnr_y_db,70,corpus-0070.ppm,superficies_suaves_degrades,41.19453733369352,31.35990275948142,40.94239856840788
n148i_vs_jxl_e7,psnr_y_db,71,corpus-0071.ppm,superficies_suaves_degrades,31.98969377369949,37.16545956475426,45.35896903901845
n148i_vs_jxl_e7,psnr_y_db,72,corpus-0072.ppm,superficies_suaves_degrades,43.49160090227699,26.939495358468413,38.69717344288731
n148i_vs_jxl_e7,psnr_y_db,73,corpus-0073.ppm,superficies_suaves_degrades,90.91483107261824,44.578485794320564,50.600502338300906
n148i_vs_jxl_e7,psnr_y_db,74,corpus-0074.ppm,superficies_suaves_degrades,58.789989804698095,38.74935241749752,46.361480060697026
n148i_vs_jxl_e7,psnr_y_db,75,corpus-0075.ppm,superficies_suaves_degrades,76.31247433372769,40.21851495817622,48.56894532161883
n148i_vs_jxl_e7,psnr_y_db,76,corpus-0076.ppm,detalhe_fino,57.98974991422956,33.951412287074064,42.589100084479355
n148i_vs_jxl_e7,psnr_y_db,77,corpus-0077.ppm,detalhe_fino,30.58177531567816,29.282522476933742,38.36653119385054
n148i_vs_jxl_e7,psnr_y_db,78,corpus-0078.ppm,detalhe_fino,39.692261681680606,27.33452031331895,37.754096288729286
n148i_vs_jxl_e7,psnr_y_db,79,corpus-0079.ppm,detalhe_fino,37.02441326927533,26.749189861883906,37.56698500517472
n148i_vs_jxl_e7,psnr_y_db,80,corpus-0080.ppm,detalhe_fino,41.11458468364499,30.33576811133029,39.34644436328508
n148i_vs_jxl_e7,psnr_y_db,81,corpus-0081.ppm,detalhe_fino,13.716485624956443,31.71198892133515,47.894415756650545
n148i_vs_jxl_e7,psnr_y_db,82,corpus-0082.ppm,detalhe_fino,33.91921681999796,34.169745693086455,41.791886551221076
n148i_vs_jxl_e7,psnr_y_db,83,corpus-0083.ppm,detalhe_fino,39.7582831160205,31.978553622903505,41.93421823265008
n148i_vs_jxl_e7,psnr_y_db,84,corpus-0084.ppm,detalhe_fino,12.029048220404736,34.83196286735571,42.80018965476024
n148i_vs_jxl_e7,psnr_y_db,85,corpus-0085.ppm,detalhe_fino,31.102543735502096,25.410304633655407,40.985689765704876
n148i_vs_jxl_e7,psnr_y_db,86,corpus-0086.ppm,detalhe_fino,27.51849453999626,28.760442083397002,37.82642328203769
n148i_vs_jxl_e7,psnr_y_db,87,corpus-0087.ppm,detalhe_fino,33.15153223096576,27.87641673840355,38.207579630162144
n148i_vs_jxl_e7,psnr_y_db,88,corpus-0088.ppm,detalhe_fino,51.75603341441277,39.77719376272999,47.24464032988247
n148i_vs_jxl_e7,psnr_y_db,89,corpus-0089.ppm,detalhe_fino,-5.258789062005265,30.80241770850261,39.07838068102285
n148i_vs_jxl_e7,psnr_y_db,90,corpus-0090.ppm,detalhe_fino,-6.213127818822651,34.64753127887958,43.254782939532944
n148i_vs_jxl_e7,psnr_y_db,91,corpus-0091.ppm,texto_bordas_nitidas,53.22829292844096,31.46547787782702,41.601697988150654
n148i_vs_jxl_e7,psnr_y_db,92,corpus-0092.ppm,texto_bordas_nitidas,52.71122775092727,32.088263584819956,39.90844089214821
n148i_vs_jxl_e7,psnr_y_db,93,corpus-0093.ppm,texto_bordas_nitidas,56.52280477153455,33.95034983173327,44.39356270799848
n148i_vs_jxl_e7,psnr_y_db,94,corpus-0094.ppm,texto_bordas_nitidas,44.41512468294248,28.39982679094515,39.93939086081946
n148i_vs_jxl_e7,psnr_y_db,95,corpus-0095.ppm,texto_bordas_nitidas,44.254781714108034,27.897555536586303,40.93853129671597
n148i_vs_jxl_e7,psnr_y_db,96,corpus-0096.ppm,texto_bordas_nitidas,38.017508360012386,26.18705058733545,37.6137298879567
n148i_vs_jxl_e7,psnr_y_db,97,corpus-0097.ppm,texto_bordas_nitidas,56.34965758944821,30.012004400506687,41.8584914517717
n148i_vs_jxl_e7,psnr_y_db,98,corpus-0098.ppm,texto_bordas_nitidas,29.484089196146044,30.05565805892942,41.480905877614596
n148i_vs_jxl_e7,psnr_y_db,99,corpus-0099.ppm,texto_bordas_nitidas,34.86590312871132,35.91186975516135,46.18900665291815
n148i_vs_jxl_e7,psnr_y_db,100,corpus-0100.ppm,texto_bordas_nitidas,49.909715153755215,31.016576721907064,41.75712187894465
n148i_vs_jxl_e7,psnr_y_db,101,corpus-0101.ppm,texto_bordas_nitidas,26.75639243635821,34.3067179780126,48.735260179170695
n148i_vs_jxl_e7,psnr_y_db,102,corpus-0102.ppm,texto_bordas_nitidas,41.54896552520637,31.74547995987141,41.387288917484355
n148i_vs_jxl_e7,psnr_y_db,103,corpus-0103.ppm,texto_bordas_nitidas,41.803224760583,32.30014792715602,43.35737349112175
n148i_vs_jxl_e7,psnr_y_db,104,corpus-0104.ppm,texto_bordas_nitidas,53.079160114282246,34.86039986342489,43.64997379404289
n148i_vs_jxl_e7,psnr_y_db,105,corpus-0105.ppm,texto_bordas_nitidas,34.904293939339695,36.29899648855972,44.19782835281577
n148i_vs_jxl_e7,psnr_y_db,106,corpus-0106.ppm,cores_saturadas_dessaturadas,-5.640075623484108,35.60129557711316,43.602324280555926
n148i_vs_jxl_e7,psnr_y_db,107,corpus-0107.ppm,cores_saturadas_dessaturadas,5.1736380508989654,30.487022383324295,37.541381262348196
n148i_vs_jxl_e7,psnr_y_db,108,corpus-0108.ppm,cores_saturadas_dessaturadas,42.74343924524801,27.48133664234804,38.48867336236497
n148i_vs_jxl_e7,psnr_y_db,109,corpus-0109.ppm,cores_saturadas_dessaturadas,51.41019000167113,36.6664897381222,44.36950774336107
n148i_vs_jxl_e7,psnr_y_db,110,corpus-0110.ppm,cores_saturadas_dessaturadas,31.36334034126156,31.920000228007957,41.489180206055714
n148i_vs_jxl_e7,psnr_y_db,111,corpus-0111.ppm,cores_saturadas_dessaturadas,9.808404742985521,31.871591027712295,42.05017139077181
n148i_vs_jxl_e7,psnr_y_db,112,corpus-0112.ppm,cores_saturadas_dessaturadas,33.130183786501455,31.009035738951752,40.00765724409795
n148i_vs_jxl_e7,psnr_y_db,113,corpus-0113.ppm,cores_saturadas_dessaturadas,27.853005260417273,34.43358152253924,43.60731091039228
n148i_vs_jxl_e7,psnr_y_db,114,corpus-0114.ppm,cores_saturadas_dessaturadas,30.15152515348587,28.523857027110967,38.51198989645468
n148i_vs_jxl_e7,psnr_y_db,115,corpus-0115.ppm,cores_saturadas_dessaturadas,42.98007402259329,30.856894445120282,39.506308653949
n148i_vs_jxl_e7,psnr_y_db,116,corpus-0116.ppm,cores_saturadas_dessaturadas,54.00765454245602,36.69624510557464,44.46814738042689
n148i_vs_jxl_e7,psnr_y_db,117,corpus-0117.ppm,cores_saturadas_dessaturadas,66.5222535002993,39.05609954849959,46.727029136954854
n148i_vs_jxl_e7,psnr_y_db,118,corpus-0118.ppm,cores_saturadas_dessaturadas,-23.77791861535097,38.70918097890027,44.374253373135474
n148i_vs_jxl_e7,psnr_y_db,119,corpus-0119.ppm,cores_saturadas_dessaturadas,2.290024608326724,37.22819247494705,45.05015442877749
n148i_vs_jxl_e7,psnr_y_db,120,corpus-0120.ppm,cores_saturadas_dessaturadas,16.239877893879505,37.059759570709346,45.24742493995166
n148i_vs_jxl_e7,ssim,1,corpus-0001.ppm,retratos_historicos,42.730580478232085,0.8609408305682478,0.9821070583122894
n148i_vs_jxl_e7,ssim,2,corpus-0002.ppm,retratos_historicos,42.194888567693376,0.9346164741129748,0.9851584958031481
n148i_vs_jxl_e7,ssim,3,corpus-0003.ppm,retratos_historicos,44.517996798327374,0.9231309261281956,0.9792948320406851
n148i_vs_jxl_e7,ssim,4,corpus-0004.ppm,retratos_historicos,35.15707671870514,0.7313079954024566,0.9616146043486555
n148i_vs_jxl_e7,ssim,5,corpus-0005.ppm,retratos_historicos,26.4271550032803,0.8322036955961748,0.9564734266370026
n148i_vs_jxl_e7,ssim,6,corpus-0006.ppm,retratos_historicos,35.18444894308972,0.9047052678118166,0.9801653992892599
n148i_vs_jxl_e7,ssim,7,corpus-0007.ppm,retratos_historicos,37.52440644936872,0.8191883882586213,0.945823170888609
n148i_vs_jxl_e7,ssim,8,corpus-0008.ppm,retratos_historicos,32.686679021686736,0.8766537228133519,0.9635929225733205
n148i_vs_jxl_e7,ssim,9,corpus-0009.ppm,retratos_historicos,34.36304632280807,0.8339374912465259,0.9614072153173424
n148i_vs_jxl_e7,ssim,10,corpus-0010.ppm,retratos_historicos,47.89344930127031,0.9032201867846289,0.9846864968459089
n148i_vs_jxl_e7,ssim,11,corpus-0011.ppm,retratos_historicos,43.69431409656739,0.9228126229537419,0.9771089552151654
n148i_vs_jxl_e7,ssim,12,corpus-0012.ppm,retratos_historicos,43.42314075217688,0.9637956228611624,0.9800773600407364
n148i_vs_jxl_e7,ssim,13,corpus-0013.ppm,retratos_historicos,37.54599352227304,0.8962007732711762,0.9767873877908113
n148i_vs_jxl_e7,ssim,14,corpus-0014.ppm,retratos_historicos,42.79910413984487,0.9098777600233178,0.9676014885881079
n148i_vs_jxl_e7,ssim,15,corpus-0015.ppm,retratos_historicos,120.5696202801183,0.9852326128631722,0.9963002136054748
n148i_vs_jxl_e7,ssim,16,corpus-0016.ppm,paisagens_naturais,32.35276637225035,0.8752614333721804,0.9726922974402997
n148i_vs_jxl_e7,ssim,17,corpus-0017.ppm,paisagens_naturais,27.822226774436686,0.8485925857459907,0.9651143720414807
n148i_vs_jxl_e7,ssim,18,corpus-0018.ppm,paisagens_naturais,28.645525517267867,0.879638967444844,0.969477117237541
n148i_vs_jxl_e7,ssim,19,corpus-0019.ppm,paisagens_naturais,26.95824021067381,0.8856899405542332,0.9718217325824772
n148i_vs_jxl_e7,ssim,20,corpus-0020.ppm,paisagens_naturais,36.24951003794261,0.8342283043461688,0.9738535751181044
n148i_vs_jxl_e7,ssim,21,corpus-0021.ppm,paisagens_naturais,30.302346060252503,0.8887241195638627,0.9690036183829226
n148i_vs_jxl_e7,ssim,22,corpus-0022.ppm,paisagens_naturais,26.578049415817517,0.7962508164449553,0.949349870363752
n148i_vs_jxl_e7,ssim,23,corpus-0023.ppm,paisagens_naturais,49.45302456748992,0.8607925830030951,0.9546594101715682
n148i_vs_jxl_e7,ssim,24,corpus-0024.ppm,paisagens_naturais,24.69423909891968,0.8660923932925706,0.9735953785509732
n148i_vs_jxl_e7,ssim,25,corpus-0025.ppm,paisagens_naturais,46.93789774135397,0.9116081779853561,0.9687075402664549
n148i_vs_jxl_e7,ssim,26,corpus-0026.ppm,paisagens_naturais,28.978137281961835,0.7900056199531765,0.9635818396958135
n148i_vs_jxl_e7,ssim,27,corpus-0027.ppm,paisagens_naturais,26.97206503996652,0.7955346038943288,0.9388621707564052
n148i_vs_jxl_e7,ssim,28,corpus-0028.ppm,paisagens_naturais,34.26680891541398,0.9377757123427916,0.9838635678985653
n148i_vs_jxl_e7,ssim,29,corpus-0029.ppm,paisagens_naturais,25.101983555633755,0.8556293136106131,0.9707934542720986
n148i_vs_jxl_e7,ssim,30,corpus-0030.ppm,paisagens_naturais,35.289600353638725,0.8929857040173825,0.9755449457686245
n148i_vs_jxl_e7,ssim,31,corpus-0031.ppm,urbano_arquitetura,33.917298000722916,0.8843011464115643,0.9718002715174293
n148i_vs_jxl_e7,ssim,32,corpus-0032.ppm,urbano_arquitetura,26.914053831997897,0.8209034766640354,0.9270599655445975
n148i_vs_jxl_e7,ssim,33,corpus-0033.ppm,urbano_arquitetura,13.576285988054092,0.8309169155890351,0.9272080865874374
n148i_vs_jxl_e7,ssim,34,corpus-0034.ppm,urbano_arquitetura,9.816272553330574,0.8513276236229719,0.9344231199324816
n148i_vs_jxl_e7,ssim,35,corpus-0035.ppm,urbano_arquitetura,39.65443791861165,0.8789511220029133,0.9733228911547047
n148i_vs_jxl_e7,ssim,36,corpus-0036.ppm,urbano_arquitetura,53.737422837172176,0.8741166122237546,0.9666304784953353
n148i_vs_jxl_e7,ssim,37,corpus-0037.ppm,urbano_arquitetura,44.60780827758113,0.8428547226440642,0.9485964805841957
n148i_vs_jxl_e7,ssim,38,corpus-0038.ppm,urbano_arquitetura,32.11528306604201,0.8818658669904748,0.97543644018906
n148i_vs_jxl_e7,ssim,39,corpus-0039.ppm,urbano_arquitetura,35.0984683013865,0.8708161540041974,0.9725680536472403
n148i_vs_jxl_e7,ssim,40,corpus-0040.ppm,urbano_arquitetura,30.759625141041912,0.8209246934197708,0.9573876735251154
n148i_vs_jxl_e7,ssim,41,corpus-0041.ppm,urbano_arquitetura,44.493930800445234,0.8924965092708522,0.9666663698475864
n148i_vs_jxl_e7,ssim,42,corpus-0042.ppm,urbano_arquitetura,49.27178334812101,0.8742137562008955,0.9656043914090989
n148i_vs_jxl_e7,ssim,43,corpus-0043.ppm,urbano_arquitetura,57.60194447749636,0.918153639372401,0.9735720151885809
n148i_vs_jxl_e7,ssim,44,corpus-0044.ppm,urbano_arquitetura,25.45292468307856,0.834054870625462,0.9861832748754077
n148i_vs_jxl_e7,ssim,45,corpus-0045.ppm,urbano_arquitetura,36.33035445228898,0.8277917573509296,0.975645317729294
n148i_vs_jxl_e7,ssim,46,corpus-0046.ppm,texturas_alta_frequencia,23.229066970648617,0.6393494595488133,0.9369653976220222
n148i_vs_jxl_e7,ssim,47,corpus-0047.ppm,texturas_alta_frequencia,32.73118488779146,0.6974952616402174,0.959901126336427
n148i_vs_jxl_e7,ssim,48,corpus-0048.ppm,texturas_alta_frequencia,20.507369798205932,0.7632731142569522,0.942466529452386
n148i_vs_jxl_e7,ssim,49,corpus-0049.ppm,texturas_alta_frequencia,30.28450692936593,0.8263285763166471,0.9693426684740839
n148i_vs_jxl_e7,ssim,50,corpus-0050.ppm,texturas_alta_frequencia,149.950198753758,0.840123634342719,0.9554480675045411
n148i_vs_jxl_e7,ssim,51,corpus-0051.ppm,texturas_alta_frequencia,32.74719156195835,0.7120228520833196,0.9739228795484561
n148i_vs_jxl_e7,ssim,52,corpus-0052.ppm,texturas_alta_frequencia,34.146841426719355,0.8342679018139142,0.9770990928574131
n148i_vs_jxl_e7,ssim,53,corpus-0053.ppm,texturas_alta_frequencia,31.98389801416881,0.8608446931567633,0.9764263726833379
n148i_vs_jxl_e7,ssim,54,corpus-0054.ppm,texturas_alta_frequencia,37.24446155316248,0.8663506100211302,0.9916275811652632
n148i_vs_jxl_e7,ssim,55,corpus-0055.ppm,texturas_alta_frequencia,21.754845956793133,0.8047304800456683,0.9467255268025463
n148i_vs_jxl_e7,ssim,56,corpus-0056.ppm,texturas_alta_frequencia,35.23889922219878,0.6313651722068602,0.9550369825640149
n148i_vs_jxl_e7,ssim,57,corpus-0057.ppm,texturas_alta_frequencia,32.87976074061745,0.7946001142129182,0.9593582323585809
n148i_vs_jxl_e7,ssim,58,corpus-0058.ppm,texturas_alta_frequencia,24.540562681583644,0.8527853968783914,0.9662383699335036
n148i_vs_jxl_e7,ssim,59,corpus-0059.ppm,texturas_alta_frequencia,24.380205369044063,0.8833289146552114,0.973309407422017
n148i_vs_jxl_e7,ssim,60,corpus-0060.ppm,texturas_alta_frequencia,16.489553617370678,0.859407605746922,0.9640726243175726
n148i_vs_jxl_e7,ssim,61,corpus-0061.ppm,superficies_suaves_degrades,60.835432797474475,0.9554010276742623,0.9763810537035451
n148i_vs_jxl_e7,ssim,62,corpus-0062.ppm,superficies_suaves_degrades,65.47911377111546,0.9612815727717158,0.9788531584495663
n148i_vs_jxl_e7,ssim,63,corpus-0063.ppm,superficies_suaves_degrades,64.91968669491723,0.9425655841660934,0.9805214874398057
n148i_vs_jxl_e7,ssim,64,corpus-0064.ppm,superficies_suaves_degrades,40.05135248226246,0.9064454263693177,0.9882967136349045
n148i_vs_jxl_e7,ssim,65,corpus-0065.ppm,superficies_suaves_degrades,47.648403725988686,0.9121667223095247,0.976105879874757
n148i_vs_jxl_e7,ssim,66,corpus-0066.ppm,superficies_suaves_degrades,18.974722942698243,0.8777762621476791,0.9628700329360705
n148i_vs_jxl_e7,ssim,67,corpus-0067.ppm,superficies_suaves_degrades,39.73053831104849,0.8734103151559874,0.9633506747401076
n148i_vs_jxl_e7,ssim,68,corpus-0068.ppm,superficies_suaves_degrades,51.24061569299503,0.8032152788008298,0.9484362777443515
n148i_vs_jxl_e7,ssim,69,corpus-0069.ppm,superficies_suaves_degrades,43.38497621696995,0.8844738300397262,0.9702786707222263
n148i_vs_jxl_e7,ssim,70,corpus-0070.ppm,superficies_suaves_degrades,43.05549036080152,0.8855874607410276,0.9686944168039954
n148i_vs_jxl_e7,ssim,71,corpus-0071.ppm,superficies_suaves_degrades,39.14723439195002,0.89530311086327,0.9587090332694154
n148i_vs_jxl_e7,ssim,72,corpus-0072.ppm,superficies_suaves_degrades,34.52858362370785,0.8553192454500848,0.9798844928338083
n148i_vs_jxl_e7,ssim,73,corpus-0073.ppm,superficies_suaves_degrades,161.3392479898582,0.963414360720123,0.9835687530162199
n148i_vs_jxl_e7,ssim,74,corpus-0074.ppm,superficies_suaves_degrades,48.93509087941672,0.9515948278061735,0.9848639001244631
n148i_vs_jxl_e7,ssim,75,corpus-0075.ppm,superficies_suaves_degrades,107.1721353222923,0.9604453007728494,0.9891995345624203
n148i_vs_jxl_e7,ssim,76,corpus-0076.ppm,detalhe_fino,20.546449206025706,0.8742697048150793,0.9608180427087145
n148i_vs_jxl_e7,ssim,77,corpus-0077.ppm,detalhe_fino,15.593797985640578,0.8331676181903326,0.9604681359149309
n148i_vs_jxl_e7,ssim,78,corpus-0078.ppm,detalhe_fino,21.035444355584332,0.8395504368534049,0.970009078955773
n148i_vs_jxl_e7,ssim,79,corpus-0079.ppm,detalhe_fino,13.311268887427396,0.8133993736159013,0.9528075389920131
n148i_vs_jxl_e7,ssim,80,corpus-0080.ppm,detalhe_fino,28.35259695844863,0.8243846906320421,0.9597328527880405
n148i_vs_jxl_e7,ssim,81,corpus-0081.ppm,detalhe_fino,25.59427201430986,0.8493018322598497,0.9893388209546877
n148i_vs_jxl_e7,ssim,82,corpus-0082.ppm,detalhe_fino,51.77458290082322,0.8466568781055187,0.9462433005095008
n148i_vs_jxl_e7,ssim,83,corpus-0083.ppm,detalhe_fino,24.779281124493547,0.8629213409441059,0.957986662748756
n148i_vs_jxl_e7,ssim,84,corpus-0084.ppm,detalhe_fino,55.37862318865214,0.6470816422793327,0.8611545428104458
n148i_vs_jxl_e7,ssim,85,corpus-0085.ppm,detalhe_fino,28.65803079511211,0.8373850022498672,0.9835883205806532
n148i_vs_jxl_e7,ssim,86,corpus-0086.ppm,detalhe_fino,33.1702196006312,0.7638287412864574,0.9308180539381686
n148i_vs_jxl_e7,ssim,87,corpus-0087.ppm,detalhe_fino,17.41714606010718,0.8484331082458009,0.9607542081321188
n148i_vs_jxl_e7,ssim,88,corpus-0088.ppm,detalhe_fino,-55.489261723933026,0.8740662625189405,0.8887079852952735
n148i_vs_jxl_e7,ssim,89,corpus-0089.ppm,detalhe_fino,18.240600687764363,0.6960166486863408,0.8668413594320578
n148i_vs_jxl_e7,ssim,90,corpus-0090.ppm,detalhe_fino,11.493114037317076,0.8032218846437823,0.9038155863783143
n148i_vs_jxl_e7,ssim,91,corpus-0091.ppm,texto_bordas_nitidas,93.69964531143403,0.9665511091452461,0.9884256028453811
n148i_vs_jxl_e7,ssim,92,corpus-0092.ppm,texto_bordas_nitidas,34.48415437199761,0.7737335412532391,0.8903742788571266
n148i_vs_jxl_e7,ssim,93,corpus-0093.ppm,texto_bordas_nitidas,98.28151719059433,0.9611071774592217,0.9818663037248286
n148i_vs_jxl_e7,ssim,94,corpus-0094.ppm,texto_bordas_nitidas,53.50823559895623,0.8634726703357082,0.9703092661075109
n148i_vs_jxl_e7,ssim,95,corpus-0095.ppm,texto_bordas_nitidas,109.40336125430173,0.9838778388458076,0.9948081383993731
n148i_vs_jxl_e7,ssim,96,corpus-0096.ppm,texto_bordas_nitidas,23.081100877237336,0.783020964518911,0.9713454566582126
n148i_vs_jxl_e7,ssim,97,corpus-0097.ppm,texto_bordas_nitidas,122.38758027630348,0.9796761037150685,0.9930087907918517
n148i_vs_jxl_e7,ssim,98,corpus-0098.ppm,texto_bordas_nitidas,85.78545974209617,0.9210581024396086,0.9653266233028277
n148i_vs_jxl_e7,ssim,99,corpus-0099.ppm,texto_bordas_nitidas,44.72375612924993,0.9059862012203309,0.9765536622481642
n148i_vs_jxl_e7,ssim,100,corpus-0100.ppm,texto_bordas_nitidas,101.15521679962471,0.9284382465442397,0.9637168140776482
n148i_vs_jxl_e7,ssim,101,corpus-0101.ppm,texto_bordas_nitidas,84.31474816992679,0.9388005489118775,0.9835700028085562
n148i_vs_jxl_e7,ssim,102,corpus-0102.ppm,texto_bordas_nitidas,37.345897311346896,0.881352525644976,0.9664594607615354
n148i_vs_jxl_e7,ssim,103,corpus-0103.ppm,texto_bordas_nitidas,58.88514147420181,0.9385480341400155,0.9794074390711794
n148i_vs_jxl_e7,ssim,104,corpus-0104.ppm,texto_bordas_nitidas,57.7818649915784,0.9338504566089115,0.974192593480125
n148i_vs_jxl_e7,ssim,105,corpus-0105.ppm,texto_bordas_nitidas,42.602489536463665,0.87212781934558,0.9605622625591131
n148i_vs_jxl_e7,ssim,106,corpus-0106.ppm,cores_saturadas_dessaturadas,20.538962005124397,0.852828642322561,0.9427501996014627
n148i_vs_jxl_e7,ssim,107,corpus-0107.ppm,cores_saturadas_dessaturadas,-11.83318016871725,0.6888228013650278,0.8748810813385736
n148i_vs_jxl_e7,ssim,108,corpus-0108.ppm,cores_saturadas_dessaturadas,29.36986748843946,0.8241299851990581,0.9684884409961807
n148i_vs_jxl_e7,ssim,109,corpus-0109.ppm,cores_saturadas_dessaturadas,46.915676807787435,0.9119325664616551,0.9662179526828236
n148i_vs_jxl_e7,ssim,110,corpus-0110.ppm,cores_saturadas_dessaturadas,45.188997074504385,0.8914529144300302,0.959353262296052
n148i_vs_jxl_e7,ssim,111,corpus-0111.ppm,cores_saturadas_dessaturadas,79.7783341127703,0.8793283996533333,0.9404723638538747
n148i_vs_jxl_e7,ssim,112,corpus-0112.ppm,cores_saturadas_dessaturadas,25.176048481078283,0.9107293714242135,0.9781374795270305
n148i_vs_jxl_e7,ssim,113,corpus-0113.ppm,cores_saturadas_dessaturadas,39.01502017164034,0.8643285646997013,0.9538631749784287
n148i_vs_jxl_e7,ssim,114,corpus-0114.ppm,cores_saturadas_dessaturadas,23.553125560036527,0.8449187974318072,0.9566511148027117
n148i_vs_jxl_e7,ssim,115,corpus-0115.ppm,cores_saturadas_dessaturadas,37.16179681768097,0.8871976110134819,0.9808603164815382
n148i_vs_jxl_e7,ssim,116,corpus-0116.ppm,cores_saturadas_dessaturadas,42.70934305374203,0.9392238330410105,0.9837218763616983
n148i_vs_jxl_e7,ssim,117,corpus-0117.ppm,cores_saturadas_dessaturadas,60.7931754624129,0.9699902406541835,0.9859234265522253
n148i_vs_jxl_e7,ssim,118,corpus-0118.ppm,cores_saturadas_dessaturadas,36.377949444869984,0.8805491178928785,0.9518474220180143
n148i_vs_jxl_e7,ssim,119,corpus-0119.ppm,cores_saturadas_dessaturadas,1.788346846939981,0.8530522738495471,0.9373628704592041
n148i_vs_jxl_e7,ssim,120,corpus-0120.ppm,cores_saturadas_dessaturadas,17.49075253194965,0.8685719738801706,0.9525286550166648
n148i_vs_jxl_e7,ms_ssim,1,corpus-0001.ppm,retratos_historicos,18.127202614154836,0.9771700232168139,0.9982357955196107
n148i_vs_jxl_e7,ms_ssim,2,corpus-0002.ppm,retratos_historicos,37.953552186982066,0.9813757255645223,0.9977724804276599
n148i_vs_jxl_e7,ms_ssim,3,corpus-0003.ppm,retratos_historicos,47.360300590522364,0.9823377622820108,0.997031658851664
n148i_vs_jxl_e7,ms_ssim,4,corpus-0004.ppm,retratos_historicos,21.508687626995272,0.9525136832563436,0.9960085982031734
n148i_vs_jxl_e7,ms_ssim,5,corpus-0005.ppm,retratos_historicos,25.54316776524086,0.9640562165666674,0.9946379284100519
n148i_vs_jxl_e7,ms_ssim,6,corpus-0006.ppm,retratos_historicos,32.1092983917537,0.9796268973707889,0.9973181815503102
n148i_vs_jxl_e7,ms_ssim,7,corpus-0007.ppm,retratos_historicos,44.648992036316,0.9583838073025819,0.9912782303057169
n148i_vs_jxl_e7,ms_ssim,8,corpus-0008.ppm,retratos_historicos,30.696875704392546,0.9715008075866265,0.9959554858090809
n148i_vs_jxl_e7,ms_ssim,9,corpus-0009.ppm,retratos_historicos,30.953121643403513,0.9698096927369197,0.9957857946847609
n148i_vs_jxl_e7,ms_ssim,10,corpus-0010.ppm,retratos_historicos,37.9131138024035,0.9763532644464279,0.9980496209286824
n148i_vs_jxl_e7,ms_ssim,11,corpus-0011.ppm,retratos_historicos,31.985340966595132,0.9854941859316965,0.9978167191048232
n148i_vs_jxl_e7,ms_ssim,12,corpus-0012.ppm,retratos_historicos,80.59723035147313,0.98996177351722,0.9963266606416866
n148i_vs_jxl_e7,ms_ssim,13,corpus-0013.ppm,retratos_historicos,29.674281474182894,0.9770902001174853,0.9972251631937534
n148i_vs_jxl_e7,ms_ssim,14,corpus-0014.ppm,retratos_historicos,44.861054221802554,0.9785503032647552,0.995175398108439
n148i_vs_jxl_e7,ms_ssim,15,corpus-0015.ppm,retratos_historicos,64.1385841179175,0.9970670847475186,0.9998189729192437
n148i_vs_jxl_e7,ms_ssim,16,corpus-0016.ppm,paisagens_naturais,16.676150689812875,0.9791309157156293,0.9969331628752787
n148i_vs_jxl_e7,ms_ssim,17,corpus-0017.ppm,paisagens_naturais,22.572391375333467,0.9728572990521261,0.9962405054578916
n148i_vs_jxl_e7,ms_ssim,18,corpus-0018.ppm,paisagens_naturais,17.1188893114119,0.9756129090864084,0.9963423240986817
n148i_vs_jxl_e7,ms_ssim,19,corpus-0019.ppm,paisagens_naturais,15.421209101934696,0.9753345140792811,0.996561019446368
n148i_vs_jxl_e7,ms_ssim,20,corpus-0020.ppm,paisagens_naturais,17.676854574657398,0.9732334356978862,0.9970621392669395
n148i_vs_jxl_e7,ms_ssim,21,corpus-0021.ppm,paisagens_naturais,18.533230743397034,0.9728441313563744,0.9958013275299065
n148i_vs_jxl_e7,ms_ssim,22,corpus-0022.ppm,paisagens_naturais,16.494342801227457,0.9647046304420922,0.9936431883800719
n148i_vs_jxl_e7,ms_ssim,23,corpus-0023.ppm,paisagens_naturais,31.65449095453412,0.9802463306358151,0.995309823918004
n148i_vs_jxl_e7,ms_ssim,24,corpus-0024.ppm,paisagens_naturais,17.98580221128596,0.972135881452198,0.9966487455315948
n148i_vs_jxl_e7,ms_ssim,25,corpus-0025.ppm,paisagens_naturais,45.309346323844004,0.970300002122445,0.9939366480673976
n148i_vs_jxl_e7,ms_ssim,26,corpus-0026.ppm,paisagens_naturais,0.962644703580251,0.9523033335918041,0.9934699413185192
n148i_vs_jxl_e7,ms_ssim,27,corpus-0027.ppm,paisagens_naturais,11.771592711209934,0.963067188661554,0.9927236221915181
n148i_vs_jxl_e7,ms_ssim,28,corpus-0028.ppm,paisagens_naturais,34.94891816727037,0.9773106675487256,0.9969734600312696
n148i_vs_jxl_e7,ms_ssim,29,corpus-0029.ppm,paisagens_naturais,18.928126068932727,0.9739766131914719,0.9969170790029273
n148i_vs_jxl_e7,ms_ssim,30,corpus-0030.ppm,paisagens_naturais,22.559550057938328,0.9763166343106852,0.996573660049738
n148i_vs_jxl_e7,ms_ssim,31,corpus-0031.ppm,urbano_arquitetura,19.798363633891757,0.9828443517925586,0.9969968458350308
n148i_vs_jxl_e7,ms_ssim,32,corpus-0032.ppm,urbano_arquitetura,17.296390116500948,0.960398990974284,0.9900808161519528
n148i_vs_jxl_e7,ms_ssim,33,corpus-0033.ppm,urbano_arquitetura,8.843825057267951,0.9548885683387226,0.9871103295070084
n148i_vs_jxl_e7,ms_ssim,34,corpus-0034.ppm,urbano_arquitetura,-15.986538083867485,0.9506388683948339,0.9848570592759613
n148i_vs_jxl_e7,ms_ssim,35,corpus-0035.ppm,urbano_arquitetura,23.115684620618637,0.9798540394982719,0.9967742491837969
n148i_vs_jxl_e7,ms_ssim,36,corpus-0036.ppm,urbano_arquitetura,30.70035189335041,0.9792095031328039,0.995972277780593
n148i_vs_jxl_e7,ms_ssim,37,corpus-0037.ppm,urbano_arquitetura,31.839175087263705,0.9643254967960603,0.9910203401157199
n148i_vs_jxl_e7,ms_ssim,38,corpus-0038.ppm,urbano_arquitetura,21.490951643343514,0.9839276328347853,0.9977338742232185
n148i_vs_jxl_e7,ms_ssim,39,corpus-0039.ppm,urbano_arquitetura,22.607854128873782,0.9766826772587051,0.9961919100499081
n148i_vs_jxl_e7,ms_ssim,40,corpus-0040.ppm,urbano_arquitetura,15.274027652504362,0.9652132855216257,0.9939704141760279
n148i_vs_jxl_e7,ms_ssim,41,corpus-0041.ppm,urbano_arquitetura,29.691524248893497,0.9777757117712673,0.9951702013714518
n148i_vs_jxl_e7,ms_ssim,42,corpus-0042.ppm,urbano_arquitetura,27.414108931780845,0.9827143279505017,0.9962534672558193
n148i_vs_jxl_e7,ms_ssim,43,corpus-0043.ppm,urbano_arquitetura,69.39434379580673,0.9854312430416895,0.9962868054263732
n148i_vs_jxl_e7,ms_ssim,44,corpus-0044.ppm,urbano_arquitetura,9.269070412818836,0.9771915731378626,0.9981298187071233
n148i_vs_jxl_e7,ms_ssim,45,corpus-0045.ppm,urbano_arquitetura,16.581153041479425,0.9733508308135654,0.9977838286710742
n148i_vs_jxl_e7,ms_ssim,46,corpus-0046.ppm,texturas_alta_frequencia,-6.080590217929204,0.9150257415577515,0.9845220737001447
n148i_vs_jxl_e7,ms_ssim,47,corpus-0047.ppm,texturas_alta_frequencia,17.752792193937793,0.9495478537195371,0.9942297594817695
n148i_vs_jxl_e7,ms_ssim,48,corpus-0048.ppm,texturas_alta_frequencia,4.666873722050813,0.9483682011508453,0.9908768059505139
n148i_vs_jxl_e7,ms_ssim,49,corpus-0049.ppm,texturas_alta_frequencia,23.02302334041455,0.9625661103808362,0.9960570954043289
n148i_vs_jxl_e7,ms_ssim,50,corpus-0050.ppm,texturas_alta_frequencia,79.76762071060173,0.9666849787863978,0.9941082395760048
n148i_vs_jxl_e7,ms_ssim,51,corpus-0051.ppm,texturas_alta_frequencia,22.43344899160673,0.9339572972538523,0.994861549478685
n148i_vs_jxl_e7,ms_ssim,52,corpus-0052.ppm,texturas_alta_frequencia,22.03317460633425,0.976723691383839,0.9970729893830096
n148i_vs_jxl_e7,ms_ssim,53,corpus-0053.ppm,texturas_alta_frequencia,19.21167530216621,0.9791681740337886,0.9973839359509618
n148i_vs_jxl_e7,ms_ssim,54,corpus-0054.ppm,texturas_alta_frequencia,19.416489702374683,0.9812205027501333,0.9987507187937689
n148i_vs_jxl_e7,ms_ssim,55,corpus-0055.ppm,texturas_alta_frequencia,33.932150443981435,0.9459564537600493,0.9909571219546198
n148i_vs_jxl_e7,ms_ssim,56,corpus-0056.ppm,texturas_alta_frequencia,21.606168517179558,0.929614113210522,0.9938504922283018
n148i_vs_jxl_e7,ms_ssim,57,corpus-0057.ppm,texturas_alta_frequencia,25.170949170534374,0.9578563016699341,0.9959463153297275
n148i_vs_jxl_e7,ms_ssim,58,corpus-0058.ppm,texturas_alta_frequencia,6.274862057484376,0.9801477819348757,0.9968344133677086
n148i_vs_jxl_e7,ms_ssim,59,corpus-0059.ppm,texturas_alta_frequencia,9.890921032048873,0.9758405312764374,0.9967153633840938
n148i_vs_jxl_e7,ms_ssim,60,corpus-0060.ppm,texturas_alta_frequencia,4.564123700254541,0.9614556271325392,0.9945014733306536
n148i_vs_jxl_e7,ms_ssim,61,corpus-0061.ppm,superficies_suaves_degrades,39.047735658903584,0.9846041076638183,0.9953741096553421
n148i_vs_jxl_e7,ms_ssim,62,corpus-0062.ppm,superficies_suaves_degrades,46.962475288610285,0.9847991418103407,0.9955846450348255
n148i_vs_jxl_e7,ms_ssim,63,corpus-0063.ppm,superficies_suaves_degrades,42.07182678527766,0.9818185709803849,0.9968648694832384
n148i_vs_jxl_e7,ms_ssim,64,corpus-0064.ppm,superficies_suaves_degrades,7.4464737383652,0.9790177014262829,0.9965831033815378
n148i_vs_jxl_e7,ms_ssim,65,corpus-0065.ppm,superficies_suaves_degrades,54.58854350941529,0.9767877579786679,0.9965178541690851
n148i_vs_jxl_e7,ms_ssim,66,corpus-0066.ppm,superficies_suaves_degrades,15.100890135462919,0.9730192339037965,0.9956223140264232
n148i_vs_jxl_e7,ms_ssim,67,corpus-0067.ppm,superficies_suaves_degrades,39.81537898634677,0.9711693729617115,0.9951498283771808
n148i_vs_jxl_e7,ms_ssim,68,corpus-0068.ppm,superficies_suaves_degrades,31.477326432804876,0.9700841297989274,0.9946827317007746
n148i_vs_jxl_e7,ms_ssim,69,corpus-0069.ppm,superficies_suaves_degrades,34.51082123647797,0.9663129176502196,0.9948321682478211
n148i_vs_jxl_e7,ms_ssim,70,corpus-0070.ppm,superficies_suaves_degrades,47.8408400742864,0.9702935472656659,0.9949162231427344
n148i_vs_jxl_e7,ms_ssim,71,corpus-0071.ppm,superficies_suaves_degrades,-1.3084962758907026,0.9764306105316443,0.9939579270329759
n148i_vs_jxl_e7,ms_ssim,72,corpus-0072.ppm,superficies_suaves_degrades,16.588897750299616,0.9763429399403717,0.9980965507910433
n148i_vs_jxl_e7,ms_ssim,73,corpus-0073.ppm,superficies_suaves_degrades,95.44837535318213,0.9915208521206261,0.9976589954306416
n148i_vs_jxl_e7,ms_ssim,74,corpus-0074.ppm,superficies_suaves_degrades,48.08632773813215,0.9887264551767536,0.9975095542229863
n148i_vs_jxl_e7,ms_ssim,75,corpus-0075.ppm,superficies_suaves_degrades,84.37161103942425,0.9923292814137142,0.9982850124745896
n148i_vs_jxl_e7,ms_ssim,76,corpus-0076.ppm,detalhe_fino,9.13173776837819,0.9807771109098965,0.9960595285878134
n148i_vs_jxl_e7,ms_ssim,77,corpus-0077.ppm,detalhe_fino,-1.164436775347355,0.9671114968469491,0.9945359606998844
n148i_vs_jxl_e7,ms_ssim,78,corpus-0078.ppm,detalhe_fino,4.201568221009744,0.9741112189516294,0.9968304933352647
n148i_vs_jxl_e7,ms_ssim,79,corpus-0079.ppm,detalhe_fino,1.4718979362771556,0.9732998728541057,0.9950945813865808
n148i_vs_jxl_e7,ms_ssim,80,corpus-0080.ppm,detalhe_fino,19.29208937414062,0.964578950393669,0.9948732416028919
n148i_vs_jxl_e7,ms_ssim,81,corpus-0081.ppm,detalhe_fino,12.090966101251821,0.9692748299162637,0.9978816069208436
n148i_vs_jxl_e7,ms_ssim,82,corpus-0082.ppm,detalhe_fino,32.87619979649685,0.9672596939567822,0.9927957449477722
n148i_vs_jxl_e7,ms_ssim,83,corpus-0083.ppm,detalhe_fino,18.41157725336322,0.9742273031963055,0.9945576077690086
n148i_vs_jxl_e7,ms_ssim,84,corpus-0084.ppm,detalhe_fino,33.781486076416826,0.8993887874657123,0.9747629426584532
n148i_vs_jxl_e7,ms_ssim,85,corpus-0085.ppm,detalhe_fino,3.9381711179519385,0.9796361667740904,0.9979476703115447
n148i_vs_jxl_e7,ms_ssim,86,corpus-0086.ppm,detalhe_fino,47.43259698904938,0.9418906662081369,0.9871848331208457
n148i_vs_jxl_e7,ms_ssim,87,corpus-0087.ppm,detalhe_fino,2.989070864851051,0.9827221688305816,0.9969477840205592
n148i_vs_jxl_e7,ms_ssim,88,corpus-0088.ppm,detalhe_fino,15.916483761003741,0.9779342395102836,0.9911226632369563
n148i_vs_jxl_e7,ms_ssim,89,corpus-0089.ppm,detalhe_fino,-9.493182110611297,0.9359065812599489,0.9803351955020054
n148i_vs_jxl_e7,ms_ssim,90,corpus-0090.ppm,detalhe_fino,29.744785790214443,0.958074740185661,0.9875464567660704
n148i_vs_jxl_e7,ms_ssim,91,corpus-0091.ppm,texto_bordas_nitidas,63.29011803512721,0.9936920726887605,0.9987158482190771
n148i_vs_jxl_e7,ms_ssim,92,corpus-0092.ppm,texto_bordas_nitidas,18.634931491428187,0.9561693218623843,0.9858999162245802
n148i_vs_jxl_e7,ms_ssim,93,corpus-0093.ppm,texto_bordas_nitidas,-10.611737436742864,0.9922755411433887,0.9973985099841504
n148i_vs_jxl_e7,ms_ssim,94,corpus-0094.ppm,texto_bordas_nitidas,42.12776549155694,0.9766748275040744,0.9960838424399355
n148i_vs_jxl_e7,ms_ssim,95,corpus-0095.ppm,texto_bordas_nitidas,60.394055397232464,0.9968014538723347,0.9996454972320029
n148i_vs_jxl_e7,ms_ssim,96,corpus-0096.ppm,texto_bordas_nitidas,8.77666543514788,0.9629869320508176,0.9957863866373863
n148i_vs_jxl_e7,ms_ssim,97,corpus-0097.ppm,texto_bordas_nitidas,65.8904592665155,0.994564171821297,0.9993812421515621
n148i_vs_jxl_e7,ms_ssim,98,corpus-0098.ppm,texto_bordas_nitidas,54.708089045504636,0.9843427400154054,0.9961220461929814
n148i_vs_jxl_e7,ms_ssim,99,corpus-0099.ppm,texto_bordas_nitidas,28.59717601296825,0.9812491610956204,0.9967161107640622
n148i_vs_jxl_e7,ms_ssim,100,corpus-0100.ppm,texto_bordas_nitidas,62.90344156536931,0.9879237079290283,0.996228889549184
n148i_vs_jxl_e7,ms_ssim,101,corpus-0101.ppm,texto_bordas_nitidas,98.3215539824461,0.9842854130690535,0.9954355987288502
n148i_vs_jxl_e7,ms_ssim,102,corpus-0102.ppm,texto_bordas_nitidas,29.766491774841164,0.9737643321629728,0.9953177901162207
n148i_vs_jxl_e7,ms_ssim,103,corpus-0103.ppm,texto_bordas_nitidas,44.94942206300752,0.9859473527649797,0.9972295467382141
n148i_vs_jxl_e7,ms_ssim,104,corpus-0104.ppm,texto_bordas_nitidas,48.786369419223654,0.9856035865824796,0.9966785005304598
n148i_vs_jxl_e7,ms_ssim,105,corpus-0105.ppm,texto_bordas_nitidas,26.36728678698963,0.9794634294672724,0.9953252365707916
n148i_vs_jxl_e7,ms_ssim,106,corpus-0106.ppm,cores_saturadas_dessaturadas,10.602323258083057,0.958956258712848,0.9898669021522798
n148i_vs_jxl_e7,ms_ssim,107,corpus-0107.ppm,cores_saturadas_dessaturadas,-2.7584937470284343,0.9355068089445592,0.9851551408710932
n148i_vs_jxl_e7,ms_ssim,108,corpus-0108.ppm,cores_saturadas_dessaturadas,16.447945541729347,0.968657540794105,0.9958143726434963
n148i_vs_jxl_e7,ms_ssim,109,corpus-0109.ppm,cores_saturadas_dessaturadas,52.39972679078686,0.9776060635142748,0.9944562389837142
n148i_vs_jxl_e7,ms_ssim,110,corpus-0110.ppm,cores_saturadas_dessaturadas,43.18984912807022,0.9813077020152132,0.9957501680710528
n148i_vs_jxl_e7,ms_ssim,111,corpus-0111.ppm,cores_saturadas_dessaturadas,47.035204813700005,0.9852732485256839,0.9958033788159797
n148i_vs_jxl_e7,ms_ssim,112,corpus-0112.ppm,cores_saturadas_dessaturadas,18.39205967549291,0.9858533263541748,0.9977665378466314
n148i_vs_jxl_e7,ms_ssim,113,corpus-0113.ppm,cores_saturadas_dessaturadas,36.173469066023145,0.9764045985597117,0.9945544876190984
n148i_vs_jxl_e7,ms_ssim,114,corpus-0114.ppm,cores_saturadas_dessaturadas,24.84225467040304,0.9782286325006788,0.9959377510750034
n148i_vs_jxl_e7,ms_ssim,115,corpus-0115.ppm,cores_saturadas_dessaturadas,24.324499911286622,0.9820355591169394,0.9983282626651179
n148i_vs_jxl_e7,ms_ssim,116,corpus-0116.ppm,cores_saturadas_dessaturadas,36.46845738801816,0.9868450119973038,0.9981861795788975
n148i_vs_jxl_e7,ms_ssim,117,corpus-0117.ppm,cores_saturadas_dessaturadas,48.12742675591879,0.9934973461495753,0.9981044229805557
n148i_vs_jxl_e7,ms_ssim,118,corpus-0118.ppm,cores_saturadas_dessaturadas,-15.753283105253068,0.9730975530285837,0.9917865018561807
n148i_vs_jxl_e7,ms_ssim,119,corpus-0119.ppm,cores_saturadas_dessaturadas,-12.54491338578142,0.9637156733169491,0.9891244146402343
n148i_vs_jxl_e7,ms_ssim,120,corpus-0120.ppm,cores_saturadas_dessaturadas,43.98592228075393,0.9734111406483004,0.9935296663635184
n148i_vs_jxl_e7,ssimulacra2,1,corpus-0001.ppm,retratos_historicos,21.308774985907462,55.44213207,88.55381087
n148i_vs_jxl_e7,ssimulacra2,2,corpus-0002.ppm,retratos_historicos,56.82948043219609,50.95623096,89.34471225
n148i_vs_jxl_e7,ssimulacra2,3,corpus-0003.ppm,retratos_historicos,54.07296162706183,46.58726784,82.63421267
n148i_vs_jxl_e7,ssimulacra2,4,corpus-0004.ppm,retratos_historicos,21.45905034368367,41.77340923,83.96288964
n148i_vs_jxl_e7,ssimulacra2,5,corpus-0005.ppm,retratos_historicos,30.655062456021742,44.61890072,84.7045125
n148i_vs_jxl_e7,ssimulacra2,6,corpus-0006.ppm,retratos_historicos,41.76187752426706,53.11119567,88.56676621
n148i_vs_jxl_e7,ssimulacra2,7,corpus-0007.ppm,retratos_historicos,35.12300211797867,44.84763483,82.10860187
n148i_vs_jxl_e7,ssimulacra2,8,corpus-0008.ppm,retratos_historicos,31.919322275798436,39.70868263,87.73085411
n148i_vs_jxl_e7,ssimulacra2,9,corpus-0009.ppm,retratos_historicos,30.355856911442448,38.98009613,82.01564164
n148i_vs_jxl_e7,ssimulacra2,10,corpus-0010.ppm,retratos_historicos,55.34926476837185,52.06979914,88.89917331
n148i_vs_jxl_e7,ssimulacra2,11,corpus-0011.ppm,retratos_historicos,42.20503100981197,62.25411818,88.16858819
n148i_vs_jxl_e7,ssimulacra2,12,corpus-0012.ppm,retratos_historicos,81.02041513747145,66.15678895,87.37369386
n148i_vs_jxl_e7,ssimulacra2,13,corpus-0013.ppm,retratos_historicos,27.552017493477308,53.6676106,87.54392717
n148i_vs_jxl_e7,ssimulacra2,14,corpus-0014.ppm,retratos_historicos,69.13182551369962,48.31119857,82.37651652
n148i_vs_jxl_e7,ssimulacra2,15,corpus-0015.ppm,retratos_historicos,66.63200414028141,65.37268576,88.98302583
n148i_vs_jxl_e7,ssimulacra2,16,corpus-0016.ppm,paisagens_naturais,26.96616438707464,50.8705985,84.32659172
n148i_vs_jxl_e7,ssimulacra2,17,corpus-0017.ppm,paisagens_naturais,35.467147429140056,45.45951257,84.90726446
n148i_vs_jxl_e7,ssimulacra2,18,corpus-0018.ppm,paisagens_naturais,31.976355499768406,47.7298761,85.34408369
n148i_vs_jxl_e7,ssimulacra2,19,corpus-0019.ppm,paisagens_naturais,33.00594823573284,47.24104409,85.35755794
n148i_vs_jxl_e7,ssimulacra2,20,corpus-0020.ppm,paisagens_naturais,25.92814977000202,47.29102637,85.8501555
n148i_vs_jxl_e7,ssimulacra2,21,corpus-0021.ppm,paisagens_naturais,32.399835422486746,45.92126279,84.78136315
n148i_vs_jxl_e7,ssimulacra2,22,corpus-0022.ppm,paisagens_naturais,25.31492546060383,47.54320147,83.16235157
n148i_vs_jxl_e7,ssimulacra2,23,corpus-0023.ppm,paisagens_naturais,37.476590554265286,48.02729073,79.30267981
n148i_vs_jxl_e7,ssimulacra2,24,corpus-0024.ppm,paisagens_naturais,21.139615720194314,46.92716404,85.74331425
n148i_vs_jxl_e7,ssimulacra2,25,corpus-0025.ppm,paisagens_naturais,43.86812159695399,40.52794268,85.0266757
n148i_vs_jxl_e7,ssimulacra2,26,corpus-0026.ppm,paisagens_naturais,17.25212520991071,40.78589038,83.05686694
n148i_vs_jxl_e7,ssimulacra2,27,corpus-0027.ppm,paisagens_naturais,14.597962111072338,42.74055041,81.45584688
n148i_vs_jxl_e7,ssimulacra2,28,corpus-0028.ppm,paisagens_naturais,61.323546857897405,51.92908656,87.07916597
n148i_vs_jxl_e7,ssimulacra2,29,corpus-0029.ppm,paisagens_naturais,25.285153481104384,47.16092582,84.69167368
n148i_vs_jxl_e7,ssimulacra2,30,corpus-0030.ppm,paisagens_naturais,49.41690887295629,44.17165171,85.66597354
n148i_vs_jxl_e7,ssimulacra2,31,corpus-0031.ppm,urbano_arquitetura,27.201219506438477,51.40921456,82.24403269
n148i_vs_jxl_e7,ssimulacra2,32,corpus-0032.ppm,urbano_arquitetura,29.1928372906169,36.73715841,81.84238092
n148i_vs_jxl_e7,ssimulacra2,33,corpus-0033.ppm,urbano_arquitetura,33.82951925691595,37.87117205,82.90136999
n148i_vs_jxl_e7,ssimulacra2,34,corpus-0034.ppm,urbano_arquitetura,56.69372288918064,37.67552118,80.53570077
n148i_vs_jxl_e7,ssimulacra2,35,corpus-0035.ppm,urbano_arquitetura,30.393910023995897,49.36526034,84.29859853
n148i_vs_jxl_e7,ssimulacra2,36,corpus-0036.ppm,urbano_arquitetura,39.810480896477785,54.59372381,83.97684302
n148i_vs_jxl_e7,ssimulacra2,37,corpus-0037.ppm,urbano_arquitetura,49.31751267679336,43.24568954,82.30553921
n148i_vs_jxl_e7,ssimulacra2,38,corpus-0038.ppm,urbano_arquitetura,37.33114262534376,55.87137997,84.77568445
n148i_vs_jxl_e7,ssimulacra2,39,corpus-0039.ppm,urbano_arquitetura,26.36672194332954,48.0974449,82.34927233
n148i_vs_jxl_e7,ssimulacra2,40,corpus-0040.ppm,urbano_arquitetura,19.212511821647162,40.76942739,80.95094899
n148i_vs_jxl_e7,ssimulacra2,41,corpus-0041.ppm,urbano_arquitetura,32.04377217636478,50.65795344,84.45828563
n148i_vs_jxl_e7,ssimulacra2,42,corpus-0042.ppm,urbano_arquitetura,35.52626855783172,53.44687444,82.99381113
n148i_vs_jxl_e7,ssimulacra2,43,corpus-0043.ppm,urbano_arquitetura,49.10881205021491,59.28162466,86.65737113
n148i_vs_jxl_e7,ssimulacra2,44,corpus-0044.ppm,urbano_arquitetura,20.02745358381177,46.91011241,87.1705156
n148i_vs_jxl_e7,ssimulacra2,45,corpus-0045.ppm,urbano_arquitetura,10.592787013603534,51.22896451,87.05230048
n148i_vs_jxl_e7,ssimulacra2,46,corpus-0046.ppm,texturas_alta_frequencia,17.2687527140736,29.64224702,81.32199603
n148i_vs_jxl_e7,ssimulacra2,47,corpus-0047.ppm,texturas_alta_frequencia,15.51734128266049,41.3306054,85.50830015
n148i_vs_jxl_e7,ssimulacra2,48,corpus-0048.ppm,texturas_alta_frequencia,19.774227502672414,37.20216671,82.86632212
n148i_vs_jxl_e7,ssimulacra2,49,corpus-0049.ppm,texturas_alta_frequencia,31.21445770678659,42.8003786,85.51871666
n148i_vs_jxl_e7,ssimulacra2,50,corpus-0050.ppm,texturas_alta_frequencia,91.6509803993922,40.55035297,82.88906437
n148i_vs_jxl_e7,ssimulacra2,51,corpus-0051.ppm,texturas_alta_frequencia,12.264595734207195,31.40428565,84.71473886
n148i_vs_jxl_e7,ssimulacra2,52,corpus-0052.ppm,texturas_alta_frequencia,25.030289620623524,52.26703673,85.2666902
n148i_vs_jxl_e7,ssimulacra2,53,corpus-0053.ppm,texturas_alta_frequencia,28.636265840927887,54.06681673,85.46936782
n148i_vs_jxl_e7,ssimulacra2,54,corpus-0054.ppm,texturas_alta_frequencia,27.609737314425487,52.50356748,88.50408023
n148i_vs_jxl_e7,ssimulacra2,55,corpus-0055.ppm,texturas_alta_frequencia,27.588895138845814,42.52542881,84.20644842
n148i_vs_jxl_e7,ssimulacra2,56,corpus-0056.ppm,texturas_alta_frequencia,14.938715897937204,35.71064484,84.56316857
n148i_vs_jxl_e7,ssimulacra2,57,corpus-0057.ppm,texturas_alta_frequencia,23.7088358568478,43.35281191,84.81154814
n148i_vs_jxl_e7,ssimulacra2,58,corpus-0058.ppm,texturas_alta_frequencia,23.743827611474778,51.29200236,81.75882573
n148i_vs_jxl_e7,ssimulacra2,59,corpus-0059.ppm,texturas_alta_frequencia,39.060654396620144,52.49247584,87.61398508
n148i_vs_jxl_e7,ssimulacra2,60,corpus-0060.ppm,texturas_alta_frequencia,36.32753661525123,40.97269717,85.53417962
n148i_vs_jxl_e7,ssimulacra2,61,corpus-0061.ppm,superficies_suaves_degrades,88.2043052506462,66.9533467,87.76522289
n148i_vs_jxl_e7,ssimulacra2,62,corpus-0062.ppm,superficies_suaves_degrades,105.764931616718,66.70621378,87.7160303
n148i_vs_jxl_e7,ssimulacra2,63,corpus-0063.ppm,superficies_suaves_degrades,68.47623922908828,56.65320791,87.26935607
n148i_vs_jxl_e7,ssimulacra2,64,corpus-0064.ppm,superficies_suaves_degrades,40.979923863747715,48.02958285,89.30597614
n148i_vs_jxl_e7,ssimulacra2,65,corpus-0065.ppm,superficies_suaves_degrades,58.721459080282415,44.0106738,84.28119084
n148i_vs_jxl_e7,ssimulacra2,66,corpus-0066.ppm,superficies_suaves_degrades,26.332407385986233,43.92416028,84.37899859
n148i_vs_jxl_e7,ssimulacra2,67,corpus-0067.ppm,superficies_suaves_degrades,38.08412556014233,45.38913011,84.93231434
n148i_vs_jxl_e7,ssimulacra2,68,corpus-0068.ppm,superficies_suaves_degrades,32.22439350798558,38.04545724,76.94958195
n148i_vs_jxl_e7,ssimulacra2,69,corpus-0069.ppm,superficies_suaves_degrades,43.45215495455788,38.83674214,84.07926076
n148i_vs_jxl_e7,ssimulacra2,70,corpus-0070.ppm,superficies_suaves_degrades,47.26065591244464,40.92356675,83.0118714
n148i_vs_jxl_e7,ssimulacra2,71,corpus-0071.ppm,superficies_suaves_degrades,46.546580482151036,52.7205967,83.89065893
n148i_vs_jxl_e7,ssimulacra2,72,corpus-0072.ppm,superficies_suaves_degrades,15.312924767391301,49.92055337,87.07700124
n148i_vs_jxl_e7,ssimulacra2,73,corpus-0073.ppm,superficies_suaves_degrades,187.46431667464253,74.97109914,88.11809175
n148i_vs_jxl_e7,ssimulacra2,74,corpus-0074.ppm,superficies_suaves_degrades,69.23350795481691,59.40230136,88.19716563
n148i_vs_jxl_e7,ssimulacra2,75,corpus-0075.ppm,superficies_suaves_degrades,103.59078708442703,66.44315314,88.16080459
n148i_vs_jxl_e7,ssimulacra2,76,corpus-0076.ppm,detalhe_fino,51.09201218646626,59.18993421,86.82164989
n148i_vs_jxl_e7,ssimulacra2,77,corpus-0077.ppm,detalhe_fino,20.591878891016215,48.61626114,81.98936511
n148i_vs_jxl_e7,ssimulacra2,78,corpus-0078.ppm,detalhe_fino,19.163998458850863,48.29515321,82.34976782
n148i_vs_jxl_e7,ssimulacra2,79,corpus-0079.ppm,detalhe_fino,27.21382177549532,50.58420025,81.50796096
n148i_vs_jxl_e7,ssimulacra2,80,corpus-0080.ppm,detalhe_fino,24.641342724734816,44.71393464,84.01614291
n148i_vs_jxl_e7,ssimulacra2,81,corpus-0081.ppm,detalhe_fino,21.39187038902839,46.84597287,91.36280696
n148i_vs_jxl_e7,ssimulacra2,82,corpus-0082.ppm,detalhe_fino,37.5285524897544,49.17131343,85.97921941
n148i_vs_jxl_e7,ssimulacra2,83,corpus-0083.ppm,detalhe_fino,52.2695272255437,49.13558463,83.58403669
n148i_vs_jxl_e7,ssimulacra2,84,corpus-0084.ppm,detalhe_fino,36.98013047702295,35.59639159,82.15903721
n148i_vs_jxl_e7,ssimulacra2,85,corpus-0085.ppm,detalhe_fino,31.832562258840348,52.631497,88.79567923
n148i_vs_jxl_e7,ssimulacra2,86,corpus-0086.ppm,detalhe_fino,18.098195248211724,46.57237493,83.22865016
n148i_vs_jxl_e7,ssimulacra2,87,corpus-0087.ppm,detalhe_fino,23.838955741583035,55.65721996,82.83638295
n148i_vs_jxl_e7,ssimulacra2,88,corpus-0088.ppm,detalhe_fino,101.76209503409352,62.8001826,86.96036633
n148i_vs_jxl_e7,ssimulacra2,89,corpus-0089.ppm,detalhe_fino,62.473830936970806,32.17033152,72.3939387
n148i_vs_jxl_e7,ssimulacra2,90,corpus-0090.ppm,detalhe_fino,91.04107203186203,44.76709294,74.58469304
n148i_vs_jxl_e7,ssimulacra2,91,corpus-0091.ppm,texto_bordas_nitidas,61.856633623195975,66.79214542,86.71403383
n148i_vs_jxl_e7,ssimulacra2,92,corpus-0092.ppm,texto_bordas_nitidas,22.627289371663608,43.99987595,82.87987475
n148i_vs_jxl_e7,ssimulacra2,93,corpus-0093.ppm,texto_bordas_nitidas,83.92806849294287,63.62499153,80.47602441
n148i_vs_jxl_e7,ssimulacra2,94,corpus-0094.ppm,texto_bordas_nitidas,42.756349608951226,50.33535448,84.29463333
n148i_vs_jxl_e7,ssimulacra2,95,corpus-0095.ppm,texto_bordas_nitidas,59.24280844898953,69.42015563,89.36473159
n148i_vs_jxl_e7,ssimulacra2,96,corpus-0096.ppm,texto_bordas_nitidas,13.583041251020544,45.16763011,83.92311252
n148i_vs_jxl_e7,ssimulacra2,97,corpus-0097.ppm,texto_bordas_nitidas,68.0049445352794,64.19282973,86.92173235
n148i_vs_jxl_e7,ssimulacra2,98,corpus-0098.ppm,texto_bordas_nitidas,61.67456533866964,57.88747438,81.62975154
n148i_vs_jxl_e7,ssimulacra2,99,corpus-0099.ppm,texto_bordas_nitidas,105.22846308390092,52.49514887,79.10170264
n148i_vs_jxl_e7,ssimulacra2,100,corpus-0100.ppm,texto_bordas_nitidas,63.36164396074484,62.79035878,83.42742341
n148i_vs_jxl_e7,ssimulacra2,101,corpus-0101.ppm,texto_bordas_nitidas,63.5880032191525,55.6153721,88.82371811
n148i_vs_jxl_e7,ssimulacra2,102,corpus-0102.ppm,texto_bordas_nitidas,36.32533571741086,53.87458762,86.41514068
n148i_vs_jxl_e7,ssimulacra2,103,corpus-0103.ppm,texto_bordas_nitidas,55.880261220450976,55.56086185,85.08922513
n148i_vs_jxl_e7,ssimulacra2,104,corpus-0104.ppm,texto_bordas_nitidas,55.03021824312282,57.9830024,85.13858968
n148i_vs_jxl_e7,ssimulacra2,105,corpus-0105.ppm,texto_bordas_nitidas,34.20468231319755,56.1958833,87.06130344
n148i_vs_jxl_e7,ssimulacra2,106,corpus-0106.ppm,cores_saturadas_dessaturadas,63.5091089893002,52.63622965,82.35662961
n148i_vs_jxl_e7,ssimulacra2,107,corpus-0107.ppm,cores_saturadas_dessaturadas,68.82643242717921,31.45700535,76.52525756
n148i_vs_jxl_e7,ssimulacra2,108,corpus-0108.ppm,cores_saturadas_dessaturadas,17.875789188926028,49.98248431,84.28106145
n148i_vs_jxl_e7,ssimulacra2,109,corpus-0109.ppm,cores_saturadas_dessaturadas,62.80370397363693,59.77004671,85.56936186
n148i_vs_jxl_e7,ssimulacra2,110,corpus-0110.ppm,cores_saturadas_dessaturadas,73.09765829851649,57.09393596,81.27032716
n148i_vs_jxl_e7,ssimulacra2,111,corpus-0111.ppm,cores_saturadas_dessaturadas,57.122203088770874,44.35155068,72.64991964
n148i_vs_jxl_e7,ssimulacra2,112,corpus-0112.ppm,cores_saturadas_dessaturadas,33.01955497128033,59.39728198,86.4774013
n148i_vs_jxl_e7,ssimulacra2,113,corpus-0113.ppm,cores_saturadas_dessaturadas,34.95412458449365,50.17912944,82.17333084
n148i_vs_jxl_e7,ssimulacra2,114,corpus-0114.ppm,cores_saturadas_dessaturadas,34.118997743930144,52.52059963,80.85563304
n148i_vs_jxl_e7,ssimulacra2,115,corpus-0115.ppm,cores_saturadas_dessaturadas,19.004674386058483,62.60530127,89.2335839
n148i_vs_jxl_e7,ssimulacra2,116,corpus-0116.ppm,cores_saturadas_dessaturadas,57.56224727899624,60.51336649,89.59954916
n148i_vs_jxl_e7,ssimulacra2,117,corpus-0117.ppm,cores_saturadas_dessaturadas,81.23877406671352,73.95575826,90.83978828
n148i_vs_jxl_e7,ssimulacra2,118,corpus-0118.ppm,cores_saturadas_dessaturadas,94.73118152838033,61.55162987,86.20245439
n148i_vs_jxl_e7,ssimulacra2,119,corpus-0119.ppm,cores_saturadas_dessaturadas,75.23736897185196,52.2447405,84.86714426
n148i_vs_jxl_e7,ssimulacra2,120,corpus-0120.ppm,cores_saturadas_dessaturadas,66.19035785912719,60.8979858,86.69308264
n148i_vs_jxl_e7,butteraugli,1,corpus-0001.ppm,retratos_historicos,52.287686078183995,-4.9047584534,-1.5189000368
n148i_vs_jxl_e7,butteraugli,2,corpus-0002.ppm,retratos_historicos,30.173854416945154,-3.9576377869,-1.3762483597
n148i_vs_jxl_e7,butteraugli,3,corpus-0003.ppm,retratos_historicos,62.49945320819577,-5.5712771416,-2.2234144211
n148i_vs_jxl_e7,butteraugli,4,corpus-0004.ppm,retratos_historicos,33.897195759409456,-4.1995401382,-1.644559145
n148i_vs_jxl_e7,butteraugli,5,corpus-0005.ppm,retratos_historicos,56.31893395267318,-4.4860754013,-2.0040926933
n148i_vs_jxl_e7,butteraugli,6,corpus-0006.ppm,retratos_historicos,39.30982939731433,-4.497168541,-1.4952764511
n148i_vs_jxl_e7,butteraugli,7,corpus-0007.ppm,retratos_historicos,103.37856180820633,-6.8117351532,-3.4574246407
n148i_vs_jxl_e7,butteraugli,8,corpus-0008.ppm,retratos_historicos,49.05051759590273,-3.7365760803,-1.4273000956
n148i_vs_jxl_e7,butteraugli,9,corpus-0009.ppm,retratos_historicos,16.5522974971946,-4.6391296387,-1.6882938147
n148i_vs_jxl_e7,butteraugli,10,corpus-0010.ppm,retratos_historicos,42.93077769485336,-4.3202123642,-1.3008059263
n148i_vs_jxl_e7,butteraugli,11,corpus-0011.ppm,retratos_historicos,137.41605330654983,-6.2434549332,-2.0955281258
n148i_vs_jxl_e7,butteraugli,12,corpus-0012.ppm,retratos_historicos,41.101445096191114,-4.3297400475,-1.7698895931
n148i_vs_jxl_e7,butteraugli,13,corpus-0013.ppm,retratos_historicos,49.35510285713751,-4.1551990509,-1.6486227512
n148i_vs_jxl_e7,butteraugli,14,corpus-0014.ppm,retratos_historicos,87.08931295941638,-4.8805608749,-2.1282594204
n148i_vs_jxl_e7,butteraugli,15,corpus-0015.ppm,retratos_historicos,70.78926808065185,-7.2806820869,-1.9428830147
n148i_vs_jxl_e7,butteraugli,16,corpus-0016.ppm,paisagens_naturais,49.30504475106623,-5.0274033546,-2.0449931622
n148i_vs_jxl_e7,butteraugli,17,corpus-0017.ppm,paisagens_naturais,61.15701732642964,-4.9358034134,-1.7991816998
n148i_vs_jxl_e7,butteraugli,18,corpus-0018.ppm,paisagens_naturais,40.133641731411096,-4.6301865578,-1.932798624
n148i_vs_jxl_e7,butteraugli,19,corpus-0019.ppm,paisagens_naturais,61.429373857248024,-4.4857654572,-1.7749224901
n148i_vs_jxl_e7,butteraugli,20,corpus-0020.ppm,paisagens_naturais,74.7132502574309,-5.7642273903,-2.1845164299
n148i_vs_jxl_e7,butteraugli,21,corpus-0021.ppm,paisagens_naturais,93.62863851378964,-5.601293087,-2.0173537731
n148i_vs_jxl_e7,butteraugli,22,corpus-0022.ppm,paisagens_naturais,40.0132616049079,-4.7680206299,-1.870639205
n148i_vs_jxl_e7,butteraugli,23,corpus-0023.ppm,paisagens_naturais,61.872988356436444,-6.4145002365,-2.4028625488
n148i_vs_jxl_e7,butteraugli,24,corpus-0024.ppm,paisagens_naturais,22.635346727924734,-4.1871051788,-1.714497447
n148i_vs_jxl_e7,butteraugli,25,corpus-0025.ppm,paisagens_naturais,45.38192563465373,-5.7409543991,-1.857789278
n148i_vs_jxl_e7,butteraugli,26,corpus-0026.ppm,paisagens_naturais,38.46745690394202,-5.6708493233,-1.9551846981
n148i_vs_jxl_e7,butteraugli,27,corpus-0027.ppm,paisagens_naturais,36.70563228880579,-5.2156829834,-1.8620860577
n148i_vs_jxl_e7,butteraugli,28,corpus-0028.ppm,paisagens_naturais,40.16831793730464,-4.4336056709,-1.627243638
n148i_vs_jxl_e7,butteraugli,29,corpus-0029.ppm,paisagens_naturais,25.404762811197614,-4.247636795,-1.8158670664
n148i_vs_jxl_e7,butteraugli,30,corpus-0030.ppm,paisagens_naturais,37.323709897796384,-5.2069473267,-1.7275533676
n148i_vs_jxl_e7,butteraugli,31,corpus-0031.ppm,urbano_arquitetura,30.89909188270017,-4.7692704201,-1.7285246849
n148i_vs_jxl_e7,butteraugli,32,corpus-0032.ppm,urbano_arquitetura,42.00925546752616,-5.368396759,-1.8167388439
n148i_vs_jxl_e7,butteraugli,33,corpus-0033.ppm,urbano_arquitetura,52.16602868402973,-4.1910853386,-1.7926796675
n148i_vs_jxl_e7,butteraugli,34,corpus-0034.ppm,urbano_arquitetura,105.556092144161,-5.2865686417,-2.0766208172
n148i_vs_jxl_e7,butteraugli,35,corpus-0035.ppm,urbano_arquitetura,76.46957375466772,-5.7095656395,-2.3977451324
n148i_vs_jxl_e7,butteraugli,36,corpus-0036.ppm,urbano_arquitetura,57.95458795138817,-5.8818030357,-2.5878298283
n148i_vs_jxl_e7,butteraugli,37,corpus-0037.ppm,urbano_arquitetura,85.86150172395826,-7.2913269997,-2.3432376385
n148i_vs_jxl_e7,butteraugli,38,corpus-0038.ppm,urbano_arquitetura,51.402061780204214,-4.5999617577,-1.7190132141
n148i_vs_jxl_e7,butteraugli,39,corpus-0039.ppm,urbano_arquitetura,88.24304410394306,-6.1693601608,-3.1031625271
n148i_vs_jxl_e7,butteraugli,40,corpus-0040.ppm,urbano_arquitetura,64.46205643101321,-6.3549890518,-2.0295596123
n148i_vs_jxl_e7,butteraugli,41,corpus-0041.ppm,urbano_arquitetura,41.798193532395224,-5.6316151619,-1.7933849096
n148i_vs_jxl_e7,butteraugli,42,corpus-0042.ppm,urbano_arquitetura,74.2727310490909,-5.6973180771,-2.5275988579
n148i_vs_jxl_e7,butteraugli,43,corpus-0043.ppm,urbano_arquitetura,99.0171997803551,-4.5454697609,-1.8874255419
n148i_vs_jxl_e7,butteraugli,44,corpus-0044.ppm,urbano_arquitetura,25.116465867517547,-5.8105053902,-1.5702524185
n148i_vs_jxl_e7,butteraugli,45,corpus-0045.ppm,urbano_arquitetura,50.94205047412728,-5.6916351318,-2.0202243328
n148i_vs_jxl_e7,butteraugli,46,corpus-0046.ppm,texturas_alta_frequencia,48.35419047982165,-4.3324761391,-1.5632072687
n148i_vs_jxl_e7,butteraugli,47,corpus-0047.ppm,texturas_alta_frequencia,23.380542507537783,-4.7832660675,-1.344094038
n148i_vs_jxl_e7,butteraugli,48,corpus-0048.ppm,texturas_alta_frequencia,31.656119801183014,-4.430932045,-1.4290269613
n148i_vs_jxl_e7,butteraugli,49,corpus-0049.ppm,texturas_alta_frequencia,23.035145525540933,-3.7913835049,-1.7982536554
n148i_vs_jxl_e7,butteraugli,50,corpus-0050.ppm,texturas_alta_frequencia,69.11656379182641,-4.0686664581,-1.497652173
n148i_vs_jxl_e7,butteraugli,51,corpus-0051.ppm,texturas_alta_frequencia,22.81785152172917,-4.2145018578,-1.4321532249
n148i_vs_jxl_e7,butteraugli,52,corpus-0052.ppm,texturas_alta_frequencia,28.514069615122708,-4.3208060265,-1.4533128738
n148i_vs_jxl_e7,butteraugli,53,corpus-0053.ppm,texturas_alta_frequencia,35.126350223324465,-4.0666661263,-1.4109528065
n148i_vs_jxl_e7,butteraugli,54,corpus-0054.ppm,texturas_alta_frequencia,32.29431529963869,-4.3581542969,-0.9273582697
n148i_vs_jxl_e7,butteraugli,55,corpus-0055.ppm,texturas_alta_frequencia,21.2336167897913,-3.9576408863,-1.7700175047
n148i_vs_jxl_e7,butteraugli,56,corpus-0056.ppm,texturas_alta_frequencia,35.28345554705159,-4.1674866676,-1.6432002783
n148i_vs_jxl_e7,butteraugli,57,corpus-0057.ppm,texturas_alta_frequencia,28.82550140007263,-4.0855021477,-1.7261469364
n148i_vs_jxl_e7,butteraugli,58,corpus-0058.ppm,texturas_alta_frequencia,28.25217761897898,-5.0504717827,-2.0320224762
n148i_vs_jxl_e7,butteraugli,59,corpus-0059.ppm,texturas_alta_frequencia,58.100328475754594,-4.6868042946,-1.8022649288
n148i_vs_jxl_e7,butteraugli,60,corpus-0060.ppm,texturas_alta_frequencia,50.54662070786544,-5.5436787605,-1.7750829458
n148i_vs_jxl_e7,butteraugli,61,corpus-0061.ppm,superficies_suaves_degrades,20.048315027847806,-4.2011756897,-1.4647518396
n148i_vs_jxl_e7,butteraugli,62,corpus-0062.ppm,superficies_suaves_degrades,25.815025274496485,-4.2778015137,-1.4305979013
n148i_vs_jxl_e7,butteraugli,63,corpus-0063.ppm,superficies_suaves_degrades,63.923298031540085,-4.8619623184,-1.8227002621
n148i_vs_jxl_e7,butteraugli,64,corpus-0064.ppm,superficies_suaves_degrades,46.30325395629651,-5.3972158432,-1.3177450895
n148i_vs_jxl_e7,butteraugli,65,corpus-0065.ppm,superficies_suaves_degrades,43.37913305176533,-4.7302832603,-1.7600318193
n148i_vs_jxl_e7,butteraugli,66,corpus-0066.ppm,superficies_suaves_degrades,46.62955726991483,-3.6912050247,-1.8139451742
n148i_vs_jxl_e7,butteraugli,67,corpus-0067.ppm,superficies_suaves_degrades,39.34883781231602,-4.3261222839,-1.8459755182
n148i_vs_jxl_e7,butteraugli,68,corpus-0068.ppm,superficies_suaves_degrades,50.77619260753412,-5.4699764252,-2.82071805
n148i_vs_jxl_e7,butteraugli,69,corpus-0069.ppm,superficies_suaves_degrades,91.3197818738501,-4.7217350006,-1.8411771059
n148i_vs_jxl_e7,butteraugli,70,corpus-0070.ppm,superficies_suaves_degrades,291.9816288869586,-6.5313949585,-4.0277905464
n148i_vs_jxl_e7,butteraugli,71,corpus-0071.ppm,superficies_suaves_degrades,83.95508120842514,-5.6546888351,-3.1281919479
n148i_vs_jxl_e7,butteraugli,72,corpus-0072.ppm,superficies_suaves_degrades,63.076045387410275,-5.3136358261,-2.1624128819
n148i_vs_jxl_e7,butteraugli,73,corpus-0073.ppm,superficies_suaves_degrades,83.00533963383184,-3.3110442162,-1.1757736206
n148i_vs_jxl_e7,butteraugli,74,corpus-0074.ppm,superficies_suaves_degrades,51.43717177523788,-4.5236487389,-1.6779521704
n148i_vs_jxl_e7,butteraugli,75,corpus-0075.ppm,superficies_suaves_degrades,105.79004194104304,-4.2847599983,-1.5244408846
n148i_vs_jxl_e7,butteraugli,76,corpus-0076.ppm,detalhe_fino,71.88786137520286,-5.7345552444,-1.8341283798
n148i_vs_jxl_e7,butteraugli,77,corpus-0077.ppm,detalhe_fino,32.97012677066857,-4.8707308769,-2.0622193813
n148i_vs_jxl_e7,butteraugli,78,corpus-0078.ppm,detalhe_fino,24.316241392074733,-4.5018234253,-1.6485784054
n148i_vs_jxl_e7,butteraugli,79,corpus-0079.ppm,detalhe_fino,32.34589906952357,-4.7320480347,-1.6374239922
n148i_vs_jxl_e7,butteraugli,80,corpus-0080.ppm,detalhe_fino,53.47238902761799,-4.9255366325,-2.000736475
n148i_vs_jxl_e7,butteraugli,81,corpus-0081.ppm,detalhe_fino,16.70912467578387,-4.3827576637,-0.7582622766
n148i_vs_jxl_e7,butteraugli,82,corpus-0082.ppm,detalhe_fino,20.858819722677403,-3.9464304447,-1.6426666975
n148i_vs_jxl_e7,butteraugli,83,corpus-0083.ppm,detalhe_fino,243.0905321280488,-6.1212077141,-3.8519120216
n148i_vs_jxl_e7,butteraugli,84,corpus-0084.ppm,detalhe_fino,56.66812615333132,-4.8815770149,-1.9101020098
n148i_vs_jxl_e7,butteraugli,85,corpus-0085.ppm,detalhe_fino,53.29933339520567,-6.8220667839,-1.5262577534
n148i_vs_jxl_e7,butteraugli,86,corpus-0086.ppm,detalhe_fino,23.77797879050616,-4.5138072968,-1.7662146091
n148i_vs_jxl_e7,butteraugli,87,corpus-0087.ppm,detalhe_fino,41.209172586530826,-4.6194081306,-1.6933207512
n148i_vs_jxl_e7,butteraugli,88,corpus-0088.ppm,detalhe_fino,98.47042329318145,-5.1241931915,-1.9230287075
n148i_vs_jxl_e7,butteraugli,89,corpus-0089.ppm,detalhe_fino,191.72195601559113,-7.0904164314,-4.0197896957
n148i_vs_jxl_e7,butteraugli,90,corpus-0090.ppm,detalhe_fino,434.0488080268445,-6.5375461578,-6.1175174713
n148i_vs_jxl_e7,butteraugli,91,corpus-0091.ppm,texto_bordas_nitidas,66.13653054518649,-5.6229519844,-3.7765920162
n148i_vs_jxl_e7,butteraugli,92,corpus-0092.ppm,texto_bordas_nitidas,72.01236620120493,-5.0020241737,-2.3228635788
n148i_vs_jxl_e7,butteraugli,93,corpus-0093.ppm,texto_bordas_nitidas,65.09897214541478,-6.1953496933,-2.5660789013
n148i_vs_jxl_e7,butteraugli,94,corpus-0094.ppm,texto_bordas_nitidas,56.06173301449293,-5.5575609207,-2.2167737484
n148i_vs_jxl_e7,butteraugli,95,corpus-0095.ppm,texto_bordas_nitidas,49.98723039221831,-5.7384314537,-1.6756027937
n148i_vs_jxl_e7,butteraugli,96,corpus-0096.ppm,texto_bordas_nitidas,68.90699947642808,-6.1644177437,-2.6494336128
n148i_vs_jxl_e7,butteraugli,97,corpus-0097.ppm,texto_bordas_nitidas,52.842421178769094,-6.3291225433,-1.8168729544
n148i_vs_jxl_e7,butteraugli,98,corpus-0098.ppm,texto_bordas_nitidas,131.77092057566276,-5.8393034935,-3.5083417892
n148i_vs_jxl_e7,butteraugli,99,corpus-0099.ppm,texto_bordas_nitidas,264.747114235636,-5.8239564896,-3.80204916
n148i_vs_jxl_e7,butteraugli,100,corpus-0100.ppm,texto_bordas_nitidas,49.96137422337905,-6.1174750328,-2.3776602745
n148i_vs_jxl_e7,butteraugli,101,corpus-0101.ppm,texto_bordas_nitidas,64.89633072856451,-5.141064167,-1.7616994381
n148i_vs_jxl_e7,butteraugli,102,corpus-0102.ppm,texto_bordas_nitidas,72.01970385357559,-4.500222683,-1.6579496861
n148i_vs_jxl_e7,butteraugli,103,corpus-0103.ppm,texto_bordas_nitidas,56.3346033317903,-4.6421971321,-2.0024337769
n148i_vs_jxl_e7,butteraugli,104,corpus-0104.ppm,texto_bordas_nitidas,77.063620737871,-4.5757045746,-1.9489563704
n148i_vs_jxl_e7,butteraugli,105,corpus-0105.ppm,texto_bordas_nitidas,29.826451098810146,-3.7117738724,-1.5671141148
n148i_vs_jxl_e7,butteraugli,106,corpus-0106.ppm,cores_saturadas_dessaturadas,127.73039620376414,-6.2183656693,-2.8330299854
n148i_vs_jxl_e7,butteraugli,107,corpus-0107.ppm,cores_saturadas_dessaturadas,99.22978024781806,-5.4348025322,-2.4772992134
n148i_vs_jxl_e7,butteraugli,108,corpus-0108.ppm,cores_saturadas_dessaturadas,63.80223820742141,-6.0657939911,-2.3083870411
n148i_vs_jxl_e7,butteraugli,109,corpus-0109.ppm,cores_saturadas_dessaturadas,43.69279791538996,-5.5798316002,-1.7389398813
n148i_vs_jxl_e7,butteraugli,110,corpus-0110.ppm,cores_saturadas_dessaturadas,74.53089176342064,-6.5275936127,-2.2857613564
n148i_vs_jxl_e7,butteraugli,111,corpus-0111.ppm,cores_saturadas_dessaturadas,108.15760419398698,-6.40097332,-4.2826938629
n148i_vs_jxl_e7,butteraugli,112,corpus-0112.ppm,cores_saturadas_dessaturadas,63.94066641740406,-4.6422362328,-1.7151319981
n148i_vs_jxl_e7,butteraugli,113,corpus-0113.ppm,cores_saturadas_dessaturadas,151.01244876409953,-6.0867681503,-3.1730513573
n148i_vs_jxl_e7,butteraugli,114,corpus-0114.ppm,cores_saturadas_dessaturadas,43.282141227557716,-5.1072220802,-1.8418700695
n148i_vs_jxl_e7,butteraugli,115,corpus-0115.ppm,cores_saturadas_dessaturadas,85.54329529748364,-5.1929712296,-1.6587700844
n148i_vs_jxl_e7,butteraugli,116,corpus-0116.ppm,cores_saturadas_dessaturadas,105.16843455805711,-4.439740181,-1.9812414646
n148i_vs_jxl_e7,butteraugli,117,corpus-0117.ppm,cores_saturadas_dessaturadas,73.98251967928316,-5.2937283516,-1.9633857012
n148i_vs_jxl_e7,butteraugli,118,corpus-0118.ppm,cores_saturadas_dessaturadas,164.2065997026481,-6.4440126419,-3.1520149708
n148i_vs_jxl_e7,butteraugli,119,corpus-0119.ppm,cores_saturadas_dessaturadas,166.29533343833322,-7.1103534698,-3.1216607094
n148i_vs_jxl_e7,butteraugli,120,corpus-0120.ppm,cores_saturadas_dessaturadas,194.80844433054338,-5.897298336,-2.5410106182
