image_id,category,candidate,anchor,metric,bd_rate_pct,valid
1,historical_portraits,n148i_v1,webp_m6,psnr_y_db,38.68938736732559,True
2,historical_portraits,n148i_v1,webp_m6,psnr_y_db,18.2567691005898,True
3,historical_portraits,n148i_v1,webp_m6,psnr_y_db,57.3394691571689,True
4,historical_portraits,n148i_v1,webp_m6,psnr_y_db,44.96090124026626,True
5,historical_portraits,n148i_v1,webp_m6,psnr_y_db,56.041215352460185,True
6,historical_portraits,n148i_v1,webp_m6,psnr_y_db,28.317950481747168,True
7,historical_portraits,n148i_v1,webp_m6,psnr_y_db,57.803056092212366,True
8,historical_portraits,n148i_v1,webp_m6,psnr_y_db,26.573661417797734,True
9,historical_portraits,n148i_v1,webp_m6,psnr_y_db,57.56414659604143,True
10,historical_portraits,n148i_v1,webp_m6,psnr_y_db,11.205141735838575,True
11,historical_portraits,n148i_v1,webp_m6,psnr_y_db,68.28869670641664,True
12,historical_portraits,n148i_v1,webp_m6,psnr_y_db,72.38996055124731,True
13,historical_portraits,n148i_v1,webp_m6,psnr_y_db,55.94196610593012,True
14,historical_portraits,n148i_v1,webp_m6,psnr_y_db,104.97333767406887,True
15,historical_portraits,n148i_v1,webp_m6,psnr_y_db,65.24543528090344,True
16,natural_landscapes,n148i_v1,webp_m6,psnr_y_db,61.12155112681044,True
17,natural_landscapes,n148i_v1,webp_m6,psnr_y_db,40.81556052140074,True
18,natural_landscapes,n148i_v1,webp_m6,psnr_y_db,56.869817955971726,True
19,natural_landscapes,n148i_v1,webp_m6,psnr_y_db,52.66103521946373,True
20,natural_landscapes,n148i_v1,webp_m6,psnr_y_db,47.030540813993916,True
21,natural_landscapes,n148i_v1,webp_m6,psnr_y_db,66.25728714676458,True
22,natural_landscapes,n148i_v1,webp_m6,psnr_y_db,43.61952066660542,True
23,natural_landscapes,n148i_v1,webp_m6,psnr_y_db,44.488296664872465,True
24,natural_landscapes,n148i_v1,webp_m6,psnr_y_db,48.09625950254129,True
25,natural_landscapes,n148i_v1,webp_m6,psnr_y_db,55.05287782517849,True
26,natural_landscapes,n148i_v1,webp_m6,psnr_y_db,47.36482681584553,True
27,natural_landscapes,n148i_v1,webp_m6,psnr_y_db,56.57247026699572,True
28,natural_landscapes,n148i_v1,webp_m6,psnr_y_db,39.19362017362731,True
29,natural_landscapes,n148i_v1,webp_m6,psnr_y_db,56.50968791002355,True
30,natural_landscapes,n148i_v1,webp_m6,psnr_y_db,44.01859766088481,True
31,urban_architecture,n148i_v1,webp_m6,psnr_y_db,55.0408142077909,True
32,urban_architecture,n148i_v1,webp_m6,psnr_y_db,64.23074547421386,True
33,urban_architecture,n148i_v1,webp_m6,psnr_y_db,31.6997237397022,True
34,urban_architecture,n148i_v1,webp_m6,psnr_y_db,41.0904381972214,True
35,urban_architecture,n148i_v1,webp_m6,psnr_y_db,64.53418863243259,True
36,urban_architecture,n148i_v1,webp_m6,psnr_y_db,60.23873602937761,True
37,urban_architecture,n148i_v1,webp_m6,psnr_y_db,41.25643615424319,True
38,urban_architecture,n148i_v1,webp_m6,psnr_y_db,48.663870896821784,True
39,urban_architecture,n148i_v1,webp_m6,psnr_y_db,51.38263348399521,True
40,urban_architecture,n148i_v1,webp_m6,psnr_y_db,53.541319468582,True
41,urban_architecture,n148i_v1,webp_m6,psnr_y_db,71.11457793088114,True
42,urban_architecture,n148i_v1,webp_m6,psnr_y_db,65.53532987068142,True
43,urban_architecture,n148i_v1,webp_m6,psnr_y_db,50.95475734566075,True
44,urban_architecture,n148i_v1,webp_m6,psnr_y_db,34.661963144770944,True
45,urban_architecture,n148i_v1,webp_m6,psnr_y_db,53.67530530584232,True
46,high_frequency_textures,n148i_v1,webp_m6,psnr_y_db,49.38357815607197,True
47,high_frequency_textures,n148i_v1,webp_m6,psnr_y_db,50.319070944892516,True
48,high_frequency_textures,n148i_v1,webp_m6,psnr_y_db,35.120026900908606,True
49,high_frequency_textures,n148i_v1,webp_m6,psnr_y_db,27.99167050243925,True
50,high_frequency_textures,n148i_v1,webp_m6,psnr_y_db,20.69547935354017,True
51,high_frequency_textures,n148i_v1,webp_m6,psnr_y_db,44.69757749081778,True
52,high_frequency_textures,n148i_v1,webp_m6,psnr_y_db,49.36701106626684,True
53,high_frequency_textures,n148i_v1,webp_m6,psnr_y_db,36.36621121647992,True
54,high_frequency_textures,n148i_v1,webp_m6,psnr_y_db,20.610542104340546,True
55,high_frequency_textures,n148i_v1,webp_m6,psnr_y_db,21.842315902583298,True
56,high_frequency_textures,n148i_v1,webp_m6,psnr_y_db,47.06245486048968,True
57,high_frequency_textures,n148i_v1,webp_m6,psnr_y_db,22.673281923978283,True
58,high_frequency_textures,n148i_v1,webp_m6,psnr_y_db,53.51709456706255,True
59,high_frequency_textures,n148i_v1,webp_m6,psnr_y_db,36.369442569089806,True
60,high_frequency_textures,n148i_v1,webp_m6,psnr_y_db,37.22430207233831,True
61,smooth_surfaces_gradients,n148i_v1,webp_m6,psnr_y_db,15.202032898403184,True
62,smooth_surfaces_gradients,n148i_v1,webp_m6,psnr_y_db,22.825442532055185,True
63,smooth_surfaces_gradients,n148i_v1,webp_m6,psnr_y_db,57.90154719916289,True
64,smooth_surfaces_gradients,n148i_v1,webp_m6,psnr_y_db,49.28213740176914,True
65,smooth_surfaces_gradients,n148i_v1,webp_m6,psnr_y_db,51.31385130732553,True
66,smooth_surfaces_gradients,n148i_v1,webp_m6,psnr_y_db,35.95793432188239,True
67,smooth_surfaces_gradients,n148i_v1,webp_m6,psnr_y_db,41.55940031284917,True
68,smooth_surfaces_gradients,n148i_v1,webp_m6,psnr_y_db,47.85207816569985,True
69,smooth_surfaces_gradients,n148i_v1,webp_m6,psnr_y_db,42.71382841361682,True
70,smooth_surfaces_gradients,n148i_v1,webp_m6,psnr_y_db,39.665560286269596,True
71,smooth_surfaces_gradients,n148i_v1,webp_m6,psnr_y_db,58.18430879724173,True
72,smooth_surfaces_gradients,n148i_v1,webp_m6,psnr_y_db,53.911578436032585,True
73,smooth_surfaces_gradients,n148i_v1,webp_m6,psnr_y_db,31.338881816548316,True
74,smooth_surfaces_gradients,n148i_v1,webp_m6,psnr_y_db,78.35317772780365,True
75,smooth_surfaces_gradients,n148i_v1,webp_m6,psnr_y_db,53.374347015575175,True
76,fine_detail,n148i_v1,webp_m6,psnr_y_db,66.55369655697703,True
77,fine_detail,n148i_v1,webp_m6,psnr_y_db,44.67737946087733,True
78,fine_detail,n148i_v1,webp_m6,psnr_y_db,50.731508860236914,True
79,fine_detail,n148i_v1,webp_m6,psnr_y_db,40.64426660995066,True
80,fine_detail,n148i_v1,webp_m6,psnr_y_db,47.28997670276425,True
81,fine_detail,n148i_v1,webp_m6,psnr_y_db,20.153252172348225,True
82,fine_detail,n148i_v1,webp_m6,psnr_y_db,18.861985689487515,True
83,fine_detail,n148i_v1,webp_m6,psnr_y_db,52.70315761397757,True
84,fine_detail,n148i_v1,webp_m6,psnr_y_db,-2.6568764673495893,True
85,fine_detail,n148i_v1,webp_m6,psnr_y_db,33.54395722973938,True
86,fine_detail,n148i_v1,webp_m6,psnr_y_db,45.506828443760085,True
87,fine_detail,n148i_v1,webp_m6,psnr_y_db,47.85213500010905,True
88,fine_detail,n148i_v1,webp_m6,psnr_y_db,39.53222038724486,True
89,fine_detail,n148i_v1,webp_m6,psnr_y_db,31.620645767079747,True
90,fine_detail,n148i_v1,webp_m6,psnr_y_db,31.721942921638167,True
91,text_sharp_edges,n148i_v1,webp_m6,psnr_y_db,113.08107655542071,True
92,text_sharp_edges,n148i_v1,webp_m6,psnr_y_db,75.41849659523353,True
93,text_sharp_edges,n148i_v1,webp_m6,psnr_y_db,136.05277264660165,True
94,text_sharp_edges,n148i_v1,webp_m6,psnr_y_db,62.788357314066424,True
95,text_sharp_edges,n148i_v1,webp_m6,psnr_y_db,76.20143893233715,True
96,text_sharp_edges,n148i_v1,webp_m6,psnr_y_db,58.5684874895366,True
97,text_sharp_edges,n148i_v1,webp_m6,psnr_y_db,94.28012922305267,True
98,text_sharp_edges,n148i_v1,webp_m6,psnr_y_db,97.32243601920054,True
99,text_sharp_edges,n148i_v1,webp_m6,psnr_y_db,93.09505752168769,True
100,text_sharp_edges,n148i_v1,webp_m6,psnr_y_db,119.26639054729007,True
101,text_sharp_edges,n148i_v1,webp_m6,psnr_y_db,65.89361308597361,True
102,text_sharp_edges,n148i_v1,webp_m6,psnr_y_db,69.68281361637743,True
103,text_sharp_edges,n148i_v1,webp_m6,psnr_y_db,91.47645910793345,True
104,text_sharp_edges,n148i_v1,webp_m6,psnr_y_db,77.61834222740364,True
105,text_sharp_edges,n148i_v1,webp_m6,psnr_y_db,24.211785374081884,True
106,saturated_desaturated_colors,n148i_v1,webp_m6,psnr_y_db,24.790895578682992,True
107,saturated_desaturated_colors,n148i_v1,webp_m6,psnr_y_db,37.83621101471508,True
108,saturated_desaturated_colors,n148i_v1,webp_m6,psnr_y_db,65.65010453914817,True
109,saturated_desaturated_colors,n148i_v1,webp_m6,psnr_y_db,86.25404815192645,True
110,saturated_desaturated_colors,n148i_v1,webp_m6,psnr_y_db,71.32535247488356,True
111,saturated_desaturated_colors,n148i_v1,webp_m6,psnr_y_db,63.57642916865629,True
112,saturated_desaturated_colors,n148i_v1,webp_m6,psnr_y_db,39.66418042039137,True
113,saturated_desaturated_colors,n148i_v1,webp_m6,psnr_y_db,48.36890991377176,True
114,saturated_desaturated_colors,n148i_v1,webp_m6,psnr_y_db,39.9358753067182,True
115,saturated_desaturated_colors,n148i_v1,webp_m6,psnr_y_db,32.1164916880206,True
116,saturated_desaturated_colors,n148i_v1,webp_m6,psnr_y_db,76.68604836362165,True
117,saturated_desaturated_colors,n148i_v1,webp_m6,psnr_y_db,117.57275529629302,True
118,saturated_desaturated_colors,n148i_v1,webp_m6,psnr_y_db,13.39257747044238,True
119,saturated_desaturated_colors,n148i_v1,webp_m6,psnr_y_db,18.174178010323082,True
120,saturated_desaturated_colors,n148i_v1,webp_m6,psnr_y_db,6.999795947748355,True
121,smooth_surfaces_gradients,n148i_v1,webp_m6,psnr_y_db,51.16807012726887,True
122,urban_architecture,n148i_v1,webp_m6,psnr_y_db,67.56099193060103,True
123,smooth_surfaces_gradients,n148i_v1,webp_m6,psnr_y_db,46.771020781582884,True
124,urban_architecture,n148i_v1,webp_m6,psnr_y_db,61.49800133272143,True
125,fine_detail,n148i_v1,webp_m6,psnr_y_db,68.63940667591028,True
126,natural_landscapes,n148i_v1,webp_m6,psnr_y_db,36.043842009298224,True
127,urban_architecture,n148i_v1,webp_m6,psnr_y_db,61.46057836322048,True
128,text_sharp_edges,n148i_v1,webp_m6,psnr_y_db,94.38492885194773,True
129,text_sharp_edges,n148i_v1,webp_m6,psnr_y_db,48.28045795985383,True
130,natural_landscapes,n148i_v1,webp_m6,psnr_y_db,41.641738936483705,True
1,historical_portraits,n148i_v2,webp_m6,psnr_y_db,-5.584344859783674,True
2,historical_portraits,n148i_v2,webp_m6,psnr_y_db,-15.87574230824913,True
3,historical_portraits,n148i_v2,webp_m6,psnr_y_db,5.308987880159077,True
4,historical_portraits,n148i_v2,webp_m6,psnr_y_db,-4.518158248032034,True
5,historical_portraits,n148i_v2,webp_m6,psnr_y_db,-3.626890715341635,True
6,historical_portraits,n148i_v2,webp_m6,psnr_y_db,-5.271715807468436,True
7,historical_portraits,n148i_v2,webp_m6,psnr_y_db,4.112765177846844,True
8,historical_portraits,n148i_v2,webp_m6,psnr_y_db,-1.3355315195986428,True
9,historical_portraits,n148i_v2,webp_m6,psnr_y_db,-3.7618863557846494,True
10,historical_portraits,n148i_v2,webp_m6,psnr_y_db,-19.636534222737613,True
11,historical_portraits,n148i_v2,webp_m6,psnr_y_db,2.0229491518037435,True
12,historical_portraits,n148i_v2,webp_m6,psnr_y_db,7.493738285648743,True
13,historical_portraits,n148i_v2,webp_m6,psnr_y_db,-0.19224800115119622,True
14,historical_portraits,n148i_v2,webp_m6,psnr_y_db,-3.4455656452817784,True
15,historical_portraits,n148i_v2,webp_m6,psnr_y_db,6.099759610761257,True
16,natural_landscapes,n148i_v2,webp_m6,psnr_y_db,3.544664034339373,True
17,natural_landscapes,n148i_v2,webp_m6,psnr_y_db,-5.306278611833248,True
18,natural_landscapes,n148i_v2,webp_m6,psnr_y_db,-1.6381776049089414,True
19,natural_landscapes,n148i_v2,webp_m6,psnr_y_db,-2.667776854341408,True
20,natural_landscapes,n148i_v2,webp_m6,psnr_y_db,-2.483330546109719,True
21,natural_landscapes,n148i_v2,webp_m6,psnr_y_db,3.084202339573694,True
22,natural_landscapes,n148i_v2,webp_m6,psnr_y_db,-4.221260667010762,True
23,natural_landscapes,n148i_v2,webp_m6,psnr_y_db,3.16659262760568,True
24,natural_landscapes,n148i_v2,webp_m6,psnr_y_db,-3.778836062940427,True
25,natural_landscapes,n148i_v2,webp_m6,psnr_y_db,-2.44350107498994,True
26,natural_landscapes,n148i_v2,webp_m6,psnr_y_db,1.9283415251326375,True
27,natural_landscapes,n148i_v2,webp_m6,psnr_y_db,1.9730368382446573,True
28,natural_landscapes,n148i_v2,webp_m6,psnr_y_db,-1.9492259935716572,True
29,natural_landscapes,n148i_v2,webp_m6,psnr_y_db,2.7730329039040935,True
30,natural_landscapes,n148i_v2,webp_m6,psnr_y_db,-8.25419725427886,True
31,urban_architecture,n148i_v2,webp_m6,psnr_y_db,4.180973370239505,True
32,urban_architecture,n148i_v2,webp_m6,psnr_y_db,0.2158968119214011,True
33,urban_architecture,n148i_v2,webp_m6,psnr_y_db,-4.499949940216775,True
34,urban_architecture,n148i_v2,webp_m6,psnr_y_db,-1.8011058641345334,True
35,urban_architecture,n148i_v2,webp_m6,psnr_y_db,1.0505941437743527,True
36,urban_architecture,n148i_v2,webp_m6,psnr_y_db,6.799957472785878,True
37,urban_architecture,n148i_v2,webp_m6,psnr_y_db,2.195437454279192,True
38,urban_architecture,n148i_v2,webp_m6,psnr_y_db,-1.2486659690791657,True
39,urban_architecture,n148i_v2,webp_m6,psnr_y_db,0.048789022622663936,True
40,urban_architecture,n148i_v2,webp_m6,psnr_y_db,0.5633670240908772,True
41,urban_architecture,n148i_v2,webp_m6,psnr_y_db,7.38490439855628,True
42,urban_architecture,n148i_v2,webp_m6,psnr_y_db,4.296031050069593,True
43,urban_architecture,n148i_v2,webp_m6,psnr_y_db,0.6892154731620526,True
44,urban_architecture,n148i_v2,webp_m6,psnr_y_db,-3.7468590044019923,True
45,urban_architecture,n148i_v2,webp_m6,psnr_y_db,-3.5092400083296615,True
46,high_frequency_textures,n148i_v2,webp_m6,psnr_y_db,-3.6546961942553025,True
47,high_frequency_textures,n148i_v2,webp_m6,psnr_y_db,1.4508913843146232,True
48,high_frequency_textures,n148i_v2,webp_m6,psnr_y_db,-6.585335548653404,True
49,high_frequency_textures,n148i_v2,webp_m6,psnr_y_db,-8.827229501966727,True
50,high_frequency_textures,n148i_v2,webp_m6,psnr_y_db,-13.409851854180921,True
51,high_frequency_textures,n148i_v2,webp_m6,psnr_y_db,-2.3050570498082235,True
52,high_frequency_textures,n148i_v2,webp_m6,psnr_y_db,0.7287037138204111,True
53,high_frequency_textures,n148i_v2,webp_m6,psnr_y_db,-5.325544728542109,True
54,high_frequency_textures,n148i_v2,webp_m6,psnr_y_db,-13.010138860599907,True
55,high_frequency_textures,n148i_v2,webp_m6,psnr_y_db,-10.644892822733599,True
56,high_frequency_textures,n148i_v2,webp_m6,psnr_y_db,-4.0724165900921765,True
57,high_frequency_textures,n148i_v2,webp_m6,psnr_y_db,-10.122908912967777,True
58,high_frequency_textures,n148i_v2,webp_m6,psnr_y_db,2.269352997591012,True
59,high_frequency_textures,n148i_v2,webp_m6,psnr_y_db,-1.8138969006510242,True
60,high_frequency_textures,n148i_v2,webp_m6,psnr_y_db,0.06009872336842914,True
61,smooth_surfaces_gradients,n148i_v2,webp_m6,psnr_y_db,-2.0226836518769664,True
62,smooth_surfaces_gradients,n148i_v2,webp_m6,psnr_y_db,-5.640961154222934,True
63,smooth_surfaces_gradients,n148i_v2,webp_m6,psnr_y_db,-4.637352167459574,True
64,smooth_surfaces_gradients,n148i_v2,webp_m6,psnr_y_db,-2.146791940735404,True
65,smooth_surfaces_gradients,n148i_v2,webp_m6,psnr_y_db,-1.2803443412699456,True
66,smooth_surfaces_gradients,n148i_v2,webp_m6,psnr_y_db,-10.717047317965866,True
67,smooth_surfaces_gradients,n148i_v2,webp_m6,psnr_y_db,-4.418735530169338,True
68,smooth_surfaces_gradients,n148i_v2,webp_m6,psnr_y_db,2.697517065042976,True
69,smooth_surfaces_gradients,n148i_v2,webp_m6,psnr_y_db,-10.27286453759968,True
70,smooth_surfaces_gradients,n148i_v2,webp_m6,psnr_y_db,-4.313874613116564,True
71,smooth_surfaces_gradients,n148i_v2,webp_m6,psnr_y_db,2.938708422342562,True
72,smooth_surfaces_gradients,n148i_v2,webp_m6,psnr_y_db,-0.3306480555912428,True
73,smooth_surfaces_gradients,n148i_v2,webp_m6,psnr_y_db,-27.653061065570096,True
74,smooth_surfaces_gradients,n148i_v2,webp_m6,psnr_y_db,2.8981290733016474,True
75,smooth_surfaces_gradients,n148i_v2,webp_m6,psnr_y_db,-6.556389047611766,True
76,fine_detail,n148i_v2,webp_m6,psnr_y_db,5.724414687953749,True
77,fine_detail,n148i_v2,webp_m6,psnr_y_db,0.9625474592506844,True
78,fine_detail,n148i_v2,webp_m6,psnr_y_db,1.9192737701684948,True
79,fine_detail,n148i_v2,webp_m6,psnr_y_db,1.4605529774672776,True
80,fine_detail,n148i_v2,webp_m6,psnr_y_db,-2.8452755568431742,True
81,fine_detail,n148i_v2,webp_m6,psnr_y_db,-10.238027419940543,True
82,fine_detail,n148i_v2,webp_m6,psnr_y_db,-7.798547727793892,True
83,fine_detail,n148i_v2,webp_m6,psnr_y_db,1.186176929677396,True
84,fine_detail,n148i_v2,webp_m6,psnr_y_db,-13.013144579068726,True
85,fine_detail,n148i_v2,webp_m6,psnr_y_db,-2.8805049750484035,True
86,fine_detail,n148i_v2,webp_m6,psnr_y_db,-2.084507253023715,True
87,fine_detail,n148i_v2,webp_m6,psnr_y_db,3.33189930052451,True
88,fine_detail,n148i_v2,webp_m6,psnr_y_db,-11.997643972127726,True
89,fine_detail,n148i_v2,webp_m6,psnr_y_db,1.64466487098327,True
90,fine_detail,n148i_v2,webp_m6,psnr_y_db,3.8601356693568123,True
91,text_sharp_edges,n148i_v2,webp_m6,psnr_y_db,16.03497293750369,True
92,text_sharp_edges,n148i_v2,webp_m6,psnr_y_db,-2.141265056773589,True
93,text_sharp_edges,n148i_v2,webp_m6,psnr_y_db,19.239989344716356,True
94,text_sharp_edges,n148i_v2,webp_m6,psnr_y_db,-1.6364371669521205,True
95,text_sharp_edges,n148i_v2,webp_m6,psnr_y_db,9.761262529755577,True
96,text_sharp_edges,n148i_v2,webp_m6,psnr_y_db,1.91697598935332,True
97,text_sharp_edges,n148i_v2,webp_m6,psnr_y_db,10.923385780255401,True
98,text_sharp_edges,n148i_v2,webp_m6,psnr_y_db,18.85367339429267,True
99,text_sharp_edges,n148i_v2,webp_m6,psnr_y_db,1.5839726341378757,True
100,text_sharp_edges,n148i_v2,webp_m6,psnr_y_db,22.639555642986096,True
101,text_sharp_edges,n148i_v2,webp_m6,psnr_y_db,0.16699408095013357,True
102,text_sharp_edges,n148i_v2,webp_m6,psnr_y_db,4.012678812971537,True
103,text_sharp_edges,n148i_v2,webp_m6,psnr_y_db,3.8214054136867404,True
104,text_sharp_edges,n148i_v2,webp_m6,psnr_y_db,7.053070404310446,True
105,text_sharp_edges,n148i_v2,webp_m6,psnr_y_db,-3.2913747561581053,True
106,saturated_desaturated_colors,n148i_v2,webp_m6,psnr_y_db,-0.30380037187940356,True
107,saturated_desaturated_colors,n148i_v2,webp_m6,psnr_y_db,-4.835574004573129,True
108,saturated_desaturated_colors,n148i_v2,webp_m6,psnr_y_db,0.950531460756987,True
109,saturated_desaturated_colors,n148i_v2,webp_m6,psnr_y_db,12.590295807695352,True
110,saturated_desaturated_colors,n148i_v2,webp_m6,psnr_y_db,13.253340793475665,True
111,saturated_desaturated_colors,n148i_v2,webp_m6,psnr_y_db,18.1084922570895,True
112,saturated_desaturated_colors,n148i_v2,webp_m6,psnr_y_db,-2.0112727769132865,True
113,saturated_desaturated_colors,n148i_v2,webp_m6,psnr_y_db,2.887179077163826,True
114,saturated_desaturated_colors,n148i_v2,webp_m6,psnr_y_db,0.8336174749021819,True
115,saturated_desaturated_colors,n148i_v2,webp_m6,psnr_y_db,-6.8740415322898984,True
116,saturated_desaturated_colors,n148i_v2,webp_m6,psnr_y_db,2.3131557391838475,True
117,saturated_desaturated_colors,n148i_v2,webp_m6,psnr_y_db,2.2659763853589254,True
118,saturated_desaturated_colors,n148i_v2,webp_m6,psnr_y_db,-3.1286507790730167,True
119,saturated_desaturated_colors,n148i_v2,webp_m6,psnr_y_db,-4.200734972297848,True
120,saturated_desaturated_colors,n148i_v2,webp_m6,psnr_y_db,-8.38313265161359,True
121,smooth_surfaces_gradients,n148i_v2,webp_m6,psnr_y_db,1.0347686692903535,True
122,urban_architecture,n148i_v2,webp_m6,psnr_y_db,5.721797139758844,True
123,smooth_surfaces_gradients,n148i_v2,webp_m6,psnr_y_db,-2.7943109814874356,True
124,urban_architecture,n148i_v2,webp_m6,psnr_y_db,1.3417359170272425,True
125,fine_detail,n148i_v2,webp_m6,psnr_y_db,-0.2596699421582027,True
126,natural_landscapes,n148i_v2,webp_m6,psnr_y_db,-3.890198975014725,True
127,urban_architecture,n148i_v2,webp_m6,psnr_y_db,-3.1382315070657474,True
128,text_sharp_edges,n148i_v2,webp_m6,psnr_y_db,3.9388908293380265,True
129,text_sharp_edges,n148i_v2,webp_m6,psnr_y_db,2.5809661890282776,True
130,natural_landscapes,n148i_v2,webp_m6,psnr_y_db,-5.633932810824915,True
1,historical_portraits,jpeg_turbo,webp_m6,psnr_y_db,40.48182504175535,True
2,historical_portraits,jpeg_turbo,webp_m6,psnr_y_db,21.185510299383516,True
3,historical_portraits,jpeg_turbo,webp_m6,psnr_y_db,58.709895345010366,True
4,historical_portraits,jpeg_turbo,webp_m6,psnr_y_db,46.21641178603835,True
5,historical_portraits,jpeg_turbo,webp_m6,psnr_y_db,58.26186727006002,True
6,historical_portraits,jpeg_turbo,webp_m6,psnr_y_db,30.320927964174803,True
7,historical_portraits,jpeg_turbo,webp_m6,psnr_y_db,59.68195735269273,True
8,historical_portraits,jpeg_turbo,webp_m6,psnr_y_db,29.622938712019376,True
9,historical_portraits,jpeg_turbo,webp_m6,psnr_y_db,59.32191781275726,True
10,historical_portraits,jpeg_turbo,webp_m6,psnr_y_db,12.603499163857723,True
11,historical_portraits,jpeg_turbo,webp_m6,psnr_y_db,73.2259906956146,True
12,historical_portraits,jpeg_turbo,webp_m6,psnr_y_db,79.79085928438498,True
13,historical_portraits,jpeg_turbo,webp_m6,psnr_y_db,59.07575987874758,True
14,historical_portraits,jpeg_turbo,webp_m6,psnr_y_db,110.63319634402049,True
15,historical_portraits,jpeg_turbo,webp_m6,psnr_y_db,65.8665112147844,True
16,natural_landscapes,jpeg_turbo,webp_m6,psnr_y_db,63.85480041251981,True
17,natural_landscapes,jpeg_turbo,webp_m6,psnr_y_db,42.519808634484015,True
18,natural_landscapes,jpeg_turbo,webp_m6,psnr_y_db,60.21707063601676,True
19,natural_landscapes,jpeg_turbo,webp_m6,psnr_y_db,56.10219202258444,True
20,natural_landscapes,jpeg_turbo,webp_m6,psnr_y_db,48.33769940546677,True
21,natural_landscapes,jpeg_turbo,webp_m6,psnr_y_db,71.14564489244061,True
22,natural_landscapes,jpeg_turbo,webp_m6,psnr_y_db,46.118304981516125,True
23,natural_landscapes,jpeg_turbo,webp_m6,psnr_y_db,45.403031384937506,True
24,natural_landscapes,jpeg_turbo,webp_m6,psnr_y_db,52.0632254439773,True
25,natural_landscapes,jpeg_turbo,webp_m6,psnr_y_db,61.26647333548998,True
26,natural_landscapes,jpeg_turbo,webp_m6,psnr_y_db,49.05630027726959,True
27,natural_landscapes,jpeg_turbo,webp_m6,psnr_y_db,58.71063926501374,True
28,natural_landscapes,jpeg_turbo,webp_m6,psnr_y_db,43.72959452047029,True
29,natural_landscapes,jpeg_turbo,webp_m6,psnr_y_db,58.567199669244594,True
30,natural_landscapes,jpeg_turbo,webp_m6,psnr_y_db,47.43567364951993,True
31,urban_architecture,jpeg_turbo,webp_m6,psnr_y_db,57.0852098884949,True
32,urban_architecture,jpeg_turbo,webp_m6,psnr_y_db,66.76904936788024,True
33,urban_architecture,jpeg_turbo,webp_m6,psnr_y_db,34.435782510086966,True
34,urban_architecture,jpeg_turbo,webp_m6,psnr_y_db,44.02828561516379,True
35,urban_architecture,jpeg_turbo,webp_m6,psnr_y_db,66.8879860127815,True
36,urban_architecture,jpeg_turbo,webp_m6,psnr_y_db,62.45243117070287,True
37,urban_architecture,jpeg_turbo,webp_m6,psnr_y_db,43.21785719554727,True
38,urban_architecture,jpeg_turbo,webp_m6,psnr_y_db,50.58502647913705,True
39,urban_architecture,jpeg_turbo,webp_m6,psnr_y_db,52.9431501797037,True
40,urban_architecture,jpeg_turbo,webp_m6,psnr_y_db,55.36436085778338,True
41,urban_architecture,jpeg_turbo,webp_m6,psnr_y_db,74.53499735879983,True
42,urban_architecture,jpeg_turbo,webp_m6,psnr_y_db,67.24748608173927,True
43,urban_architecture,jpeg_turbo,webp_m6,psnr_y_db,53.48114415356149,True
44,urban_architecture,jpeg_turbo,webp_m6,psnr_y_db,35.352533617277174,True
45,urban_architecture,jpeg_turbo,webp_m6,psnr_y_db,55.624722384411605,True
46,high_frequency_textures,jpeg_turbo,webp_m6,psnr_y_db,50.793986990403205,True
47,high_frequency_textures,jpeg_turbo,webp_m6,psnr_y_db,51.43677781855758,True
48,high_frequency_textures,jpeg_turbo,webp_m6,psnr_y_db,36.27868322129362,True
49,high_frequency_textures,jpeg_turbo,webp_m6,psnr_y_db,30.279190339621987,True
50,high_frequency_textures,jpeg_turbo,webp_m6,psnr_y_db,21.8064664960939,True
51,high_frequency_textures,jpeg_turbo,webp_m6,psnr_y_db,46.01203332174195,True
52,high_frequency_textures,jpeg_turbo,webp_m6,psnr_y_db,50.31488782922329,True
53,high_frequency_textures,jpeg_turbo,webp_m6,psnr_y_db,37.29872742668638,True
54,high_frequency_textures,jpeg_turbo,webp_m6,psnr_y_db,21.428689110444154,True
55,high_frequency_textures,jpeg_turbo,webp_m6,psnr_y_db,23.663987572784162,True
56,high_frequency_textures,jpeg_turbo,webp_m6,psnr_y_db,48.52007519836094,True
57,high_frequency_textures,jpeg_turbo,webp_m6,psnr_y_db,24.034693754690718,True
58,high_frequency_textures,jpeg_turbo,webp_m6,psnr_y_db,54.96880118628762,True
59,high_frequency_textures,jpeg_turbo,webp_m6,psnr_y_db,38.42887211617041,True
60,high_frequency_textures,jpeg_turbo,webp_m6,psnr_y_db,39.48717093893388,True
61,smooth_surfaces_gradients,jpeg_turbo,webp_m6,psnr_y_db,21.793820480985794,True
62,smooth_surfaces_gradients,jpeg_turbo,webp_m6,psnr_y_db,29.326846344889535,True
63,smooth_surfaces_gradients,jpeg_turbo,webp_m6,psnr_y_db,60.968916340586745,True
64,smooth_surfaces_gradients,jpeg_turbo,webp_m6,psnr_y_db,51.14609109844845,True
65,smooth_surfaces_gradients,jpeg_turbo,webp_m6,psnr_y_db,53.64772243584286,True
66,smooth_surfaces_gradients,jpeg_turbo,webp_m6,psnr_y_db,39.38087954714198,True
67,smooth_surfaces_gradients,jpeg_turbo,webp_m6,psnr_y_db,44.397235071254414,True
68,smooth_surfaces_gradients,jpeg_turbo,webp_m6,psnr_y_db,48.74006536741717,True
69,smooth_surfaces_gradients,jpeg_turbo,webp_m6,psnr_y_db,47.339837099437254,True
70,smooth_surfaces_gradients,jpeg_turbo,webp_m6,psnr_y_db,42.43774495631389,True
71,smooth_surfaces_gradients,jpeg_turbo,webp_m6,psnr_y_db,66.1202030540944,True
72,smooth_surfaces_gradients,jpeg_turbo,webp_m6,psnr_y_db,55.884481808517926,True
73,smooth_surfaces_gradients,jpeg_turbo,webp_m6,psnr_y_db,50.71169256802928,True
74,smooth_surfaces_gradients,jpeg_turbo,webp_m6,psnr_y_db,84.11681240635309,True
75,smooth_surfaces_gradients,jpeg_turbo,webp_m6,psnr_y_db,64.48184029434994,True
76,fine_detail,jpeg_turbo,webp_m6,psnr_y_db,69.50812089686944,True
77,fine_detail,jpeg_turbo,webp_m6,psnr_y_db,45.93837694171788,True
78,fine_detail,jpeg_turbo,webp_m6,psnr_y_db,52.0838146872362,True
79,fine_detail,jpeg_turbo,webp_m6,psnr_y_db,41.64949423085833,True
80,fine_detail,jpeg_turbo,webp_m6,psnr_y_db,48.93497946926399,True
81,fine_detail,jpeg_turbo,webp_m6,psnr_y_db,22.021941102821565,True
82,fine_detail,jpeg_turbo,webp_m6,psnr_y_db,20.851652397001818,True
83,fine_detail,jpeg_turbo,webp_m6,psnr_y_db,54.3961674238989,True
84,fine_detail,jpeg_turbo,webp_m6,psnr_y_db,-1.2338104619494916,True
85,fine_detail,jpeg_turbo,webp_m6,psnr_y_db,34.43714811534604,True
86,fine_detail,jpeg_turbo,webp_m6,psnr_y_db,47.60419656908945,True
87,fine_detail,jpeg_turbo,webp_m6,psnr_y_db,49.09348799243447,True
88,fine_detail,jpeg_turbo,webp_m6,psnr_y_db,43.1685910348228,True
89,fine_detail,jpeg_turbo,webp_m6,psnr_y_db,32.89743640932807,True
90,fine_detail,jpeg_turbo,webp_m6,psnr_y_db,33.88156861362377,True
91,text_sharp_edges,jpeg_turbo,webp_m6,psnr_y_db,115.82802635374053,True
92,text_sharp_edges,jpeg_turbo,webp_m6,psnr_y_db,78.28862414756092,True
93,text_sharp_edges,jpeg_turbo,webp_m6,psnr_y_db,140.3047869658765,True
94,text_sharp_edges,jpeg_turbo,webp_m6,psnr_y_db,64.71986531547435,True
95,text_sharp_edges,jpeg_turbo,webp_m6,psnr_y_db,77.60736102073949,True
96,text_sharp_edges,jpeg_turbo,webp_m6,psnr_y_db,60.675849820919204,True
97,text_sharp_edges,jpeg_turbo,webp_m6,psnr_y_db,96.40975449695625,True
98,text_sharp_edges,jpeg_turbo,webp_m6,psnr_y_db,100.61676204549448,True
99,text_sharp_edges,jpeg_turbo,webp_m6,psnr_y_db,97.82995623829665,True
100,text_sharp_edges,jpeg_turbo,webp_m6,psnr_y_db,122.58805848388596,True
101,text_sharp_edges,jpeg_turbo,webp_m6,psnr_y_db,70.789637550488,True
102,text_sharp_edges,jpeg_turbo,webp_m6,psnr_y_db,72.52500054146451,True
103,text_sharp_edges,jpeg_turbo,webp_m6,psnr_y_db,96.20135091712395,True
104,text_sharp_edges,jpeg_turbo,webp_m6,psnr_y_db,80.88598488894183,True
105,text_sharp_edges,jpeg_turbo,webp_m6,psnr_y_db,26.809093035598018,True
106,saturated_desaturated_colors,jpeg_turbo,webp_m6,psnr_y_db,27.284329341951775,True
107,saturated_desaturated_colors,jpeg_turbo,webp_m6,psnr_y_db,39.32227053527156,True
108,saturated_desaturated_colors,jpeg_turbo,webp_m6,psnr_y_db,67.85328079692535,True
109,saturated_desaturated_colors,jpeg_turbo,webp_m6,psnr_y_db,94.24974047138694,True
110,saturated_desaturated_colors,jpeg_turbo,webp_m6,psnr_y_db,73.02635436910705,True
111,saturated_desaturated_colors,jpeg_turbo,webp_m6,psnr_y_db,65.83185191081498,True
112,saturated_desaturated_colors,jpeg_turbo,webp_m6,psnr_y_db,41.11612254884005,True
113,saturated_desaturated_colors,jpeg_turbo,webp_m6,psnr_y_db,50.668163368606066,True
114,saturated_desaturated_colors,jpeg_turbo,webp_m6,psnr_y_db,41.121255014634016,True
115,saturated_desaturated_colors,jpeg_turbo,webp_m6,psnr_y_db,33.430061626529465,True
116,saturated_desaturated_colors,jpeg_turbo,webp_m6,psnr_y_db,82.95461405315979,True
117,saturated_desaturated_colors,jpeg_turbo,webp_m6,psnr_y_db,144.25371092495345,True
118,saturated_desaturated_colors,jpeg_turbo,webp_m6,psnr_y_db,15.659231559408404,True
119,saturated_desaturated_colors,jpeg_turbo,webp_m6,psnr_y_db,20.31233683609632,True
120,saturated_desaturated_colors,jpeg_turbo,webp_m6,psnr_y_db,8.525102511253868,True
121,smooth_surfaces_gradients,jpeg_turbo,webp_m6,psnr_y_db,55.07220206699803,True
122,urban_architecture,jpeg_turbo,webp_m6,psnr_y_db,70.89167905530473,True
123,smooth_surfaces_gradients,jpeg_turbo,webp_m6,psnr_y_db,52.40531600215896,True
124,urban_architecture,jpeg_turbo,webp_m6,psnr_y_db,64.76583416272507,True
125,fine_detail,jpeg_turbo,webp_m6,psnr_y_db,70.20288765049605,True
126,natural_landscapes,jpeg_turbo,webp_m6,psnr_y_db,37.9235432543241,True
127,urban_architecture,jpeg_turbo,webp_m6,psnr_y_db,63.73000650462834,True
128,text_sharp_edges,jpeg_turbo,webp_m6,psnr_y_db,96.77749491214134,True
129,text_sharp_edges,jpeg_turbo,webp_m6,psnr_y_db,49.35307345809201,True
130,natural_landscapes,jpeg_turbo,webp_m6,psnr_y_db,43.66646782877888,True
1,historical_portraits,webp_m4,webp_m6,psnr_y_db,2.0897653275202765,True
2,historical_portraits,webp_m4,webp_m6,psnr_y_db,1.2484299837682178,True
3,historical_portraits,webp_m4,webp_m6,psnr_y_db,1.5091735469404233,True
4,historical_portraits,webp_m4,webp_m6,psnr_y_db,2.2691815237411594,True
5,historical_portraits,webp_m4,webp_m6,psnr_y_db,3.1895057865111154,True
6,historical_portraits,webp_m4,webp_m6,psnr_y_db,1.349186658190149,True
7,historical_portraits,webp_m4,webp_m6,psnr_y_db,1.98001725320478,True
8,historical_portraits,webp_m4,webp_m6,psnr_y_db,1.3113760572796673,True
9,historical_portraits,webp_m4,webp_m6,psnr_y_db,2.9831868092551117,True
10,historical_portraits,webp_m4,webp_m6,psnr_y_db,1.6925754617929778,True
11,historical_portraits,webp_m4,webp_m6,psnr_y_db,3.2404549712159447,True
12,historical_portraits,webp_m4,webp_m6,psnr_y_db,-0.3561931020801046,True
13,historical_portraits,webp_m4,webp_m6,psnr_y_db,4.522216246591437,True
14,historical_portraits,webp_m4,webp_m6,psnr_y_db,2.2738946868696486,True
15,historical_portraits,webp_m4,webp_m6,psnr_y_db,1.303249100139392,True
16,natural_landscapes,webp_m4,webp_m6,psnr_y_db,2.4159218273514194,True
17,natural_landscapes,webp_m4,webp_m6,psnr_y_db,1.7225770764022874,True
18,natural_landscapes,webp_m4,webp_m6,psnr_y_db,2.663887952551658,True
19,natural_landscapes,webp_m4,webp_m6,psnr_y_db,2.190019827490719,True
20,natural_landscapes,webp_m4,webp_m6,psnr_y_db,1.7346539593028565,True
21,natural_landscapes,webp_m4,webp_m6,psnr_y_db,2.133486317167166,True
22,natural_landscapes,webp_m4,webp_m6,psnr_y_db,1.0736610848783634,True
23,natural_landscapes,webp_m4,webp_m6,psnr_y_db,0.9225932782311652,True
24,natural_landscapes,webp_m4,webp_m6,psnr_y_db,2.196020892402717,True
25,natural_landscapes,webp_m4,webp_m6,psnr_y_db,-0.4132292710429253,True
26,natural_landscapes,webp_m4,webp_m6,psnr_y_db,1.4217992826519144,True
27,natural_landscapes,webp_m4,webp_m6,psnr_y_db,2.388739346138413,True
28,natural_landscapes,webp_m4,webp_m6,psnr_y_db,0.15033396212724703,True
29,natural_landscapes,webp_m4,webp_m6,psnr_y_db,3.1161213323916748,True
30,natural_landscapes,webp_m4,webp_m6,psnr_y_db,-0.5966274403132021,True
31,urban_architecture,webp_m4,webp_m6,psnr_y_db,1.6525368887682745,True
32,urban_architecture,webp_m4,webp_m6,psnr_y_db,1.7363350266650368,True
33,urban_architecture,webp_m4,webp_m6,psnr_y_db,2.4822855254970078,True
34,urban_architecture,webp_m4,webp_m6,psnr_y_db,1.8766057177179052,True
35,urban_architecture,webp_m4,webp_m6,psnr_y_db,1.7119041239134658,True
36,urban_architecture,webp_m4,webp_m6,psnr_y_db,1.7069620922473216,True
37,urban_architecture,webp_m4,webp_m6,psnr_y_db,1.0475246449769493,True
38,urban_architecture,webp_m4,webp_m6,psnr_y_db,2.8370847663799603,True
39,urban_architecture,webp_m4,webp_m6,psnr_y_db,1.9375513925147025,True
40,urban_architecture,webp_m4,webp_m6,psnr_y_db,2.3707150420229084,True
41,urban_architecture,webp_m4,webp_m6,psnr_y_db,1.1662740501269697,True
42,urban_architecture,webp_m4,webp_m6,psnr_y_db,1.7506922503928157,True
43,urban_architecture,webp_m4,webp_m6,psnr_y_db,0.3132399916203621,True
44,urban_architecture,webp_m4,webp_m6,psnr_y_db,1.023882360705497,True
45,urban_architecture,webp_m4,webp_m6,psnr_y_db,2.4134373462542547,True
46,high_frequency_textures,webp_m4,webp_m6,psnr_y_db,0.7161526914354122,True
47,high_frequency_textures,webp_m4,webp_m6,psnr_y_db,0.38317506816316627,True
48,high_frequency_textures,webp_m4,webp_m6,psnr_y_db,1.26148555952188,True
49,high_frequency_textures,webp_m4,webp_m6,psnr_y_db,2.8120283336150242,True
50,high_frequency_textures,webp_m4,webp_m6,psnr_y_db,1.94556328196549,True
51,high_frequency_textures,webp_m4,webp_m6,psnr_y_db,0.7786806953117287,True
52,high_frequency_textures,webp_m4,webp_m6,psnr_y_db,0.8064305886069434,True
53,high_frequency_textures,webp_m4,webp_m6,psnr_y_db,1.4595181626636755,True
54,high_frequency_textures,webp_m4,webp_m6,psnr_y_db,1.062046636483216,True
55,high_frequency_textures,webp_m4,webp_m6,psnr_y_db,2.4269484852168954,True
56,high_frequency_textures,webp_m4,webp_m6,psnr_y_db,0.9624622797418381,True
57,high_frequency_textures,webp_m4,webp_m6,psnr_y_db,3.8155513339468428,True
58,high_frequency_textures,webp_m4,webp_m6,psnr_y_db,2.1673197784350062,True
59,high_frequency_textures,webp_m4,webp_m6,psnr_y_db,2.126924862088231,True
60,high_frequency_textures,webp_m4,webp_m6,psnr_y_db,1.897504517281856,True
61,smooth_surfaces_gradients,webp_m4,webp_m6,psnr_y_db,0.7895304775197731,True
62,smooth_surfaces_gradients,webp_m4,webp_m6,psnr_y_db,3.0278004628971233,True
63,smooth_surfaces_gradients,webp_m4,webp_m6,psnr_y_db,0.6016866409618293,True
64,smooth_surfaces_gradients,webp_m4,webp_m6,psnr_y_db,2.698205364674622,True
65,smooth_surfaces_gradients,webp_m4,webp_m6,psnr_y_db,1.316862808172825,True
66,smooth_surfaces_gradients,webp_m4,webp_m6,psnr_y_db,2.8575931073412164,True
67,smooth_surfaces_gradients,webp_m4,webp_m6,psnr_y_db,3.996975291859206,True
68,smooth_surfaces_gradients,webp_m4,webp_m6,psnr_y_db,1.0831919917083876,True
69,smooth_surfaces_gradients,webp_m4,webp_m6,psnr_y_db,1.8724479858287069,True
70,smooth_surfaces_gradients,webp_m4,webp_m6,psnr_y_db,1.3144273961904984,True
71,smooth_surfaces_gradients,webp_m4,webp_m6,psnr_y_db,-0.3286419537875451,True
72,smooth_surfaces_gradients,webp_m4,webp_m6,psnr_y_db,2.0936261342721973,True
73,smooth_surfaces_gradients,webp_m4,webp_m6,psnr_y_db,-0.6894080950605064,True
74,smooth_surfaces_gradients,webp_m4,webp_m6,psnr_y_db,1.3979619861661963,True
75,smooth_surfaces_gradients,webp_m4,webp_m6,psnr_y_db,0.82584223113078,True
76,fine_detail,webp_m4,webp_m6,psnr_y_db,1.725272898556618,True
77,fine_detail,webp_m4,webp_m6,psnr_y_db,2.0680288054530926,True
78,fine_detail,webp_m4,webp_m6,psnr_y_db,1.7325376358979128,True
79,fine_detail,webp_m4,webp_m6,psnr_y_db,1.3391954357686364,True
80,fine_detail,webp_m4,webp_m6,psnr_y_db,2.044695799933627,True
81,fine_detail,webp_m4,webp_m6,psnr_y_db,3.0523565899690297,True
82,fine_detail,webp_m4,webp_m6,psnr_y_db,1.8414334005432353,True
83,fine_detail,webp_m4,webp_m6,psnr_y_db,1.70136283327893,True
84,fine_detail,webp_m4,webp_m6,psnr_y_db,0.7076245193872399,True
85,fine_detail,webp_m4,webp_m6,psnr_y_db,1.3096064068580882,True
86,fine_detail,webp_m4,webp_m6,psnr_y_db,2.1933547028101685,True
87,fine_detail,webp_m4,webp_m6,psnr_y_db,1.647461643586956,True
88,fine_detail,webp_m4,webp_m6,psnr_y_db,2.0745627725517357,True
89,fine_detail,webp_m4,webp_m6,psnr_y_db,1.0580345939036118,True
90,fine_detail,webp_m4,webp_m6,psnr_y_db,0.9340634223551136,True
91,text_sharp_edges,webp_m4,webp_m6,psnr_y_db,0.5867412802938343,True
92,text_sharp_edges,webp_m4,webp_m6,psnr_y_db,2.052442040828484,True
93,text_sharp_edges,webp_m4,webp_m6,psnr_y_db,0.9251028048665955,True
94,text_sharp_edges,webp_m4,webp_m6,psnr_y_db,1.702761964946209,True
95,text_sharp_edges,webp_m4,webp_m6,psnr_y_db,1.6783044307437933,True
96,text_sharp_edges,webp_m4,webp_m6,psnr_y_db,1.205226588982966,True
97,text_sharp_edges,webp_m4,webp_m6,psnr_y_db,1.020633834208895,True
98,text_sharp_edges,webp_m4,webp_m6,psnr_y_db,1.764912314210676,True
99,text_sharp_edges,webp_m4,webp_m6,psnr_y_db,-1.6375530784247139,True
100,text_sharp_edges,webp_m4,webp_m6,psnr_y_db,1.7217338511625435,True
101,text_sharp_edges,webp_m4,webp_m6,psnr_y_db,5.818537304268334,True
102,text_sharp_edges,webp_m4,webp_m6,psnr_y_db,2.520244784097958,True
103,text_sharp_edges,webp_m4,webp_m6,psnr_y_db,0.9821914792205844,True
104,text_sharp_edges,webp_m4,webp_m6,psnr_y_db,0.9307734593582362,True
105,text_sharp_edges,webp_m4,webp_m6,psnr_y_db,1.869099200280333,True
106,saturated_desaturated_colors,webp_m4,webp_m6,psnr_y_db,0.6254833962365813,True
107,saturated_desaturated_colors,webp_m4,webp_m6,psnr_y_db,1.3513698366038218,True
108,saturated_desaturated_colors,webp_m4,webp_m6,psnr_y_db,1.6864002763136154,True
109,saturated_desaturated_colors,webp_m4,webp_m6,psnr_y_db,1.9320115152198447,True
110,saturated_desaturated_colors,webp_m4,webp_m6,psnr_y_db,1.3911041388334988,True
111,saturated_desaturated_colors,webp_m4,webp_m6,psnr_y_db,1.082948480618251,True
112,saturated_desaturated_colors,webp_m4,webp_m6,psnr_y_db,3.2692195511273114,True
113,saturated_desaturated_colors,webp_m4,webp_m6,psnr_y_db,0.44014666772562716,True
114,saturated_desaturated_colors,webp_m4,webp_m6,psnr_y_db,1.5200732476821521,True
115,saturated_desaturated_colors,webp_m4,webp_m6,psnr_y_db,2.906558953588778,True
116,saturated_desaturated_colors,webp_m4,webp_m6,psnr_y_db,5.658465259475243,True
117,saturated_desaturated_colors,webp_m4,webp_m6,psnr_y_db,0.9825720659334847,True
118,saturated_desaturated_colors,webp_m4,webp_m6,psnr_y_db,0.5804431750203953,True
119,saturated_desaturated_colors,webp_m4,webp_m6,psnr_y_db,0.2948685126642925,True
120,saturated_desaturated_colors,webp_m4,webp_m6,psnr_y_db,3.252347156246427,True
121,smooth_surfaces_gradients,webp_m4,webp_m6,psnr_y_db,1.4564464724162063,True
122,urban_architecture,webp_m4,webp_m6,psnr_y_db,1.0061776070830142,True
123,smooth_surfaces_gradients,webp_m4,webp_m6,psnr_y_db,1.8947706453519064,True
124,urban_architecture,webp_m4,webp_m6,psnr_y_db,2.6933438051079284,True
125,fine_detail,webp_m4,webp_m6,psnr_y_db,2.8318980640452462,True
126,natural_landscapes,webp_m4,webp_m6,psnr_y_db,1.9769025082018832,True
127,urban_architecture,webp_m4,webp_m6,psnr_y_db,1.9942848080193754,True
128,text_sharp_edges,webp_m4,webp_m6,psnr_y_db,3.204165687760274,True
129,text_sharp_edges,webp_m4,webp_m6,psnr_y_db,0.9281536442369953,True
130,natural_landscapes,webp_m4,webp_m6,psnr_y_db,1.9308901826825764,True
1,historical_portraits,webp_m6_historical,webp_m6,psnr_y_db,0.0,True
2,historical_portraits,webp_m6_historical,webp_m6,psnr_y_db,0.0,True
3,historical_portraits,webp_m6_historical,webp_m6,psnr_y_db,0.0,True
4,historical_portraits,webp_m6_historical,webp_m6,psnr_y_db,0.0,True
5,historical_portraits,webp_m6_historical,webp_m6,psnr_y_db,0.0,True
6,historical_portraits,webp_m6_historical,webp_m6,psnr_y_db,0.0,True
7,historical_portraits,webp_m6_historical,webp_m6,psnr_y_db,0.0,True
8,historical_portraits,webp_m6_historical,webp_m6,psnr_y_db,0.0,True
9,historical_portraits,webp_m6_historical,webp_m6,psnr_y_db,0.0,True
10,historical_portraits,webp_m6_historical,webp_m6,psnr_y_db,0.0,True
11,historical_portraits,webp_m6_historical,webp_m6,psnr_y_db,0.0,True
12,historical_portraits,webp_m6_historical,webp_m6,psnr_y_db,0.0,True
13,historical_portraits,webp_m6_historical,webp_m6,psnr_y_db,0.0,True
14,historical_portraits,webp_m6_historical,webp_m6,psnr_y_db,0.0,True
15,historical_portraits,webp_m6_historical,webp_m6,psnr_y_db,0.0,True
16,natural_landscapes,webp_m6_historical,webp_m6,psnr_y_db,0.0,True
17,natural_landscapes,webp_m6_historical,webp_m6,psnr_y_db,0.0,True
18,natural_landscapes,webp_m6_historical,webp_m6,psnr_y_db,0.0,True
19,natural_landscapes,webp_m6_historical,webp_m6,psnr_y_db,0.0,True
20,natural_landscapes,webp_m6_historical,webp_m6,psnr_y_db,0.0,True
21,natural_landscapes,webp_m6_historical,webp_m6,psnr_y_db,0.0,True
22,natural_landscapes,webp_m6_historical,webp_m6,psnr_y_db,0.0,True
23,natural_landscapes,webp_m6_historical,webp_m6,psnr_y_db,0.0,True
24,natural_landscapes,webp_m6_historical,webp_m6,psnr_y_db,0.0,True
25,natural_landscapes,webp_m6_historical,webp_m6,psnr_y_db,0.0,True
26,natural_landscapes,webp_m6_historical,webp_m6,psnr_y_db,0.0,True
27,natural_landscapes,webp_m6_historical,webp_m6,psnr_y_db,0.0,True
28,natural_landscapes,webp_m6_historical,webp_m6,psnr_y_db,0.0,True
29,natural_landscapes,webp_m6_historical,webp_m6,psnr_y_db,0.0,True
30,natural_landscapes,webp_m6_historical,webp_m6,psnr_y_db,0.0,True
31,urban_architecture,webp_m6_historical,webp_m6,psnr_y_db,0.0,True
32,urban_architecture,webp_m6_historical,webp_m6,psnr_y_db,0.0,True
33,urban_architecture,webp_m6_historical,webp_m6,psnr_y_db,0.0,True
34,urban_architecture,webp_m6_historical,webp_m6,psnr_y_db,0.0,True
35,urban_architecture,webp_m6_historical,webp_m6,psnr_y_db,0.0,True
36,urban_architecture,webp_m6_historical,webp_m6,psnr_y_db,0.0,True
37,urban_architecture,webp_m6_historical,webp_m6,psnr_y_db,0.0,True
38,urban_architecture,webp_m6_historical,webp_m6,psnr_y_db,0.0,True
39,urban_architecture,webp_m6_historical,webp_m6,psnr_y_db,0.0,True
40,urban_architecture,webp_m6_historical,webp_m6,psnr_y_db,0.0,True
41,urban_architecture,webp_m6_historical,webp_m6,psnr_y_db,0.0,True
42,urban_architecture,webp_m6_historical,webp_m6,psnr_y_db,0.0,True
43,urban_architecture,webp_m6_historical,webp_m6,psnr_y_db,0.0,True
44,urban_architecture,webp_m6_historical,webp_m6,psnr_y_db,0.0,True
45,urban_architecture,webp_m6_historical,webp_m6,psnr_y_db,0.0,True
46,high_frequency_textures,webp_m6_historical,webp_m6,psnr_y_db,0.0,True
47,high_frequency_textures,webp_m6_historical,webp_m6,psnr_y_db,0.0,True
48,high_frequency_textures,webp_m6_historical,webp_m6,psnr_y_db,0.0,True
49,high_frequency_textures,webp_m6_historical,webp_m6,psnr_y_db,0.0,True
50,high_frequency_textures,webp_m6_historical,webp_m6,psnr_y_db,0.0,True
51,high_frequency_textures,webp_m6_historical,webp_m6,psnr_y_db,0.0,True
52,high_frequency_textures,webp_m6_historical,webp_m6,psnr_y_db,0.0,True
53,high_frequency_textures,webp_m6_historical,webp_m6,psnr_y_db,0.0,True
54,high_frequency_textures,webp_m6_historical,webp_m6,psnr_y_db,0.0,True
55,high_frequency_textures,webp_m6_historical,webp_m6,psnr_y_db,0.0,True
56,high_frequency_textures,webp_m6_historical,webp_m6,psnr_y_db,0.0,True
57,high_frequency_textures,webp_m6_historical,webp_m6,psnr_y_db,0.0,True
58,high_frequency_textures,webp_m6_historical,webp_m6,psnr_y_db,0.0,True
59,high_frequency_textures,webp_m6_historical,webp_m6,psnr_y_db,0.0,True
60,high_frequency_textures,webp_m6_historical,webp_m6,psnr_y_db,0.0,True
61,smooth_surfaces_gradients,webp_m6_historical,webp_m6,psnr_y_db,0.0,True
62,smooth_surfaces_gradients,webp_m6_historical,webp_m6,psnr_y_db,0.0,True
63,smooth_surfaces_gradients,webp_m6_historical,webp_m6,psnr_y_db,0.0,True
64,smooth_surfaces_gradients,webp_m6_historical,webp_m6,psnr_y_db,0.0,True
65,smooth_surfaces_gradients,webp_m6_historical,webp_m6,psnr_y_db,0.0,True
66,smooth_surfaces_gradients,webp_m6_historical,webp_m6,psnr_y_db,0.0,True
67,smooth_surfaces_gradients,webp_m6_historical,webp_m6,psnr_y_db,0.0,True
68,smooth_surfaces_gradients,webp_m6_historical,webp_m6,psnr_y_db,0.0,True
69,smooth_surfaces_gradients,webp_m6_historical,webp_m6,psnr_y_db,0.0,True
70,smooth_surfaces_gradients,webp_m6_historical,webp_m6,psnr_y_db,0.0,True
71,smooth_surfaces_gradients,webp_m6_historical,webp_m6,psnr_y_db,0.0,True
72,smooth_surfaces_gradients,webp_m6_historical,webp_m6,psnr_y_db,0.0,True
73,smooth_surfaces_gradients,webp_m6_historical,webp_m6,psnr_y_db,0.0,True
74,smooth_surfaces_gradients,webp_m6_historical,webp_m6,psnr_y_db,0.0,True
75,smooth_surfaces_gradients,webp_m6_historical,webp_m6,psnr_y_db,0.0,True
76,fine_detail,webp_m6_historical,webp_m6,psnr_y_db,0.0,True
77,fine_detail,webp_m6_historical,webp_m6,psnr_y_db,0.0,True
78,fine_detail,webp_m6_historical,webp_m6,psnr_y_db,0.0,True
79,fine_detail,webp_m6_historical,webp_m6,psnr_y_db,0.0,True
80,fine_detail,webp_m6_historical,webp_m6,psnr_y_db,0.0,True
81,fine_detail,webp_m6_historical,webp_m6,psnr_y_db,0.0,True
82,fine_detail,webp_m6_historical,webp_m6,psnr_y_db,0.0,True
83,fine_detail,webp_m6_historical,webp_m6,psnr_y_db,0.0,True
84,fine_detail,webp_m6_historical,webp_m6,psnr_y_db,0.0,True
85,fine_detail,webp_m6_historical,webp_m6,psnr_y_db,0.0,True
86,fine_detail,webp_m6_historical,webp_m6,psnr_y_db,0.0,True
87,fine_detail,webp_m6_historical,webp_m6,psnr_y_db,0.0,True
88,fine_detail,webp_m6_historical,webp_m6,psnr_y_db,0.0,True
89,fine_detail,webp_m6_historical,webp_m6,psnr_y_db,0.0,True
90,fine_detail,webp_m6_historical,webp_m6,psnr_y_db,0.0,True
91,text_sharp_edges,webp_m6_historical,webp_m6,psnr_y_db,0.0,True
92,text_sharp_edges,webp_m6_historical,webp_m6,psnr_y_db,0.0,True
93,text_sharp_edges,webp_m6_historical,webp_m6,psnr_y_db,0.0,True
94,text_sharp_edges,webp_m6_historical,webp_m6,psnr_y_db,0.0,True
95,text_sharp_edges,webp_m6_historical,webp_m6,psnr_y_db,0.0,True
96,text_sharp_edges,webp_m6_historical,webp_m6,psnr_y_db,0.0,True
97,text_sharp_edges,webp_m6_historical,webp_m6,psnr_y_db,0.0,True
98,text_sharp_edges,webp_m6_historical,webp_m6,psnr_y_db,0.0,True
99,text_sharp_edges,webp_m6_historical,webp_m6,psnr_y_db,0.0,True
100,text_sharp_edges,webp_m6_historical,webp_m6,psnr_y_db,0.0,True
101,text_sharp_edges,webp_m6_historical,webp_m6,psnr_y_db,0.0,True
102,text_sharp_edges,webp_m6_historical,webp_m6,psnr_y_db,0.0,True
103,text_sharp_edges,webp_m6_historical,webp_m6,psnr_y_db,0.0,True
104,text_sharp_edges,webp_m6_historical,webp_m6,psnr_y_db,0.0,True
105,text_sharp_edges,webp_m6_historical,webp_m6,psnr_y_db,0.0,True
106,saturated_desaturated_colors,webp_m6_historical,webp_m6,psnr_y_db,0.0,True
107,saturated_desaturated_colors,webp_m6_historical,webp_m6,psnr_y_db,0.0,True
108,saturated_desaturated_colors,webp_m6_historical,webp_m6,psnr_y_db,0.0,True
109,saturated_desaturated_colors,webp_m6_historical,webp_m6,psnr_y_db,0.0,True
110,saturated_desaturated_colors,webp_m6_historical,webp_m6,psnr_y_db,0.0,True
111,saturated_desaturated_colors,webp_m6_historical,webp_m6,psnr_y_db,0.0,True
112,saturated_desaturated_colors,webp_m6_historical,webp_m6,psnr_y_db,0.0,True
113,saturated_desaturated_colors,webp_m6_historical,webp_m6,psnr_y_db,0.0,True
114,saturated_desaturated_colors,webp_m6_historical,webp_m6,psnr_y_db,0.0,True
115,saturated_desaturated_colors,webp_m6_historical,webp_m6,psnr_y_db,0.0,True
116,saturated_desaturated_colors,webp_m6_historical,webp_m6,psnr_y_db,0.0,True
117,saturated_desaturated_colors,webp_m6_historical,webp_m6,psnr_y_db,0.0,True
118,saturated_desaturated_colors,webp_m6_historical,webp_m6,psnr_y_db,0.0,True
119,saturated_desaturated_colors,webp_m6_historical,webp_m6,psnr_y_db,0.0,True
120,saturated_desaturated_colors,webp_m6_historical,webp_m6,psnr_y_db,0.0,True
121,smooth_surfaces_gradients,webp_m6_historical,webp_m6,psnr_y_db,0.0,True
122,urban_architecture,webp_m6_historical,webp_m6,psnr_y_db,0.0,True
123,smooth_surfaces_gradients,webp_m6_historical,webp_m6,psnr_y_db,0.0,True
124,urban_architecture,webp_m6_historical,webp_m6,psnr_y_db,0.0,True
125,fine_detail,webp_m6_historical,webp_m6,psnr_y_db,0.0,True
126,natural_landscapes,webp_m6_historical,webp_m6,psnr_y_db,0.0,True
127,urban_architecture,webp_m6_historical,webp_m6,psnr_y_db,0.0,True
128,text_sharp_edges,webp_m6_historical,webp_m6,psnr_y_db,0.0,True
129,text_sharp_edges,webp_m6_historical,webp_m6,psnr_y_db,0.0,True
130,natural_landscapes,webp_m6_historical,webp_m6,psnr_y_db,0.0,True
1,historical_portraits,jxl_e3,webp_m6,psnr_y_db,1.002359130879893,True
2,historical_portraits,jxl_e3,webp_m6,psnr_y_db,-5.48545060136989,True
3,historical_portraits,jxl_e3,webp_m6,psnr_y_db,9.328500347074996,True
4,historical_portraits,jxl_e3,webp_m6,psnr_y_db,-2.9816952045039313,True
5,historical_portraits,jxl_e3,webp_m6,psnr_y_db,5.964781919824502,True
6,historical_portraits,jxl_e3,webp_m6,psnr_y_db,1.2454060108269438,True
7,historical_portraits,jxl_e3,webp_m6,psnr_y_db,20.216328710529673,True
8,historical_portraits,jxl_e3,webp_m6,psnr_y_db,-3.174205612716763,True
9,historical_portraits,jxl_e3,webp_m6,psnr_y_db,4.227065858138723,True
10,historical_portraits,jxl_e3,webp_m6,psnr_y_db,-16.021289309215447,True
11,historical_portraits,jxl_e3,webp_m6,psnr_y_db,11.928171447973224,True
12,historical_portraits,jxl_e3,webp_m6,psnr_y_db,13.184273993350292,True
13,historical_portraits,jxl_e3,webp_m6,psnr_y_db,-1.2077027935234463,True
14,historical_portraits,jxl_e3,webp_m6,psnr_y_db,7.227509991643299,True
15,historical_portraits,jxl_e3,webp_m6,psnr_y_db,23.464466557466366,True
16,natural_landscapes,jxl_e3,webp_m6,psnr_y_db,9.487675572903154,True
17,natural_landscapes,jxl_e3,webp_m6,psnr_y_db,-3.946438888536019,True
18,natural_landscapes,jxl_e3,webp_m6,psnr_y_db,3.2364938318236502,True
19,natural_landscapes,jxl_e3,webp_m6,psnr_y_db,0.5700287887740796,True
20,natural_landscapes,jxl_e3,webp_m6,psnr_y_db,-0.5195436219138538,True
21,natural_landscapes,jxl_e3,webp_m6,psnr_y_db,12.440570450443422,True
22,natural_landscapes,jxl_e3,webp_m6,psnr_y_db,2.30359344318809,True
23,natural_landscapes,jxl_e3,webp_m6,psnr_y_db,18.732533450509536,True
24,natural_landscapes,jxl_e3,webp_m6,psnr_y_db,-0.21609219334098873,True
25,natural_landscapes,jxl_e3,webp_m6,psnr_y_db,4.483542377920835,True
26,natural_landscapes,jxl_e3,webp_m6,psnr_y_db,7.3109943579831915,True
27,natural_landscapes,jxl_e3,webp_m6,psnr_y_db,8.272140717960298,True
28,natural_landscapes,jxl_e3,webp_m6,psnr_y_db,0.7981612055855791,True
29,natural_landscapes,jxl_e3,webp_m6,psnr_y_db,2.6601063235078604,True
30,natural_landscapes,jxl_e3,webp_m6,psnr_y_db,-1.7363347344685809,True
31,urban_architecture,jxl_e3,webp_m6,psnr_y_db,21.081050603905283,True
32,urban_architecture,jxl_e3,webp_m6,psnr_y_db,12.045391152341868,True
33,urban_architecture,jxl_e3,webp_m6,psnr_y_db,3.9585608062909117,True
34,urban_architecture,jxl_e3,webp_m6,psnr_y_db,4.089376784973631,True
35,urban_architecture,jxl_e3,webp_m6,psnr_y_db,19.538099991203527,True
36,urban_architecture,jxl_e3,webp_m6,psnr_y_db,17.509891987717396,True
37,urban_architecture,jxl_e3,webp_m6,psnr_y_db,12.980769414220926,True
38,urban_architecture,jxl_e3,webp_m6,psnr_y_db,7.920294803896,True
39,urban_architecture,jxl_e3,webp_m6,psnr_y_db,8.965137026979587,True
40,urban_architecture,jxl_e3,webp_m6,psnr_y_db,7.329224486387398,True
41,urban_architecture,jxl_e3,webp_m6,psnr_y_db,23.935979126982797,True
42,urban_architecture,jxl_e3,webp_m6,psnr_y_db,22.367659632804294,True
43,urban_architecture,jxl_e3,webp_m6,psnr_y_db,18.930209710881975,True
44,urban_architecture,jxl_e3,webp_m6,psnr_y_db,3.9163740667337743,True
45,urban_architecture,jxl_e3,webp_m6,psnr_y_db,5.101181406658806,True
46,high_frequency_textures,jxl_e3,webp_m6,psnr_y_db,6.172400642386733,True
47,high_frequency_textures,jxl_e3,webp_m6,psnr_y_db,6.440962396080008,True
48,high_frequency_textures,jxl_e3,webp_m6,psnr_y_db,-3.8410607841211086,True
49,high_frequency_textures,jxl_e3,webp_m6,psnr_y_db,-10.845362487774723,True
50,high_frequency_textures,jxl_e3,webp_m6,psnr_y_db,-10.199398843252293,True
51,high_frequency_textures,jxl_e3,webp_m6,psnr_y_db,0.6905852498341636,True
52,high_frequency_textures,jxl_e3,webp_m6,psnr_y_db,5.864678800605971,True
53,high_frequency_textures,jxl_e3,webp_m6,psnr_y_db,-3.006521461448386,True
54,high_frequency_textures,jxl_e3,webp_m6,psnr_y_db,-13.169111395587096,True
55,high_frequency_textures,jxl_e3,webp_m6,psnr_y_db,-6.59923978234419,True
56,high_frequency_textures,jxl_e3,webp_m6,psnr_y_db,-2.8067480472028783,True
57,high_frequency_textures,jxl_e3,webp_m6,psnr_y_db,-11.213627804014203,True
58,high_frequency_textures,jxl_e3,webp_m6,psnr_y_db,11.659756918850128,True
59,high_frequency_textures,jxl_e3,webp_m6,psnr_y_db,10.562384499002553,True
60,high_frequency_textures,jxl_e3,webp_m6,psnr_y_db,9.05020307443003,True
61,smooth_surfaces_gradients,jxl_e3,webp_m6,psnr_y_db,-2.462424133090313,True
62,smooth_surfaces_gradients,jxl_e3,webp_m6,psnr_y_db,-5.809319522360267,True
63,smooth_surfaces_gradients,jxl_e3,webp_m6,psnr_y_db,8.298785532353481,True
64,smooth_surfaces_gradients,jxl_e3,webp_m6,psnr_y_db,1.5410809870254338,True
65,smooth_surfaces_gradients,jxl_e3,webp_m6,psnr_y_db,-0.03377922946624645,True
66,smooth_surfaces_gradients,jxl_e3,webp_m6,psnr_y_db,-4.544274613879285,True
67,smooth_surfaces_gradients,jxl_e3,webp_m6,psnr_y_db,-1.8971471338978363,True
68,smooth_surfaces_gradients,jxl_e3,webp_m6,psnr_y_db,15.275265391579463,True
69,smooth_surfaces_gradients,jxl_e3,webp_m6,psnr_y_db,-7.630585767300535,True
70,smooth_surfaces_gradients,jxl_e3,webp_m6,psnr_y_db,-2.4662774471973625,True
71,smooth_surfaces_gradients,jxl_e3,webp_m6,psnr_y_db,35.66428803833803,True
72,smooth_surfaces_gradients,jxl_e3,webp_m6,psnr_y_db,1.479877560292353,True
73,smooth_surfaces_gradients,jxl_e3,webp_m6,psnr_y_db,-9.672053431300153,True
74,smooth_surfaces_gradients,jxl_e3,webp_m6,psnr_y_db,11.05499469631004,True
75,smooth_surfaces_gradients,jxl_e3,webp_m6,psnr_y_db,-5.147990095759214,True
76,fine_detail,jxl_e3,webp_m6,psnr_y_db,23.80884554257885,True
77,fine_detail,jxl_e3,webp_m6,psnr_y_db,12.818969093550137,True
78,fine_detail,jxl_e3,webp_m6,psnr_y_db,10.087028492475646,True
79,fine_detail,jxl_e3,webp_m6,psnr_y_db,9.01314941768321,True
80,fine_detail,jxl_e3,webp_m6,psnr_y_db,-1.7995480691855748,True
81,fine_detail,jxl_e3,webp_m6,psnr_y_db,-6.512971783660282,True
82,fine_detail,jxl_e3,webp_m6,psnr_y_db,-6.08471434582647,True
83,fine_detail,jxl_e3,webp_m6,psnr_y_db,23.248589255236208,True
84,fine_detail,jxl_e3,webp_m6,psnr_y_db,2.5234173242213664,True
85,fine_detail,jxl_e3,webp_m6,psnr_y_db,6.830440566077511,True
86,fine_detail,jxl_e3,webp_m6,psnr_y_db,11.525213184080375,True
87,fine_detail,jxl_e3,webp_m6,psnr_y_db,15.357315384483194,True
88,fine_detail,jxl_e3,webp_m6,psnr_y_db,50.52381535319937,True
89,fine_detail,jxl_e3,webp_m6,psnr_y_db,40.682420025585266,True
90,fine_detail,jxl_e3,webp_m6,psnr_y_db,47.416275783489795,True
91,text_sharp_edges,jxl_e3,webp_m6,psnr_y_db,68.56046223786218,True
92,text_sharp_edges,jxl_e3,webp_m6,psnr_y_db,18.65241142818912,True
93,text_sharp_edges,jxl_e3,webp_m6,psnr_y_db,80.47916266501431,True
94,text_sharp_edges,jxl_e3,webp_m6,psnr_y_db,21.374459896140507,True
95,text_sharp_edges,jxl_e3,webp_m6,psnr_y_db,31.680131248211985,True
96,text_sharp_edges,jxl_e3,webp_m6,psnr_y_db,16.48077254653144,True
97,text_sharp_edges,jxl_e3,webp_m6,psnr_y_db,43.18437504258399,True
98,text_sharp_edges,jxl_e3,webp_m6,psnr_y_db,65.3309527218485,True
99,text_sharp_edges,jxl_e3,webp_m6,psnr_y_db,66.52128679500429,True
100,text_sharp_edges,jxl_e3,webp_m6,psnr_y_db,68.09299997154272,True
101,text_sharp_edges,jxl_e3,webp_m6,psnr_y_db,29.873160727010053,True
102,text_sharp_edges,jxl_e3,webp_m6,psnr_y_db,26.26759605485882,True
103,text_sharp_edges,jxl_e3,webp_m6,psnr_y_db,33.667562240912005,True
104,text_sharp_edges,jxl_e3,webp_m6,psnr_y_db,26.469828479602732,True
105,text_sharp_edges,jxl_e3,webp_m6,psnr_y_db,-1.148314687174301,True
106,saturated_desaturated_colors,jxl_e3,webp_m6,psnr_y_db,49.899437979307535,True
107,saturated_desaturated_colors,jxl_e3,webp_m6,psnr_y_db,34.95314891633994,True
108,saturated_desaturated_colors,jxl_e3,webp_m6,psnr_y_db,17.820564913586836,True
109,saturated_desaturated_colors,jxl_e3,webp_m6,psnr_y_db,18.887940125683734,True
110,saturated_desaturated_colors,jxl_e3,webp_m6,psnr_y_db,47.51537514470541,True
111,saturated_desaturated_colors,jxl_e3,webp_m6,psnr_y_db,57.19227218850686,True
112,saturated_desaturated_colors,jxl_e3,webp_m6,psnr_y_db,6.025436131290474,True
113,saturated_desaturated_colors,jxl_e3,webp_m6,psnr_y_db,25.3313878162831,True
114,saturated_desaturated_colors,jxl_e3,webp_m6,psnr_y_db,12.686725145497713,True
115,saturated_desaturated_colors,jxl_e3,webp_m6,psnr_y_db,-7.069063154640654,True
116,saturated_desaturated_colors,jxl_e3,webp_m6,psnr_y_db,11.8879908050054,True
117,saturated_desaturated_colors,jxl_e3,webp_m6,psnr_y_db,26.664772666394377,True
118,saturated_desaturated_colors,jxl_e3,webp_m6,psnr_y_db,62.81694255584986,True
119,saturated_desaturated_colors,jxl_e3,webp_m6,psnr_y_db,30.081831657548452,True
120,saturated_desaturated_colors,jxl_e3,webp_m6,psnr_y_db,13.464047570210802,True
121,smooth_surfaces_gradients,jxl_e3,webp_m6,psnr_y_db,9.725031647497584,True
122,urban_architecture,jxl_e3,webp_m6,psnr_y_db,17.95212761466558,True
123,smooth_surfaces_gradients,jxl_e3,webp_m6,psnr_y_db,-0.5273202705911362,True
124,urban_architecture,jxl_e3,webp_m6,psnr_y_db,12.894107675809853,True
125,fine_detail,jxl_e3,webp_m6,psnr_y_db,14.747564508247413,True
126,natural_landscapes,jxl_e3,webp_m6,psnr_y_db,-4.834322783308531,True
127,urban_architecture,jxl_e3,webp_m6,psnr_y_db,2.5995898442314758,True
128,text_sharp_edges,jxl_e3,webp_m6,psnr_y_db,31.760488748316252,True
129,text_sharp_edges,jxl_e3,webp_m6,psnr_y_db,7.881921525856894,True
130,natural_landscapes,jxl_e3,webp_m6,psnr_y_db,-0.44887245649570806,True
1,historical_portraits,jxl_e7,webp_m6,psnr_y_db,-0.8523500833664377,True
2,historical_portraits,jxl_e7,webp_m6,psnr_y_db,-13.353129656899743,True
3,historical_portraits,jxl_e7,webp_m6,psnr_y_db,9.873728343370125,True
4,historical_portraits,jxl_e7,webp_m6,psnr_y_db,-0.4930713482066529,True
5,historical_portraits,jxl_e7,webp_m6,psnr_y_db,9.691017400481062,True
6,historical_portraits,jxl_e7,webp_m6,psnr_y_db,-2.926516106478816,True
7,historical_portraits,jxl_e7,webp_m6,psnr_y_db,20.865312995637186,True
8,historical_portraits,jxl_e7,webp_m6,psnr_y_db,8.35656316965796,True
9,historical_portraits,jxl_e7,webp_m6,psnr_y_db,6.652895161906547,True
10,historical_portraits,jxl_e7,webp_m6,psnr_y_db,-26.630923240732017,True
11,historical_portraits,jxl_e7,webp_m6,psnr_y_db,4.5067960784251015,True
12,historical_portraits,jxl_e7,webp_m6,psnr_y_db,15.16940145723995,True
13,historical_portraits,jxl_e7,webp_m6,psnr_y_db,8.587889979167862,True
14,historical_portraits,jxl_e7,webp_m6,psnr_y_db,22.633699887465262,True
15,historical_portraits,jxl_e7,webp_m6,psnr_y_db,12.776197636555242,True
16,natural_landscapes,jxl_e7,webp_m6,psnr_y_db,13.126362600977437,True
17,natural_landscapes,jxl_e7,webp_m6,psnr_y_db,-2.51890741844365,True
18,natural_landscapes,jxl_e7,webp_m6,psnr_y_db,9.484472357601014,True
19,natural_landscapes,jxl_e7,webp_m6,psnr_y_db,7.744253401025292,True
20,natural_landscapes,jxl_e7,webp_m6,psnr_y_db,2.5538090112423584,True
21,natural_landscapes,jxl_e7,webp_m6,psnr_y_db,16.94672890119564,True
22,natural_landscapes,jxl_e7,webp_m6,psnr_y_db,2.168885253646957,True
23,natural_landscapes,jxl_e7,webp_m6,psnr_y_db,13.868616427799463,True
24,natural_landscapes,jxl_e7,webp_m6,psnr_y_db,7.526663753807283,True
25,natural_landscapes,jxl_e7,webp_m6,psnr_y_db,11.478580218725831,True
26,natural_landscapes,jxl_e7,webp_m6,psnr_y_db,8.182097469689165,True
27,natural_landscapes,jxl_e7,webp_m6,psnr_y_db,8.83775505352169,True
28,natural_landscapes,jxl_e7,webp_m6,psnr_y_db,5.599298409458742,True
29,natural_landscapes,jxl_e7,webp_m6,psnr_y_db,6.869180384778395,True
30,natural_landscapes,jxl_e7,webp_m6,psnr_y_db,0.7404366331043688,True
31,urban_architecture,jxl_e7,webp_m6,psnr_y_db,14.495350570316257,True
32,urban_architecture,jxl_e7,webp_m6,psnr_y_db,15.642066084787931,True
33,urban_architecture,jxl_e7,webp_m6,psnr_y_db,2.081731139210641,True
34,urban_architecture,jxl_e7,webp_m6,psnr_y_db,8.212585203030521,True
35,urban_architecture,jxl_e7,webp_m6,psnr_y_db,15.29598793332607,True
36,urban_architecture,jxl_e7,webp_m6,psnr_y_db,15.214966514820304,True
37,urban_architecture,jxl_e7,webp_m6,psnr_y_db,4.784874268677064,True
38,urban_architecture,jxl_e7,webp_m6,psnr_y_db,6.6566125234224005,True
39,urban_architecture,jxl_e7,webp_m6,psnr_y_db,9.920670011628019,True
40,urban_architecture,jxl_e7,webp_m6,psnr_y_db,10.583405771577347,True
41,urban_architecture,jxl_e7,webp_m6,psnr_y_db,18.718581082678053,True
42,urban_architecture,jxl_e7,webp_m6,psnr_y_db,17.553923373509896,True
43,urban_architecture,jxl_e7,webp_m6,psnr_y_db,8.38899619362634,True
44,urban_architecture,jxl_e7,webp_m6,psnr_y_db,3.1297810814154614,True
45,urban_architecture,jxl_e7,webp_m6,psnr_y_db,6.723523037171031,True
46,high_frequency_textures,jxl_e7,webp_m6,psnr_y_db,2.3810775691806008,True
47,high_frequency_textures,jxl_e7,webp_m6,psnr_y_db,4.85333386930078,True
48,high_frequency_textures,jxl_e7,webp_m6,psnr_y_db,-5.12503561919636,True
49,high_frequency_textures,jxl_e7,webp_m6,psnr_y_db,-8.084730087427182,True
50,high_frequency_textures,jxl_e7,webp_m6,psnr_y_db,-37.63091206198885,True
51,high_frequency_textures,jxl_e7,webp_m6,psnr_y_db,0.33106333023509293,True
52,high_frequency_textures,jxl_e7,webp_m6,psnr_y_db,2.6400514917881868,True
53,high_frequency_textures,jxl_e7,webp_m6,psnr_y_db,-5.552455382388355,True
54,high_frequency_textures,jxl_e7,webp_m6,psnr_y_db,-14.088968597953922,True
55,high_frequency_textures,jxl_e7,webp_m6,psnr_y_db,-8.6880974859612,True
56,high_frequency_textures,jxl_e7,webp_m6,psnr_y_db,-1.361148175205762,True
57,high_frequency_textures,jxl_e7,webp_m6,psnr_y_db,-12.326157584151943,True
58,high_frequency_textures,jxl_e7,webp_m6,psnr_y_db,10.61722322221601,True
59,high_frequency_textures,jxl_e7,webp_m6,psnr_y_db,3.088374037343722,True
60,high_frequency_textures,jxl_e7,webp_m6,psnr_y_db,7.626581098924867,True
61,smooth_surfaces_gradients,jxl_e7,webp_m6,psnr_y_db,-7.639009456018108,True
62,smooth_surfaces_gradients,jxl_e7,webp_m6,psnr_y_db,-13.363296793606539,True
63,smooth_surfaces_gradients,jxl_e7,webp_m6,psnr_y_db,3.2546796005824996,True
64,smooth_surfaces_gradients,jxl_e7,webp_m6,psnr_y_db,6.564235388408002,True
65,smooth_surfaces_gradients,jxl_e7,webp_m6,psnr_y_db,2.3543372802312668,True
66,smooth_surfaces_gradients,jxl_e7,webp_m6,psnr_y_db,0.7870787395553469,True
67,smooth_surfaces_gradients,jxl_e7,webp_m6,psnr_y_db,-0.12785996628215113,True
68,smooth_surfaces_gradients,jxl_e7,webp_m6,psnr_y_db,10.317839214036152,True
69,smooth_surfaces_gradients,jxl_e7,webp_m6,psnr_y_db,-4.817712322206525,True
70,smooth_surfaces_gradients,jxl_e7,webp_m6,psnr_y_db,-1.6516966025681978,True
71,smooth_surfaces_gradients,jxl_e7,webp_m6,psnr_y_db,19.633650714219254,True
72,smooth_surfaces_gradients,jxl_e7,webp_m6,psnr_y_db,7.091348914967299,True
73,smooth_surfaces_gradients,jxl_e7,webp_m6,psnr_y_db,-35.58461670210708,True
74,smooth_surfaces_gradients,jxl_e7,webp_m6,psnr_y_db,13.778081351327764,True
75,smooth_surfaces_gradients,jxl_e7,webp_m6,psnr_y_db,-13.756463020544807,True
76,fine_detail,jxl_e7,webp_m6,psnr_y_db,4.030727341836338,True
77,fine_detail,jxl_e7,webp_m6,psnr_y_db,8.625886037906083,True
78,fine_detail,jxl_e7,webp_m6,psnr_y_db,6.601784685813161,True
79,fine_detail,jxl_e7,webp_m6,psnr_y_db,3.093499912579256,True
80,fine_detail,jxl_e7,webp_m6,psnr_y_db,2.295170884955189,True
81,fine_detail,jxl_e7,webp_m6,psnr_y_db,-1.5217327687188642,True
82,fine_detail,jxl_e7,webp_m6,psnr_y_db,-11.023811878693124,True
83,fine_detail,jxl_e7,webp_m6,psnr_y_db,9.039943087853452,True
84,fine_detail,jxl_e7,webp_m6,psnr_y_db,-12.854542444341288,True
85,fine_detail,jxl_e7,webp_m6,psnr_y_db,5.722099215952681,True
86,fine_detail,jxl_e7,webp_m6,psnr_y_db,11.731101312923208,True
87,fine_detail,jxl_e7,webp_m6,psnr_y_db,9.956316716317492,True
88,fine_detail,jxl_e7,webp_m6,psnr_y_db,-10.590912600680213,True
89,fine_detail,jxl_e7,webp_m6,psnr_y_db,41.298172905778685,True
90,fine_detail,jxl_e7,webp_m6,psnr_y_db,40.68566536959033,True
91,text_sharp_edges,jxl_e7,webp_m6,psnr_y_db,36.70552827965783,True
92,text_sharp_edges,jxl_e7,webp_m6,psnr_y_db,9.705319834145708,True
93,text_sharp_edges,jxl_e7,webp_m6,psnr_y_db,50.79503444789191,True
94,text_sharp_edges,jxl_e7,webp_m6,psnr_y_db,16.180708037161295,True
95,text_sharp_edges,jxl_e7,webp_m6,psnr_y_db,22.008014076327733,True
96,text_sharp_edges,jxl_e7,webp_m6,psnr_y_db,14.623235682006852,True
97,text_sharp_edges,jxl_e7,webp_m6,psnr_y_db,24.694081978010974,True
98,text_sharp_edges,jxl_e7,webp_m6,psnr_y_db,52.272269625167176,True
99,text_sharp_edges,jxl_e7,webp_m6,psnr_y_db,44.363647867529245,True
100,text_sharp_edges,jxl_e7,webp_m6,psnr_y_db,41.982550240405004,True
101,text_sharp_edges,jxl_e7,webp_m6,psnr_y_db,21.955705287544824,True
102,text_sharp_edges,jxl_e7,webp_m6,psnr_y_db,17.859806419337552,True
103,text_sharp_edges,jxl_e7,webp_m6,psnr_y_db,32.17356490566567,True
104,text_sharp_edges,jxl_e7,webp_m6,psnr_y_db,14.754046526147292,True
105,text_sharp_edges,jxl_e7,webp_m6,psnr_y_db,-6.5794622618361,True
106,saturated_desaturated_colors,jxl_e7,webp_m6,psnr_y_db,31.949156885197127,True
107,saturated_desaturated_colors,jxl_e7,webp_m6,psnr_y_db,31.360663272849433,True
108,saturated_desaturated_colors,jxl_e7,webp_m6,psnr_y_db,16.253360588397324,True
109,saturated_desaturated_colors,jxl_e7,webp_m6,psnr_y_db,20.986448105290933,True
110,saturated_desaturated_colors,jxl_e7,webp_m6,psnr_y_db,29.748979762080864,True
111,saturated_desaturated_colors,jxl_e7,webp_m6,psnr_y_db,48.0794138810466,True
112,saturated_desaturated_colors,jxl_e7,webp_m6,psnr_y_db,4.367321496442522,True
113,saturated_desaturated_colors,jxl_e7,webp_m6,psnr_y_db,15.589705775011332,True
114,saturated_desaturated_colors,jxl_e7,webp_m6,psnr_y_db,6.499745910106514,True
115,saturated_desaturated_colors,jxl_e7,webp_m6,psnr_y_db,-7.154339459607916,True
116,saturated_desaturated_colors,jxl_e7,webp_m6,psnr_y_db,15.194468664957084,True
117,saturated_desaturated_colors,jxl_e7,webp_m6,psnr_y_db,32.37648324680356,True
118,saturated_desaturated_colors,jxl_e7,webp_m6,psnr_y_db,47.71221945028445,True
119,saturated_desaturated_colors,jxl_e7,webp_m6,psnr_y_db,14.870611300270852,True
120,saturated_desaturated_colors,jxl_e7,webp_m6,psnr_y_db,-8.20946638008213,True
121,smooth_surfaces_gradients,jxl_e7,webp_m6,psnr_y_db,3.4572723899563895,True
122,urban_architecture,jxl_e7,webp_m6,psnr_y_db,20.880647581933953,True
123,smooth_surfaces_gradients,jxl_e7,webp_m6,psnr_y_db,0.3213137992824855,True
124,urban_architecture,jxl_e7,webp_m6,psnr_y_db,14.213527839571572,True
125,fine_detail,jxl_e7,webp_m6,psnr_y_db,10.810148450724032,True
126,natural_landscapes,jxl_e7,webp_m6,psnr_y_db,-0.7749645590831356,True
127,urban_architecture,jxl_e7,webp_m6,psnr_y_db,10.54172384985077,True
128,text_sharp_edges,jxl_e7,webp_m6,psnr_y_db,25.11778254177419,True
129,text_sharp_edges,jxl_e7,webp_m6,psnr_y_db,8.403106121251147,True
130,natural_landscapes,jxl_e7,webp_m6,psnr_y_db,-0.7865547526421546,True
1,historical_portraits,n148i_v2,n148i_v1,psnr_y_db,-33.424088721729575,True
2,historical_portraits,n148i_v2,n148i_v1,psnr_y_db,-29.1145463075669,True
3,historical_portraits,n148i_v2,n148i_v1,psnr_y_db,-32.73805457733794,True
4,historical_portraits,n148i_v2,n148i_v1,psnr_y_db,-35.896111062989824,True
5,historical_portraits,n148i_v2,n148i_v1,psnr_y_db,-38.142561147601526,True
6,historical_portraits,n148i_v2,n148i_v1,psnr_y_db,-26.44617016755356,True
7,historical_portraits,n148i_v2,n148i_v1,psnr_y_db,-32.96836840897201,True
8,historical_portraits,n148i_v2,n148i_v1,psnr_y_db,-23.00907454103187,True
9,historical_portraits,n148i_v2,n148i_v1,psnr_y_db,-39.989549025684965,True
10,historical_portraits,n148i_v2,n148i_v1,psnr_y_db,-27.672751746434443,True
11,historical_portraits,n148i_v2,n148i_v1,psnr_y_db,-39.33667002745938,True
12,historical_portraits,n148i_v2,n148i_v1,psnr_y_db,-38.01159991737407,True
13,historical_portraits,n148i_v2,n148i_v1,psnr_y_db,-36.124166178739245,True
14,historical_portraits,n148i_v2,n148i_v1,psnr_y_db,-52.91854315187461,True
15,historical_portraits,n148i_v2,n148i_v1,psnr_y_db,-35.65353096043585,True
16,natural_landscapes,n148i_v2,n148i_v1,psnr_y_db,-35.07577806445682,True
17,natural_landscapes,n148i_v2,n148i_v1,psnr_y_db,-32.66421041103209,True
18,natural_landscapes,n148i_v2,n148i_v1,psnr_y_db,-36.870936153843026,True
19,natural_landscapes,n148i_v2,n148i_v1,psnr_y_db,-36.01479769050238,True
20,natural_landscapes,n148i_v2,n148i_v1,psnr_y_db,-33.985598571004275,True
21,natural_landscapes,n148i_v2,n148i_v1,psnr_y_db,-37.211875646396045,True
22,natural_landscapes,n148i_v2,n148i_v1,psnr_y_db,-33.295469382985985,True
23,natural_landscapes,n148i_v2,n148i_v1,psnr_y_db,-29.729303109344084,True
24,natural_landscapes,n148i_v2,n148i_v1,psnr_y_db,-35.153931358426696,True
25,natural_landscapes,n148i_v2,n148i_v1,psnr_y_db,-36.97763339713103,True
26,natural_landscapes,n148i_v2,n148i_v1,psnr_y_db,-30.623085738912113,True
27,natural_landscapes,n148i_v2,n148i_v1,psnr_y_db,-34.928109585772035,True
28,natural_landscapes,n148i_v2,n148i_v1,psnr_y_db,-30.421770439410977,True
29,natural_landscapes,n148i_v2,n148i_v1,psnr_y_db,-33.78188527171923,True
30,natural_landscapes,n148i_v2,n148i_v1,psnr_y_db,-36.2653426283939,True
31,urban_architecture,n148i_v2,n148i_v1,psnr_y_db,-31.944655622988638,True
32,urban_architecture,n148i_v2,n148i_v1,psnr_y_db,-38.85741086973395,True
33,urban_architecture,n148i_v2,n148i_v1,psnr_y_db,-27.930681966480442,True
34,urban_architecture,n148i_v2,n148i_v1,psnr_y_db,-30.683812177636703,True
35,urban_architecture,n148i_v2,n148i_v1,psnr_y_db,-38.55949025872923,True
36,urban_architecture,n148i_v2,n148i_v1,psnr_y_db,-32.43170378688324,True
37,urban_architecture,n148i_v2,n148i_v1,psnr_y_db,-27.73635083751056,True
38,urban_architecture,n148i_v2,n148i_v1,psnr_y_db,-34.06713190441294,True
39,urban_architecture,n148i_v2,n148i_v1,psnr_y_db,-33.79291591579248,True
40,urban_architecture,n148i_v2,n148i_v1,psnr_y_db,-34.58072979760024,True
41,urban_architecture,n148i_v2,n148i_v1,psnr_y_db,-36.19869200758353,True
42,urban_architecture,n148i_v2,n148i_v1,psnr_y_db,-36.574818114614146,True
43,urban_architecture,n148i_v2,n148i_v1,psnr_y_db,-33.33174613578276,True
44,urban_architecture,n148i_v2,n148i_v1,psnr_y_db,-29.678985658515312,True
45,urban_architecture,n148i_v2,n148i_v1,psnr_y_db,-38.73682025059213,True
46,high_frequency_textures,n148i_v2,n148i_v1,psnr_y_db,-35.29053818270904,True
47,high_frequency_textures,n148i_v2,n148i_v1,psnr_y_db,-33.90407628906315,True
48,high_frequency_textures,n148i_v2,n148i_v1,psnr_y_db,-31.54828822323479,True
49,high_frequency_textures,n148i_v2,n148i_v1,psnr_y_db,-29.2853566769844,True
50,high_frequency_textures,n148i_v2,n148i_v1,psnr_y_db,-29.646287483064626,True
51,high_frequency_textures,n148i_v2,n148i_v1,psnr_y_db,-32.969493527478924,True
52,high_frequency_textures,n148i_v2,n148i_v1,psnr_y_db,-32.444254301066955,True
53,high_frequency_textures,n148i_v2,n148i_v1,psnr_y_db,-30.565553288512824,True
54,high_frequency_textures,n148i_v2,n148i_v1,psnr_y_db,-27.980529603943893,True
55,high_frequency_textures,n148i_v2,n148i_v1,psnr_y_db,-27.186737535088145,True
56,high_frequency_textures,n148i_v2,n148i_v1,psnr_y_db,-36.24936579638343,True
57,high_frequency_textures,n148i_v2,n148i_v1,psnr_y_db,-28.001374105811173,True
58,high_frequency_textures,n148i_v2,n148i_v1,psnr_y_db,-33.041172802458206,True
59,high_frequency_textures,n148i_v2,n148i_v1,psnr_y_db,-28.17501485103746,True
60,high_frequency_textures,n148i_v2,n148i_v1,psnr_y_db,-27.48912785567882,True
61,smooth_surfaces_gradients,n148i_v2,n148i_v1,psnr_y_db,-17.29478094803084,True
62,smooth_surfaces_gradients,n148i_v2,n148i_v1,psnr_y_db,-23.256244421144768,True
63,smooth_surfaces_gradients,n148i_v2,n148i_v1,psnr_y_db,-39.302737412341195,True
64,smooth_surfaces_gradients,n148i_v2,n148i_v1,psnr_y_db,-32.18005078264057,True
65,smooth_surfaces_gradients,n148i_v2,n148i_v1,psnr_y_db,-34.47852201648919,True
66,smooth_surfaces_gradients,n148i_v2,n148i_v1,psnr_y_db,-34.518442968004514,True
67,smooth_surfaces_gradients,n148i_v2,n148i_v1,psnr_y_db,-32.39217980983754,True
68,smooth_surfaces_gradients,n148i_v2,n148i_v1,psnr_y_db,-30.268954561868068,True
69,smooth_surfaces_gradients,n148i_v2,n148i_v1,psnr_y_db,-37.375724156700215,True
70,smooth_surfaces_gradients,n148i_v2,n148i_v1,psnr_y_db,-31.45439134015412,True
71,smooth_surfaces_gradients,n148i_v2,n148i_v1,psnr_y_db,-34.84748759510505,True
72,smooth_surfaces_gradients,n148i_v2,n148i_v1,psnr_y_db,-36.012986445210146,True
73,smooth_surfaces_gradients,n148i_v2,n148i_v1,psnr_y_db,-43.74045336128498,True
74,smooth_surfaces_gradients,n148i_v2,n148i_v1,psnr_y_db,-42.646796180391554,True
75,smooth_surfaces_gradients,n148i_v2,n148i_v1,psnr_y_db,-39.05152445270743,True
76,fine_detail,n148i_v2,n148i_v1,psnr_y_db,-35.79501246398715,True
77,fine_detail,n148i_v2,n148i_v1,psnr_y_db,-29.783872185064965,True
78,fine_detail,n148i_v2,n148i_v1,psnr_y_db,-32.24837164868263,True
79,fine_detail,n148i_v2,n148i_v1,psnr_y_db,-27.995000243837588,True
80,fine_detail,n148i_v2,n148i_v1,psnr_y_db,-33.84496147992658,True
81,fine_detail,n148i_v2,n148i_v1,psnr_y_db,-20.755747722823294,True
82,fine_detail,n148i_v2,n148i_v1,psnr_y_db,-22.38948376544506,True
83,fine_detail,n148i_v2,n148i_v1,psnr_y_db,-34.05397122157871,True
84,fine_detail,n148i_v2,n148i_v1,psnr_y_db,-11.260988407332185,True
85,fine_detail,n148i_v2,n148i_v1,psnr_y_db,-27.834979335410846,True
86,fine_detail,n148i_v2,n148i_v1,psnr_y_db,-32.89032567353354,True
87,fine_detail,n148i_v2,n148i_v1,psnr_y_db,-29.98840442408777,True
88,fine_detail,n148i_v2,n148i_v1,psnr_y_db,-36.41149282403426,True
89,fine_detail,n148i_v2,n148i_v1,psnr_y_db,-23.832942061633766,True
90,fine_detail,n148i_v2,n148i_v1,psnr_y_db,-21.150734153141805,True
91,text_sharp_edges,n148i_v2,n148i_v1,psnr_y_db,-44.525184014430764,True
92,text_sharp_edges,n148i_v2,n148i_v1,psnr_y_db,-42.77102752207049,True
93,text_sharp_edges,n148i_v2,n148i_v1,psnr_y_db,-48.89514774602519,True
94,text_sharp_edges,n148i_v2,n148i_v1,psnr_y_db,-40.77182360174147,True
95,text_sharp_edges,n148i_v2,n148i_v1,psnr_y_db,-37.05494400988908,True
96,text_sharp_edges,n148i_v2,n148i_v1,psnr_y_db,-36.83615115147813,True
97,text_sharp_edges,n148i_v2,n148i_v1,psnr_y_db,-41.89923445845499,True
98,text_sharp_edges,n148i_v2,n148i_v1,psnr_y_db,-37.854290526355896,True
99,text_sharp_edges,n148i_v2,n148i_v1,psnr_y_db,-45.78300353535649,True
100,text_sharp_edges,n148i_v2,n148i_v1,psnr_y_db,-44.27461351816289,True
101,text_sharp_edges,n148i_v2,n148i_v1,psnr_y_db,-36.945499868727936,True
102,text_sharp_edges,n148i_v2,n148i_v1,psnr_y_db,-38.22649784035607,True
103,text_sharp_edges,n148i_v2,n148i_v1,psnr_y_db,-44.912744773751065,True
104,text_sharp_edges,n148i_v2,n148i_v1,psnr_y_db,-39.27891519391184,True
105,text_sharp_edges,n148i_v2,n148i_v1,psnr_y_db,-23.280714799723835,True
106,saturated_desaturated_colors,n148i_v2,n148i_v1,psnr_y_db,-20.29924035289995,True
107,saturated_desaturated_colors,n148i_v2,n148i_v1,psnr_y_db,-31.977730872679633,True
108,saturated_desaturated_colors,n148i_v2,n148i_v1,psnr_y_db,-40.2758517166127,True
109,saturated_desaturated_colors,n148i_v2,n148i_v1,psnr_y_db,-38.54215543461241,True
110,saturated_desaturated_colors,n148i_v2,n148i_v1,psnr_y_db,-32.78230501008911,True
111,saturated_desaturated_colors,n148i_v2,n148i_v1,psnr_y_db,-26.94485560875598,True
112,saturated_desaturated_colors,n148i_v2,n148i_v1,psnr_y_db,-29.502787915404603,True
113,saturated_desaturated_colors,n148i_v2,n148i_v1,psnr_y_db,-30.368022617047696,True
114,saturated_desaturated_colors,n148i_v2,n148i_v1,psnr_y_db,-27.734764122789347,True
115,saturated_desaturated_colors,n148i_v2,n148i_v1,psnr_y_db,-29.82967993432437,True
116,saturated_desaturated_colors,n148i_v2,n148i_v1,psnr_y_db,-42.13155441960791,True
117,saturated_desaturated_colors,n148i_v2,n148i_v1,psnr_y_db,-52.487041377432206,True
118,saturated_desaturated_colors,n148i_v2,n148i_v1,psnr_y_db,-15.357914399588758,True
119,saturated_desaturated_colors,n148i_v2,n148i_v1,psnr_y_db,-19.62381634958612,True
120,saturated_desaturated_colors,n148i_v2,n148i_v1,psnr_y_db,-15.9003371176901,True
121,smooth_surfaces_gradients,n148i_v2,n148i_v1,psnr_y_db,-33.1211625363182,True
122,urban_architecture,n148i_v2,n148i_v1,psnr_y_db,-35.90029810994327,True
123,smooth_surfaces_gradients,n148i_v2,n148i_v1,psnr_y_db,-33.63479700068153,True
124,urban_architecture,n148i_v2,n148i_v1,psnr_y_db,-36.647185198467646,True
125,fine_detail,n148i_v2,n148i_v1,psnr_y_db,-40.97024696013107,True
126,natural_landscapes,n148i_v2,n148i_v1,psnr_y_db,-29.29031385284926,True
127,urban_architecture,n148i_v2,n148i_v1,psnr_y_db,-40.115043100232214,True
128,text_sharp_edges,n148i_v2,n148i_v1,psnr_y_db,-46.640565301766735,True
129,text_sharp_edges,n148i_v2,n148i_v1,psnr_y_db,-31.733302012829178,True
130,natural_landscapes,n148i_v2,n148i_v1,psnr_y_db,-35.55561485433595,True
1,historical_portraits,n148i_v2,jpeg_turbo,psnr_y_db,-34.325985105896784,True
2,historical_portraits,n148i_v2,jpeg_turbo,psnr_y_db,-30.746737749888318,True
3,historical_portraits,n148i_v2,jpeg_turbo,psnr_y_db,-33.333685483238206,True
4,historical_portraits,n148i_v2,jpeg_turbo,psnr_y_db,-36.45546533347229,True
5,historical_portraits,n148i_v2,jpeg_turbo,psnr_y_db,-39.01100178062844,True
6,historical_portraits,n148i_v2,jpeg_turbo,psnr_y_db,-27.571270284882075,True
7,historical_portraits,n148i_v2,jpeg_turbo,psnr_y_db,-33.76856323227884,True
8,historical_portraits,n148i_v2,jpeg_turbo,psnr_y_db,-24.73560337381684,True
9,historical_portraits,n148i_v2,jpeg_turbo,psnr_y_db,-40.661877503303145,True
10,historical_portraits,n148i_v2,jpeg_turbo,psnr_y_db,-28.551921046895355,True
11,historical_portraits,n148i_v2,jpeg_turbo,psnr_y_db,-41.058347782516435,True
12,historical_portraits,n148i_v2,jpeg_turbo,psnr_y_db,-40.57322748870765,True
13,historical_portraits,n148i_v2,jpeg_turbo,psnr_y_db,-37.3808292310586,True
14,historical_portraits,n148i_v2,jpeg_turbo,psnr_y_db,-54.18320224240889,True
15,historical_portraits,n148i_v2,jpeg_turbo,psnr_y_db,-35.90047714382404,True
16,natural_landscapes,n148i_v2,jpeg_turbo,psnr_y_db,-36.225156933625136,True
17,natural_landscapes,n148i_v2,jpeg_turbo,psnr_y_db,-33.48814457949686,True
18,natural_landscapes,n148i_v2,jpeg_turbo,psnr_y_db,-38.21247909702495,True
19,natural_landscapes,n148i_v2,jpeg_turbo,psnr_y_db,-37.425629962475995,True
20,natural_landscapes,n148i_v2,jpeg_turbo,psnr_y_db,-34.59062173427995,True
21,natural_landscapes,n148i_v2,jpeg_turbo,psnr_y_db,-39.06833327325673,True
22,natural_landscapes,n148i_v2,jpeg_turbo,psnr_y_db,-34.48242229676065,True
23,natural_landscapes,n148i_v2,jpeg_turbo,psnr_y_db,-30.18145575819384,True
24,natural_landscapes,n148i_v2,jpeg_turbo,psnr_y_db,-36.85209606141553,True
25,natural_landscapes,n148i_v2,jpeg_turbo,psnr_y_db,-39.35378343961424,True
26,natural_landscapes,n148i_v2,jpeg_turbo,psnr_y_db,-31.4550992977772,True
27,natural_landscapes,n148i_v2,jpeg_turbo,psnr_y_db,-35.84971095777178,True
28,natural_landscapes,n148i_v2,jpeg_turbo,psnr_y_db,-32.5452482705067,True
29,natural_landscapes,n148i_v2,jpeg_turbo,psnr_y_db,-34.67121531948308,True
30,natural_landscapes,n148i_v2,jpeg_turbo,psnr_y_db,-37.742634036670644,True
31,urban_architecture,n148i_v2,jpeg_turbo,psnr_y_db,-32.88515452247201,True
32,urban_architecture,n148i_v2,jpeg_turbo,psnr_y_db,-39.80999117803904,True
33,urban_architecture,n148i_v2,jpeg_turbo,psnr_y_db,-29.39443349177868,True
34,urban_architecture,n148i_v2,jpeg_turbo,psnr_y_db,-32.09634505582534,True
35,urban_architecture,n148i_v2,jpeg_turbo,psnr_y_db,-39.48637650591819,True
36,urban_architecture,n148i_v2,jpeg_turbo,psnr_y_db,-33.40898803163432,True
37,urban_architecture,n148i_v2,jpeg_turbo,psnr_y_db,-28.750285913285158,True
38,urban_architecture,n148i_v2,jpeg_turbo,psnr_y_db,-34.94648494820043,True
39,urban_architecture,n148i_v2,jpeg_turbo,psnr_y_db,-34.49367495960336,True
40,urban_architecture,n148i_v2,jpeg_turbo,psnr_y_db,-35.36182338656274,True
41,urban_architecture,n148i_v2,jpeg_turbo,psnr_y_db,-37.508183382679384,True
42,urban_architecture,n148i_v2,jpeg_turbo,psnr_y_db,-37.273715236955475,True
43,urban_architecture,n148i_v2,jpeg_turbo,psnr_y_db,-34.42759221757748,True
44,urban_architecture,n148i_v2,jpeg_turbo,psnr_y_db,-30.056206969372536,True
45,urban_architecture,n148i_v2,jpeg_turbo,psnr_y_db,-39.552834939698975,True
46,high_frequency_textures,n148i_v2,jpeg_turbo,psnr_y_db,-35.96360699940703,True
47,high_frequency_textures,n148i_v2,jpeg_turbo,psnr_y_db,-34.42070841942648,True
48,high_frequency_textures,n148i_v2,jpeg_turbo,psnr_y_db,-32.15381236858516,True
49,high_frequency_textures,n148i_v2,jpeg_turbo,psnr_y_db,-30.526972464257373,True
50,high_frequency_textures,n148i_v2,jpeg_turbo,psnr_y_db,-30.300174295555937,True
51,high_frequency_textures,n148i_v2,jpeg_turbo,psnr_y_db,-33.64549944885128,True
52,high_frequency_textures,n148i_v2,jpeg_turbo,psnr_y_db,-32.90687812417059,True
53,high_frequency_textures,n148i_v2,jpeg_turbo,psnr_y_db,-31.041607078102274,True
54,high_frequency_textures,n148i_v2,jpeg_turbo,psnr_y_db,-28.442459688674127,True
55,high_frequency_textures,n148i_v2,jpeg_turbo,psnr_y_db,-28.260668382416764,True
56,high_frequency_textures,n148i_v2,jpeg_turbo,psnr_y_db,-36.92996135776245,True
57,high_frequency_textures,n148i_v2,jpeg_turbo,psnr_y_db,-28.79217879537722,True
58,high_frequency_textures,n148i_v2,jpeg_turbo,psnr_y_db,-33.701127510794095,True
59,high_frequency_textures,n148i_v2,jpeg_turbo,psnr_y_db,-29.237055455567585,True
60,high_frequency_textures,n148i_v2,jpeg_turbo,psnr_y_db,-28.65860838738992,True
61,smooth_surfaces_gradients,n148i_v2,jpeg_turbo,psnr_y_db,-21.617857767128378,True
62,smooth_surfaces_gradients,n148i_v2,jpeg_turbo,psnr_y_db,-26.995593066762048,True
63,smooth_surfaces_gradients,n148i_v2,jpeg_turbo,psnr_y_db,-40.46715480891753,True
64,smooth_surfaces_gradients,n148i_v2,jpeg_turbo,psnr_y_db,-32.9429866115788,True
65,smooth_surfaces_gradients,n148i_v2,jpeg_turbo,psnr_y_db,-35.475704788124915,True
66,smooth_surfaces_gradients,n148i_v2,jpeg_turbo,psnr_y_db,-36.12696903518058,True
67,smooth_surfaces_gradients,n148i_v2,jpeg_turbo,psnr_y_db,-33.72150905711915,True
68,smooth_surfaces_gradients,n148i_v2,jpeg_turbo,psnr_y_db,-30.69824844843996,True
69,smooth_surfaces_gradients,n148i_v2,jpeg_turbo,psnr_y_db,-39.35553962200886,True
70,smooth_surfaces_gradients,n148i_v2,jpeg_turbo,psnr_y_db,-32.830973090296624,True
71,smooth_surfaces_gradients,n148i_v2,jpeg_turbo,psnr_y_db,-37.96157769116611,True
72,smooth_surfaces_gradients,n148i_v2,jpeg_turbo,psnr_y_db,-36.87886647623094,True
73,smooth_surfaces_gradients,n148i_v2,jpeg_turbo,psnr_y_db,-50.699459037104454,True
74,smooth_surfaces_gradients,n148i_v2,jpeg_turbo,psnr_y_db,-44.44069862238346,True
75,smooth_surfaces_gradients,n148i_v2,jpeg_turbo,psnr_y_db,-43.016752055145155,True
76,fine_detail,n148i_v2,jpeg_turbo,psnr_y_db,-36.940355401650734,True
77,fine_detail,n148i_v2,jpeg_turbo,psnr_y_db,-30.408047853089304,True
78,fine_detail,n148i_v2,jpeg_turbo,psnr_y_db,-32.88821321276713,True
79,fine_detail,n148i_v2,jpeg_turbo,psnr_y_db,-28.526336097299332,True
80,fine_detail,n148i_v2,jpeg_turbo,psnr_y_db,-34.585696714527224,True
81,fine_detail,n148i_v2,jpeg_turbo,psnr_y_db,-21.802656127712062,True
82,fine_detail,n148i_v2,jpeg_turbo,psnr_y_db,-23.666720301968947,True
83,fine_detail,n148i_v2,jpeg_turbo,psnr_y_db,-34.81038388515852,True
84,fine_detail,n148i_v2,jpeg_turbo,psnr_y_db,-12.535189243505451,True
85,fine_detail,n148i_v2,jpeg_turbo,psnr_y_db,-28.28887433969236,True
86,fine_detail,n148i_v2,jpeg_turbo,psnr_y_db,-33.89501550404286,True
87,fine_detail,n148i_v2,jpeg_turbo,psnr_y_db,-30.591474871033718,True
88,fine_detail,n148i_v2,jpeg_turbo,psnr_y_db,-38.01973929568177,True
89,fine_detail,n148i_v2,jpeg_turbo,psnr_y_db,-24.56551125737135,True
90,fine_detail,n148i_v2,jpeg_turbo,psnr_y_db,-22.423730499928496,True
91,text_sharp_edges,n148i_v2,jpeg_turbo,psnr_y_db,-45.29357945430853,True
92,text_sharp_edges,n148i_v2,jpeg_turbo,psnr_y_db,-43.71719336795377,True
93,text_sharp_edges,n148i_v2,jpeg_turbo,psnr_y_db,-49.85204525438166,True
94,text_sharp_edges,n148i_v2,jpeg_turbo,psnr_y_db,-41.494936031482155,True
95,text_sharp_edges,n148i_v2,jpeg_turbo,psnr_y_db,-37.56431939757612,True
96,text_sharp_edges,n148i_v2,jpeg_turbo,psnr_y_db,-37.71152703695956,True
97,text_sharp_edges,n148i_v2,jpeg_turbo,psnr_y_db,-42.55083930255187,True
98,text_sharp_edges,n148i_v2,jpeg_turbo,psnr_y_db,-39.00062370827595,True
99,text_sharp_edges,n148i_v2,jpeg_turbo,psnr_y_db,-47.047839228775224,True
100,text_sharp_edges,n148i_v2,jpeg_turbo,psnr_y_db,-45.14109388548489,True
101,text_sharp_edges,n148i_v2,jpeg_turbo,psnr_y_db,-38.663514373850006,True
102,text_sharp_edges,n148i_v2,jpeg_turbo,psnr_y_db,-39.32017783856683,True
103,text_sharp_edges,n148i_v2,jpeg_turbo,psnr_y_db,-46.30461211635806,True
104,text_sharp_edges,n148i_v2,jpeg_turbo,psnr_y_db,-40.38637945378325,True
105,text_sharp_edges,n148i_v2,jpeg_turbo,psnr_y_db,-24.831417205073436,True
106,saturated_desaturated_colors,n148i_v2,jpeg_turbo,psnr_y_db,-21.86633397569335,True
107,saturated_desaturated_colors,n148i_v2,jpeg_turbo,psnr_y_db,-32.71056166488289,True
108,saturated_desaturated_colors,n148i_v2,jpeg_turbo,psnr_y_db,-41.09915660243022,True
109,saturated_desaturated_colors,n148i_v2,jpeg_turbo,psnr_y_db,-41.149566417913874,True
110,saturated_desaturated_colors,n148i_v2,jpeg_turbo,psnr_y_db,-33.46879773663039,True
111,saturated_desaturated_colors,n148i_v2,jpeg_turbo,psnr_y_db,-28.073297169259405,True
112,saturated_desaturated_colors,n148i_v2,jpeg_turbo,psnr_y_db,-30.233414416458892,True
113,saturated_desaturated_colors,n148i_v2,jpeg_turbo,psnr_y_db,-31.46571034070532,True
114,saturated_desaturated_colors,n148i_v2,jpeg_turbo,psnr_y_db,-28.381559949958167,True
115,saturated_desaturated_colors,n148i_v2,jpeg_turbo,psnr_y_db,-30.520476085256554,True
116,saturated_desaturated_colors,n148i_v2,jpeg_turbo,psnr_y_db,-44.103985085359845,True
117,saturated_desaturated_colors,n148i_v2,jpeg_turbo,psnr_y_db,-57.58944110420755,True
118,saturated_desaturated_colors,n148i_v2,jpeg_turbo,psnr_y_db,-16.99788777473271,True
119,saturated_desaturated_colors,n148i_v2,jpeg_turbo,psnr_y_db,-21.03006780588673,True
120,saturated_desaturated_colors,n148i_v2,jpeg_turbo,psnr_y_db,-17.0580675795428,True
121,smooth_surfaces_gradients,n148i_v2,jpeg_turbo,psnr_y_db,-34.80722318333138,True
122,urban_architecture,n148i_v2,jpeg_turbo,psnr_y_db,-37.221050758761656,True
123,smooth_surfaces_gradients,n148i_v2,jpeg_turbo,psnr_y_db,-36.08873521547786,True
124,urban_architecture,n148i_v2,jpeg_turbo,psnr_y_db,-37.945115986165014,True
125,fine_detail,n148i_v2,jpeg_turbo,psnr_y_db,-41.5326107584538,True
126,natural_landscapes,n148i_v2,jpeg_turbo,psnr_y_db,-30.254181343694498,True
127,urban_architecture,n148i_v2,jpeg_turbo,psnr_y_db,-40.960044945774364,True
128,text_sharp_edges,n148i_v2,jpeg_turbo,psnr_y_db,-47.336711842115655,True
129,text_sharp_edges,n148i_v2,jpeg_turbo,psnr_y_db,-32.27161352075482,True
130,natural_landscapes,n148i_v2,jpeg_turbo,psnr_y_db,-36.470324987571004,True
1,historical_portraits,n148i_v2,webp_m4,psnr_y_db,-7.401273183431812,True
2,historical_portraits,n148i_v2,webp_m4,psnr_y_db,-16.91956781182973,True
3,historical_portraits,n148i_v2,webp_m4,psnr_y_db,3.604306733822482,True
4,historical_portraits,n148i_v2,webp_m4,psnr_y_db,-6.340991231987603,True
5,historical_portraits,n148i_v2,webp_m4,psnr_y_db,-6.444317695210778,True
6,historical_portraits,n148i_v2,webp_m4,psnr_y_db,-6.670881870312028,True
7,historical_portraits,n148i_v2,webp_m4,psnr_y_db,1.9020054363206418,True
8,historical_portraits,n148i_v2,webp_m4,psnr_y_db,-3.140551676821357,True
9,historical_portraits,n148i_v2,webp_m4,psnr_y_db,-6.433255041296915,True
10,historical_portraits,n148i_v2,webp_m4,psnr_y_db,-20.967347725231477,True
11,historical_portraits,n148i_v2,webp_m4,psnr_y_db,-1.635604536249291,True
12,historical_portraits,n148i_v2,webp_m4,psnr_y_db,6.591543261013033,True
13,historical_portraits,n148i_v2,webp_m4,psnr_y_db,-4.605671642583564,True
14,historical_portraits,n148i_v2,webp_m4,psnr_y_db,-5.837379829965716,True
15,historical_portraits,n148i_v2,webp_m4,psnr_y_db,4.759829949040562,True
16,natural_landscapes,n148i_v2,webp_m4,psnr_y_db,1.084481157687578,True
17,natural_landscapes,n148i_v2,webp_m4,psnr_y_db,-6.824084943897047,True
18,natural_landscapes,n148i_v2,webp_m4,psnr_y_db,-4.217408136292988,True
19,natural_landscapes,n148i_v2,webp_m4,psnr_y_db,-4.886463147977205,True
20,natural_landscapes,n148i_v2,webp_m4,psnr_y_db,-4.079358853741278,True
21,natural_landscapes,n148i_v2,webp_m4,psnr_y_db,0.5127226933837825,True
22,natural_landscapes,n148i_v2,webp_m4,psnr_y_db,-5.062235653948399,True
23,natural_landscapes,n148i_v2,webp_m4,psnr_y_db,2.238544040016821,True
24,natural_landscapes,n148i_v2,webp_m4,psnr_y_db,-5.755046393894792,True
25,natural_landscapes,n148i_v2,webp_m4,psnr_y_db,-2.523795435270626,True
26,natural_landscapes,n148i_v2,webp_m4,psnr_y_db,0.48615791605766123,True
27,natural_landscapes,n148i_v2,webp_m4,psnr_y_db,-0.3106759294946526,True
28,natural_landscapes,n148i_v2,webp_m4,psnr_y_db,-2.3809692858106635,True
29,natural_landscapes,n148i_v2,webp_m4,psnr_y_db,-0.34194682925225983,True
30,natural_landscapes,n148i_v2,webp_m4,psnr_y_db,-7.735252529941594,True
31,urban_architecture,n148i_v2,webp_m4,psnr_y_db,2.3365668609781842,True
32,urban_architecture,n148i_v2,webp_m4,psnr_y_db,-1.998098670308568,True
33,urban_architecture,n148i_v2,webp_m4,psnr_y_db,-7.221498560023953,True
34,urban_architecture,n148i_v2,webp_m4,psnr_y_db,-3.9932557870075214,True
35,urban_architecture,n148i_v2,webp_m4,psnr_y_db,-0.6931013209771408,True
36,urban_architecture,n148i_v2,webp_m4,psnr_y_db,4.814858538725675,True
37,urban_architecture,n148i_v2,webp_m4,psnr_y_db,1.1196363529681674,True
38,urban_architecture,n148i_v2,webp_m4,psnr_y_db,-3.870622980058036,True
39,urban_architecture,n148i_v2,webp_m4,psnr_y_db,-1.8012965098680889,True
40,urban_architecture,n148i_v2,webp_m4,psnr_y_db,-1.7045678037363343,True
41,urban_architecture,n148i_v2,webp_m4,psnr_y_db,5.961894945685331,True
42,urban_architecture,n148i_v2,webp_m4,psnr_y_db,2.3342653036951377,True
43,urban_architecture,n148i_v2,webp_m4,psnr_y_db,0.1635793026169008,True
44,urban_architecture,n148i_v2,webp_m4,psnr_y_db,-4.873520530322706,True
45,urban_architecture,n148i_v2,webp_m4,psnr_y_db,-5.56299265508724,True
46,high_frequency_textures,n148i_v2,webp_m4,psnr_y_db,-4.175486772626247,True
47,high_frequency_textures,n148i_v2,webp_m4,psnr_y_db,1.0771073690114097,True
48,high_frequency_textures,n148i_v2,webp_m4,psnr_y_db,-7.577044820056711,True
49,high_frequency_textures,n148i_v2,webp_m4,psnr_y_db,-11.106429377658655,True
50,high_frequency_textures,n148i_v2,webp_m4,psnr_y_db,-14.891396009129942,True
51,high_frequency_textures,n148i_v2,webp_m4,psnr_y_db,-2.8591456925559533,True
52,high_frequency_textures,n148i_v2,webp_m4,psnr_y_db,-0.05519879016830931,True
53,high_frequency_textures,n148i_v2,webp_m4,psnr_y_db,-6.563837946097218,True
54,high_frequency_textures,n148i_v2,webp_m4,psnr_y_db,-14.199001714422632,True
55,high_frequency_textures,n148i_v2,webp_m4,psnr_y_db,-12.514749679814042,True
56,high_frequency_textures,n148i_v2,webp_m4,psnr_y_db,-4.653274013239916,True
57,high_frequency_textures,n148i_v2,webp_m4,psnr_y_db,-13.19946290178563,True
58,high_frequency_textures,n148i_v2,webp_m4,psnr_y_db,0.09431919239326625,True
59,high_frequency_textures,n148i_v2,webp_m4,psnr_y_db,-3.990337532299826,True
60,high_frequency_textures,n148i_v2,webp_m4,psnr_y_db,-1.9753252099121155,True
61,smooth_surfaces_gradients,n148i_v2,webp_m4,psnr_y_db,-2.7600271253931608,True
62,smooth_surfaces_gradients,n148i_v2,webp_m4,psnr_y_db,-8.215094702188052,True
63,smooth_surfaces_gradients,n148i_v2,webp_m4,psnr_y_db,-5.403243433797956,True
64,smooth_surfaces_gradients,n148i_v2,webp_m4,psnr_y_db,-5.088583484380537,True
65,smooth_surfaces_gradients,n148i_v2,webp_m4,psnr_y_db,-2.5815518868058773,True
66,smooth_surfaces_gradients,n148i_v2,webp_m4,psnr_y_db,-13.245615425395062,True
67,smooth_surfaces_gradients,n148i_v2,webp_m4,psnr_y_db,-7.973720027338704,True
68,smooth_surfaces_gradients,n148i_v2,webp_m4,psnr_y_db,1.6782333854322928,True
69,smooth_surfaces_gradients,n148i_v2,webp_m4,psnr_y_db,-11.600996321868617,True
70,smooth_surfaces_gradients,n148i_v2,webp_m4,psnr_y_db,-5.527064011171435,True
71,smooth_surfaces_gradients,n148i_v2,webp_m4,psnr_y_db,2.8589103160435503,True
72,smooth_surfaces_gradients,n148i_v2,webp_m4,psnr_y_db,-2.2794112276777856,True
73,smooth_surfaces_gradients,n148i_v2,webp_m4,psnr_y_db,-27.18040876676595,True
74,smooth_surfaces_gradients,n148i_v2,webp_m4,psnr_y_db,1.0128612815754279,True
75,smooth_surfaces_gradients,n148i_v2,webp_m4,psnr_y_db,-7.725648306267619,True
76,fine_detail,n148i_v2,webp_m4,psnr_y_db,3.7293204788243273,True
77,fine_detail,n148i_v2,webp_m4,psnr_y_db,-1.0255243088110655,True
78,fine_detail,n148i_v2,webp_m4,psnr_y_db,0.26220998817021446,True
79,fine_detail,n148i_v2,webp_m4,psnr_y_db,0.1566230033961169,True
80,fine_detail,n148i_v2,webp_m4,psnr_y_db,-4.7493447010369945,True
81,fine_detail,n148i_v2,webp_m4,psnr_y_db,-13.13808188279233,True
82,fine_detail,n148i_v2,webp_m4,psnr_y_db,-9.530468898278244,True
83,fine_detail,n148i_v2,webp_m4,psnr_y_db,-0.7654079173092687,True
84,fine_detail,n148i_v2,webp_m4,psnr_y_db,-13.527177576121108,True
85,fine_detail,n148i_v2,webp_m4,psnr_y_db,-4.513203773228036,True
86,fine_detail,n148i_v2,webp_m4,psnr_y_db,-3.9919738052849207,True
87,fine_detail,n148i_v2,webp_m4,psnr_y_db,1.6930238704965017,True
88,fine_detail,n148i_v2,webp_m4,psnr_y_db,-14.163251892653294,True
89,fine_detail,n148i_v2,webp_m4,psnr_y_db,0.7161897554706309,True
90,fine_detail,n148i_v2,webp_m4,psnr_y_db,2.826839134784054,True
91,text_sharp_edges,n148i_v2,webp_m4,psnr_y_db,15.210183452772409,True
92,text_sharp_edges,n148i_v2,webp_m4,psnr_y_db,-4.321561430823007,True
93,text_sharp_edges,n148i_v2,webp_m4,psnr_y_db,17.76578966170852,True
94,text_sharp_edges,n148i_v2,webp_m4,psnr_y_db,-3.192233922201837,True
95,text_sharp_edges,n148i_v2,webp_m4,psnr_y_db,7.907852505875335,True
96,text_sharp_edges,n148i_v2,webp_m4,psnr_y_db,0.7970632078004858,True
97,text_sharp_edges,n148i_v2,webp_m4,psnr_y_db,9.732956330813947,True
98,text_sharp_edges,n148i_v2,webp_m4,psnr_y_db,16.397778733941838,True
99,text_sharp_edges,n148i_v2,webp_m4,psnr_y_db,2.969417442365896,True
100,text_sharp_edges,n148i_v2,webp_m4,psnr_y_db,20.43344935395275,True
101,text_sharp_edges,n148i_v2,webp_m4,psnr_y_db,-5.655382605316861,True
102,text_sharp_edges,n148i_v2,webp_m4,psnr_y_db,1.1552979661669793,True
103,text_sharp_edges,n148i_v2,webp_m4,psnr_y_db,2.5543858799045083,True
104,text_sharp_edges,n148i_v2,webp_m4,psnr_y_db,5.634816079755978,True
105,text_sharp_edges,n148i_v2,webp_m4,psnr_y_db,-5.12826437256193,True
106,saturated_desaturated_colors,n148i_v2,webp_m4,psnr_y_db,-0.9930177607180624,True
107,saturated_desaturated_colors,n148i_v2,webp_m4,psnr_y_db,-5.887020852249691,True
108,saturated_desaturated_colors,n148i_v2,webp_m4,psnr_y_db,-0.6448940275904813,True
109,saturated_desaturated_colors,n148i_v2,webp_m4,psnr_y_db,8.489238112970732,True
110,saturated_desaturated_colors,n148i_v2,webp_m4,psnr_y_db,11.462437845646868,True
111,saturated_desaturated_colors,n148i_v2,webp_m4,psnr_y_db,16.772127572918993,True
112,saturated_desaturated_colors,n148i_v2,webp_m4,psnr_y_db,-5.103063917952899,True
113,saturated_desaturated_colors,n148i_v2,webp_m4,psnr_y_db,2.2844467800679835,True
114,saturated_desaturated_colors,n148i_v2,webp_m4,psnr_y_db,-0.674239267264598,True
115,saturated_desaturated_colors,n148i_v2,webp_m4,psnr_y_db,-9.365799385042573,True
116,saturated_desaturated_colors,n148i_v2,webp_m4,psnr_y_db,-3.421094495777577,True
117,saturated_desaturated_colors,n148i_v2,webp_m4,psnr_y_db,0.4785850772598632,True
118,saturated_desaturated_colors,n148i_v2,webp_m4,psnr_y_db,-3.7338282492765273,True
119,saturated_desaturated_colors,n148i_v2,webp_m4,psnr_y_db,-4.653961117351546,True
120,saturated_desaturated_colors,n148i_v2,webp_m4,psnr_y_db,-11.262154057466311,True
121,smooth_surfaces_gradients,n148i_v2,webp_m4,psnr_y_db,-0.5491236100402586,True
122,urban_architecture,n148i_v2,webp_m4,psnr_y_db,4.5958351488612825,True
123,smooth_surfaces_gradients,n148i_v2,webp_m4,psnr_y_db,-4.552610523909584,True
124,urban_architecture,n148i_v2,webp_m4,psnr_y_db,-1.3938661197121394,True
125,fine_detail,n148i_v2,webp_m4,psnr_y_db,-3.057161541721354,True
126,natural_landscapes,n148i_v2,webp_m4,psnr_y_db,-5.769484863498741,True
127,urban_architecture,n148i_v2,webp_m4,psnr_y_db,-4.914890714135223,True
128,text_sharp_edges,n148i_v2,webp_m4,psnr_y_db,0.5325341685017415,True
129,text_sharp_edges,n148i_v2,webp_m4,psnr_y_db,1.634187092895778,True
130,natural_landscapes,n148i_v2,webp_m4,psnr_y_db,-7.164702682791624,True
1,historical_portraits,n148i_v2,webp_m6_historical,psnr_y_db,-5.584344859783674,True
2,historical_portraits,n148i_v2,webp_m6_historical,psnr_y_db,-15.87574230824913,True
3,historical_portraits,n148i_v2,webp_m6_historical,psnr_y_db,5.308987880159077,True
4,historical_portraits,n148i_v2,webp_m6_historical,psnr_y_db,-4.518158248032034,True
5,historical_portraits,n148i_v2,webp_m6_historical,psnr_y_db,-3.626890715341635,True
6,historical_portraits,n148i_v2,webp_m6_historical,psnr_y_db,-5.271715807468436,True
7,historical_portraits,n148i_v2,webp_m6_historical,psnr_y_db,4.112765177846844,True
8,historical_portraits,n148i_v2,webp_m6_historical,psnr_y_db,-1.3355315195986428,True
9,historical_portraits,n148i_v2,webp_m6_historical,psnr_y_db,-3.7618863557846494,True
10,historical_portraits,n148i_v2,webp_m6_historical,psnr_y_db,-19.636534222737613,True
11,historical_portraits,n148i_v2,webp_m6_historical,psnr_y_db,2.0229491518037435,True
12,historical_portraits,n148i_v2,webp_m6_historical,psnr_y_db,7.493738285648743,True
13,historical_portraits,n148i_v2,webp_m6_historical,psnr_y_db,-0.19224800115119622,True
14,historical_portraits,n148i_v2,webp_m6_historical,psnr_y_db,-3.4455656452817784,True
15,historical_portraits,n148i_v2,webp_m6_historical,psnr_y_db,6.099759610761257,True
16,natural_landscapes,n148i_v2,webp_m6_historical,psnr_y_db,3.544664034339373,True
17,natural_landscapes,n148i_v2,webp_m6_historical,psnr_y_db,-5.306278611833248,True
18,natural_landscapes,n148i_v2,webp_m6_historical,psnr_y_db,-1.6381776049089414,True
19,natural_landscapes,n148i_v2,webp_m6_historical,psnr_y_db,-2.667776854341408,True
20,natural_landscapes,n148i_v2,webp_m6_historical,psnr_y_db,-2.483330546109719,True
21,natural_landscapes,n148i_v2,webp_m6_historical,psnr_y_db,3.084202339573694,True
22,natural_landscapes,n148i_v2,webp_m6_historical,psnr_y_db,-4.221260667010762,True
23,natural_landscapes,n148i_v2,webp_m6_historical,psnr_y_db,3.16659262760568,True
24,natural_landscapes,n148i_v2,webp_m6_historical,psnr_y_db,-3.778836062940427,True
25,natural_landscapes,n148i_v2,webp_m6_historical,psnr_y_db,-2.44350107498994,True
26,natural_landscapes,n148i_v2,webp_m6_historical,psnr_y_db,1.9283415251326375,True
27,natural_landscapes,n148i_v2,webp_m6_historical,psnr_y_db,1.9730368382446573,True
28,natural_landscapes,n148i_v2,webp_m6_historical,psnr_y_db,-1.9492259935716572,True
29,natural_landscapes,n148i_v2,webp_m6_historical,psnr_y_db,2.7730329039040935,True
30,natural_landscapes,n148i_v2,webp_m6_historical,psnr_y_db,-8.25419725427886,True
31,urban_architecture,n148i_v2,webp_m6_historical,psnr_y_db,4.180973370239505,True
32,urban_architecture,n148i_v2,webp_m6_historical,psnr_y_db,0.2158968119214011,True
33,urban_architecture,n148i_v2,webp_m6_historical,psnr_y_db,-4.499949940216775,True
34,urban_architecture,n148i_v2,webp_m6_historical,psnr_y_db,-1.8011058641345334,True
35,urban_architecture,n148i_v2,webp_m6_historical,psnr_y_db,1.0505941437743527,True
36,urban_architecture,n148i_v2,webp_m6_historical,psnr_y_db,6.799957472785878,True
37,urban_architecture,n148i_v2,webp_m6_historical,psnr_y_db,2.195437454279192,True
38,urban_architecture,n148i_v2,webp_m6_historical,psnr_y_db,-1.2486659690791657,True
39,urban_architecture,n148i_v2,webp_m6_historical,psnr_y_db,0.048789022622663936,True
40,urban_architecture,n148i_v2,webp_m6_historical,psnr_y_db,0.5633670240908772,True
41,urban_architecture,n148i_v2,webp_m6_historical,psnr_y_db,7.38490439855628,True
42,urban_architecture,n148i_v2,webp_m6_historical,psnr_y_db,4.296031050069593,True
43,urban_architecture,n148i_v2,webp_m6_historical,psnr_y_db,0.6892154731620526,True
44,urban_architecture,n148i_v2,webp_m6_historical,psnr_y_db,-3.7468590044019923,True
45,urban_architecture,n148i_v2,webp_m6_historical,psnr_y_db,-3.5092400083296615,True
46,high_frequency_textures,n148i_v2,webp_m6_historical,psnr_y_db,-3.6546961942553025,True
47,high_frequency_textures,n148i_v2,webp_m6_historical,psnr_y_db,1.4508913843146232,True
48,high_frequency_textures,n148i_v2,webp_m6_historical,psnr_y_db,-6.585335548653404,True
49,high_frequency_textures,n148i_v2,webp_m6_historical,psnr_y_db,-8.827229501966727,True
50,high_frequency_textures,n148i_v2,webp_m6_historical,psnr_y_db,-13.409851854180921,True
51,high_frequency_textures,n148i_v2,webp_m6_historical,psnr_y_db,-2.3050570498082235,True
52,high_frequency_textures,n148i_v2,webp_m6_historical,psnr_y_db,0.7287037138204111,True
53,high_frequency_textures,n148i_v2,webp_m6_historical,psnr_y_db,-5.325544728542109,True
54,high_frequency_textures,n148i_v2,webp_m6_historical,psnr_y_db,-13.010138860599907,True
55,high_frequency_textures,n148i_v2,webp_m6_historical,psnr_y_db,-10.644892822733599,True
56,high_frequency_textures,n148i_v2,webp_m6_historical,psnr_y_db,-4.0724165900921765,True
57,high_frequency_textures,n148i_v2,webp_m6_historical,psnr_y_db,-10.122908912967777,True
58,high_frequency_textures,n148i_v2,webp_m6_historical,psnr_y_db,2.269352997591012,True
59,high_frequency_textures,n148i_v2,webp_m6_historical,psnr_y_db,-1.8138969006510242,True
60,high_frequency_textures,n148i_v2,webp_m6_historical,psnr_y_db,0.06009872336842914,True
61,smooth_surfaces_gradients,n148i_v2,webp_m6_historical,psnr_y_db,-2.0226836518769664,True
62,smooth_surfaces_gradients,n148i_v2,webp_m6_historical,psnr_y_db,-5.640961154222934,True
63,smooth_surfaces_gradients,n148i_v2,webp_m6_historical,psnr_y_db,-4.637352167459574,True
64,smooth_surfaces_gradients,n148i_v2,webp_m6_historical,psnr_y_db,-2.146791940735404,True
65,smooth_surfaces_gradients,n148i_v2,webp_m6_historical,psnr_y_db,-1.2803443412699456,True
66,smooth_surfaces_gradients,n148i_v2,webp_m6_historical,psnr_y_db,-10.717047317965866,True
67,smooth_surfaces_gradients,n148i_v2,webp_m6_historical,psnr_y_db,-4.418735530169338,True
68,smooth_surfaces_gradients,n148i_v2,webp_m6_historical,psnr_y_db,2.697517065042976,True
69,smooth_surfaces_gradients,n148i_v2,webp_m6_historical,psnr_y_db,-10.27286453759968,True
70,smooth_surfaces_gradients,n148i_v2,webp_m6_historical,psnr_y_db,-4.313874613116564,True
71,smooth_surfaces_gradients,n148i_v2,webp_m6_historical,psnr_y_db,2.938708422342562,True
72,smooth_surfaces_gradients,n148i_v2,webp_m6_historical,psnr_y_db,-0.3306480555912428,True
73,smooth_surfaces_gradients,n148i_v2,webp_m6_historical,psnr_y_db,-27.653061065570096,True
74,smooth_surfaces_gradients,n148i_v2,webp_m6_historical,psnr_y_db,2.8981290733016474,True
75,smooth_surfaces_gradients,n148i_v2,webp_m6_historical,psnr_y_db,-6.556389047611766,True
76,fine_detail,n148i_v2,webp_m6_historical,psnr_y_db,5.724414687953749,True
77,fine_detail,n148i_v2,webp_m6_historical,psnr_y_db,0.9625474592506844,True
78,fine_detail,n148i_v2,webp_m6_historical,psnr_y_db,1.9192737701684948,True
79,fine_detail,n148i_v2,webp_m6_historical,psnr_y_db,1.4605529774672776,True
80,fine_detail,n148i_v2,webp_m6_historical,psnr_y_db,-2.8452755568431742,True
81,fine_detail,n148i_v2,webp_m6_historical,psnr_y_db,-10.238027419940543,True
82,fine_detail,n148i_v2,webp_m6_historical,psnr_y_db,-7.798547727793892,True
83,fine_detail,n148i_v2,webp_m6_historical,psnr_y_db,1.186176929677396,True
84,fine_detail,n148i_v2,webp_m6_historical,psnr_y_db,-13.013144579068726,True
85,fine_detail,n148i_v2,webp_m6_historical,psnr_y_db,-2.8805049750484035,True
86,fine_detail,n148i_v2,webp_m6_historical,psnr_y_db,-2.084507253023715,True
87,fine_detail,n148i_v2,webp_m6_historical,psnr_y_db,3.33189930052451,True
88,fine_detail,n148i_v2,webp_m6_historical,psnr_y_db,-11.997643972127726,True
89,fine_detail,n148i_v2,webp_m6_historical,psnr_y_db,1.64466487098327,True
90,fine_detail,n148i_v2,webp_m6_historical,psnr_y_db,3.8601356693568123,True
91,text_sharp_edges,n148i_v2,webp_m6_historical,psnr_y_db,16.03497293750369,True
92,text_sharp_edges,n148i_v2,webp_m6_historical,psnr_y_db,-2.141265056773589,True
93,text_sharp_edges,n148i_v2,webp_m6_historical,psnr_y_db,19.239989344716356,True
94,text_sharp_edges,n148i_v2,webp_m6_historical,psnr_y_db,-1.6364371669521205,True
95,text_sharp_edges,n148i_v2,webp_m6_historical,psnr_y_db,9.761262529755577,True
96,text_sharp_edges,n148i_v2,webp_m6_historical,psnr_y_db,1.91697598935332,True
97,text_sharp_edges,n148i_v2,webp_m6_historical,psnr_y_db,10.923385780255401,True
98,text_sharp_edges,n148i_v2,webp_m6_historical,psnr_y_db,18.85367339429267,True
99,text_sharp_edges,n148i_v2,webp_m6_historical,psnr_y_db,1.5839726341378757,True
100,text_sharp_edges,n148i_v2,webp_m6_historical,psnr_y_db,22.639555642986096,True
101,text_sharp_edges,n148i_v2,webp_m6_historical,psnr_y_db,0.16699408095013357,True
102,text_sharp_edges,n148i_v2,webp_m6_historical,psnr_y_db,4.012678812971537,True
103,text_sharp_edges,n148i_v2,webp_m6_historical,psnr_y_db,3.8214054136867404,True
104,text_sharp_edges,n148i_v2,webp_m6_historical,psnr_y_db,7.053070404310446,True
105,text_sharp_edges,n148i_v2,webp_m6_historical,psnr_y_db,-3.2913747561581053,True
106,saturated_desaturated_colors,n148i_v2,webp_m6_historical,psnr_y_db,-0.30380037187940356,True
107,saturated_desaturated_colors,n148i_v2,webp_m6_historical,psnr_y_db,-4.835574004573129,True
108,saturated_desaturated_colors,n148i_v2,webp_m6_historical,psnr_y_db,0.950531460756987,True
109,saturated_desaturated_colors,n148i_v2,webp_m6_historical,psnr_y_db,12.590295807695352,True
110,saturated_desaturated_colors,n148i_v2,webp_m6_historical,psnr_y_db,13.253340793475665,True
111,saturated_desaturated_colors,n148i_v2,webp_m6_historical,psnr_y_db,18.1084922570895,True
112,saturated_desaturated_colors,n148i_v2,webp_m6_historical,psnr_y_db,-2.0112727769132865,True
113,saturated_desaturated_colors,n148i_v2,webp_m6_historical,psnr_y_db,2.887179077163826,True
114,saturated_desaturated_colors,n148i_v2,webp_m6_historical,psnr_y_db,0.8336174749021819,True
115,saturated_desaturated_colors,n148i_v2,webp_m6_historical,psnr_y_db,-6.8740415322898984,True
116,saturated_desaturated_colors,n148i_v2,webp_m6_historical,psnr_y_db,2.3131557391838475,True
117,saturated_desaturated_colors,n148i_v2,webp_m6_historical,psnr_y_db,2.2659763853589254,True
118,saturated_desaturated_colors,n148i_v2,webp_m6_historical,psnr_y_db,-3.1286507790730167,True
119,saturated_desaturated_colors,n148i_v2,webp_m6_historical,psnr_y_db,-4.200734972297848,True
120,saturated_desaturated_colors,n148i_v2,webp_m6_historical,psnr_y_db,-8.38313265161359,True
121,smooth_surfaces_gradients,n148i_v2,webp_m6_historical,psnr_y_db,1.0347686692903535,True
122,urban_architecture,n148i_v2,webp_m6_historical,psnr_y_db,5.721797139758844,True
123,smooth_surfaces_gradients,n148i_v2,webp_m6_historical,psnr_y_db,-2.7943109814874356,True
124,urban_architecture,n148i_v2,webp_m6_historical,psnr_y_db,1.3417359170272425,True
125,fine_detail,n148i_v2,webp_m6_historical,psnr_y_db,-0.2596699421582027,True
126,natural_landscapes,n148i_v2,webp_m6_historical,psnr_y_db,-3.890198975014725,True
127,urban_architecture,n148i_v2,webp_m6_historical,psnr_y_db,-3.1382315070657474,True
128,text_sharp_edges,n148i_v2,webp_m6_historical,psnr_y_db,3.9388908293380265,True
129,text_sharp_edges,n148i_v2,webp_m6_historical,psnr_y_db,2.5809661890282776,True
130,natural_landscapes,n148i_v2,webp_m6_historical,psnr_y_db,-5.633932810824915,True
1,historical_portraits,n148i_v2,jxl_e3,psnr_y_db,-6.635191747600333,True
2,historical_portraits,n148i_v2,jxl_e3,psnr_y_db,-10.342419521546054,True
3,historical_portraits,n148i_v2,jxl_e3,psnr_y_db,-3.5255650299725994,True
4,historical_portraits,n148i_v2,jxl_e3,psnr_y_db,-2.2968190258244703,True
5,historical_portraits,n148i_v2,jxl_e3,psnr_y_db,-8.780279631956967,True
6,historical_portraits,n148i_v2,jxl_e3,psnr_y_db,-6.314531350737662,True
7,historical_portraits,n148i_v2,jxl_e3,psnr_y_db,-13.058651899640584,True
8,historical_portraits,n148i_v2,jxl_e3,psnr_y_db,1.6489326301529772,True
9,historical_portraits,n148i_v2,jxl_e3,psnr_y_db,-8.094084451913153,True
10,historical_portraits,n148i_v2,jxl_e3,psnr_y_db,-3.7934923845500013,True
11,historical_portraits,n148i_v2,jxl_e3,psnr_y_db,-7.986771042604057,True
12,historical_portraits,n148i_v2,jxl_e3,psnr_y_db,-4.761643365529567,True
13,historical_portraits,n148i_v2,jxl_e3,psnr_y_db,1.3631810960540447,True
14,historical_portraits,n148i_v2,jxl_e3,psnr_y_db,-9.613857513459468,True
15,historical_portraits,n148i_v2,jxl_e3,psnr_y_db,-13.710809570031001,True
16,natural_landscapes,n148i_v2,jxl_e3,psnr_y_db,-5.033935387667777,True
17,natural_landscapes,n148i_v2,jxl_e3,psnr_y_db,-1.4783950467865514,True
18,natural_landscapes,n148i_v2,jxl_e3,psnr_y_db,-4.2202188495172095,True
19,natural_landscapes,n148i_v2,jxl_e3,psnr_y_db,-2.73273640528926,True
20,natural_landscapes,n148i_v2,jxl_e3,psnr_y_db,-1.9990182514880717,True
21,natural_landscapes,n148i_v2,jxl_e3,psnr_y_db,-7.413584256070771,True
22,natural_landscapes,n148i_v2,jxl_e3,psnr_y_db,-6.269974269181311,True
23,natural_landscapes,n148i_v2,jxl_e3,psnr_y_db,-12.657729317480293,True
24,natural_landscapes,n148i_v2,jxl_e3,psnr_y_db,-3.607917628223045,True
25,natural_landscapes,n148i_v2,jxl_e3,psnr_y_db,-6.033000135279288,True
26,natural_landscapes,n148i_v2,jxl_e3,psnr_y_db,-4.696163283514321,True
27,natural_landscapes,n148i_v2,jxl_e3,psnr_y_db,-5.649893436858877,True
28,natural_landscapes,n148i_v2,jxl_e3,psnr_y_db,-2.5458030886067684,True
29,natural_landscapes,n148i_v2,jxl_e3,psnr_y_db,0.10426005637924618,True
30,natural_landscapes,n148i_v2,jxl_e3,psnr_y_db,-6.567369657216182,True
31,urban_architecture,n148i_v2,jxl_e3,psnr_y_db,-13.634618013835997,True
32,urban_architecture,n148i_v2,jxl_e3,psnr_y_db,-9.984111764238978,True
33,urban_architecture,n148i_v2,jxl_e3,psnr_y_db,-7.828758140178538,True
34,urban_architecture,n148i_v2,jxl_e3,psnr_y_db,-5.734843476277252,True
35,urban_architecture,n148i_v2,jxl_e3,psnr_y_db,-15.414445376686835,True
36,urban_architecture,n148i_v2,jxl_e3,psnr_y_db,-8.492595590229158,True
37,urban_architecture,n148i_v2,jxl_e3,psnr_y_db,-9.165815268068178,True
38,urban_architecture,n148i_v2,jxl_e3,psnr_y_db,-9.061610664375186,True
39,urban_architecture,n148i_v2,jxl_e3,psnr_y_db,-8.214421131807615,True
40,urban_architecture,n148i_v2,jxl_e3,psnr_y_db,-6.256031090289394,True
41,urban_architecture,n148i_v2,jxl_e3,psnr_y_db,-12.769923655526128,True
42,urban_architecture,n148i_v2,jxl_e3,psnr_y_db,-14.25027614176242,True
43,urban_architecture,n148i_v2,jxl_e3,psnr_y_db,-15.00199967010063,True
44,urban_architecture,n148i_v2,jxl_e3,psnr_y_db,-7.909372771365231,True
45,urban_architecture,n148i_v2,jxl_e3,psnr_y_db,-8.653236126718433,True
46,high_frequency_textures,n148i_v2,jxl_e3,psnr_y_db,-9.085213298803508,True
47,high_frequency_textures,n148i_v2,jxl_e3,psnr_y_db,-4.375074410663926,True
48,high_frequency_textures,n148i_v2,jxl_e3,psnr_y_db,-2.8676024342385142,True
49,high_frequency_textures,n148i_v2,jxl_e3,psnr_y_db,1.7040845417062078,True
50,high_frequency_textures,n148i_v2,jxl_e3,psnr_y_db,-3.620567894886295,True
51,high_frequency_textures,n148i_v2,jxl_e3,psnr_y_db,-2.85116123023762,True
52,high_frequency_textures,n148i_v2,jxl_e3,psnr_y_db,-4.51637146094277,True
53,high_frequency_textures,n148i_v2,jxl_e3,psnr_y_db,-2.51499240694244,True
54,high_frequency_textures,n148i_v2,jxl_e3,psnr_y_db,0.1781568890486751,True
55,high_frequency_textures,n148i_v2,jxl_e3,psnr_y_db,-4.109441895534582,True
56,high_frequency_textures,n148i_v2,jxl_e3,psnr_y_db,-1.9656284602724838,True
57,high_frequency_textures,n148i_v2,jxl_e3,psnr_y_db,1.0077311207886241,True
58,high_frequency_textures,n148i_v2,jxl_e3,psnr_y_db,-8.20031934553257,True
59,high_frequency_textures,n148i_v2,jxl_e3,psnr_y_db,-10.452213945326394,True
60,high_frequency_textures,n148i_v2,jxl_e3,psnr_y_db,-7.560507695397112,True
61,smooth_surfaces_gradients,n148i_v2,jxl_e3,psnr_y_db,0.07090781668945834,True
62,smooth_surfaces_gradients,n148i_v2,jxl_e3,psnr_y_db,0.4220007271922066,True
63,smooth_surfaces_gradients,n148i_v2,jxl_e3,psnr_y_db,-11.495918516057746,True
64,smooth_surfaces_gradients,n148i_v2,jxl_e3,psnr_y_db,-2.9158293693346993,True
65,smooth_surfaces_gradients,n148i_v2,jxl_e3,psnr_y_db,-1.1695135995395733,True
66,smooth_surfaces_gradients,n148i_v2,jxl_e3,psnr_y_db,-6.016739571006601,True
67,smooth_surfaces_gradients,n148i_v2,jxl_e3,psnr_y_db,-2.496416774747301,True
68,smooth_surfaces_gradients,n148i_v2,jxl_e3,psnr_y_db,-10.492095460695861,True
69,smooth_surfaces_gradients,n148i_v2,jxl_e3,psnr_y_db,-3.0001733835454902,True
70,smooth_surfaces_gradients,n148i_v2,jxl_e3,psnr_y_db,-2.110504508555988,True
71,smooth_surfaces_gradients,n148i_v2,jxl_e3,psnr_y_db,-23.14897815613792,True
72,smooth_surfaces_gradients,n148i_v2,jxl_e3,psnr_y_db,-1.8750943560020605,True
73,smooth_surfaces_gradients,n148i_v2,jxl_e3,psnr_y_db,-18.707918613467267,True
74,smooth_surfaces_gradients,n148i_v2,jxl_e3,psnr_y_db,-6.896193566577258,True
75,smooth_surfaces_gradients,n148i_v2,jxl_e3,psnr_y_db,-0.9490647591137935,True
76,fine_detail,n148i_v2,jxl_e3,psnr_y_db,-13.59027272891673,True
77,fine_detail,n148i_v2,jxl_e3,psnr_y_db,-10.349771108886364,True
78,fine_detail,n148i_v2,jxl_e3,psnr_y_db,-7.4800951806855975,True
79,fine_detail,n148i_v2,jxl_e3,psnr_y_db,-6.430466066588247,True
80,fine_detail,n148i_v2,jxl_e3,psnr_y_db,-1.0838771625753973,True
81,fine_detail,n148i_v2,jxl_e3,psnr_y_db,-3.14835098466113,True
82,fine_detail,n148i_v2,jxl_e3,psnr_y_db,-1.773621901661182,True
83,fine_detail,n148i_v2,jxl_e3,psnr_y_db,-18.080802490022265,True
84,fine_detail,n148i_v2,jxl_e3,psnr_y_db,-14.600528185034467,True
85,fine_detail,n148i_v2,jxl_e3,psnr_y_db,-9.354460681364918,True
86,fine_detail,n148i_v2,jxl_e3,psnr_y_db,-12.627126574599867,True
87,fine_detail,n148i_v2,jxl_e3,psnr_y_db,-10.158170079232399,True
88,fine_detail,n148i_v2,jxl_e3,psnr_y_db,-37.302523274092806,True
89,fine_detail,n148i_v2,jxl_e3,psnr_y_db,-27.7950935045167,True
90,fine_detail,n148i_v2,jxl_e3,psnr_y_db,-27.729933654016758,True
91,text_sharp_edges,n148i_v2,jxl_e3,psnr_y_db,-30.37954870091688,True
92,text_sharp_edges,n148i_v2,jxl_e3,psnr_y_db,-16.729352315463018,True
93,text_sharp_edges,n148i_v2,jxl_e3,psnr_y_db,-32.87535739400413,True
94,text_sharp_edges,n148i_v2,jxl_e3,psnr_y_db,-19.152199271203795,True
95,text_sharp_edges,n148i_v2,jxl_e3,psnr_y_db,-15.919082307531907,True
96,text_sharp_edges,n148i_v2,jxl_e3,psnr_y_db,-12.950508514796933,True
97,text_sharp_edges,n148i_v2,jxl_e3,psnr_y_db,-21.331612949834977,True
98,text_sharp_edges,n148i_v2,jxl_e3,psnr_y_db,-25.833933154492673,True
99,text_sharp_edges,n148i_v2,jxl_e3,psnr_y_db,-38.465924720936286,True
100,text_sharp_edges,n148i_v2,jxl_e3,psnr_y_db,-26.690033325813868,True
101,text_sharp_edges,n148i_v2,jxl_e3,psnr_y_db,-21.439141791858408,True
102,text_sharp_edges,n148i_v2,jxl_e3,psnr_y_db,-16.689266182097462,True
103,text_sharp_edges,n148i_v2,jxl_e3,psnr_y_db,-21.797269392347374,True
104,text_sharp_edges,n148i_v2,jxl_e3,psnr_y_db,-14.514671392030321,True
105,text_sharp_edges,n148i_v2,jxl_e3,psnr_y_db,-1.9978190846832278,True
106,saturated_desaturated_colors,n148i_v2,jxl_e3,psnr_y_db,-30.76483791507707,True
107,saturated_desaturated_colors,n148i_v2,jxl_e3,psnr_y_db,-29.434220569332105,True
108,saturated_desaturated_colors,n148i_v2,jxl_e3,psnr_y_db,-15.05105766999819,True
109,saturated_desaturated_colors,n148i_v2,jxl_e3,psnr_y_db,-4.337684301006117,True
110,saturated_desaturated_colors,n148i_v2,jxl_e3,psnr_y_db,-21.58508947687603,True
111,saturated_desaturated_colors,n148i_v2,jxl_e3,psnr_y_db,-23.83713214213692,True
112,saturated_desaturated_colors,n148i_v2,jxl_e3,psnr_y_db,-7.610797898295541,True
113,saturated_desaturated_colors,n148i_v2,jxl_e3,psnr_y_db,-17.14031005678779,True
114,saturated_desaturated_colors,n148i_v2,jxl_e3,psnr_y_db,-10.479963614486998,True
115,saturated_desaturated_colors,n148i_v2,jxl_e3,psnr_y_db,0.14503797182399136,True
116,saturated_desaturated_colors,n148i_v2,jxl_e3,psnr_y_db,-8.026139941548093,True
117,saturated_desaturated_colors,n148i_v2,jxl_e3,psnr_y_db,-17.65997993656966,True
118,saturated_desaturated_colors,n148i_v2,jxl_e3,psnr_y_db,-37.73743912022947,True
119,saturated_desaturated_colors,n148i_v2,jxl_e3,psnr_y_db,-24.361707245150676,True
120,saturated_desaturated_colors,n148i_v2,jxl_e3,psnr_y_db,-18.641107753815977,True
121,smooth_surfaces_gradients,n148i_v2,jxl_e3,psnr_y_db,-7.564068055660167,True
122,urban_architecture,n148i_v2,jxl_e3,psnr_y_db,-9.828328933026054,True
123,smooth_surfaces_gradients,n148i_v2,jxl_e3,psnr_y_db,-2.263288582928702,True
124,urban_architecture,n148i_v2,jxl_e3,psnr_y_db,-9.875961006736478,True
125,fine_detail,n148i_v2,jxl_e3,psnr_y_db,-13.010756083335895,True
126,natural_landscapes,n148i_v2,jxl_e3,psnr_y_db,1.0794679784144057,True
127,urban_architecture,n148i_v2,jxl_e3,psnr_y_db,-5.567083237438942,True
128,text_sharp_edges,n148i_v2,jxl_e3,psnr_y_db,-21.160320582378255,True
129,text_sharp_edges,n148i_v2,jxl_e3,psnr_y_db,-4.978420952334939,True
130,natural_landscapes,n148i_v2,jxl_e3,psnr_y_db,-5.834968961364229,True
1,historical_portraits,n148i_v2,jxl_e7,psnr_y_db,-4.553817590299547,True
2,historical_portraits,n148i_v2,jxl_e7,psnr_y_db,-1.8171030404267263,True
3,historical_portraits,n148i_v2,jxl_e7,psnr_y_db,-4.416584736388729,True
4,historical_portraits,n148i_v2,jxl_e7,psnr_y_db,-4.434339165064416,True
5,historical_portraits,n148i_v2,jxl_e7,psnr_y_db,-12.407299846184417,True
6,historical_portraits,n148i_v2,jxl_e7,psnr_y_db,-2.594337438541805,True
7,historical_portraits,n148i_v2,jxl_e7,psnr_y_db,-14.18278307588351,True
8,historical_portraits,n148i_v2,jxl_e7,psnr_y_db,-6.74614358777389,True
9,historical_portraits,n148i_v2,jxl_e7,psnr_y_db,-10.180078054894913,True
10,historical_portraits,n148i_v2,jxl_e7,psnr_y_db,9.327771589644595,True
11,historical_portraits,n148i_v2,jxl_e7,psnr_y_db,-2.143935941719266,True
12,historical_portraits,n148i_v2,jxl_e7,psnr_y_db,-5.77216385409166,True
13,historical_portraits,n148i_v2,jxl_e7,psnr_y_db,-7.696192548332858,True
14,historical_portraits,n148i_v2,jxl_e7,psnr_y_db,-21.014444586303917,True
15,historical_portraits,n148i_v2,jxl_e7,psnr_y_db,-5.966614842625917,True
16,natural_landscapes,n148i_v2,jxl_e7,psnr_y_db,-9.090200566807628,True
17,natural_landscapes,n148i_v2,jxl_e7,psnr_y_db,-3.1652679158370223,True
18,natural_landscapes,n148i_v2,jxl_e7,psnr_y_db,-10.642484422243959,True
19,natural_landscapes,n148i_v2,jxl_e7,psnr_y_db,-10.095502002106482,True
20,natural_landscapes,n148i_v2,jxl_e7,psnr_y_db,-5.212063745896966,True
21,natural_landscapes,n148i_v2,jxl_e7,psnr_y_db,-11.867093526342797,True
22,natural_landscapes,n148i_v2,jxl_e7,psnr_y_db,-6.783973533976795,True
23,natural_landscapes,n148i_v2,jxl_e7,psnr_y_db,-8.979456067790625,True
24,natural_landscapes,n148i_v2,jxl_e7,psnr_y_db,-10.995163835134692,True
25,natural_landscapes,n148i_v2,jxl_e7,psnr_y_db,-12.492358849372442,True
26,natural_landscapes,n148i_v2,jxl_e7,psnr_y_db,-6.127901727748464,True
27,natural_landscapes,n148i_v2,jxl_e7,psnr_y_db,-7.358703708908743,True
28,natural_landscapes,n148i_v2,jxl_e7,psnr_y_db,-6.514656114070849,True
29,natural_landscapes,n148i_v2,jxl_e7,psnr_y_db,-4.757908114081388,True
30,natural_landscapes,n148i_v2,jxl_e7,psnr_y_db,-9.477421243375328,True
31,urban_architecture,n148i_v2,jxl_e7,psnr_y_db,-9.64277009345411,True
32,urban_architecture,n148i_v2,jxl_e7,psnr_y_db,-13.84406288351434,True
33,urban_architecture,n148i_v2,jxl_e7,psnr_y_db,-5.841139890561376,True
34,urban_architecture,n148i_v2,jxl_e7,psnr_y_db,-9.15324482202271,True
35,urban_architecture,n148i_v2,jxl_e7,psnr_y_db,-12.854760618388262,True
36,urban_architecture,n148i_v2,jxl_e7,psnr_y_db,-7.82657316940869,True
37,urban_architecture,n148i_v2,jxl_e7,psnr_y_db,-2.0867914262787,True
38,urban_architecture,n148i_v2,jxl_e7,psnr_y_db,-7.994738745509455,True
39,urban_architecture,n148i_v2,jxl_e7,psnr_y_db,-9.391769090672831,True
40,urban_architecture,n148i_v2,jxl_e7,psnr_y_db,-9.60885195400224,True
41,urban_architecture,n148i_v2,jxl_e7,psnr_y_db,-10.231148891715225,True
42,urban_architecture,n148i_v2,jxl_e7,psnr_y_db,-11.501969506542675,True
43,urban_architecture,n148i_v2,jxl_e7,psnr_y_db,-7.231898664058612,True
44,urban_architecture,n148i_v2,jxl_e7,psnr_y_db,-7.106182979935404,True
45,urban_architecture,n148i_v2,jxl_e7,psnr_y_db,-10.299745253043891,True
46,high_frequency_textures,n148i_v2,jxl_e7,psnr_y_db,-7.015790367947117,True
47,high_frequency_textures,n148i_v2,jxl_e7,psnr_y_db,-4.178674374211355,True
48,high_frequency_textures,n148i_v2,jxl_e7,psnr_y_db,-2.2789747927152937,True
49,high_frequency_textures,n148i_v2,jxl_e7,psnr_y_db,-1.1255985153609926,True
50,high_frequency_textures,n148i_v2,jxl_e7,psnr_y_db,42.319182311813705,True
51,high_frequency_textures,n148i_v2,jxl_e7,psnr_y_db,-3.227236786915888,True
52,high_frequency_textures,n148i_v2,jxl_e7,psnr_y_db,-2.1822205916136594,True
53,high_frequency_textures,n148i_v2,jxl_e7,psnr_y_db,0.00978615597311272,True
54,high_frequency_textures,n148i_v2,jxl_e7,psnr_y_db,0.8355539791081279,True
55,high_frequency_textures,n148i_v2,jxl_e7,psnr_y_db,-2.8934043145114274,True
56,high_frequency_textures,n148i_v2,jxl_e7,psnr_y_db,-4.107673881813623,True
57,high_frequency_textures,n148i_v2,jxl_e7,psnr_y_db,2.132356299099958,True
58,high_frequency_textures,n148i_v2,jxl_e7,psnr_y_db,-7.8269013783170305,True
59,high_frequency_textures,n148i_v2,jxl_e7,psnr_y_db,-4.751343335529112,True
60,high_frequency_textures,n148i_v2,jxl_e7,psnr_y_db,-6.879428297182455,True
61,smooth_surfaces_gradients,n148i_v2,jxl_e7,psnr_y_db,6.3257746031834206,True
62,smooth_surfaces_gradients,n148i_v2,jxl_e7,psnr_y_db,8.656779465131104,True
63,smooth_surfaces_gradients,n148i_v2,jxl_e7,psnr_y_db,-7.522921002839967,True
64,smooth_surfaces_gradients,n148i_v2,jxl_e7,psnr_y_db,-8.224492211868439,True
65,smooth_surfaces_gradients,n148i_v2,jxl_e7,psnr_y_db,-4.204377073414777,True
66,smooth_surfaces_gradients,n148i_v2,jxl_e7,psnr_y_db,-10.384448281255787,True
67,smooth_surfaces_gradients,n148i_v2,jxl_e7,psnr_y_db,-4.614710840980374,True
68,smooth_surfaces_gradients,n148i_v2,jxl_e7,psnr_y_db,-7.369890785634525,True
69,smooth_surfaces_gradients,n148i_v2,jxl_e7,psnr_y_db,-6.76448487237582,True
70,smooth_surfaces_gradients,n148i_v2,jxl_e7,psnr_y_db,-3.2569707764090294,True
71,smooth_surfaces_gradients,n148i_v2,jxl_e7,psnr_y_db,-13.966169819952922,True
72,smooth_surfaces_gradients,n148i_v2,jxl_e7,psnr_y_db,-7.634791256843576,True
73,smooth_surfaces_gradients,n148i_v2,jxl_e7,psnr_y_db,12.230798271057552,True
74,smooth_surfaces_gradients,n148i_v2,jxl_e7,psnr_y_db,-8.960884865625218,True
75,smooth_surfaces_gradients,n148i_v2,jxl_e7,psnr_y_db,7.550376486116694,True
76,fine_detail,n148i_v2,jxl_e7,psnr_y_db,1.2813750939707713,True
77,fine_detail,n148i_v2,jxl_e7,psnr_y_db,-7.902534438335551,True
78,fine_detail,n148i_v2,jxl_e7,psnr_y_db,-5.009964530078381,True
79,fine_detail,n148i_v2,jxl_e7,psnr_y_db,-1.619326920327635,True
80,fine_detail,n148i_v2,jxl_e7,psnr_y_db,-5.812747449626943,True
81,fine_detail,n148i_v2,jxl_e7,psnr_y_db,-8.70046128541052,True
82,fine_detail,n148i_v2,jxl_e7,psnr_y_db,3.200216835218317,True
83,fine_detail,n148i_v2,jxl_e7,psnr_y_db,-7.818326939723253,True
84,fine_detail,n148i_v2,jxl_e7,psnr_y_db,-0.9832785224202278,True
85,fine_detail,n148i_v2,jxl_e7,psnr_y_db,-6.831605995542212,True
86,fine_detail,n148i_v2,jxl_e7,psnr_y_db,-13.312465939364525,True
87,fine_detail,n148i_v2,jxl_e7,psnr_y_db,-6.445163581178459,True
88,fine_detail,n148i_v2,jxl_e7,psnr_y_db,-2.105282885655557,True
89,fine_detail,n148i_v2,jxl_e7,psnr_y_db,-27.453410765342912,True
90,fine_detail,n148i_v2,jxl_e7,psnr_y_db,-25.406513616257275,True
91,text_sharp_edges,n148i_v2,jxl_e7,psnr_y_db,-14.954289579632874,True
92,text_sharp_edges,n148i_v2,jxl_e7,psnr_y_db,-11.755266430976064,True
93,text_sharp_edges,n148i_v2,jxl_e7,psnr_y_db,-20.58278964293976,True
94,text_sharp_edges,n148i_v2,jxl_e7,psnr_y_db,-15.202982993530256,True
95,text_sharp_edges,n148i_v2,jxl_e7,psnr_y_db,-9.904599679438197,True
96,text_sharp_edges,n148i_v2,jxl_e7,psnr_y_db,-12.032803583208096,True
97,text_sharp_edges,n148i_v2,jxl_e7,psnr_y_db,-10.03045598566301,True
98,text_sharp_edges,n148i_v2,jxl_e7,psnr_y_db,-20.98397705489662,True
99,text_sharp_edges,n148i_v2,jxl_e7,psnr_y_db,-29.060909194263118,True
100,text_sharp_edges,n148i_v2,jxl_e7,psnr_y_db,-14.61087487831273,True
101,text_sharp_edges,n148i_v2,jxl_e7,psnr_y_db,-17.74357399737806,True
102,text_sharp_edges,n148i_v2,jxl_e7,psnr_y_db,-11.512108400079079,True
103,text_sharp_edges,n148i_v2,jxl_e7,psnr_y_db,-21.448734201605557,True
104,text_sharp_edges,n148i_v2,jxl_e7,psnr_y_db,-6.63585566114887,True
105,text_sharp_edges,n148i_v2,jxl_e7,psnr_y_db,3.3869552433158923,True
106,saturated_desaturated_colors,n148i_v2,jxl_e7,psnr_y_db,-22.96377579400739,True
107,saturated_desaturated_colors,n148i_v2,jxl_e7,psnr_y_db,-29.342573148124597,True
108,saturated_desaturated_colors,n148i_v2,jxl_e7,psnr_y_db,-14.089725653231167,True
109,saturated_desaturated_colors,n148i_v2,jxl_e7,psnr_y_db,-6.562477680777001,True
110,saturated_desaturated_colors,n148i_v2,jxl_e7,psnr_y_db,-13.115126644434493,True
111,saturated_desaturated_colors,n148i_v2,jxl_e7,psnr_y_db,-19.90093785492307,True
112,saturated_desaturated_colors,n148i_v2,jxl_e7,psnr_y_db,-6.139165052464646,True
113,saturated_desaturated_colors,n148i_v2,jxl_e7,psnr_y_db,-11.292479558282874,True
114,saturated_desaturated_colors,n148i_v2,jxl_e7,psnr_y_db,-5.8627537478710074,True
115,saturated_desaturated_colors,n148i_v2,jxl_e7,psnr_y_db,0.40492321302754153,True
116,saturated_desaturated_colors,n148i_v2,jxl_e7,psnr_y_db,-10.855818152321728,True
117,saturated_desaturated_colors,n148i_v2,jxl_e7,psnr_y_db,-21.59838692784821,True
118,saturated_desaturated_colors,n148i_v2,jxl_e7,psnr_y_db,-31.554762048283592,True
119,saturated_desaturated_colors,n148i_v2,jxl_e7,psnr_y_db,-16.501899434550516,True
120,saturated_desaturated_colors,n148i_v2,jxl_e7,psnr_y_db,-0.760839910914024,True
121,smooth_surfaces_gradients,n148i_v2,jxl_e7,psnr_y_db,-2.2429392719258257,True
122,urban_architecture,n148i_v2,jxl_e7,psnr_y_db,-12.787277432774324,True
123,smooth_surfaces_gradients,n148i_v2,jxl_e7,psnr_y_db,-3.721978367695078,True
124,urban_architecture,n148i_v2,jxl_e7,psnr_y_db,-11.549834550236493,True
125,fine_detail,n148i_v2,jxl_e7,psnr_y_db,-9.219011925695952,True
126,natural_landscapes,n148i_v2,jxl_e7,psnr_y_db,-3.316102462959525,True
127,urban_architecture,n148i_v2,jxl_e7,psnr_y_db,-12.761435230898666,True
128,text_sharp_edges,n148i_v2,jxl_e7,psnr_y_db,-16.96145144867923,True
129,text_sharp_edges,n148i_v2,jxl_e7,psnr_y_db,-5.577672619785245,True
130,natural_landscapes,n148i_v2,jxl_e7,psnr_y_db,-5.502084966116594,True
1,historical_portraits,n148i_v1,webp_m6,psnr_rgb_db,38.682037396768365,True
2,historical_portraits,n148i_v1,webp_m6,psnr_rgb_db,34.93696994362703,True
3,historical_portraits,n148i_v1,webp_m6,psnr_rgb_db,62.826337100486306,True
4,historical_portraits,n148i_v1,webp_m6,psnr_rgb_db,43.84040222378698,True
5,historical_portraits,n148i_v1,webp_m6,psnr_rgb_db,50.64279042966879,True
6,historical_portraits,n148i_v1,webp_m6,psnr_rgb_db,33.12284810497881,True
7,historical_portraits,n148i_v1,webp_m6,psnr_rgb_db,67.42716976568389,True
8,historical_portraits,n148i_v1,webp_m6,psnr_rgb_db,54.340614662655184,True
9,historical_portraits,n148i_v1,webp_m6,psnr_rgb_db,54.88840117253846,True
10,historical_portraits,n148i_v1,webp_m6,psnr_rgb_db,18.127270292406262,True
11,historical_portraits,n148i_v1,webp_m6,psnr_rgb_db,67.62603136490574,True
12,historical_portraits,n148i_v1,webp_m6,psnr_rgb_db,94.34058397768865,True
13,historical_portraits,n148i_v1,webp_m6,psnr_rgb_db,55.88867248615199,True
14,historical_portraits,n148i_v1,webp_m6,psnr_rgb_db,103.78687620068558,True
15,historical_portraits,n148i_v1,webp_m6,psnr_rgb_db,65.26576277912825,True
16,natural_landscapes,n148i_v1,webp_m6,psnr_rgb_db,58.36431160385165,True
17,natural_landscapes,n148i_v1,webp_m6,psnr_rgb_db,41.65110080242995,True
18,natural_landscapes,n148i_v1,webp_m6,psnr_rgb_db,54.91004628187264,True
19,natural_landscapes,n148i_v1,webp_m6,psnr_rgb_db,50.032196837309215,True
20,natural_landscapes,n148i_v1,webp_m6,psnr_rgb_db,44.871257877098984,True
21,natural_landscapes,n148i_v1,webp_m6,psnr_rgb_db,64.90033878912651,True
22,natural_landscapes,n148i_v1,webp_m6,psnr_rgb_db,43.995431997900965,True
23,natural_landscapes,n148i_v1,webp_m6,psnr_rgb_db,43.93569427345474,True
24,natural_landscapes,n148i_v1,webp_m6,psnr_rgb_db,45.11591981783347,True
25,natural_landscapes,n148i_v1,webp_m6,psnr_rgb_db,74.62551350302584,True
26,natural_landscapes,n148i_v1,webp_m6,psnr_rgb_db,45.535947198792435,True
27,natural_landscapes,n148i_v1,webp_m6,psnr_rgb_db,58.64499426003105,True
28,natural_landscapes,n148i_v1,webp_m6,psnr_rgb_db,44.22577573410362,True
29,natural_landscapes,n148i_v1,webp_m6,psnr_rgb_db,52.86567652380896,True
30,natural_landscapes,n148i_v1,webp_m6,psnr_rgb_db,42.218696906659446,True
31,urban_architecture,n148i_v1,webp_m6,psnr_rgb_db,57.67198973222476,True
32,urban_architecture,n148i_v1,webp_m6,psnr_rgb_db,70.0202178757368,True
33,urban_architecture,n148i_v1,webp_m6,psnr_rgb_db,50.12089701455324,True
34,urban_architecture,n148i_v1,webp_m6,psnr_rgb_db,71.15818597561207,True
35,urban_architecture,n148i_v1,webp_m6,psnr_rgb_db,64.61321805242481,True
36,urban_architecture,n148i_v1,webp_m6,psnr_rgb_db,64.86987045120848,True
37,urban_architecture,n148i_v1,webp_m6,psnr_rgb_db,54.657230412919525,True
38,urban_architecture,n148i_v1,webp_m6,psnr_rgb_db,46.83179266249016,True
39,urban_architecture,n148i_v1,webp_m6,psnr_rgb_db,50.42547286047405,True
40,urban_architecture,n148i_v1,webp_m6,psnr_rgb_db,53.315537633678154,True
41,urban_architecture,n148i_v1,webp_m6,psnr_rgb_db,72.1151032804818,True
42,urban_architecture,n148i_v1,webp_m6,psnr_rgb_db,67.9650666128085,True
43,urban_architecture,n148i_v1,webp_m6,psnr_rgb_db,56.34124550826893,True
44,urban_architecture,n148i_v1,webp_m6,psnr_rgb_db,27.68421328243469,True
45,urban_architecture,n148i_v1,webp_m6,psnr_rgb_db,53.65828280655434,True
46,high_frequency_textures,n148i_v1,webp_m6,psnr_rgb_db,43.4887055709233,True
47,high_frequency_textures,n148i_v1,webp_m6,psnr_rgb_db,47.437732578283565,True
48,high_frequency_textures,n148i_v1,webp_m6,psnr_rgb_db,33.38190381827268,True
49,high_frequency_textures,n148i_v1,webp_m6,psnr_rgb_db,27.137001192844235,True
50,high_frequency_textures,n148i_v1,webp_m6,psnr_rgb_db,20.629854275323623,True
51,high_frequency_textures,n148i_v1,webp_m6,psnr_rgb_db,43.54773675439796,True
52,high_frequency_textures,n148i_v1,webp_m6,psnr_rgb_db,43.71960631668015,True
53,high_frequency_textures,n148i_v1,webp_m6,psnr_rgb_db,32.222357508668466,True
54,high_frequency_textures,n148i_v1,webp_m6,psnr_rgb_db,25.56229529452354,True
55,high_frequency_textures,n148i_v1,webp_m6,psnr_rgb_db,24.706690070433357,True
56,high_frequency_textures,n148i_v1,webp_m6,psnr_rgb_db,45.07988029631935,True
57,high_frequency_textures,n148i_v1,webp_m6,psnr_rgb_db,24.11639473370495,True
58,high_frequency_textures,n148i_v1,webp_m6,psnr_rgb_db,51.46298906045978,True
59,high_frequency_textures,n148i_v1,webp_m6,psnr_rgb_db,37.93461681534338,True
60,high_frequency_textures,n148i_v1,webp_m6,psnr_rgb_db,42.861290184771136,True
61,smooth_surfaces_gradients,n148i_v1,webp_m6,psnr_rgb_db,45.779798812916475,True
62,smooth_surfaces_gradients,n148i_v1,webp_m6,psnr_rgb_db,50.247786361907565,True
63,smooth_surfaces_gradients,n148i_v1,webp_m6,psnr_rgb_db,60.256921858935655,True
64,smooth_surfaces_gradients,n148i_v1,webp_m6,psnr_rgb_db,45.18819594936727,True
65,smooth_surfaces_gradients,n148i_v1,webp_m6,psnr_rgb_db,51.83306073778113,True
66,smooth_surfaces_gradients,n148i_v1,webp_m6,psnr_rgb_db,36.96277410492712,True
67,smooth_surfaces_gradients,n148i_v1,webp_m6,psnr_rgb_db,41.93613065483361,True
68,smooth_surfaces_gradients,n148i_v1,webp_m6,psnr_rgb_db,52.21954275195526,True
69,smooth_surfaces_gradients,n148i_v1,webp_m6,psnr_rgb_db,45.96754306327697,True
70,smooth_surfaces_gradients,n148i_v1,webp_m6,psnr_rgb_db,48.166010619291576,True
71,smooth_surfaces_gradients,n148i_v1,webp_m6,psnr_rgb_db,80.9565562238335,True
72,smooth_surfaces_gradients,n148i_v1,webp_m6,psnr_rgb_db,53.89836497838385,True
73,smooth_surfaces_gradients,n148i_v1,webp_m6,psnr_rgb_db,62.55776433875966,True
74,smooth_surfaces_gradients,n148i_v1,webp_m6,psnr_rgb_db,77.46821734711591,True
75,smooth_surfaces_gradients,n148i_v1,webp_m6,psnr_rgb_db,63.71679410132873,True
76,fine_detail,n148i_v1,webp_m6,psnr_rgb_db,72.60897367417489,True
77,fine_detail,n148i_v1,webp_m6,psnr_rgb_db,43.38535942765134,True
78,fine_detail,n148i_v1,webp_m6,psnr_rgb_db,48.435398024344224,True
79,fine_detail,n148i_v1,webp_m6,psnr_rgb_db,43.13542549803451,True
80,fine_detail,n148i_v1,webp_m6,psnr_rgb_db,44.27928103730488,True
81,fine_detail,n148i_v1,webp_m6,psnr_rgb_db,26.350557795894545,True
82,fine_detail,n148i_v1,webp_m6,psnr_rgb_db,27.94125317082674,True
83,fine_detail,n148i_v1,webp_m6,psnr_rgb_db,71.02139988468528,True
84,fine_detail,n148i_v1,webp_m6,psnr_rgb_db,78.09986764925515,True
85,fine_detail,n148i_v1,webp_m6,psnr_rgb_db,30.47749038829013,True
86,fine_detail,n148i_v1,webp_m6,psnr_rgb_db,50.41888982642564,True
87,fine_detail,n148i_v1,webp_m6,psnr_rgb_db,50.5827042101187,True
88,fine_detail,n148i_v1,webp_m6,psnr_rgb_db,75.36137017671103,True
89,fine_detail,n148i_v1,webp_m6,psnr_rgb_db,55.39553272274509,True
90,fine_detail,n148i_v1,webp_m6,psnr_rgb_db,87.79049394363105,True
91,text_sharp_edges,n148i_v1,webp_m6,psnr_rgb_db,118.84391041026232,True
92,text_sharp_edges,n148i_v1,webp_m6,psnr_rgb_db,79.32608219254756,True
93,text_sharp_edges,n148i_v1,webp_m6,psnr_rgb_db,134.74196995157973,True
94,text_sharp_edges,n148i_v1,webp_m6,psnr_rgb_db,65.74153077695468,True
95,text_sharp_edges,n148i_v1,webp_m6,psnr_rgb_db,76.23090331533618,True
96,text_sharp_edges,n148i_v1,webp_m6,psnr_rgb_db,56.34487546396052,True
97,text_sharp_edges,n148i_v1,webp_m6,psnr_rgb_db,93.7247855244268,True
98,text_sharp_edges,n148i_v1,webp_m6,psnr_rgb_db,104.20533390685773,True
99,text_sharp_edges,n148i_v1,webp_m6,psnr_rgb_db,124.90411032573112,True
100,text_sharp_edges,n148i_v1,webp_m6,psnr_rgb_db,134.86974427749433,True
101,text_sharp_edges,n148i_v1,webp_m6,psnr_rgb_db,92.7781810159836,True
102,text_sharp_edges,n148i_v1,webp_m6,psnr_rgb_db,74.39266618404183,True
103,text_sharp_edges,n148i_v1,webp_m6,psnr_rgb_db,96.18426624861019,True
104,text_sharp_edges,n148i_v1,webp_m6,psnr_rgb_db,80.13864575878272,True
105,text_sharp_edges,n148i_v1,webp_m6,psnr_rgb_db,48.05681692463202,True
106,saturated_desaturated_colors,n148i_v1,webp_m6,psnr_rgb_db,62.16762108558949,True
107,saturated_desaturated_colors,n148i_v1,webp_m6,psnr_rgb_db,35.9827468210588,True
108,saturated_desaturated_colors,n148i_v1,webp_m6,psnr_rgb_db,62.17788471314769,True
109,saturated_desaturated_colors,n148i_v1,webp_m6,psnr_rgb_db,107.79233323712,True
110,saturated_desaturated_colors,n148i_v1,webp_m6,psnr_rgb_db,80.08875408207705,True
111,saturated_desaturated_colors,n148i_v1,webp_m6,psnr_rgb_db,81.53329455412086,True
112,saturated_desaturated_colors,n148i_v1,webp_m6,psnr_rgb_db,38.45313471035625,True
113,saturated_desaturated_colors,n148i_v1,webp_m6,psnr_rgb_db,81.86313475316823,True
114,saturated_desaturated_colors,n148i_v1,webp_m6,psnr_rgb_db,40.92975938158943,True
115,saturated_desaturated_colors,n148i_v1,webp_m6,psnr_rgb_db,32.09544663575645,True
116,saturated_desaturated_colors,n148i_v1,webp_m6,psnr_rgb_db,76.52206172751923,True
117,saturated_desaturated_colors,n148i_v1,webp_m6,psnr_rgb_db,117.33361608215472,True
118,saturated_desaturated_colors,n148i_v1,webp_m6,psnr_rgb_db,80.58031812868343,True
119,saturated_desaturated_colors,n148i_v1,webp_m6,psnr_rgb_db,70.25198174860738,True
120,saturated_desaturated_colors,n148i_v1,webp_m6,psnr_rgb_db,54.412889888142814,True
121,smooth_surfaces_gradients,n148i_v1,webp_m6,psnr_rgb_db,63.187665773548176,True
122,urban_architecture,n148i_v1,webp_m6,psnr_rgb_db,68.98463365586383,True
123,smooth_surfaces_gradients,n148i_v1,webp_m6,psnr_rgb_db,56.316469453172125,True
124,urban_architecture,n148i_v1,webp_m6,psnr_rgb_db,61.72388611894495,True
125,fine_detail,n148i_v1,webp_m6,psnr_rgb_db,65.1330000308769,True
126,natural_landscapes,n148i_v1,webp_m6,psnr_rgb_db,35.07021637558836,True
127,urban_architecture,n148i_v1,webp_m6,psnr_rgb_db,59.138423686161445,True
128,text_sharp_edges,n148i_v1,webp_m6,psnr_rgb_db,87.62594857820952,True
129,text_sharp_edges,n148i_v1,webp_m6,psnr_rgb_db,44.448128996799795,True
130,natural_landscapes,n148i_v1,webp_m6,psnr_rgb_db,41.34683834440687,True
1,historical_portraits,n148i_v2,webp_m6,psnr_rgb_db,-5.591494692617005,True
2,historical_portraits,n148i_v2,webp_m6,psnr_rgb_db,-20.77413229519307,True
3,historical_portraits,n148i_v2,webp_m6,psnr_rgb_db,0.6390353962739681,True
4,historical_portraits,n148i_v2,webp_m6,psnr_rgb_db,-5.516868071427917,True
5,historical_portraits,n148i_v2,webp_m6,psnr_rgb_db,-8.542744329472518,True
6,historical_portraits,n148i_v2,webp_m6,psnr_rgb_db,-8.292467097032741,True
7,historical_portraits,n148i_v2,webp_m6,psnr_rgb_db,0.7123083647543771,True
8,historical_portraits,n148i_v2,webp_m6,psnr_rgb_db,-10.457638780398316,True
9,historical_portraits,n148i_v2,webp_m6,psnr_rgb_db,-5.602377603834984,True
10,historical_portraits,n148i_v2,webp_m6,psnr_rgb_db,-23.10906703668214,True
11,historical_portraits,n148i_v2,webp_m6,psnr_rgb_db,-0.6923904272622128,True
12,historical_portraits,n148i_v2,webp_m6,psnr_rgb_db,-3.4757543603750385,True
13,historical_portraits,n148i_v2,webp_m6,psnr_rgb_db,-0.22306858993772494,True
14,historical_portraits,n148i_v2,webp_m6,psnr_rgb_db,-6.388477534538994,True
15,historical_portraits,n148i_v2,webp_m6,psnr_rgb_db,6.119800256380881,True
16,natural_landscapes,n148i_v2,webp_m6,psnr_rgb_db,2.5106387549487463,True
17,natural_landscapes,n148i_v2,webp_m6,psnr_rgb_db,-8.440735705947866,True
18,natural_landscapes,n148i_v2,webp_m6,psnr_rgb_db,-2.982299309795511,True
19,natural_landscapes,n148i_v2,webp_m6,psnr_rgb_db,-5.055433872006276,True
20,natural_landscapes,n148i_v2,webp_m6,psnr_rgb_db,-3.048781361139785,True
21,natural_landscapes,n148i_v2,webp_m6,psnr_rgb_db,-0.0901040110006246,True
22,natural_landscapes,n148i_v2,webp_m6,psnr_rgb_db,-8.291632831950224,True
23,natural_landscapes,n148i_v2,webp_m6,psnr_rgb_db,-4.8244572691555465,True
24,natural_landscapes,n148i_v2,webp_m6,psnr_rgb_db,-5.585356041912803,True
25,natural_landscapes,n148i_v2,webp_m6,psnr_rgb_db,-5.879556901691685,True
26,natural_landscapes,n148i_v2,webp_m6,psnr_rgb_db,0.026591950155241406,True
27,natural_landscapes,n148i_v2,webp_m6,psnr_rgb_db,-4.211182058524521,True
28,natural_landscapes,n148i_v2,webp_m6,psnr_rgb_db,-9.581476052550286,True
29,natural_landscapes,n148i_v2,webp_m6,psnr_rgb_db,-0.36452431978882815,True
30,natural_landscapes,n148i_v2,webp_m6,psnr_rgb_db,-11.553968534890501,True
31,urban_architecture,n148i_v2,webp_m6,psnr_rgb_db,2.234568232294021,True
32,urban_architecture,n148i_v2,webp_m6,psnr_rgb_db,-1.3534903345767124,True
33,urban_architecture,n148i_v2,webp_m6,psnr_rgb_db,-5.913131089127299,True
34,urban_architecture,n148i_v2,webp_m6,psnr_rgb_db,-2.6618723909787034,True
35,urban_architecture,n148i_v2,webp_m6,psnr_rgb_db,-1.185551544397745,True
36,urban_architecture,n148i_v2,webp_m6,psnr_rgb_db,4.7258402512187825,True
37,urban_architecture,n148i_v2,webp_m6,psnr_rgb_db,-8.566859020780893,True
38,urban_architecture,n148i_v2,webp_m6,psnr_rgb_db,-1.9937968245588245,True
39,urban_architecture,n148i_v2,webp_m6,psnr_rgb_db,-2.1305675295046234,True
40,urban_architecture,n148i_v2,webp_m6,psnr_rgb_db,-3.1749916749280183,True
41,urban_architecture,n148i_v2,webp_m6,psnr_rgb_db,5.275947545745718,True
42,urban_architecture,n148i_v2,webp_m6,psnr_rgb_db,3.4892051378163647,True
43,urban_architecture,n148i_v2,webp_m6,psnr_rgb_db,-4.284495311223813,True
44,urban_architecture,n148i_v2,webp_m6,psnr_rgb_db,-7.431026270065033,True
45,urban_architecture,n148i_v2,webp_m6,psnr_rgb_db,-3.5241899276425515,True
46,high_frequency_textures,n148i_v2,webp_m6,psnr_rgb_db,-5.339707221292434,True
47,high_frequency_textures,n148i_v2,webp_m6,psnr_rgb_db,-1.3867043426799341,True
48,high_frequency_textures,n148i_v2,webp_m6,psnr_rgb_db,-9.002515538621736,True
49,high_frequency_textures,n148i_v2,webp_m6,psnr_rgb_db,-9.686126480425672,True
50,high_frequency_textures,n148i_v2,webp_m6,psnr_rgb_db,-18.4522197770171,True
51,high_frequency_textures,n148i_v2,webp_m6,psnr_rgb_db,-2.4117672606184026,True
52,high_frequency_textures,n148i_v2,webp_m6,psnr_rgb_db,-0.14464470095265636,True
53,high_frequency_textures,n148i_v2,webp_m6,psnr_rgb_db,-6.491912341249673,True
54,high_frequency_textures,n148i_v2,webp_m6,psnr_rgb_db,-11.376274575359869,True
55,high_frequency_textures,n148i_v2,webp_m6,psnr_rgb_db,-12.92737120683115,True
56,high_frequency_textures,n148i_v2,webp_m6,psnr_rgb_db,-5.322137639926683,True
57,high_frequency_textures,n148i_v2,webp_m6,psnr_rgb_db,-10.84712810051175,True
58,high_frequency_textures,n148i_v2,webp_m6,psnr_rgb_db,-1.5189475663216934,True
59,high_frequency_textures,n148i_v2,webp_m6,psnr_rgb_db,-9.919629812549424,True
60,high_frequency_textures,n148i_v2,webp_m6,psnr_rgb_db,-7.759536200903449,True
61,smooth_surfaces_gradients,n148i_v2,webp_m6,psnr_rgb_db,-9.642811504651949,True
62,smooth_surfaces_gradients,n148i_v2,webp_m6,psnr_rgb_db,-14.4850500598947,True
63,smooth_surfaces_gradients,n148i_v2,webp_m6,psnr_rgb_db,-9.97955580785158,True
64,smooth_surfaces_gradients,n148i_v2,webp_m6,psnr_rgb_db,-5.415968105173741,True
65,smooth_surfaces_gradients,n148i_v2,webp_m6,psnr_rgb_db,-4.219372251774822,True
66,smooth_surfaces_gradients,n148i_v2,webp_m6,psnr_rgb_db,-12.989741484638373,True
67,smooth_surfaces_gradients,n148i_v2,webp_m6,psnr_rgb_db,-7.119445695481808,True
68,smooth_surfaces_gradients,n148i_v2,webp_m6,psnr_rgb_db,0.8756525857390063,True
69,smooth_surfaces_gradients,n148i_v2,webp_m6,psnr_rgb_db,-13.035593693880365,True
70,smooth_surfaces_gradients,n148i_v2,webp_m6,psnr_rgb_db,-7.006546600190122,True
71,smooth_surfaces_gradients,n148i_v2,webp_m6,psnr_rgb_db,1.147599710637981,True
72,smooth_surfaces_gradients,n148i_v2,webp_m6,psnr_rgb_db,-0.34212583553735465,True
73,smooth_surfaces_gradients,n148i_v2,webp_m6,psnr_rgb_db,-33.33976562152132,True
74,smooth_surfaces_gradients,n148i_v2,webp_m6,psnr_rgb_db,-1.8866273132683298,True
75,smooth_surfaces_gradients,n148i_v2,webp_m6,psnr_rgb_db,-11.40542682932143,True
76,fine_detail,n148i_v2,webp_m6,psnr_rgb_db,-1.1018286465694693,True
77,fine_detail,n148i_v2,webp_m6,psnr_rgb_db,-1.4695547534112174,True
78,fine_detail,n148i_v2,webp_m6,psnr_rgb_db,-1.0067508041932571,True
79,fine_detail,n148i_v2,webp_m6,psnr_rgb_db,-4.271605719543681,True
80,fine_detail,n148i_v2,webp_m6,psnr_rgb_db,-4.291026649869478,True
81,fine_detail,n148i_v2,webp_m6,psnr_rgb_db,-10.211565876169093,True
82,fine_detail,n148i_v2,webp_m6,psnr_rgb_db,-9.743995052018196,True
83,fine_detail,n148i_v2,webp_m6,psnr_rgb_db,1.6801603655098418,True
84,fine_detail,n148i_v2,webp_m6,psnr_rgb_db,-11.831519402175605,True
85,fine_detail,n148i_v2,webp_m6,psnr_rgb_db,-6.223658096498863,True
86,fine_detail,n148i_v2,webp_m6,psnr_rgb_db,-2.8437984309910846,True
87,fine_detail,n148i_v2,webp_m6,psnr_rgb_db,0.6416176093662518,True
88,fine_detail,n148i_v2,webp_m6,psnr_rgb_db,-17.00228308007391,True
89,fine_detail,n148i_v2,webp_m6,psnr_rgb_db,-14.825782353076256,True
90,fine_detail,n148i_v2,webp_m6,psnr_rgb_db,-3.704214514009052,True
91,text_sharp_edges,n148i_v2,webp_m6,psnr_rgb_db,17.71577595982359,True
92,text_sharp_edges,n148i_v2,webp_m6,psnr_rgb_db,-2.792756294444243,True
93,text_sharp_edges,n148i_v2,webp_m6,psnr_rgb_db,13.605043025449426,True
94,text_sharp_edges,n148i_v2,webp_m6,psnr_rgb_db,-2.8595148281734595,True
95,text_sharp_edges,n148i_v2,webp_m6,psnr_rgb_db,9.781301787175757,True
96,text_sharp_edges,n148i_v2,webp_m6,psnr_rgb_db,1.2374860167439161,True
97,text_sharp_edges,n148i_v2,webp_m6,psnr_rgb_db,11.02114171980071,True
98,text_sharp_edges,n148i_v2,webp_m6,psnr_rgb_db,17.06423128209733,True
99,text_sharp_edges,n148i_v2,webp_m6,psnr_rgb_db,-6.729782754222713,True
100,text_sharp_edges,n148i_v2,webp_m6,psnr_rgb_db,18.572135693450377,True
101,text_sharp_edges,n148i_v2,webp_m6,psnr_rgb_db,-3.9921543764738443,True
102,text_sharp_edges,n148i_v2,webp_m6,psnr_rgb_db,2.8390212622087185,True
103,text_sharp_edges,n148i_v2,webp_m6,psnr_rgb_db,-0.40265848383445046,True
104,text_sharp_edges,n148i_v2,webp_m6,psnr_rgb_db,1.4992173089793726,True
105,text_sharp_edges,n148i_v2,webp_m6,psnr_rgb_db,-9.819757787168538,True
106,saturated_desaturated_colors,n148i_v2,webp_m6,psnr_rgb_db,-8.315578257426315,True
107,saturated_desaturated_colors,n148i_v2,webp_m6,psnr_rgb_db,-7.809360055252501,True
108,saturated_desaturated_colors,n148i_v2,webp_m6,psnr_rgb_db,-2.6069784854440115,True
109,saturated_desaturated_colors,n148i_v2,webp_m6,psnr_rgb_db,8.663281653713906,True
110,saturated_desaturated_colors,n148i_v2,webp_m6,psnr_rgb_db,7.603007453124078,True
111,saturated_desaturated_colors,n148i_v2,webp_m6,psnr_rgb_db,1.8206087811862837,True
112,saturated_desaturated_colors,n148i_v2,webp_m6,psnr_rgb_db,-5.276636806386503,True
113,saturated_desaturated_colors,n148i_v2,webp_m6,psnr_rgb_db,-7.7641529812688574,True
114,saturated_desaturated_colors,n148i_v2,webp_m6,psnr_rgb_db,-0.6391922264711747,True
115,saturated_desaturated_colors,n148i_v2,webp_m6,psnr_rgb_db,-6.892642226125711,True
116,saturated_desaturated_colors,n148i_v2,webp_m6,psnr_rgb_db,2.2200008943318306,True
117,saturated_desaturated_colors,n148i_v2,webp_m6,psnr_rgb_db,2.157025900058529,True
118,saturated_desaturated_colors,n148i_v2,webp_m6,psnr_rgb_db,-8.536386276559217,True
119,saturated_desaturated_colors,n148i_v2,webp_m6,psnr_rgb_db,-7.656333195336218,True
120,saturated_desaturated_colors,n148i_v2,webp_m6,psnr_rgb_db,-11.53528834687705,True
121,smooth_surfaces_gradients,n148i_v2,webp_m6,psnr_rgb_db,-4.497614148008367,True
122,urban_architecture,n148i_v2,webp_m6,psnr_rgb_db,1.7084941755967975,True
123,smooth_surfaces_gradients,n148i_v2,webp_m6,psnr_rgb_db,-6.327085360518126,True
124,urban_architecture,n148i_v2,webp_m6,psnr_rgb_db,-0.15837513741695508,True
125,fine_detail,n148i_v2,webp_m6,psnr_rgb_db,-1.7818028908422878,True
126,natural_landscapes,n148i_v2,webp_m6,psnr_rgb_db,-7.927644555395852,True
127,urban_architecture,n148i_v2,webp_m6,psnr_rgb_db,-4.805037036503734,True
128,text_sharp_edges,n148i_v2,webp_m6,psnr_rgb_db,0.9131212684796441,True
129,text_sharp_edges,n148i_v2,webp_m6,psnr_rgb_db,1.3045984092872942,True
130,natural_landscapes,n148i_v2,webp_m6,psnr_rgb_db,-6.2038158703,True
1,historical_portraits,jpeg_turbo,webp_m6,psnr_rgb_db,40.4743996717295,True
2,historical_portraits,jpeg_turbo,webp_m6,psnr_rgb_db,38.15470685842508,True
3,historical_portraits,jpeg_turbo,webp_m6,psnr_rgb_db,64.37061246756086,True
4,historical_portraits,jpeg_turbo,webp_m6,psnr_rgb_db,45.10269213474112,True
5,historical_portraits,jpeg_turbo,webp_m6,psnr_rgb_db,53.4965289407751,True
6,historical_portraits,jpeg_turbo,webp_m6,psnr_rgb_db,35.8059374870068,True
7,historical_portraits,jpeg_turbo,webp_m6,psnr_rgb_db,69.56664637850307,True
8,historical_portraits,jpeg_turbo,webp_m6,psnr_rgb_db,56.799008599863534,True
9,historical_portraits,jpeg_turbo,webp_m6,psnr_rgb_db,56.79859343949829,True
10,historical_portraits,jpeg_turbo,webp_m6,psnr_rgb_db,19.657810957598265,True
11,historical_portraits,jpeg_turbo,webp_m6,psnr_rgb_db,72.78470293165695,True
12,historical_portraits,jpeg_turbo,webp_m6,psnr_rgb_db,103.56876556420103,True
13,historical_portraits,jpeg_turbo,webp_m6,psnr_rgb_db,59.02140631142636,True
14,historical_portraits,jpeg_turbo,webp_m6,psnr_rgb_db,109.1882754835773,True
15,historical_portraits,jpeg_turbo,webp_m6,psnr_rgb_db,65.88697988899199,True
16,natural_landscapes,jpeg_turbo,webp_m6,psnr_rgb_db,61.224579383477426,True
17,natural_landscapes,jpeg_turbo,webp_m6,psnr_rgb_db,43.48926945955787,True
18,natural_landscapes,jpeg_turbo,webp_m6,psnr_rgb_db,58.47423858152414,True
19,natural_landscapes,jpeg_turbo,webp_m6,psnr_rgb_db,53.732235989970704,True
20,natural_landscapes,jpeg_turbo,webp_m6,psnr_rgb_db,46.37444128562049,True
21,natural_landscapes,jpeg_turbo,webp_m6,psnr_rgb_db,70.41888850976363,True
22,natural_landscapes,jpeg_turbo,webp_m6,psnr_rgb_db,46.586777481468374,True
23,natural_landscapes,jpeg_turbo,webp_m6,psnr_rgb_db,44.96976016195959,True
24,natural_landscapes,jpeg_turbo,webp_m6,psnr_rgb_db,49.32321802881883,True
25,natural_landscapes,jpeg_turbo,webp_m6,psnr_rgb_db,82.60301976191997,True
26,natural_landscapes,jpeg_turbo,webp_m6,psnr_rgb_db,47.26589619162929,True
27,natural_landscapes,jpeg_turbo,webp_m6,psnr_rgb_db,60.93776847367431,True
28,natural_landscapes,jpeg_turbo,webp_m6,psnr_rgb_db,49.63335118697718,True
29,natural_landscapes,jpeg_turbo,webp_m6,psnr_rgb_db,54.82824399010262,True
30,natural_landscapes,jpeg_turbo,webp_m6,psnr_rgb_db,46.21703153587007,True
31,urban_architecture,jpeg_turbo,webp_m6,psnr_rgb_db,59.544815044812815,True
32,urban_architecture,jpeg_turbo,webp_m6,psnr_rgb_db,72.6284891852969,True
33,urban_architecture,jpeg_turbo,webp_m6,psnr_rgb_db,53.50551736010169,True
34,urban_architecture,jpeg_turbo,webp_m6,psnr_rgb_db,74.80192738839149,True
35,urban_architecture,jpeg_turbo,webp_m6,psnr_rgb_db,67.17753119397258,True
36,urban_architecture,jpeg_turbo,webp_m6,psnr_rgb_db,67.32486281970927,True
37,urban_architecture,jpeg_turbo,webp_m6,psnr_rgb_db,56.73841888450089,True
38,urban_architecture,jpeg_turbo,webp_m6,psnr_rgb_db,48.964299405478485,True
39,urban_architecture,jpeg_turbo,webp_m6,psnr_rgb_db,52.10962840065603,True
40,urban_architecture,jpeg_turbo,webp_m6,psnr_rgb_db,55.22799309467621,True
41,urban_architecture,jpeg_turbo,webp_m6,psnr_rgb_db,75.81678076026354,True
42,urban_architecture,jpeg_turbo,webp_m6,psnr_rgb_db,69.91457254592007,True
43,urban_architecture,jpeg_turbo,webp_m6,psnr_rgb_db,59.61508702122378,True
44,urban_architecture,jpeg_turbo,webp_m6,psnr_rgb_db,28.457459151174124,True
45,urban_architecture,jpeg_turbo,webp_m6,psnr_rgb_db,55.6075032039786,True
46,high_frequency_textures,jpeg_turbo,webp_m6,psnr_rgb_db,45.07038349623802,True
47,high_frequency_textures,jpeg_turbo,webp_m6,psnr_rgb_db,48.64753390039795,True
48,high_frequency_textures,jpeg_turbo,webp_m6,psnr_rgb_db,34.44733664373367,True
49,high_frequency_textures,jpeg_turbo,webp_m6,psnr_rgb_db,29.72267998172402,True
50,high_frequency_textures,jpeg_turbo,webp_m6,psnr_rgb_db,22.062958951483136,True
51,high_frequency_textures,jpeg_turbo,webp_m6,psnr_rgb_db,44.9265683621235,True
52,high_frequency_textures,jpeg_turbo,webp_m6,psnr_rgb_db,44.81044331054307,True
53,high_frequency_textures,jpeg_turbo,webp_m6,psnr_rgb_db,33.23159387250818,True
54,high_frequency_textures,jpeg_turbo,webp_m6,psnr_rgb_db,26.675900712413746,True
55,high_frequency_textures,jpeg_turbo,webp_m6,psnr_rgb_db,26.913752812128088,True
56,high_frequency_textures,jpeg_turbo,webp_m6,psnr_rgb_db,46.63660558861851,True
57,high_frequency_textures,jpeg_turbo,webp_m6,psnr_rgb_db,25.350394137809108,True
58,high_frequency_textures,jpeg_turbo,webp_m6,psnr_rgb_db,52.71794484277408,True
59,high_frequency_textures,jpeg_turbo,webp_m6,psnr_rgb_db,40.7932614272482,True
60,high_frequency_textures,jpeg_turbo,webp_m6,psnr_rgb_db,45.87595409657737,True
61,smooth_surfaces_gradients,jpeg_turbo,webp_m6,psnr_rgb_db,54.77009321228454,True
62,smooth_surfaces_gradients,jpeg_turbo,webp_m6,psnr_rgb_db,58.73803312413559,True
63,smooth_surfaces_gradients,jpeg_turbo,webp_m6,psnr_rgb_db,64.18797857732885,True
64,smooth_surfaces_gradients,jpeg_turbo,webp_m6,psnr_rgb_db,47.17571428194769,True
65,smooth_surfaces_gradients,jpeg_turbo,webp_m6,psnr_rgb_db,54.2827791037745,True
66,smooth_surfaces_gradients,jpeg_turbo,webp_m6,psnr_rgb_db,40.869832536490435,True
67,smooth_surfaces_gradients,jpeg_turbo,webp_m6,psnr_rgb_db,45.23283976460053,True
68,smooth_surfaces_gradients,jpeg_turbo,webp_m6,psnr_rgb_db,52.64537798105773,True
69,smooth_surfaces_gradients,jpeg_turbo,webp_m6,psnr_rgb_db,51.11402382259842,True
70,smooth_surfaces_gradients,jpeg_turbo,webp_m6,psnr_rgb_db,51.313176345886305,True
71,smooth_surfaces_gradients,jpeg_turbo,webp_m6,psnr_rgb_db,89.72443591743371,True
72,smooth_surfaces_gradients,jpeg_turbo,webp_m6,psnr_rgb_db,55.87112853337839,True
73,smooth_surfaces_gradients,jpeg_turbo,webp_m6,psnr_rgb_db,86.20003804087789,True
74,smooth_surfaces_gradients,jpeg_turbo,webp_m6,psnr_rgb_db,84.14946064820465,True
75,smooth_surfaces_gradients,jpeg_turbo,webp_m6,psnr_rgb_db,75.9436109045316,True
76,fine_detail,jpeg_turbo,webp_m6,psnr_rgb_db,76.35932013453812,True
77,fine_detail,jpeg_turbo,webp_m6,psnr_rgb_db,44.779427822757214,True
78,fine_detail,jpeg_turbo,webp_m6,psnr_rgb_db,49.73166402917892,True
79,fine_detail,jpeg_turbo,webp_m6,psnr_rgb_db,43.94312605041546,True
80,fine_detail,jpeg_turbo,webp_m6,psnr_rgb_db,46.20915298769932,True
81,fine_detail,jpeg_turbo,webp_m6,psnr_rgb_db,28.750607788740524,True
82,fine_detail,jpeg_turbo,webp_m6,psnr_rgb_db,30.727004387110355,True
83,fine_detail,jpeg_turbo,webp_m6,psnr_rgb_db,73.43116603330849,True
84,fine_detail,jpeg_turbo,webp_m6,psnr_rgb_db,80.78466412924834,True
85,fine_detail,jpeg_turbo,webp_m6,psnr_rgb_db,31.47919131261783,True
86,fine_detail,jpeg_turbo,webp_m6,psnr_rgb_db,52.770417010451865,True
87,fine_detail,jpeg_turbo,webp_m6,psnr_rgb_db,51.709963250077266,True
88,fine_detail,jpeg_turbo,webp_m6,psnr_rgb_db,79.75913152650126,True
89,fine_detail,jpeg_turbo,webp_m6,psnr_rgb_db,56.78756597031658,True
90,fine_detail,jpeg_turbo,webp_m6,psnr_rgb_db,89.84526147635268,True
91,text_sharp_edges,jpeg_turbo,webp_m6,psnr_rgb_db,122.12089805696533,True
92,text_sharp_edges,jpeg_turbo,webp_m6,psnr_rgb_db,82.72154239941953,True
93,text_sharp_edges,jpeg_turbo,webp_m6,psnr_rgb_db,138.12799347000131,True
94,text_sharp_edges,jpeg_turbo,webp_m6,psnr_rgb_db,68.03244244951732,True
95,text_sharp_edges,jpeg_turbo,webp_m6,psnr_rgb_db,77.63707467753721,True
96,text_sharp_edges,jpeg_turbo,webp_m6,psnr_rgb_db,58.65513077187716,True
97,text_sharp_edges,jpeg_turbo,webp_m6,psnr_rgb_db,95.96411536409578,True
98,text_sharp_edges,jpeg_turbo,webp_m6,psnr_rgb_db,108.02370821511076,True
99,text_sharp_edges,jpeg_turbo,webp_m6,psnr_rgb_db,130.53250388899494,True
100,text_sharp_edges,jpeg_turbo,webp_m6,psnr_rgb_db,138.38024018550414,True
101,text_sharp_edges,jpeg_turbo,webp_m6,psnr_rgb_db,98.33085232152602,True
102,text_sharp_edges,jpeg_turbo,webp_m6,psnr_rgb_db,78.51329831123724,True
103,text_sharp_edges,jpeg_turbo,webp_m6,psnr_rgb_db,101.429311564649,True
104,text_sharp_edges,jpeg_turbo,webp_m6,psnr_rgb_db,84.31467848557483,True
105,text_sharp_edges,jpeg_turbo,webp_m6,psnr_rgb_db,51.082330000882756,True
106,saturated_desaturated_colors,jpeg_turbo,webp_m6,psnr_rgb_db,65.58331715695351,True
107,saturated_desaturated_colors,jpeg_turbo,webp_m6,psnr_rgb_db,37.09231077508861,True
108,saturated_desaturated_colors,jpeg_turbo,webp_m6,psnr_rgb_db,64.5199544084388,True
109,saturated_desaturated_colors,jpeg_turbo,webp_m6,psnr_rgb_db,117.52564635067068,True
110,saturated_desaturated_colors,jpeg_turbo,webp_m6,psnr_rgb_db,81.66469360947923,True
111,saturated_desaturated_colors,jpeg_turbo,webp_m6,psnr_rgb_db,82.922686801237,True
112,saturated_desaturated_colors,jpeg_turbo,webp_m6,psnr_rgb_db,40.076513162643664,True
113,saturated_desaturated_colors,jpeg_turbo,webp_m6,psnr_rgb_db,84.08994444871504,True
114,saturated_desaturated_colors,jpeg_turbo,webp_m6,psnr_rgb_db,42.06463818841544,True
115,saturated_desaturated_colors,jpeg_turbo,webp_m6,psnr_rgb_db,33.408808208943405,True
116,saturated_desaturated_colors,jpeg_turbo,webp_m6,psnr_rgb_db,82.7867279488609,True
117,saturated_desaturated_colors,jpeg_turbo,webp_m6,psnr_rgb_db,143.99929165747105,True
118,saturated_desaturated_colors,jpeg_turbo,webp_m6,psnr_rgb_db,84.33981673639299,True
119,saturated_desaturated_colors,jpeg_turbo,webp_m6,psnr_rgb_db,73.55161640267616,True
120,saturated_desaturated_colors,jpeg_turbo,webp_m6,psnr_rgb_db,56.90513671758035,True
121,smooth_surfaces_gradients,jpeg_turbo,webp_m6,psnr_rgb_db,68.57055845885792,True
122,urban_architecture,jpeg_turbo,webp_m6,psnr_rgb_db,72.61137490246466,True
123,smooth_surfaces_gradients,jpeg_turbo,webp_m6,psnr_rgb_db,62.97826906644743,True
124,urban_architecture,jpeg_turbo,webp_m6,psnr_rgb_db,65.38710293136623,True
125,fine_detail,jpeg_turbo,webp_m6,psnr_rgb_db,67.05462664599257,True
126,natural_landscapes,jpeg_turbo,webp_m6,psnr_rgb_db,36.96359681775583,True
127,urban_architecture,jpeg_turbo,webp_m6,psnr_rgb_db,61.61650041025941,True
128,text_sharp_edges,jpeg_turbo,webp_m6,psnr_rgb_db,90.3452988577533,True
129,text_sharp_edges,jpeg_turbo,webp_m6,psnr_rgb_db,45.63653108819652,True
130,natural_landscapes,jpeg_turbo,webp_m6,psnr_rgb_db,43.40420148664998,True
1,historical_portraits,webp_m4,webp_m6,psnr_rgb_db,2.089433087676995,True
2,historical_portraits,webp_m4,webp_m6,psnr_rgb_db,1.214026460155182,True
3,historical_portraits,webp_m4,webp_m6,psnr_rgb_db,1.9650167700878463,True
4,historical_portraits,webp_m4,webp_m6,psnr_rgb_db,2.2838273971376832,True
5,historical_portraits,webp_m4,webp_m6,psnr_rgb_db,3.9532512691158095,True
6,historical_portraits,webp_m4,webp_m6,psnr_rgb_db,2.1630451729503397,True
7,historical_portraits,webp_m4,webp_m6,psnr_rgb_db,3.359904910604672,True
8,historical_portraits,webp_m4,webp_m6,psnr_rgb_db,3.088418817216021,True
9,historical_portraits,webp_m4,webp_m6,psnr_rgb_db,3.331727489197389,True
10,historical_portraits,webp_m4,webp_m6,psnr_rgb_db,1.7184426227472072,True
11,historical_portraits,webp_m4,webp_m6,psnr_rgb_db,3.6019786234011697,True
12,historical_portraits,webp_m4,webp_m6,psnr_rgb_db,1.0968552620586491,True
13,historical_portraits,webp_m4,webp_m6,psnr_rgb_db,4.520845566715259,True
14,historical_portraits,webp_m4,webp_m6,psnr_rgb_db,3.1035311710246427,True
15,historical_portraits,webp_m4,webp_m6,psnr_rgb_db,1.300435826103108,True
16,natural_landscapes,webp_m4,webp_m6,psnr_rgb_db,2.8613301545212355,True
17,natural_landscapes,webp_m4,webp_m6,psnr_rgb_db,2.4914317468466063,True
18,natural_landscapes,webp_m4,webp_m6,psnr_rgb_db,2.9685683067653734,True
19,natural_landscapes,webp_m4,webp_m6,psnr_rgb_db,2.5626065619384963,True
20,natural_landscapes,webp_m4,webp_m6,psnr_rgb_db,1.9118640415441979,True
21,natural_landscapes,webp_m4,webp_m6,psnr_rgb_db,3.413593324937425,True
22,natural_landscapes,webp_m4,webp_m6,psnr_rgb_db,2.1809054044271248,True
23,natural_landscapes,webp_m4,webp_m6,psnr_rgb_db,1.1876207878589895,True
24,natural_landscapes,webp_m4,webp_m6,psnr_rgb_db,2.596669865552448,True
25,natural_landscapes,webp_m4,webp_m6,psnr_rgb_db,1.8178856852332892,True
26,natural_landscapes,webp_m4,webp_m6,psnr_rgb_db,2.1081907004356193,True
27,natural_landscapes,webp_m4,webp_m6,psnr_rgb_db,3.550077605795088,True
28,natural_landscapes,webp_m4,webp_m6,psnr_rgb_db,1.4035992099157513,True
29,natural_landscapes,webp_m4,webp_m6,psnr_rgb_db,3.744157690995742,True
30,natural_landscapes,webp_m4,webp_m6,psnr_rgb_db,0.6161506355489399,True
31,urban_architecture,webp_m4,webp_m6,psnr_rgb_db,2.5501952416109974,True
32,urban_architecture,webp_m4,webp_m6,psnr_rgb_db,3.2071894362407427,True
33,urban_architecture,webp_m4,webp_m6,psnr_rgb_db,4.3149677394392905,True
34,urban_architecture,webp_m4,webp_m6,psnr_rgb_db,3.7597628418376106,True
35,urban_architecture,webp_m4,webp_m6,psnr_rgb_db,2.5212963544453793,True
36,urban_architecture,webp_m4,webp_m6,psnr_rgb_db,2.6205811585757743,True
37,urban_architecture,webp_m4,webp_m6,psnr_rgb_db,1.897688340980852,True
38,urban_architecture,webp_m4,webp_m6,psnr_rgb_db,3.094074692277893,True
39,urban_architecture,webp_m4,webp_m6,psnr_rgb_db,2.1946030021607443,True
40,urban_architecture,webp_m4,webp_m6,psnr_rgb_db,2.591840173042459,True
41,urban_architecture,webp_m4,webp_m6,psnr_rgb_db,2.3308991916331623,True
42,urban_architecture,webp_m4,webp_m6,psnr_rgb_db,2.463679156841714,True
43,urban_architecture,webp_m4,webp_m6,psnr_rgb_db,1.440903624898704,True
44,urban_architecture,webp_m4,webp_m6,psnr_rgb_db,1.4008637567017868,True
45,urban_architecture,webp_m4,webp_m6,psnr_rgb_db,2.4129404571378243,True
46,high_frequency_textures,webp_m4,webp_m6,psnr_rgb_db,1.256562429657171,True
47,high_frequency_textures,webp_m4,webp_m6,psnr_rgb_db,-0.1328675420571801,True
48,high_frequency_textures,webp_m4,webp_m6,psnr_rgb_db,2.0191996630390063,True
49,high_frequency_textures,webp_m4,webp_m6,psnr_rgb_db,2.9012751816047455,True
50,high_frequency_textures,webp_m4,webp_m6,psnr_rgb_db,2.785838127619167,True
51,high_frequency_textures,webp_m4,webp_m6,psnr_rgb_db,0.9142879530031678,True
52,high_frequency_textures,webp_m4,webp_m6,psnr_rgb_db,1.1612444401994049,True
53,high_frequency_textures,webp_m4,webp_m6,psnr_rgb_db,1.8224614612586398,True
54,high_frequency_textures,webp_m4,webp_m6,psnr_rgb_db,1.3535733568994512,True
55,high_frequency_textures,webp_m4,webp_m6,psnr_rgb_db,2.365522122392605,True
56,high_frequency_textures,webp_m4,webp_m6,psnr_rgb_db,1.0047216686533744,True
57,high_frequency_textures,webp_m4,webp_m6,psnr_rgb_db,3.7578038204169495,True
58,high_frequency_textures,webp_m4,webp_m6,psnr_rgb_db,2.4610542336160224,True
59,high_frequency_textures,webp_m4,webp_m6,psnr_rgb_db,3.130084118640819,True
60,high_frequency_textures,webp_m4,webp_m6,psnr_rgb_db,2.8229784737813235,True
61,smooth_surfaces_gradients,webp_m4,webp_m6,psnr_rgb_db,0.957983891748504,True
62,smooth_surfaces_gradients,webp_m4,webp_m6,psnr_rgb_db,1.8328073714459547,True
63,smooth_surfaces_gradients,webp_m4,webp_m6,psnr_rgb_db,1.4895897631654664,True
64,smooth_surfaces_gradients,webp_m4,webp_m6,psnr_rgb_db,3.159111770322509,True
65,smooth_surfaces_gradients,webp_m4,webp_m6,psnr_rgb_db,1.8921969911277259,True
66,smooth_surfaces_gradients,webp_m4,webp_m6,psnr_rgb_db,3.387027452280411,True
67,smooth_surfaces_gradients,webp_m4,webp_m6,psnr_rgb_db,4.275409427766874,True
68,smooth_surfaces_gradients,webp_m4,webp_m6,psnr_rgb_db,1.8335704610884296,True
69,smooth_surfaces_gradients,webp_m4,webp_m6,psnr_rgb_db,2.188437203307747,True
70,smooth_surfaces_gradients,webp_m4,webp_m6,psnr_rgb_db,1.945885269702674,True
71,smooth_surfaces_gradients,webp_m4,webp_m6,psnr_rgb_db,2.0025645554322624,True
72,smooth_surfaces_gradients,webp_m4,webp_m6,psnr_rgb_db,2.0943949842611387,True
73,smooth_surfaces_gradients,webp_m4,webp_m6,psnr_rgb_db,0.7607824541631336,True
74,smooth_surfaces_gradients,webp_m4,webp_m6,psnr_rgb_db,2.679988818608403,True
75,smooth_surfaces_gradients,webp_m4,webp_m6,psnr_rgb_db,1.8891375443933267,True
76,fine_detail,webp_m4,webp_m6,psnr_rgb_db,2.896161670788122,True
77,fine_detail,webp_m4,webp_m6,psnr_rgb_db,2.8750168882296867,True
78,fine_detail,webp_m4,webp_m6,psnr_rgb_db,2.2952031240869974,True
79,fine_detail,webp_m4,webp_m6,psnr_rgb_db,2.360278542965588,True
80,fine_detail,webp_m4,webp_m6,psnr_rgb_db,2.5981193921281065,True
81,fine_detail,webp_m4,webp_m6,psnr_rgb_db,3.534320037254557,True
82,fine_detail,webp_m4,webp_m6,psnr_rgb_db,3.0907562341567996,True
83,fine_detail,webp_m4,webp_m6,psnr_rgb_db,2.928291072134548,True
84,fine_detail,webp_m4,webp_m6,psnr_rgb_db,2.7338911206467476,True
85,fine_detail,webp_m4,webp_m6,psnr_rgb_db,2.349040874103836,True
86,fine_detail,webp_m4,webp_m6,psnr_rgb_db,3.3531350674712357,True
87,fine_detail,webp_m4,webp_m6,psnr_rgb_db,2.459800490295816,True
88,fine_detail,webp_m4,webp_m6,psnr_rgb_db,2.267833074430836,True
89,fine_detail,webp_m4,webp_m6,psnr_rgb_db,4.440238880793679,True
90,fine_detail,webp_m4,webp_m6,psnr_rgb_db,2.279221471541737,True
91,text_sharp_edges,webp_m4,webp_m6,psnr_rgb_db,1.8527241673283124,True
92,text_sharp_edges,webp_m4,webp_m6,psnr_rgb_db,3.100828969611724,True
93,text_sharp_edges,webp_m4,webp_m6,psnr_rgb_db,1.6317799922698883,True
94,text_sharp_edges,webp_m4,webp_m6,psnr_rgb_db,2.3467160954713906,True
95,text_sharp_edges,webp_m4,webp_m6,psnr_rgb_db,1.6723632725545556,True
96,text_sharp_edges,webp_m4,webp_m6,psnr_rgb_db,1.3126062876410272,True
97,text_sharp_edges,webp_m4,webp_m6,psnr_rgb_db,1.0427791648325524,True
98,text_sharp_edges,webp_m4,webp_m6,psnr_rgb_db,2.6365886980674436,True
99,text_sharp_edges,webp_m4,webp_m6,psnr_rgb_db,-2.2846539506886865,True
100,text_sharp_edges,webp_m4,webp_m6,psnr_rgb_db,1.9739294673337904,True
101,text_sharp_edges,webp_m4,webp_m6,psnr_rgb_db,12.500391443476811,True
102,text_sharp_edges,webp_m4,webp_m6,psnr_rgb_db,3.6770880430464947,True
103,text_sharp_edges,webp_m4,webp_m6,psnr_rgb_db,1.4321716189205747,True
104,text_sharp_edges,webp_m4,webp_m6,psnr_rgb_db,2.6500711494974905,True
105,text_sharp_edges,webp_m4,webp_m6,psnr_rgb_db,3.1071229666097766,True
106,saturated_desaturated_colors,webp_m4,webp_m6,psnr_rgb_db,1.591926404788535,True
107,saturated_desaturated_colors,webp_m4,webp_m6,psnr_rgb_db,2.6873356384573555,True
108,saturated_desaturated_colors,webp_m4,webp_m6,psnr_rgb_db,2.230912624346937,True
109,saturated_desaturated_colors,webp_m4,webp_m6,psnr_rgb_db,3.988166169314389,True
110,saturated_desaturated_colors,webp_m4,webp_m6,psnr_rgb_db,2.092579050493981,True
111,saturated_desaturated_colors,webp_m4,webp_m6,psnr_rgb_db,2.144824429157488,True
112,saturated_desaturated_colors,webp_m4,webp_m6,psnr_rgb_db,4.02331001832259,True
113,saturated_desaturated_colors,webp_m4,webp_m6,psnr_rgb_db,1.2376446164745092,True
114,saturated_desaturated_colors,webp_m4,webp_m6,psnr_rgb_db,2.4239486574532787,True
115,saturated_desaturated_colors,webp_m4,webp_m6,psnr_rgb_db,2.906289330522105,True
116,saturated_desaturated_colors,webp_m4,webp_m6,psnr_rgb_db,5.652844839483873,True
117,saturated_desaturated_colors,webp_m4,webp_m6,psnr_rgb_db,1.019826074975172,True
118,saturated_desaturated_colors,webp_m4,webp_m6,psnr_rgb_db,1.3910911736686682,True
119,saturated_desaturated_colors,webp_m4,webp_m6,psnr_rgb_db,1.8113289165254232,True
120,saturated_desaturated_colors,webp_m4,webp_m6,psnr_rgb_db,1.8526408825882967,True
121,smooth_surfaces_gradients,webp_m4,webp_m6,psnr_rgb_db,3.10674976857388,True
122,urban_architecture,webp_m4,webp_m6,psnr_rgb_db,1.8089967631666592,True
123,smooth_surfaces_gradients,webp_m4,webp_m6,psnr_rgb_db,3.16121175497619,True
124,urban_architecture,webp_m4,webp_m6,psnr_rgb_db,3.600066350744613,True
125,fine_detail,webp_m4,webp_m6,psnr_rgb_db,2.773887833469546,True
126,natural_landscapes,webp_m4,webp_m6,psnr_rgb_db,2.3070186035365925,True
127,urban_architecture,webp_m4,webp_m6,psnr_rgb_db,2.236385437911159,True
128,text_sharp_edges,webp_m4,webp_m6,psnr_rgb_db,4.221435935575224,True
129,text_sharp_edges,webp_m4,webp_m6,psnr_rgb_db,1.0640124963491537,True
130,natural_landscapes,webp_m4,webp_m6,psnr_rgb_db,2.193556499541449,True
1,historical_portraits,webp_m6_historical,webp_m6,psnr_rgb_db,0.0,True
2,historical_portraits,webp_m6_historical,webp_m6,psnr_rgb_db,0.0,True
3,historical_portraits,webp_m6_historical,webp_m6,psnr_rgb_db,0.0,True
4,historical_portraits,webp_m6_historical,webp_m6,psnr_rgb_db,0.0,True
5,historical_portraits,webp_m6_historical,webp_m6,psnr_rgb_db,0.0,True
6,historical_portraits,webp_m6_historical,webp_m6,psnr_rgb_db,0.0,True
7,historical_portraits,webp_m6_historical,webp_m6,psnr_rgb_db,0.0,True
8,historical_portraits,webp_m6_historical,webp_m6,psnr_rgb_db,0.0,True
9,historical_portraits,webp_m6_historical,webp_m6,psnr_rgb_db,0.0,True
10,historical_portraits,webp_m6_historical,webp_m6,psnr_rgb_db,0.0,True
11,historical_portraits,webp_m6_historical,webp_m6,psnr_rgb_db,0.0,True
12,historical_portraits,webp_m6_historical,webp_m6,psnr_rgb_db,0.0,True
13,historical_portraits,webp_m6_historical,webp_m6,psnr_rgb_db,0.0,True
14,historical_portraits,webp_m6_historical,webp_m6,psnr_rgb_db,0.0,True
15,historical_portraits,webp_m6_historical,webp_m6,psnr_rgb_db,0.0,True
16,natural_landscapes,webp_m6_historical,webp_m6,psnr_rgb_db,0.0,True
17,natural_landscapes,webp_m6_historical,webp_m6,psnr_rgb_db,0.0,True
18,natural_landscapes,webp_m6_historical,webp_m6,psnr_rgb_db,0.0,True
19,natural_landscapes,webp_m6_historical,webp_m6,psnr_rgb_db,0.0,True
20,natural_landscapes,webp_m6_historical,webp_m6,psnr_rgb_db,0.0,True
21,natural_landscapes,webp_m6_historical,webp_m6,psnr_rgb_db,0.0,True
22,natural_landscapes,webp_m6_historical,webp_m6,psnr_rgb_db,0.0,True
23,natural_landscapes,webp_m6_historical,webp_m6,psnr_rgb_db,0.0,True
24,natural_landscapes,webp_m6_historical,webp_m6,psnr_rgb_db,0.0,True
25,natural_landscapes,webp_m6_historical,webp_m6,psnr_rgb_db,0.0,True
26,natural_landscapes,webp_m6_historical,webp_m6,psnr_rgb_db,0.0,True
27,natural_landscapes,webp_m6_historical,webp_m6,psnr_rgb_db,0.0,True
28,natural_landscapes,webp_m6_historical,webp_m6,psnr_rgb_db,0.0,True
29,natural_landscapes,webp_m6_historical,webp_m6,psnr_rgb_db,0.0,True
30,natural_landscapes,webp_m6_historical,webp_m6,psnr_rgb_db,0.0,True
31,urban_architecture,webp_m6_historical,webp_m6,psnr_rgb_db,0.0,True
32,urban_architecture,webp_m6_historical,webp_m6,psnr_rgb_db,0.0,True
33,urban_architecture,webp_m6_historical,webp_m6,psnr_rgb_db,0.0,True
34,urban_architecture,webp_m6_historical,webp_m6,psnr_rgb_db,0.0,True
35,urban_architecture,webp_m6_historical,webp_m6,psnr_rgb_db,0.0,True
36,urban_architecture,webp_m6_historical,webp_m6,psnr_rgb_db,0.0,True
37,urban_architecture,webp_m6_historical,webp_m6,psnr_rgb_db,0.0,True
38,urban_architecture,webp_m6_historical,webp_m6,psnr_rgb_db,0.0,True
39,urban_architecture,webp_m6_historical,webp_m6,psnr_rgb_db,0.0,True
40,urban_architecture,webp_m6_historical,webp_m6,psnr_rgb_db,0.0,True
41,urban_architecture,webp_m6_historical,webp_m6,psnr_rgb_db,0.0,True
42,urban_architecture,webp_m6_historical,webp_m6,psnr_rgb_db,0.0,True
43,urban_architecture,webp_m6_historical,webp_m6,psnr_rgb_db,0.0,True
44,urban_architecture,webp_m6_historical,webp_m6,psnr_rgb_db,0.0,True
45,urban_architecture,webp_m6_historical,webp_m6,psnr_rgb_db,0.0,True
46,high_frequency_textures,webp_m6_historical,webp_m6,psnr_rgb_db,0.0,True
47,high_frequency_textures,webp_m6_historical,webp_m6,psnr_rgb_db,0.0,True
48,high_frequency_textures,webp_m6_historical,webp_m6,psnr_rgb_db,0.0,True
49,high_frequency_textures,webp_m6_historical,webp_m6,psnr_rgb_db,0.0,True
50,high_frequency_textures,webp_m6_historical,webp_m6,psnr_rgb_db,0.0,True
51,high_frequency_textures,webp_m6_historical,webp_m6,psnr_rgb_db,0.0,True
52,high_frequency_textures,webp_m6_historical,webp_m6,psnr_rgb_db,0.0,True
53,high_frequency_textures,webp_m6_historical,webp_m6,psnr_rgb_db,0.0,True
54,high_frequency_textures,webp_m6_historical,webp_m6,psnr_rgb_db,0.0,True
55,high_frequency_textures,webp_m6_historical,webp_m6,psnr_rgb_db,0.0,True
56,high_frequency_textures,webp_m6_historical,webp_m6,psnr_rgb_db,0.0,True
57,high_frequency_textures,webp_m6_historical,webp_m6,psnr_rgb_db,0.0,True
58,high_frequency_textures,webp_m6_historical,webp_m6,psnr_rgb_db,0.0,True
59,high_frequency_textures,webp_m6_historical,webp_m6,psnr_rgb_db,0.0,True
60,high_frequency_textures,webp_m6_historical,webp_m6,psnr_rgb_db,0.0,True
61,smooth_surfaces_gradients,webp_m6_historical,webp_m6,psnr_rgb_db,0.0,True
62,smooth_surfaces_gradients,webp_m6_historical,webp_m6,psnr_rgb_db,0.0,True
63,smooth_surfaces_gradients,webp_m6_historical,webp_m6,psnr_rgb_db,0.0,True
64,smooth_surfaces_gradients,webp_m6_historical,webp_m6,psnr_rgb_db,0.0,True
65,smooth_surfaces_gradients,webp_m6_historical,webp_m6,psnr_rgb_db,0.0,True
66,smooth_surfaces_gradients,webp_m6_historical,webp_m6,psnr_rgb_db,0.0,True
67,smooth_surfaces_gradients,webp_m6_historical,webp_m6,psnr_rgb_db,0.0,True
68,smooth_surfaces_gradients,webp_m6_historical,webp_m6,psnr_rgb_db,0.0,True
69,smooth_surfaces_gradients,webp_m6_historical,webp_m6,psnr_rgb_db,0.0,True
70,smooth_surfaces_gradients,webp_m6_historical,webp_m6,psnr_rgb_db,0.0,True
71,smooth_surfaces_gradients,webp_m6_historical,webp_m6,psnr_rgb_db,0.0,True
72,smooth_surfaces_gradients,webp_m6_historical,webp_m6,psnr_rgb_db,0.0,True
73,smooth_surfaces_gradients,webp_m6_historical,webp_m6,psnr_rgb_db,0.0,True
74,smooth_surfaces_gradients,webp_m6_historical,webp_m6,psnr_rgb_db,0.0,True
75,smooth_surfaces_gradients,webp_m6_historical,webp_m6,psnr_rgb_db,0.0,True
76,fine_detail,webp_m6_historical,webp_m6,psnr_rgb_db,0.0,True
77,fine_detail,webp_m6_historical,webp_m6,psnr_rgb_db,0.0,True
78,fine_detail,webp_m6_historical,webp_m6,psnr_rgb_db,0.0,True
79,fine_detail,webp_m6_historical,webp_m6,psnr_rgb_db,0.0,True
80,fine_detail,webp_m6_historical,webp_m6,psnr_rgb_db,0.0,True
81,fine_detail,webp_m6_historical,webp_m6,psnr_rgb_db,0.0,True
82,fine_detail,webp_m6_historical,webp_m6,psnr_rgb_db,0.0,True
83,fine_detail,webp_m6_historical,webp_m6,psnr_rgb_db,0.0,True
84,fine_detail,webp_m6_historical,webp_m6,psnr_rgb_db,0.0,True
85,fine_detail,webp_m6_historical,webp_m6,psnr_rgb_db,0.0,True
86,fine_detail,webp_m6_historical,webp_m6,psnr_rgb_db,0.0,True
87,fine_detail,webp_m6_historical,webp_m6,psnr_rgb_db,0.0,True
88,fine_detail,webp_m6_historical,webp_m6,psnr_rgb_db,0.0,True
89,fine_detail,webp_m6_historical,webp_m6,psnr_rgb_db,0.0,True
90,fine_detail,webp_m6_historical,webp_m6,psnr_rgb_db,0.0,True
91,text_sharp_edges,webp_m6_historical,webp_m6,psnr_rgb_db,0.0,True
92,text_sharp_edges,webp_m6_historical,webp_m6,psnr_rgb_db,0.0,True
93,text_sharp_edges,webp_m6_historical,webp_m6,psnr_rgb_db,0.0,True
94,text_sharp_edges,webp_m6_historical,webp_m6,psnr_rgb_db,0.0,True
95,text_sharp_edges,webp_m6_historical,webp_m6,psnr_rgb_db,0.0,True
96,text_sharp_edges,webp_m6_historical,webp_m6,psnr_rgb_db,0.0,True
97,text_sharp_edges,webp_m6_historical,webp_m6,psnr_rgb_db,0.0,True
98,text_sharp_edges,webp_m6_historical,webp_m6,psnr_rgb_db,0.0,True
99,text_sharp_edges,webp_m6_historical,webp_m6,psnr_rgb_db,0.0,True
100,text_sharp_edges,webp_m6_historical,webp_m6,psnr_rgb_db,0.0,True
101,text_sharp_edges,webp_m6_historical,webp_m6,psnr_rgb_db,0.0,True
102,text_sharp_edges,webp_m6_historical,webp_m6,psnr_rgb_db,0.0,True
103,text_sharp_edges,webp_m6_historical,webp_m6,psnr_rgb_db,0.0,True
104,text_sharp_edges,webp_m6_historical,webp_m6,psnr_rgb_db,0.0,True
105,text_sharp_edges,webp_m6_historical,webp_m6,psnr_rgb_db,0.0,True
106,saturated_desaturated_colors,webp_m6_historical,webp_m6,psnr_rgb_db,0.0,True
107,saturated_desaturated_colors,webp_m6_historical,webp_m6,psnr_rgb_db,0.0,True
108,saturated_desaturated_colors,webp_m6_historical,webp_m6,psnr_rgb_db,0.0,True
109,saturated_desaturated_colors,webp_m6_historical,webp_m6,psnr_rgb_db,0.0,True
110,saturated_desaturated_colors,webp_m6_historical,webp_m6,psnr_rgb_db,0.0,True
111,saturated_desaturated_colors,webp_m6_historical,webp_m6,psnr_rgb_db,0.0,True
112,saturated_desaturated_colors,webp_m6_historical,webp_m6,psnr_rgb_db,0.0,True
113,saturated_desaturated_colors,webp_m6_historical,webp_m6,psnr_rgb_db,0.0,True
114,saturated_desaturated_colors,webp_m6_historical,webp_m6,psnr_rgb_db,0.0,True
115,saturated_desaturated_colors,webp_m6_historical,webp_m6,psnr_rgb_db,0.0,True
116,saturated_desaturated_colors,webp_m6_historical,webp_m6,psnr_rgb_db,0.0,True
117,saturated_desaturated_colors,webp_m6_historical,webp_m6,psnr_rgb_db,0.0,True
118,saturated_desaturated_colors,webp_m6_historical,webp_m6,psnr_rgb_db,0.0,True
119,saturated_desaturated_colors,webp_m6_historical,webp_m6,psnr_rgb_db,0.0,True
120,saturated_desaturated_colors,webp_m6_historical,webp_m6,psnr_rgb_db,0.0,True
121,smooth_surfaces_gradients,webp_m6_historical,webp_m6,psnr_rgb_db,0.0,True
122,urban_architecture,webp_m6_historical,webp_m6,psnr_rgb_db,0.0,True
123,smooth_surfaces_gradients,webp_m6_historical,webp_m6,psnr_rgb_db,0.0,True
124,urban_architecture,webp_m6_historical,webp_m6,psnr_rgb_db,0.0,True
125,fine_detail,webp_m6_historical,webp_m6,psnr_rgb_db,0.0,True
126,natural_landscapes,webp_m6_historical,webp_m6,psnr_rgb_db,0.0,True
127,urban_architecture,webp_m6_historical,webp_m6,psnr_rgb_db,0.0,True
128,text_sharp_edges,webp_m6_historical,webp_m6,psnr_rgb_db,0.0,True
129,text_sharp_edges,webp_m6_historical,webp_m6,psnr_rgb_db,0.0,True
130,natural_landscapes,webp_m6_historical,webp_m6,psnr_rgb_db,0.0,True
1,historical_portraits,jxl_e3,webp_m6,psnr_rgb_db,1.2497409890612543,True
2,historical_portraits,jxl_e3,webp_m6,psnr_rgb_db,-2.846580434583035,True
3,historical_portraits,jxl_e3,webp_m6,psnr_rgb_db,29.46413395274925,True
4,historical_portraits,jxl_e3,webp_m6,psnr_rgb_db,-3.4784978392946253,True
5,historical_portraits,jxl_e3,webp_m6,psnr_rgb_db,17.467742888981164,True
6,historical_portraits,jxl_e3,webp_m6,psnr_rgb_db,0.7189554040408774,True
7,historical_portraits,jxl_e3,webp_m6,psnr_rgb_db,9.462842351064204,True
8,historical_portraits,jxl_e3,webp_m6,psnr_rgb_db,37.895594106029385,True
9,historical_portraits,jxl_e3,webp_m6,psnr_rgb_db,6.871036869922675,True
10,historical_portraits,jxl_e3,webp_m6,psnr_rgb_db,-12.438147767757224,True
11,historical_portraits,jxl_e3,webp_m6,psnr_rgb_db,12.073664363833014,True
12,historical_portraits,jxl_e3,webp_m6,psnr_rgb_db,30.422021744583173,True
13,historical_portraits,jxl_e3,webp_m6,psnr_rgb_db,-0.29262054588892195,True
14,historical_portraits,jxl_e3,webp_m6,psnr_rgb_db,9.129483717531661,True
15,historical_portraits,jxl_e3,webp_m6,psnr_rgb_db,23.60637751294048,True
16,natural_landscapes,jxl_e3,webp_m6,psnr_rgb_db,6.344098853642022,True
17,natural_landscapes,jxl_e3,webp_m6,psnr_rgb_db,18.56203799240086,True
18,natural_landscapes,jxl_e3,webp_m6,psnr_rgb_db,2.437483780160332,True
19,natural_landscapes,jxl_e3,webp_m6,psnr_rgb_db,-0.3937928252531808,True
20,natural_landscapes,jxl_e3,webp_m6,psnr_rgb_db,0.31572469029603756,True
21,natural_landscapes,jxl_e3,webp_m6,psnr_rgb_db,11.123973368338902,True
22,natural_landscapes,jxl_e3,webp_m6,psnr_rgb_db,19.43291934550393,True
23,natural_landscapes,jxl_e3,webp_m6,psnr_rgb_db,9.584531118739292,True
24,natural_landscapes,jxl_e3,webp_m6,psnr_rgb_db,2.9434481573510363,True
25,natural_landscapes,jxl_e3,webp_m6,psnr_rgb_db,12.21668831321483,True
26,natural_landscapes,jxl_e3,webp_m6,psnr_rgb_db,3.3051968157963074,True
27,natural_landscapes,jxl_e3,webp_m6,psnr_rgb_db,30.937557361309032,True
28,natural_landscapes,jxl_e3,webp_m6,psnr_rgb_db,2.075557430462327,True
29,natural_landscapes,jxl_e3,webp_m6,psnr_rgb_db,13.475928967699936,True
30,natural_landscapes,jxl_e3,webp_m6,psnr_rgb_db,3.675613936832134,True
31,urban_architecture,jxl_e3,webp_m6,psnr_rgb_db,28.062985225033987,True
32,urban_architecture,jxl_e3,webp_m6,psnr_rgb_db,14.539539662475963,True
33,urban_architecture,jxl_e3,webp_m6,psnr_rgb_db,5.5285076017749235,True
34,urban_architecture,jxl_e3,webp_m6,psnr_rgb_db,22.560887756074166,True
35,urban_architecture,jxl_e3,webp_m6,psnr_rgb_db,16.11547367599535,True
36,urban_architecture,jxl_e3,webp_m6,psnr_rgb_db,15.944942661158379,True
37,urban_architecture,jxl_e3,webp_m6,psnr_rgb_db,6.132911839066724,True
38,urban_architecture,jxl_e3,webp_m6,psnr_rgb_db,6.698387384826288,True
39,urban_architecture,jxl_e3,webp_m6,psnr_rgb_db,5.922861988128614,True
40,urban_architecture,jxl_e3,webp_m6,psnr_rgb_db,12.570256387815482,True
41,urban_architecture,jxl_e3,webp_m6,psnr_rgb_db,23.35190671247245,True
42,urban_architecture,jxl_e3,webp_m6,psnr_rgb_db,17.600134425657533,True
43,urban_architecture,jxl_e3,webp_m6,psnr_rgb_db,34.391661438103014,True
44,urban_architecture,jxl_e3,webp_m6,psnr_rgb_db,8.021062571659554,True
45,urban_architecture,jxl_e3,webp_m6,psnr_rgb_db,5.393239975524944,True
46,high_frequency_textures,jxl_e3,webp_m6,psnr_rgb_db,19.541008840483688,True
47,high_frequency_textures,jxl_e3,webp_m6,psnr_rgb_db,31.961058381823616,True
48,high_frequency_textures,jxl_e3,webp_m6,psnr_rgb_db,22.85747764497539,True
49,high_frequency_textures,jxl_e3,webp_m6,psnr_rgb_db,-11.18406986658652,True
50,high_frequency_textures,jxl_e3,webp_m6,psnr_rgb_db,-5.763782625909353,True
51,high_frequency_textures,jxl_e3,webp_m6,psnr_rgb_db,-0.8128792282097286,True
52,high_frequency_textures,jxl_e3,webp_m6,psnr_rgb_db,3.9114640786110266,True
53,high_frequency_textures,jxl_e3,webp_m6,psnr_rgb_db,-1.2754980039339503,True
54,high_frequency_textures,jxl_e3,webp_m6,psnr_rgb_db,-11.387504754292477,True
55,high_frequency_textures,jxl_e3,webp_m6,psnr_rgb_db,-7.243502433480298,True
56,high_frequency_textures,jxl_e3,webp_m6,psnr_rgb_db,-4.014965935283055,True
57,high_frequency_textures,jxl_e3,webp_m6,psnr_rgb_db,-10.992096680843666,True
58,high_frequency_textures,jxl_e3,webp_m6,psnr_rgb_db,24.347359067694097,True
59,high_frequency_textures,jxl_e3,webp_m6,psnr_rgb_db,22.03307027231145,True
60,high_frequency_textures,jxl_e3,webp_m6,psnr_rgb_db,17.478164397157435,True
61,smooth_surfaces_gradients,jxl_e3,webp_m6,psnr_rgb_db,0.23586573086431528,True
62,smooth_surfaces_gradients,jxl_e3,webp_m6,psnr_rgb_db,-3.06099813809414,True
63,smooth_surfaces_gradients,jxl_e3,webp_m6,psnr_rgb_db,6.590024044495557,True
64,smooth_surfaces_gradients,jxl_e3,webp_m6,psnr_rgb_db,7.399620900061699,True
65,smooth_surfaces_gradients,jxl_e3,webp_m6,psnr_rgb_db,13.719608043361276,True
66,smooth_surfaces_gradients,jxl_e3,webp_m6,psnr_rgb_db,-4.795870434792516,True
67,smooth_surfaces_gradients,jxl_e3,webp_m6,psnr_rgb_db,8.603798938496032,True
68,smooth_surfaces_gradients,jxl_e3,webp_m6,psnr_rgb_db,-2.373515607958687,True
69,smooth_surfaces_gradients,jxl_e3,webp_m6,psnr_rgb_db,-9.345401512260798,True
70,smooth_surfaces_gradients,jxl_e3,webp_m6,psnr_rgb_db,-2.8992007258772934,True
71,smooth_surfaces_gradients,jxl_e3,webp_m6,psnr_rgb_db,61.504196401568365,True
72,smooth_surfaces_gradients,jxl_e3,webp_m6,psnr_rgb_db,1.7283527369471807,True
73,smooth_surfaces_gradients,jxl_e3,webp_m6,psnr_rgb_db,1.3593622191444776,True
74,smooth_surfaces_gradients,jxl_e3,webp_m6,psnr_rgb_db,10.749422381054497,True
75,smooth_surfaces_gradients,jxl_e3,webp_m6,psnr_rgb_db,-3.6598563291529773,True
76,fine_detail,jxl_e3,webp_m6,psnr_rgb_db,105.95779938285412,True
77,fine_detail,jxl_e3,webp_m6,psnr_rgb_db,16.38963197063681,True
78,fine_detail,jxl_e3,webp_m6,psnr_rgb_db,15.582798933014308,True
79,fine_detail,jxl_e3,webp_m6,psnr_rgb_db,32.71493724962025,True
80,fine_detail,jxl_e3,webp_m6,psnr_rgb_db,-1.074568302084511,True
81,fine_detail,jxl_e3,webp_m6,psnr_rgb_db,-5.1103523063965595,True
82,fine_detail,jxl_e3,webp_m6,psnr_rgb_db,-7.392841374461456,True
83,fine_detail,jxl_e3,webp_m6,psnr_rgb_db,30.133908999849712,True
84,fine_detail,jxl_e3,webp_m6,psnr_rgb_db,18.77781846532718,True
85,fine_detail,jxl_e3,webp_m6,psnr_rgb_db,8.154971750454475,True
86,fine_detail,jxl_e3,webp_m6,psnr_rgb_db,-1.995086884799946,True
87,fine_detail,jxl_e3,webp_m6,psnr_rgb_db,37.864661195366864,True
88,fine_detail,jxl_e3,webp_m6,psnr_rgb_db,,False
89,fine_detail,jxl_e3,webp_m6,psnr_rgb_db,45.79005149403537,True
90,fine_detail,jxl_e3,webp_m6,psnr_rgb_db,85.87119690500546,True
91,text_sharp_edges,jxl_e3,webp_m6,psnr_rgb_db,62.53354846566843,True
92,text_sharp_edges,jxl_e3,webp_m6,psnr_rgb_db,20.015345428041442,True
93,text_sharp_edges,jxl_e3,webp_m6,psnr_rgb_db,109.11457674604867,True
94,text_sharp_edges,jxl_e3,webp_m6,psnr_rgb_db,26.32398835848622,True
95,text_sharp_edges,jxl_e3,webp_m6,psnr_rgb_db,31.936731132853936,True
96,text_sharp_edges,jxl_e3,webp_m6,psnr_rgb_db,13.454714140737112,True
97,text_sharp_edges,jxl_e3,webp_m6,psnr_rgb_db,43.2730368374572,True
98,text_sharp_edges,jxl_e3,webp_m6,psnr_rgb_db,40.589536424477934,True
99,text_sharp_edges,jxl_e3,webp_m6,psnr_rgb_db,31.93921384187235,True
100,text_sharp_edges,jxl_e3,webp_m6,psnr_rgb_db,117.43962614895209,True
101,text_sharp_edges,jxl_e3,webp_m6,psnr_rgb_db,15.532240654056096,True
102,text_sharp_edges,jxl_e3,webp_m6,psnr_rgb_db,20.48740477696951,True
103,text_sharp_edges,jxl_e3,webp_m6,psnr_rgb_db,32.767329439476576,True
104,text_sharp_edges,jxl_e3,webp_m6,psnr_rgb_db,36.133311057144304,True
105,text_sharp_edges,jxl_e3,webp_m6,psnr_rgb_db,9.782379030274079,True
106,saturated_desaturated_colors,jxl_e3,webp_m6,psnr_rgb_db,38.139777804550775,True
107,saturated_desaturated_colors,jxl_e3,webp_m6,psnr_rgb_db,119.2254221219673,True
108,saturated_desaturated_colors,jxl_e3,webp_m6,psnr_rgb_db,19.33998495607028,True
109,saturated_desaturated_colors,jxl_e3,webp_m6,psnr_rgb_db,50.417482231072476,True
110,saturated_desaturated_colors,jxl_e3,webp_m6,psnr_rgb_db,103.81733331959997,True
111,saturated_desaturated_colors,jxl_e3,webp_m6,psnr_rgb_db,62.2828762490947,True
112,saturated_desaturated_colors,jxl_e3,webp_m6,psnr_rgb_db,11.078109985292972,True
113,saturated_desaturated_colors,jxl_e3,webp_m6,psnr_rgb_db,99.11650935865698,True
114,saturated_desaturated_colors,jxl_e3,webp_m6,psnr_rgb_db,12.669407938467225,True
115,saturated_desaturated_colors,jxl_e3,webp_m6,psnr_rgb_db,-6.769075272562763,True
116,saturated_desaturated_colors,jxl_e3,webp_m6,psnr_rgb_db,13.222917136622602,True
117,saturated_desaturated_colors,jxl_e3,webp_m6,psnr_rgb_db,29.399895754005613,True
118,saturated_desaturated_colors,jxl_e3,webp_m6,psnr_rgb_db,80.23037311357679,True
119,saturated_desaturated_colors,jxl_e3,webp_m6,psnr_rgb_db,99.5433756491697,True
120,saturated_desaturated_colors,jxl_e3,webp_m6,psnr_rgb_db,82.75046207127545,True
121,smooth_surfaces_gradients,jxl_e3,webp_m6,psnr_rgb_db,6.584225323995341,True
122,urban_architecture,jxl_e3,webp_m6,psnr_rgb_db,25.33486408500636,True
123,smooth_surfaces_gradients,jxl_e3,webp_m6,psnr_rgb_db,2.6162355848693197,True
124,urban_architecture,jxl_e3,webp_m6,psnr_rgb_db,11.324191257491512,True
125,fine_detail,jxl_e3,webp_m6,psnr_rgb_db,14.564301444420135,True
126,natural_landscapes,jxl_e3,webp_m6,psnr_rgb_db,9.71511273934642,True
127,urban_architecture,jxl_e3,webp_m6,psnr_rgb_db,1.9679695490712135,True
128,text_sharp_edges,jxl_e3,webp_m6,psnr_rgb_db,31.481197361172274,True
129,text_sharp_edges,jxl_e3,webp_m6,psnr_rgb_db,8.33629849055837,True
130,natural_landscapes,jxl_e3,webp_m6,psnr_rgb_db,-0.837142009624936,True
1,historical_portraits,jxl_e7,webp_m6,psnr_rgb_db,-0.5866229612718543,True
2,historical_portraits,jxl_e7,webp_m6,psnr_rgb_db,-16.553997475027305,True
3,historical_portraits,jxl_e7,webp_m6,psnr_rgb_db,23.44203545187147,True
4,historical_portraits,jxl_e7,webp_m6,psnr_rgb_db,-1.9256984121181264,True
5,historical_portraits,jxl_e7,webp_m6,psnr_rgb_db,15.079411718644531,True
6,historical_portraits,jxl_e7,webp_m6,psnr_rgb_db,-2.0550819945066023,True
7,historical_portraits,jxl_e7,webp_m6,psnr_rgb_db,16.38128164373782,True
8,historical_portraits,jxl_e7,webp_m6,psnr_rgb_db,13.077746358638787,True
9,historical_portraits,jxl_e7,webp_m6,psnr_rgb_db,7.395398956576149,True
10,historical_portraits,jxl_e7,webp_m6,psnr_rgb_db,-28.198293940855066,True
11,historical_portraits,jxl_e7,webp_m6,psnr_rgb_db,3.0396609812363584,True
12,historical_portraits,jxl_e7,webp_m6,psnr_rgb_db,11.391662572180428,True
13,historical_portraits,jxl_e7,webp_m6,psnr_rgb_db,9.524734540369462,True
14,historical_portraits,jxl_e7,webp_m6,psnr_rgb_db,15.900949518309737,True
15,historical_portraits,jxl_e7,webp_m6,psnr_rgb_db,12.952138350557018,True
16,natural_landscapes,jxl_e7,webp_m6,psnr_rgb_db,12.806877675250728,True
17,natural_landscapes,jxl_e7,webp_m6,psnr_rgb_db,6.003767132572824,True
18,natural_landscapes,jxl_e7,webp_m6,psnr_rgb_db,6.927814793244358,True
19,natural_landscapes,jxl_e7,webp_m6,psnr_rgb_db,4.923591388877657,True
20,natural_landscapes,jxl_e7,webp_m6,psnr_rgb_db,2.8078933397158723,True
21,natural_landscapes,jxl_e7,webp_m6,psnr_rgb_db,13.544920229027868,True
22,natural_landscapes,jxl_e7,webp_m6,psnr_rgb_db,9.252274341438405,True
23,natural_landscapes,jxl_e7,webp_m6,psnr_rgb_db,-3.61870219667354,True
24,natural_landscapes,jxl_e7,webp_m6,psnr_rgb_db,8.73051578748283,True
25,natural_landscapes,jxl_e7,webp_m6,psnr_rgb_db,6.7745990763871555,True
26,natural_landscapes,jxl_e7,webp_m6,psnr_rgb_db,9.522639574516777,True
27,natural_landscapes,jxl_e7,webp_m6,psnr_rgb_db,7.8405855580478745,True
28,natural_landscapes,jxl_e7,webp_m6,psnr_rgb_db,0.9015814147080858,True
29,natural_landscapes,jxl_e7,webp_m6,psnr_rgb_db,15.144634745161746,True
30,natural_landscapes,jxl_e7,webp_m6,psnr_rgb_db,1.7650305168759317,True
31,urban_architecture,jxl_e7,webp_m6,psnr_rgb_db,21.530511886721815,True
32,urban_architecture,jxl_e7,webp_m6,psnr_rgb_db,17.941322534138603,True
33,urban_architecture,jxl_e7,webp_m6,psnr_rgb_db,8.933303450085383,True
34,urban_architecture,jxl_e7,webp_m6,psnr_rgb_db,34.88765343618563,True
35,urban_architecture,jxl_e7,webp_m6,psnr_rgb_db,14.917711240298882,True
36,urban_architecture,jxl_e7,webp_m6,psnr_rgb_db,16.164476576255925,True
37,urban_architecture,jxl_e7,webp_m6,psnr_rgb_db,-2.525380337467653,True
38,urban_architecture,jxl_e7,webp_m6,psnr_rgb_db,5.400379151516654,True
39,urban_architecture,jxl_e7,webp_m6,psnr_rgb_db,9.020539237937907,True
40,urban_architecture,jxl_e7,webp_m6,psnr_rgb_db,15.186657769762224,True
41,urban_architecture,jxl_e7,webp_m6,psnr_rgb_db,19.94896481157258,True
42,urban_architecture,jxl_e7,webp_m6,psnr_rgb_db,13.898623568034264,True
43,urban_architecture,jxl_e7,webp_m6,psnr_rgb_db,4.087051160527233,True
44,urban_architecture,jxl_e7,webp_m6,psnr_rgb_db,11.246833262545163,True
45,urban_architecture,jxl_e7,webp_m6,psnr_rgb_db,7.027886696180707,True
46,high_frequency_textures,jxl_e7,webp_m6,psnr_rgb_db,13.64340504404311,True
47,high_frequency_textures,jxl_e7,webp_m6,psnr_rgb_db,5.859432217139626,True
48,high_frequency_textures,jxl_e7,webp_m6,psnr_rgb_db,13.863326103658945,True
49,high_frequency_textures,jxl_e7,webp_m6,psnr_rgb_db,-9.44174226272565,True
50,high_frequency_textures,jxl_e7,webp_m6,psnr_rgb_db,-45.57302157541293,True
51,high_frequency_textures,jxl_e7,webp_m6,psnr_rgb_db,-0.44856711377146974,True
52,high_frequency_textures,jxl_e7,webp_m6,psnr_rgb_db,4.589734809608004,True
53,high_frequency_textures,jxl_e7,webp_m6,psnr_rgb_db,-2.4104628943630746,True
54,high_frequency_textures,jxl_e7,webp_m6,psnr_rgb_db,-9.62658242154445,True
55,high_frequency_textures,jxl_e7,webp_m6,psnr_rgb_db,-10.82433933931506,True
56,high_frequency_textures,jxl_e7,webp_m6,psnr_rgb_db,-3.2091311549095836,True
57,high_frequency_textures,jxl_e7,webp_m6,psnr_rgb_db,-12.979099740771494,True
58,high_frequency_textures,jxl_e7,webp_m6,psnr_rgb_db,27.687193357333516,True
59,high_frequency_textures,jxl_e7,webp_m6,psnr_rgb_db,11.244175166561998,True
60,high_frequency_textures,jxl_e7,webp_m6,psnr_rgb_db,17.39689599771559,True
61,smooth_surfaces_gradients,jxl_e7,webp_m6,psnr_rgb_db,-17.58414849469482,True
62,smooth_surfaces_gradients,jxl_e7,webp_m6,psnr_rgb_db,-23.85119371331562,True
63,smooth_surfaces_gradients,jxl_e7,webp_m6,psnr_rgb_db,-3.015373540086874,True
64,smooth_surfaces_gradients,jxl_e7,webp_m6,psnr_rgb_db,13.619300808667823,True
65,smooth_surfaces_gradients,jxl_e7,webp_m6,psnr_rgb_db,-2.2567449939797646,True
66,smooth_surfaces_gradients,jxl_e7,webp_m6,psnr_rgb_db,-3.095138994497093,True
67,smooth_surfaces_gradients,jxl_e7,webp_m6,psnr_rgb_db,-8.577155075538611,True
68,smooth_surfaces_gradients,jxl_e7,webp_m6,psnr_rgb_db,-6.880199926748154,True
69,smooth_surfaces_gradients,jxl_e7,webp_m6,psnr_rgb_db,-10.650656867016128,True
70,smooth_surfaces_gradients,jxl_e7,webp_m6,psnr_rgb_db,-11.335256031085539,True
71,smooth_surfaces_gradients,jxl_e7,webp_m6,psnr_rgb_db,30.92953598569743,True
72,smooth_surfaces_gradients,jxl_e7,webp_m6,psnr_rgb_db,7.344813951030793,True
73,smooth_surfaces_gradients,jxl_e7,webp_m6,psnr_rgb_db,-29.74694294697948,True
74,smooth_surfaces_gradients,jxl_e7,webp_m6,psnr_rgb_db,10.683544913850707,True
75,smooth_surfaces_gradients,jxl_e7,webp_m6,psnr_rgb_db,-15.673558019640122,True
76,fine_detail,jxl_e7,webp_m6,psnr_rgb_db,50.99381665293332,True
77,fine_detail,jxl_e7,webp_m6,psnr_rgb_db,17.287325336176895,True
78,fine_detail,jxl_e7,webp_m6,psnr_rgb_db,17.509988379644103,True
79,fine_detail,jxl_e7,webp_m6,psnr_rgb_db,25.48007970925008,True
80,fine_detail,jxl_e7,webp_m6,psnr_rgb_db,2.454205855342906,True
81,fine_detail,jxl_e7,webp_m6,psnr_rgb_db,-2.2147947660592915,True
82,fine_detail,jxl_e7,webp_m6,psnr_rgb_db,-22.147113750872016,True
83,fine_detail,jxl_e7,webp_m6,psnr_rgb_db,24.63110236434638,True
84,fine_detail,jxl_e7,webp_m6,psnr_rgb_db,17.104475086647476,True
85,fine_detail,jxl_e7,webp_m6,psnr_rgb_db,13.212303826277694,True
86,fine_detail,jxl_e7,webp_m6,psnr_rgb_db,2.824471676239737,True
87,fine_detail,jxl_e7,webp_m6,psnr_rgb_db,32.688696779592476,True
88,fine_detail,jxl_e7,webp_m6,psnr_rgb_db,230.64510429046535,True
89,fine_detail,jxl_e7,webp_m6,psnr_rgb_db,40.470284683689115,True
90,fine_detail,jxl_e7,webp_m6,psnr_rgb_db,52.816730664995085,True
91,text_sharp_edges,jxl_e7,webp_m6,psnr_rgb_db,38.29118535794858,True
92,text_sharp_edges,jxl_e7,webp_m6,psnr_rgb_db,6.759171010896203,True
93,text_sharp_edges,jxl_e7,webp_m6,psnr_rgb_db,82.2273346402038,True
94,text_sharp_edges,jxl_e7,webp_m6,psnr_rgb_db,20.20548899539807,True
95,text_sharp_edges,jxl_e7,webp_m6,psnr_rgb_db,22.304515655158298,True
96,text_sharp_edges,jxl_e7,webp_m6,psnr_rgb_db,13.43454822219401,True
97,text_sharp_edges,jxl_e7,webp_m6,psnr_rgb_db,26.09617020588186,True
98,text_sharp_edges,jxl_e7,webp_m6,psnr_rgb_db,33.53195675177303,True
99,text_sharp_edges,jxl_e7,webp_m6,psnr_rgb_db,7.093991117795162,True
100,text_sharp_edges,jxl_e7,webp_m6,psnr_rgb_db,52.71048431235581,True
101,text_sharp_edges,jxl_e7,webp_m6,psnr_rgb_db,5.240307729726212,True
102,text_sharp_edges,jxl_e7,webp_m6,psnr_rgb_db,13.240764113351311,True
103,text_sharp_edges,jxl_e7,webp_m6,psnr_rgb_db,32.84318743464863,True
104,text_sharp_edges,jxl_e7,webp_m6,psnr_rgb_db,25.98120995144262,True
105,text_sharp_edges,jxl_e7,webp_m6,psnr_rgb_db,1.3755515448585776,True
106,saturated_desaturated_colors,jxl_e7,webp_m6,psnr_rgb_db,25.673406605653938,True
107,saturated_desaturated_colors,jxl_e7,webp_m6,psnr_rgb_db,55.906982593262036,True
108,saturated_desaturated_colors,jxl_e7,webp_m6,psnr_rgb_db,20.445662838278555,True
109,saturated_desaturated_colors,jxl_e7,webp_m6,psnr_rgb_db,34.114000870299854,True
110,saturated_desaturated_colors,jxl_e7,webp_m6,psnr_rgb_db,45.25587318823945,True
111,saturated_desaturated_colors,jxl_e7,webp_m6,psnr_rgb_db,54.28429694059809,True
112,saturated_desaturated_colors,jxl_e7,webp_m6,psnr_rgb_db,14.549456327853182,True
113,saturated_desaturated_colors,jxl_e7,webp_m6,psnr_rgb_db,59.47676672740303,True
114,saturated_desaturated_colors,jxl_e7,webp_m6,psnr_rgb_db,10.261975192896777,True
115,saturated_desaturated_colors,jxl_e7,webp_m6,psnr_rgb_db,-6.843086510329021,True
116,saturated_desaturated_colors,jxl_e7,webp_m6,psnr_rgb_db,16.434235816918985,True
117,saturated_desaturated_colors,jxl_e7,webp_m6,psnr_rgb_db,34.837719705286354,True
118,saturated_desaturated_colors,jxl_e7,webp_m6,psnr_rgb_db,67.12759371405053,True
119,saturated_desaturated_colors,jxl_e7,webp_m6,psnr_rgb_db,81.45430076040981,True
120,saturated_desaturated_colors,jxl_e7,webp_m6,psnr_rgb_db,58.97688926197348,True
121,smooth_surfaces_gradients,jxl_e7,webp_m6,psnr_rgb_db,-16.670938674107372,True
122,urban_architecture,jxl_e7,webp_m6,psnr_rgb_db,24.232760243893935,True
123,smooth_surfaces_gradients,jxl_e7,webp_m6,psnr_rgb_db,-0.26440502286840806,True
124,urban_architecture,jxl_e7,webp_m6,psnr_rgb_db,11.064189124834535,True
125,fine_detail,jxl_e7,webp_m6,psnr_rgb_db,9.19334664381024,True
126,natural_landscapes,jxl_e7,webp_m6,psnr_rgb_db,10.689166422417395,True
127,urban_architecture,jxl_e7,webp_m6,psnr_rgb_db,8.568995871461183,True
128,text_sharp_edges,jxl_e7,webp_m6,psnr_rgb_db,31.253633779266753,True
129,text_sharp_edges,jxl_e7,webp_m6,psnr_rgb_db,9.640783803416264,True
130,natural_landscapes,jxl_e7,webp_m6,psnr_rgb_db,-2.676511412394167,True
1,historical_portraits,n148i_v2,n148i_v1,psnr_rgb_db,-33.424088721729575,True
2,historical_portraits,n148i_v2,n148i_v1,psnr_rgb_db,-41.56294060989121,True
3,historical_portraits,n148i_v2,n148i_v1,psnr_rgb_db,-37.17449490521961,True
4,historical_portraits,n148i_v2,n148i_v1,psnr_rgb_db,-35.95858690023667,True
5,historical_portraits,n148i_v2,n148i_v1,psnr_rgb_db,-39.492894315983804,True
6,historical_portraits,n148i_v2,n148i_v1,psnr_rgb_db,-31.144309395208758,True
7,historical_portraits,n148i_v2,n148i_v1,psnr_rgb_db,-38.88708241002223,True
8,historical_portraits,n148i_v2,n148i_v1,psnr_rgb_db,-41.16667916902242,True
9,historical_portraits,n148i_v2,n148i_v1,psnr_rgb_db,-40.27762543212277,True
10,historical_portraits,n148i_v2,n148i_v1,psnr_rgb_db,-32.947216000704785,True
11,historical_portraits,n148i_v2,n148i_v1,psnr_rgb_db,-40.666914620860226,True
12,historical_portraits,n148i_v2,n148i_v1,psnr_rgb_db,-50.54527615234201,True
13,historical_portraits,n148i_v2,n148i_v1,psnr_rgb_db,-36.124166178739245,True
14,historical_portraits,n148i_v2,n148i_v1,psnr_rgb_db,-54.184689766113635,True
15,historical_portraits,n148i_v2,n148i_v1,psnr_rgb_db,-35.653530960435866,True
16,natural_landscapes,n148i_v2,n148i_v1,psnr_rgb_db,-35.03931892627935,True
17,natural_landscapes,n148i_v2,n148i_v1,psnr_rgb_db,-35.28590807022467,True
18,natural_landscapes,n148i_v2,n148i_v1,psnr_rgb_db,-37.09949642668976,True
19,natural_landscapes,n148i_v2,n148i_v1,psnr_rgb_db,-36.564775400668296,True
20,natural_landscapes,n148i_v2,n148i_v1,psnr_rgb_db,-33.52747383344876,True
21,natural_landscapes,n148i_v2,n148i_v1,psnr_rgb_db,-38.92035426958918,True
22,natural_landscapes,n148i_v2,n148i_v1,psnr_rgb_db,-36.207895149349376,True
23,natural_landscapes,n148i_v2,n148i_v1,psnr_rgb_db,-32.998484676959684,True
24,natural_landscapes,n148i_v2,n148i_v1,psnr_rgb_db,-34.967625882396014,True
25,natural_landscapes,n148i_v2,n148i_v1,psnr_rgb_db,-45.81717974796344,True
26,natural_landscapes,n148i_v2,n148i_v1,psnr_rgb_db,-30.822138765087026,True
27,natural_landscapes,n148i_v2,n148i_v1,psnr_rgb_db,-39.06569717379488,True
28,natural_landscapes,n148i_v2,n148i_v1,psnr_rgb_db,-37.06315750939907,True
29,natural_landscapes,n148i_v2,n148i_v1,psnr_rgb_db,-34.59667026573143,True
30,natural_landscapes,n148i_v2,n148i_v1,psnr_rgb_db,-37.79637516931918,True
31,urban_architecture,n148i_v2,n148i_v1,psnr_rgb_db,-34.185461876360314,True
32,urban_architecture,n148i_v2,n148i_v1,psnr_rgb_db,-42.178252341389765,True
33,urban_architecture,n148i_v2,n148i_v1,psnr_rgb_db,-37.77338865881972,True
34,urban_architecture,n148i_v2,n148i_v1,psnr_rgb_db,-43.04347909183907,True
35,urban_architecture,n148i_v2,n148i_v1,psnr_rgb_db,-40.01673252059761,True
36,urban_architecture,n148i_v2,n148i_v1,psnr_rgb_db,-35.179082787914986,True
37,urban_architecture,n148i_v2,n148i_v1,psnr_rgb_db,-39.71930129929887,True
38,urban_architecture,n148i_v2,n148i_v1,psnr_rgb_db,-34.03808194184342,True
39,urban_architecture,n148i_v2,n148i_v1,psnr_rgb_db,-34.82794163826867,True
40,urban_architecture,n148i_v2,n148i_v1,psnr_rgb_db,-36.66752776850266,True
41,urban_architecture,n148i_v2,n148i_v1,psnr_rgb_db,-38.05089323524812,True
42,urban_architecture,n148i_v2,n148i_v1,psnr_rgb_db,-37.924775427203194,True
43,urban_architecture,n148i_v2,n148i_v1,psnr_rgb_db,-38.721675875766934,True
44,urban_architecture,n148i_v2,n148i_v1,psnr_rgb_db,-28.270961709668274,True
45,urban_architecture,n148i_v2,n148i_v1,psnr_rgb_db,-38.73682025059213,True
46,high_frequency_textures,n148i_v2,n148i_v1,psnr_rgb_db,-34.546329387692886,True
47,high_frequency_textures,n148i_v2,n148i_v1,psnr_rgb_db,-34.8224110739351,True
48,high_frequency_textures,n148i_v2,n148i_v1,psnr_rgb_db,-32.5160701483574,True
49,high_frequency_textures,n148i_v2,n148i_v1,psnr_rgb_db,-29.431293250214917,True
50,high_frequency_textures,n148i_v2,n148i_v1,psnr_rgb_db,-33.91667200067159,True
51,high_frequency_textures,n148i_v2,n148i_v1,psnr_rgb_db,-32.764495950711435,True
52,high_frequency_textures,n148i_v2,n148i_v1,psnr_rgb_db,-31.32823789105441,True
53,high_frequency_textures,n148i_v2,n148i_v1,psnr_rgb_db,-30.166130149479287,True
54,high_frequency_textures,n148i_v2,n148i_v1,psnr_rgb_db,-29.024681111604544,True
55,high_frequency_textures,n148i_v2,n148i_v1,psnr_rgb_db,-30.80084538143214,True
56,high_frequency_textures,n148i_v2,n148i_v1,psnr_rgb_db,-36.55894423964743,True
57,high_frequency_textures,n148i_v2,n148i_v1,psnr_rgb_db,-29.530017290271303,True
58,high_frequency_textures,n148i_v2,n148i_v1,psnr_rgb_db,-34.66952490058007,True
59,high_frequency_textures,n148i_v2,n148i_v1,psnr_rgb_db,-34.420031713964775,True
60,high_frequency_textures,n148i_v2,n148i_v1,psnr_rgb_db,-35.3664472420064,True
61,smooth_surfaces_gradients,n148i_v2,n148i_v1,psnr_rgb_db,-38.26705505896888,True
62,smooth_surfaces_gradients,n148i_v2,n148i_v1,psnr_rgb_db,-43.02384077420116,True
63,smooth_surfaces_gradients,n148i_v2,n148i_v1,psnr_rgb_db,-43.791777420007186,True
64,smooth_surfaces_gradients,n148i_v2,n148i_v1,psnr_rgb_db,-32.28813617496391,True
65,smooth_surfaces_gradients,n148i_v2,n148i_v1,psnr_rgb_db,-36.681484302469215,True
66,smooth_surfaces_gradients,n148i_v2,n148i_v1,psnr_rgb_db,-36.62299807814111,True
67,smooth_surfaces_gradients,n148i_v2,n148i_v1,psnr_rgb_db,-34.911033991381046,True
68,smooth_surfaces_gradients,n148i_v2,n148i_v1,psnr_rgb_db,-32.29149037268135,True
69,smooth_surfaces_gradients,n148i_v2,n148i_v1,psnr_rgb_db,-40.96956101820338,True
70,smooth_surfaces_gradients,n148i_v2,n148i_v1,psnr_rgb_db,-37.146722436319614,True
71,smooth_surfaces_gradients,n148i_v2,n148i_v1,psnr_rgb_db,-43.479889800407555,True
72,smooth_surfaces_gradients,n148i_v2,n148i_v1,psnr_rgb_db,-36.012986445210146,True
73,smooth_surfaces_gradients,n148i_v2,n148i_v1,psnr_rgb_db,-58.22641745463627,True
74,smooth_surfaces_gradients,n148i_v2,n148i_v1,psnr_rgb_db,-45.02788784346221,True
75,smooth_surfaces_gradients,n148i_v2,n148i_v1,psnr_rgb_db,-45.58998417324188,True
76,fine_detail,n148i_v2,n148i_v1,psnr_rgb_db,-42.220563295362176,True
77,fine_detail,n148i_v2,n148i_v1,psnr_rgb_db,-31.53906494493469,True
78,fine_detail,n148i_v2,n148i_v1,psnr_rgb_db,-33.29537129828829,True
79,fine_detail,n148i_v2,n148i_v1,psnr_rgb_db,-32.30431191748654,True
80,fine_detail,n148i_v2,n148i_v1,psnr_rgb_db,-34.0883849205311,True
81,fine_detail,n148i_v2,n148i_v1,psnr_rgb_db,-27.400950150732417,True
82,fine_detail,n148i_v2,n148i_v1,psnr_rgb_db,-30.22723524992994,True
83,fine_detail,n148i_v2,n148i_v1,psnr_rgb_db,-40.491940737523294,True
84,fine_detail,n148i_v2,n148i_v1,psnr_rgb_db,-50.39608274983649,True
85,fine_detail,n148i_v2,n148i_v1,psnr_rgb_db,-27.303388515758577,True
86,fine_detail,n148i_v2,n148i_v1,psnr_rgb_db,-35.397272303412855,True
87,fine_detail,n148i_v2,n148i_v1,psnr_rgb_db,-32.85491309001919,True
88,fine_detail,n148i_v2,n148i_v1,psnr_rgb_db,-52.05996234624492,True
89,fine_detail,n148i_v2,n148i_v1,psnr_rgb_db,-44.06489191070413,True
90,fine_detail,n148i_v2,n148i_v1,psnr_rgb_db,-46.51816083205058,True
91,text_sharp_edges,n148i_v2,n148i_v1,psnr_rgb_db,-44.8798310653017,True
92,text_sharp_edges,n148i_v2,n148i_v1,psnr_rgb_db,-45.81045892059207,True
93,text_sharp_edges,n148i_v2,n148i_v1,psnr_rgb_db,-50.490009786897886,True
94,text_sharp_edges,n148i_v2,n148i_v1,psnr_rgb_db,-42.1443512245258,True
95,text_sharp_edges,n148i_v2,n148i_v1,psnr_rgb_db,-37.05494400988909,True
96,text_sharp_edges,n148i_v2,n148i_v1,psnr_rgb_db,-36.60626874158454,True
97,text_sharp_edges,n148i_v2,n148i_v1,psnr_rgb_db,-41.77778555170259,True
98,text_sharp_edges,n148i_v2,n148i_v1,psnr_rgb_db,-39.85424412123499,True
99,text_sharp_edges,n148i_v2,n148i_v1,psnr_rgb_db,-58.53653752916652,True
100,text_sharp_edges,n148i_v2,n148i_v1,psnr_rgb_db,-47.81089705186585,True
101,text_sharp_edges,n148i_v2,n148i_v1,psnr_rgb_db,-50.154717452126164,True
102,text_sharp_edges,n148i_v2,n148i_v1,psnr_rgb_db,-40.47232459530106,True
103,text_sharp_edges,n148i_v2,n148i_v1,psnr_rgb_db,-47.93763541439403,True
104,text_sharp_edges,n148i_v2,n148i_v1,psnr_rgb_db,-43.33288028125636,True
105,text_sharp_edges,n148i_v2,n148i_v1,psnr_rgb_db,-38.93984921211384,True
106,saturated_desaturated_colors,n148i_v2,n148i_v1,psnr_rgb_db,-42.30606435576092,True
107,saturated_desaturated_colors,n148i_v2,n148i_v1,psnr_rgb_db,-34.47211267985707,True
108,saturated_desaturated_colors,n148i_v2,n148i_v1,psnr_rgb_db,-41.10315098856474,True
109,saturated_desaturated_colors,n148i_v2,n148i_v1,psnr_rgb_db,-46.61735348810529,True
110,saturated_desaturated_colors,n148i_v2,n148i_v1,psnr_rgb_db,-38.7967394584015,True
111,saturated_desaturated_colors,n148i_v2,n148i_v1,psnr_rgb_db,-41.181390231037994,True
112,saturated_desaturated_colors,n148i_v2,n148i_v1,psnr_rgb_db,-31.494302161811603,True
113,saturated_desaturated_colors,n148i_v2,n148i_v1,psnr_rgb_db,-47.61418456042039,True
114,saturated_desaturated_colors,n148i_v2,n148i_v1,psnr_rgb_db,-29.463621138333696,True
115,saturated_desaturated_colors,n148i_v2,n148i_v1,psnr_rgb_db,-29.82967993432437,True
116,saturated_desaturated_colors,n148i_v2,n148i_v1,psnr_rgb_db,-42.13155441960791,True
117,saturated_desaturated_colors,n148i_v2,n148i_v1,psnr_rgb_db,-52.487041377432206,True
118,saturated_desaturated_colors,n148i_v2,n148i_v1,psnr_rgb_db,-48.39226217849605,True
119,saturated_desaturated_colors,n148i_v2,n148i_v1,psnr_rgb_db,-45.06625278516597,True
120,saturated_desaturated_colors,n148i_v2,n148i_v1,psnr_rgb_db,-42.51136042735711,True
121,smooth_surfaces_gradients,n148i_v2,n148i_v1,psnr_rgb_db,-41.63396640058446,True
122,urban_architecture,n148i_v2,n148i_v1,psnr_rgb_db,-38.75257149388748,True
123,smooth_surfaces_gradients,n148i_v2,n148i_v1,psnr_rgb_db,-39.95902192855462,True
124,urban_architecture,n148i_v2,n148i_v1,psnr_rgb_db,-38.11717031732482,True
125,fine_detail,n148i_v2,n148i_v1,psnr_rgb_db,-40.73599241930851,True
126,natural_landscapes,n148i_v2,n148i_v1,psnr_rgb_db,-31.782521597078393,True
127,urban_architecture,n148i_v2,n148i_v1,psnr_rgb_db,-40.41279103854302,True
128,text_sharp_edges,n148i_v2,n148i_v1,psnr_rgb_db,-46.686764901352916,True
129,text_sharp_edges,n148i_v2,n148i_v1,psnr_rgb_db,-31.07720611260456,True
130,natural_landscapes,n148i_v2,n148i_v1,psnr_rgb_db,-35.410930371919314,True
1,historical_portraits,n148i_v2,jpeg_turbo,psnr_rgb_db,-34.325985105896784,True
2,historical_portraits,n148i_v2,jpeg_turbo,psnr_rgb_db,-42.92703803050891,True
3,historical_portraits,n148i_v2,jpeg_turbo,psnr_rgb_db,-37.76934839037555,True
4,historical_portraits,n148i_v2,jpeg_turbo,psnr_rgb_db,-36.5265762957826,True
5,historical_portraits,n148i_v2,jpeg_turbo,psnr_rgb_db,-40.615497320269476,True
6,historical_portraits,n148i_v2,jpeg_turbo,psnr_rgb_db,-32.524062998537005,True
7,historical_portraits,n148i_v2,jpeg_turbo,psnr_rgb_db,-39.66705843775466,True
8,historical_portraits,n148i_v2,jpeg_turbo,psnr_rgb_db,-42.21582472195953,True
9,historical_portraits,n148i_v2,jpeg_turbo,psnr_rgb_db,-41.0021881500956,True
10,historical_portraits,n148i_v2,jpeg_turbo,psnr_rgb_db,-33.80262868437287,True
11,historical_portraits,n148i_v2,jpeg_turbo,psnr_rgb_db,-42.45356165917976,True
12,historical_portraits,n148i_v2,jpeg_turbo,psnr_rgb_db,-52.85935960979098,True
13,historical_portraits,n148i_v2,jpeg_turbo,psnr_rgb_db,-37.3808292310586,True
14,historical_portraits,n148i_v2,jpeg_turbo,psnr_rgb_db,-55.3388176696023,True
15,historical_portraits,n148i_v2,jpeg_turbo,psnr_rgb_db,-35.90047714382405,True
16,natural_landscapes,n148i_v2,jpeg_turbo,psnr_rgb_db,-36.25124657938537,True
17,natural_landscapes,n148i_v2,jpeg_turbo,psnr_rgb_db,-36.131812729395996,True
18,natural_landscapes,n148i_v2,jpeg_turbo,psnr_rgb_db,-38.5276331788406,True
19,natural_landscapes,n148i_v2,jpeg_turbo,psnr_rgb_db,-38.08317733961615,True
20,natural_landscapes,n148i_v2,jpeg_turbo,psnr_rgb_db,-34.220330500502904,True
21,natural_landscapes,n148i_v2,jpeg_turbo,psnr_rgb_db,-40.94028235425966,True
22,natural_landscapes,n148i_v2,jpeg_turbo,psnr_rgb_db,-37.38907619077829,True
23,natural_landscapes,n148i_v2,jpeg_turbo,psnr_rgb_db,-33.48633989961788,True
24,natural_landscapes,n148i_v2,jpeg_turbo,psnr_rgb_db,-36.818551401951716,True
25,natural_landscapes,n148i_v2,jpeg_turbo,psnr_rgb_db,-48.19217126835912,True
26,natural_landscapes,n148i_v2,jpeg_turbo,psnr_rgb_db,-31.680912053690957,True
27,natural_landscapes,n148i_v2,jpeg_turbo,psnr_rgb_db,-39.96888212991293,True
28,natural_landscapes,n148i_v2,jpeg_turbo,psnr_rgb_db,-39.44709886875699,True
29,natural_landscapes,n148i_v2,jpeg_turbo,psnr_rgb_db,-35.44814893010205,True
30,natural_landscapes,n148i_v2,jpeg_turbo,psnr_rgb_db,-39.492378671081106,True
31,urban_architecture,n148i_v2,jpeg_turbo,psnr_rgb_db,-35.032189871205965,True
32,urban_architecture,n148i_v2,jpeg_turbo,psnr_rgb_db,-43.041088246093985,True
33,urban_architecture,n148i_v2,jpeg_turbo,psnr_rgb_db,-39.17356649950642,True
34,urban_architecture,n148i_v2,jpeg_turbo,psnr_rgb_db,-44.180467889116045,True
35,urban_architecture,n148i_v2,jpeg_turbo,psnr_rgb_db,-40.98242468482549,True
36,urban_architecture,n148i_v2,jpeg_turbo,psnr_rgb_db,-36.17809305210889,True
37,urban_architecture,n148i_v2,jpeg_turbo,psnr_rgb_db,-40.55703744404112,True
38,urban_architecture,n148i_v2,jpeg_turbo,psnr_rgb_db,-34.99753529579809,True
39,urban_architecture,n148i_v2,jpeg_turbo,psnr_rgb_db,-35.56735904667643,True
40,urban_architecture,n148i_v2,jpeg_turbo,psnr_rgb_db,-37.449925644976354,True
41,urban_architecture,n148i_v2,jpeg_turbo,psnr_rgb_db,-39.401638857263734,True
42,urban_architecture,n148i_v2,jpeg_turbo,psnr_rgb_db,-38.67795025149179,True
43,urban_architecture,n148i_v2,jpeg_turbo,psnr_rgb_db,-39.974949954893525,True
44,urban_architecture,n148i_v2,jpeg_turbo,psnr_rgb_db,-28.697601807782114,True
45,urban_architecture,n148i_v2,jpeg_turbo,psnr_rgb_db,-39.552834939698975,True
46,high_frequency_textures,n148i_v2,jpeg_turbo,psnr_rgb_db,-35.327478893066086,True
47,high_frequency_textures,n148i_v2,jpeg_turbo,psnr_rgb_db,-35.38266729183083,True
48,high_frequency_textures,n148i_v2,jpeg_turbo,psnr_rgb_db,-33.0677937768861,True
49,high_frequency_textures,n148i_v2,jpeg_turbo,psnr_rgb_db,-30.845568563976034,True
50,high_frequency_textures,n148i_v2,jpeg_turbo,psnr_rgb_db,-34.70418668392104,True
51,high_frequency_textures,n148i_v2,jpeg_turbo,psnr_rgb_db,-33.463715405126194,True
52,high_frequency_textures,n148i_v2,jpeg_turbo,psnr_rgb_db,-31.8712987208983,True
53,high_frequency_textures,n148i_v2,jpeg_turbo,psnr_rgb_db,-30.693330697577835,True
54,high_frequency_textures,n148i_v2,jpeg_turbo,psnr_rgb_db,-29.592371595725087,True
55,high_frequency_textures,n148i_v2,jpeg_turbo,psnr_rgb_db,-32.028948032097006,True
56,high_frequency_textures,n148i_v2,jpeg_turbo,psnr_rgb_db,-37.276067498957566,True
57,high_frequency_textures,n148i_v2,jpeg_turbo,psnr_rgb_db,-30.229126802345707,True
58,high_frequency_textures,n148i_v2,jpeg_turbo,psnr_rgb_db,-35.2383196576153,True
59,high_frequency_textures,n148i_v2,jpeg_turbo,psnr_rgb_db,-35.80923082479457,True
60,high_frequency_textures,n148i_v2,jpeg_turbo,psnr_rgb_db,-36.739829567651306,True
61,smooth_surfaces_gradients,n148i_v2,jpeg_turbo,psnr_rgb_db,-41.93163846308878,True
62,smooth_surfaces_gradients,n148i_v2,jpeg_turbo,psnr_rgb_db,-46.29242899953421,True
63,smooth_surfaces_gradients,n148i_v2,jpeg_turbo,psnr_rgb_db,-45.1892622038711,True
64,smooth_surfaces_gradients,n148i_v2,jpeg_turbo,psnr_rgb_db,-33.09073658469174,True
65,smooth_surfaces_gradients,n148i_v2,jpeg_turbo,psnr_rgb_db,-37.68653116888828,True
66,smooth_surfaces_gradients,n148i_v2,jpeg_turbo,psnr_rgb_db,-38.38178798076509,True
67,smooth_surfaces_gradients,n148i_v2,jpeg_turbo,psnr_rgb_db,-36.39941487942217,True
68,smooth_surfaces_gradients,n148i_v2,jpeg_turbo,psnr_rgb_db,-32.5244966527117,True
69,smooth_surfaces_gradients,n148i_v2,jpeg_turbo,psnr_rgb_db,-43.00409433357578,True
70,smooth_surfaces_gradients,n148i_v2,jpeg_turbo,psnr_rgb_db,-38.504775387027635,True
71,smooth_surfaces_gradients,n148i_v2,jpeg_turbo,psnr_rgb_db,-46.15594844777863,True
72,smooth_surfaces_gradients,n148i_v2,jpeg_turbo,psnr_rgb_db,-36.87886647623094,True
73,smooth_surfaces_gradients,n148i_v2,jpeg_turbo,psnr_rgb_db,-63.484242611634386,True
74,smooth_surfaces_gradients,n148i_v2,jpeg_turbo,psnr_rgb_db,-47.04522759524765,True
75,smooth_surfaces_gradients,n148i_v2,jpeg_turbo,psnr_rgb_db,-49.3560164995154,True
76,fine_detail,n148i_v2,jpeg_turbo,psnr_rgb_db,-43.452963547764234,True
77,fine_detail,n148i_v2,jpeg_turbo,psnr_rgb_db,-32.2072381331777,True
78,fine_detail,n148i_v2,jpeg_turbo,psnr_rgb_db,-33.90864003308594,True
79,fine_detail,n148i_v2,jpeg_turbo,psnr_rgb_db,-32.72116875403107,True
80,fine_detail,n148i_v2,jpeg_turbo,psnr_rgb_db,-34.958734782846214,True
81,fine_detail,n148i_v2,jpeg_turbo,psnr_rgb_db,-28.73480105302445,True
82,fine_detail,n148i_v2,jpeg_turbo,psnr_rgb_db,-31.743264446036225,True
83,fine_detail,n148i_v2,jpeg_turbo,psnr_rgb_db,-41.33080504934322,True
84,fine_detail,n148i_v2,jpeg_turbo,psnr_rgb_db,-51.15193365490458,True
85,fine_detail,n148i_v2,jpeg_turbo,psnr_rgb_db,-27.790897932421956,True
86,fine_detail,n148i_v2,jpeg_turbo,psnr_rgb_db,-36.469277664433655,True
87,fine_detail,n148i_v2,jpeg_turbo,psnr_rgb_db,-33.37211724996926,True
88,fine_detail,n148i_v2,jpeg_turbo,psnr_rgb_db,-53.24905438479712,True
89,fine_detail,n148i_v2,jpeg_turbo,psnr_rgb_db,-44.57658303800008,True
90,fine_detail,n148i_v2,jpeg_turbo,psnr_rgb_db,-47.19847857086534,True
91,text_sharp_edges,n148i_v2,jpeg_turbo,psnr_rgb_db,-45.729917972567826,True
92,text_sharp_edges,n148i_v2,jpeg_turbo,psnr_rgb_db,-46.83781870137488,True
93,text_sharp_edges,n148i_v2,jpeg_turbo,psnr_rgb_db,-51.29228709505122,True
94,text_sharp_edges,n148i_v2,jpeg_turbo,psnr_rgb_db,-42.95035535865964,True
95,text_sharp_edges,n148i_v2,jpeg_turbo,psnr_rgb_db,-37.56431939757613,True
96,text_sharp_edges,n148i_v2,jpeg_turbo,psnr_rgb_db,-37.561440443425155,True
97,text_sharp_edges,n148i_v2,jpeg_turbo,psnr_rgb_db,-42.45588348407495,True
98,text_sharp_edges,n148i_v2,jpeg_turbo,psnr_rgb_db,-41.08682135803136,True
99,text_sharp_edges,n148i_v2,jpeg_turbo,psnr_rgb_db,-59.59035797594983,True
100,text_sharp_edges,n148i_v2,jpeg_turbo,psnr_rgb_db,-48.627345111133934,True
101,text_sharp_edges,n148i_v2,jpeg_turbo,psnr_rgb_db,-51.618972809205374,True
102,text_sharp_edges,n148i_v2,jpeg_turbo,psnr_rgb_db,-41.86624126413845,True
103,text_sharp_edges,n148i_v2,jpeg_turbo,psnr_rgb_db,-49.28762195574625,True
104,text_sharp_edges,n148i_v2,jpeg_turbo,psnr_rgb_db,-44.59810352760356,True
105,text_sharp_edges,n148i_v2,jpeg_turbo,psnr_rgb_db,-40.159057385522836,True
106,saturated_desaturated_colors,n148i_v2,jpeg_turbo,psnr_rgb_db,-43.55248681614715,True
107,saturated_desaturated_colors,n148i_v2,jpeg_turbo,psnr_rgb_db,-34.99902406961291,True
108,saturated_desaturated_colors,n148i_v2,jpeg_turbo,psnr_rgb_db,-41.97693174882765,True
109,saturated_desaturated_colors,n148i_v2,jpeg_turbo,psnr_rgb_db,-49.1111671670017,True
110,saturated_desaturated_colors,n148i_v2,jpeg_turbo,psnr_rgb_db,-39.35368587051392,True
111,saturated_desaturated_colors,n148i_v2,jpeg_turbo,psnr_rgb_db,-41.842811682355915,True
112,saturated_desaturated_colors,n148i_v2,jpeg_turbo,psnr_rgb_db,-32.2854267689745,True
113,saturated_desaturated_colors,n148i_v2,jpeg_turbo,psnr_rgb_db,-48.35484719129334,True
114,saturated_desaturated_colors,n148i_v2,jpeg_turbo,psnr_rgb_db,-30.062793790872856,True
115,saturated_desaturated_colors,n148i_v2,jpeg_turbo,psnr_rgb_db,-30.520476085256554,True
116,saturated_desaturated_colors,n148i_v2,jpeg_turbo,psnr_rgb_db,-44.103985085359845,True
117,saturated_desaturated_colors,n148i_v2,jpeg_turbo,psnr_rgb_db,-57.58944110420754,True
118,saturated_desaturated_colors,n148i_v2,jpeg_turbo,psnr_rgb_db,-49.42803500628716,True
119,saturated_desaturated_colors,n148i_v2,jpeg_turbo,psnr_rgb_db,-46.11870451979261,True
120,saturated_desaturated_colors,n148i_v2,jpeg_turbo,psnr_rgb_db,-43.43042707100383,True
121,smooth_surfaces_gradients,n148i_v2,jpeg_turbo,psnr_rgb_db,-43.49716348065456,True
122,urban_architecture,n148i_v2,jpeg_turbo,psnr_rgb_db,-40.109566807289355,True
123,smooth_surfaces_gradients,n148i_v2,jpeg_turbo,psnr_rgb_db,-42.40790820003548,True
124,urban_architecture,n148i_v2,jpeg_turbo,psnr_rgb_db,-39.51475491793411,True
125,fine_detail,n148i_v2,jpeg_turbo,psnr_rgb_db,-41.40506614795919,True
126,natural_landscapes,n148i_v2,jpeg_turbo,psnr_rgb_db,-32.7243872670611,True
127,urban_architecture,n148i_v2,jpeg_turbo,psnr_rgb_db,-41.335433451950806,True
128,text_sharp_edges,n148i_v2,jpeg_turbo,psnr_rgb_db,-47.47341076893047,True
129,text_sharp_edges,n148i_v2,jpeg_turbo,psnr_rgb_db,-31.678781897118913,True
130,natural_landscapes,n148i_v2,jpeg_turbo,psnr_rgb_db,-36.357096479036024,True
1,historical_portraits,n148i_v2,webp_m4,psnr_rgb_db,-7.407909805951074,True
2,historical_portraits,n148i_v2,webp_m4,psnr_rgb_db,-21.743330202404476,True
3,historical_portraits,n148i_v2,webp_m4,psnr_rgb_db,-1.4470546772535342,True
4,historical_portraits,n148i_v2,webp_m4,psnr_rgb_db,-7.3008756394459144,True
5,historical_portraits,n148i_v2,webp_m4,psnr_rgb_db,-11.825324391793702,True
6,historical_portraits,n148i_v2,webp_m4,psnr_rgb_db,-10.284353053619855,True
7,historical_portraits,n148i_v2,webp_m4,psnr_rgb_db,-2.60471483986624,True
8,historical_portraits,n148i_v2,webp_m4,psnr_rgb_db,-13.31970534883502,True
9,historical_portraits,n148i_v2,webp_m4,psnr_rgb_db,-8.504603682918766,True
10,historical_portraits,n148i_v2,webp_m4,psnr_rgb_db,-24.450850298109174,True
11,historical_portraits,n148i_v2,webp_m4,psnr_rgb_db,-4.693283615290178,True
12,historical_portraits,n148i_v2,webp_m4,psnr_rgb_db,-5.505239208817514,True
13,historical_portraits,n148i_v2,webp_m4,psnr_rgb_db,-4.634184626686166,True
14,historical_portraits,n148i_v2,webp_m4,psnr_rgb_db,-9.435788512322707,True
15,historical_portraits,n148i_v2,webp_m4,psnr_rgb_db,4.781802908141675,True
16,natural_landscapes,n148i_v2,webp_m4,psnr_rgb_db,-0.3019884295781261,True
17,natural_landscapes,n148i_v2,webp_m4,psnr_rgb_db,-10.590633815296934,True
18,natural_landscapes,n148i_v2,webp_m4,psnr_rgb_db,-5.791836458989675,True
19,natural_landscapes,n148i_v2,webp_m4,psnr_rgb_db,-7.552049576109942,True
20,natural_landscapes,n148i_v2,webp_m4,psnr_rgb_db,-4.8037683162169165,True
21,natural_landscapes,n148i_v2,webp_m4,psnr_rgb_db,-3.559757675416575,True
22,natural_landscapes,n148i_v2,webp_m4,psnr_rgb_db,-10.074446638372493,True
23,natural_landscapes,n148i_v2,webp_m4,psnr_rgb_db,-6.042743298738129,True
24,natural_landscapes,n148i_v2,webp_m4,psnr_rgb_db,-7.899963958305345,True
25,natural_landscapes,n148i_v2,webp_m4,psnr_rgb_db,-7.705407343960724,True
26,natural_landscapes,n148i_v2,webp_m4,psnr_rgb_db,-2.0326826581819946,True
27,natural_landscapes,n148i_v2,webp_m4,psnr_rgb_db,-7.469808106091347,True
28,natural_landscapes,n148i_v2,webp_m4,psnr_rgb_db,-11.04451901434771,True
29,natural_landscapes,n148i_v2,webp_m4,psnr_rgb_db,-3.943420980425083,True
30,natural_landscapes,n148i_v2,webp_m4,psnr_rgb_db,-12.103660872124411,True
31,urban_architecture,n148i_v2,webp_m4,psnr_rgb_db,-0.3706986900896325,True
32,urban_architecture,n148i_v2,webp_m4,psnr_rgb_db,-4.620376428333106,True
33,urban_architecture,n148i_v2,webp_m4,psnr_rgb_db,-9.68288548025491,True
34,urban_architecture,n148i_v2,webp_m4,psnr_rgb_db,-6.295807025858624,True
35,urban_architecture,n148i_v2,webp_m4,psnr_rgb_db,-3.6062888482398248,True
36,urban_architecture,n148i_v2,webp_m4,psnr_rgb_db,1.9339719990602022,True
37,urban_architecture,n148i_v2,webp_m4,psnr_rgb_db,-10.425937061350886,True
38,urban_architecture,n148i_v2,webp_m4,psnr_rgb_db,-4.824952459753473,True
39,urban_architecture,n148i_v2,webp_m4,psnr_rgb_db,-4.172125681788719,True
40,urban_architecture,n148i_v2,webp_m4,psnr_rgb_db,-5.568572703459096,True
41,urban_architecture,n148i_v2,webp_m4,psnr_rgb_db,2.829348362813411,True
42,urban_architecture,n148i_v2,webp_m4,psnr_rgb_db,0.908834967253247,True
43,urban_architecture,n148i_v2,webp_m4,psnr_rgb_db,-5.6795592147704905,True
44,urban_architecture,n148i_v2,webp_m4,psnr_rgb_db,-8.847889896942295,True
45,urban_architecture,n148i_v2,webp_m4,psnr_rgb_db,-5.577640207503354,True
46,high_frequency_textures,n148i_v2,webp_m4,psnr_rgb_db,-6.287738105659624,True
47,high_frequency_textures,n148i_v2,webp_m4,psnr_rgb_db,-1.2209230963994955,True
48,high_frequency_textures,n148i_v2,webp_m4,psnr_rgb_db,-10.591917671062456,True
49,high_frequency_textures,n148i_v2,webp_m4,psnr_rgb_db,-12.028839723736507,True
50,high_frequency_textures,n148i_v2,webp_m4,psnr_rgb_db,-20.466981113461856,True
51,high_frequency_textures,n148i_v2,webp_m4,psnr_rgb_db,-3.067829109253406,True
52,high_frequency_textures,n148i_v2,webp_m4,psnr_rgb_db,-1.2205319766838585,True
53,high_frequency_textures,n148i_v2,webp_m4,psnr_rgb_db,-7.998803927471043,True
54,high_frequency_textures,n148i_v2,webp_m4,psnr_rgb_db,-12.717725151762881,True
55,high_frequency_textures,n148i_v2,webp_m4,psnr_rgb_db,-14.692706860614235,True
56,high_frequency_textures,n148i_v2,webp_m4,psnr_rgb_db,-5.852158967918609,True
57,high_frequency_textures,n148i_v2,webp_m4,psnr_rgb_db,-13.864433603824866,True
58,high_frequency_textures,n148i_v2,webp_m4,psnr_rgb_db,-3.8640246990576443,True
59,high_frequency_textures,n148i_v2,webp_m4,psnr_rgb_db,-12.641300325065274,True
60,high_frequency_textures,n148i_v2,webp_m4,psnr_rgb_db,-10.326063087123005,True
61,smooth_surfaces_gradients,n148i_v2,webp_m4,psnr_rgb_db,-10.5005548907682,True
62,smooth_surfaces_gradients,n148i_v2,webp_m4,psnr_rgb_db,-15.926874064541218,True
63,smooth_surfaces_gradients,n148i_v2,webp_m4,psnr_rgb_db,-11.422619907699271,True
64,smooth_surfaces_gradients,n148i_v2,webp_m4,psnr_rgb_db,-8.674146765360636,True
65,smooth_surfaces_gradients,n148i_v2,webp_m4,psnr_rgb_db,-5.983339598533544,True
66,smooth_surfaces_gradients,n148i_v2,webp_m4,psnr_rgb_db,-15.824794854558233,True
67,smooth_surfaces_gradients,n148i_v2,webp_m4,psnr_rgb_db,-10.753070935105203,True
68,smooth_surfaces_gradients,n148i_v2,webp_m4,psnr_rgb_db,-0.9605926719251645,True
69,smooth_surfaces_gradients,n148i_v2,webp_m4,psnr_rgb_db,-14.5638905974806,True
70,smooth_surfaces_gradients,n148i_v2,webp_m4,psnr_rgb_db,-8.751386719412512,True
71,smooth_surfaces_gradients,n148i_v2,webp_m4,psnr_rgb_db,-0.8739218331467513,True
72,smooth_surfaces_gradients,n148i_v2,webp_m4,psnr_rgb_db,-2.2915354435692814,True
73,smooth_surfaces_gradients,n148i_v2,webp_m4,psnr_rgb_db,-33.83217917206759,True
74,smooth_surfaces_gradients,n148i_v2,webp_m4,psnr_rgb_db,-4.763623407403738,True
75,smooth_surfaces_gradients,n148i_v2,webp_m4,psnr_rgb_db,-13.429639613206778,True
76,fine_detail,n148i_v2,webp_m4,psnr_rgb_db,-3.931295187878847,True
77,fine_detail,n148i_v2,webp_m4,psnr_rgb_db,-4.097344056455244,True
78,fine_detail,n148i_v2,webp_m4,psnr_rgb_db,-3.118137832547385,True
79,fine_detail,n148i_v2,webp_m4,psnr_rgb_db,-6.4912083150020505,True
80,fine_detail,n148i_v2,webp_m4,psnr_rgb_db,-6.6107152048470175,True
81,fine_detail,n148i_v2,webp_m4,psnr_rgb_db,-13.28862573141919,True
82,fine_detail,n148i_v2,webp_m4,psnr_rgb_db,-12.326239795997074,True
83,fine_detail,n148i_v2,webp_m4,psnr_rgb_db,-1.2627150105316232,True
84,fine_detail,n148i_v2,webp_m4,psnr_rgb_db,-14.188829741863584,True
85,fine_detail,n148i_v2,webp_m4,psnr_rgb_db,-8.59832064641245,True
86,fine_detail,n148i_v2,webp_m4,psnr_rgb_db,-5.809075831005838,True
87,fine_detail,n148i_v2,webp_m4,psnr_rgb_db,-1.7153616492535995,True
88,fine_detail,n148i_v2,webp_m4,psnr_rgb_db,-19.02335795758202,True
89,fine_detail,n148i_v2,webp_m4,psnr_rgb_db,-18.418962342137114,True
90,fine_detail,n148i_v2,webp_m4,psnr_rgb_db,-5.981746938928689,True
91,text_sharp_edges,n148i_v2,webp_m4,psnr_rgb_db,15.430746192974087,True
92,text_sharp_edges,n148i_v2,webp_m4,psnr_rgb_db,-5.558007634625217,True
93,text_sharp_edges,n148i_v2,webp_m4,psnr_rgb_db,11.356405709711726,True
94,text_sharp_edges,n148i_v2,webp_m4,psnr_rgb_db,-4.987061231219125,True
95,text_sharp_edges,n148i_v2,webp_m4,psnr_rgb_db,7.933473264083868,True
96,text_sharp_edges,n148i_v2,webp_m4,psnr_rgb_db,0.04652068810981902,True
97,text_sharp_edges,n148i_v2,webp_m4,psnr_rgb_db,9.816133806099048,True
98,text_sharp_edges,n148i_v2,webp_m4,psnr_rgb_db,13.732024426932266,True
99,text_sharp_edges,n148i_v2,webp_m4,psnr_rgb_db,-4.821679390987665,True
100,text_sharp_edges,n148i_v2,webp_m4,psnr_rgb_db,15.769829885138575,True
101,text_sharp_edges,n148i_v2,webp_m4,psnr_rgb_db,-14.785677607015968,True
102,text_sharp_edges,n148i_v2,webp_m4,psnr_rgb_db,-0.9640570454888975,True
103,text_sharp_edges,n148i_v2,webp_m4,psnr_rgb_db,-2.0459982018398937,True
104,text_sharp_edges,n148i_v2,webp_m4,psnr_rgb_db,-1.2107949274029028,True
105,text_sharp_edges,n148i_v2,webp_m4,psnr_rgb_db,-12.530848236019365,True
106,saturated_desaturated_colors,n148i_v2,webp_m4,psnr_rgb_db,-9.790268429711013,True
107,saturated_desaturated_colors,n148i_v2,webp_m4,psnr_rgb_db,-9.932897355800085,True
108,saturated_desaturated_colors,n148i_v2,webp_m4,psnr_rgb_db,-4.629006641953593,True
109,saturated_desaturated_colors,n148i_v2,webp_m4,psnr_rgb_db,3.2118185484284467,True
110,saturated_desaturated_colors,n148i_v2,webp_m4,psnr_rgb_db,5.278621796826655,True
111,saturated_desaturated_colors,n148i_v2,webp_m4,psnr_rgb_db,-0.46836670970029637,True
112,saturated_desaturated_colors,n148i_v2,webp_m4,psnr_rgb_db,-8.8956313748628,True
113,saturated_desaturated_colors,n148i_v2,webp_m4,psnr_rgb_db,-9.056482583910864,True
114,saturated_desaturated_colors,n148i_v2,webp_m4,psnr_rgb_db,-2.932816399021154,True
115,saturated_desaturated_colors,n148i_v2,webp_m4,psnr_rgb_db,-9.384072826002344,True
116,saturated_desaturated_colors,n148i_v2,webp_m4,psnr_rgb_db,-3.508544292212812,True
117,saturated_desaturated_colors,n148i_v2,webp_m4,psnr_rgb_db,0.33495214259460226,True
118,saturated_desaturated_colors,n148i_v2,webp_m4,psnr_rgb_db,-9.832180977311067,True
119,saturated_desaturated_colors,n148i_v2,webp_m4,psnr_rgb_db,-9.321921687164858,True
120,saturated_desaturated_colors,n148i_v2,webp_m4,psnr_rgb_db,-13.165095042103669,True
121,smooth_surfaces_gradients,n148i_v2,webp_m4,psnr_rgb_db,-7.367154888631822,True
122,urban_architecture,n148i_v2,webp_m4,psnr_rgb_db,-0.22629317490501233,True
123,smooth_surfaces_gradients,n148i_v2,webp_m4,psnr_rgb_db,-9.047021632685103,True
124,urban_architecture,n148i_v2,webp_m4,psnr_rgb_db,-3.5862642751147256,True
125,fine_detail,n148i_v2,webp_m4,psnr_rgb_db,-4.497715669157543,True
126,natural_landscapes,n148i_v2,webp_m4,psnr_rgb_db,-10.014236300109259,True
127,urban_architecture,n148i_v2,webp_m4,psnr_rgb_db,-6.7650597254908735,True
128,text_sharp_edges,n148i_v2,webp_m4,psnr_rgb_db,-3.158007363216253,True
129,text_sharp_edges,n148i_v2,webp_m4,psnr_rgb_db,0.24816928699358254,True
130,natural_landscapes,n148i_v2,webp_m4,psnr_rgb_db,-7.958842079627859,True
1,historical_portraits,n148i_v2,webp_m6_historical,psnr_rgb_db,-5.591494692617005,True
2,historical_portraits,n148i_v2,webp_m6_historical,psnr_rgb_db,-20.77413229519307,True
3,historical_portraits,n148i_v2,webp_m6_historical,psnr_rgb_db,0.6390353962739681,True
4,historical_portraits,n148i_v2,webp_m6_historical,psnr_rgb_db,-5.516868071427917,True
5,historical_portraits,n148i_v2,webp_m6_historical,psnr_rgb_db,-8.542744329472518,True
6,historical_portraits,n148i_v2,webp_m6_historical,psnr_rgb_db,-8.292467097032741,True
7,historical_portraits,n148i_v2,webp_m6_historical,psnr_rgb_db,0.7123083647543771,True
8,historical_portraits,n148i_v2,webp_m6_historical,psnr_rgb_db,-10.457638780398316,True
9,historical_portraits,n148i_v2,webp_m6_historical,psnr_rgb_db,-5.602377603834984,True
10,historical_portraits,n148i_v2,webp_m6_historical,psnr_rgb_db,-23.10906703668214,True
11,historical_portraits,n148i_v2,webp_m6_historical,psnr_rgb_db,-0.6923904272622128,True
12,historical_portraits,n148i_v2,webp_m6_historical,psnr_rgb_db,-3.4757543603750385,True
13,historical_portraits,n148i_v2,webp_m6_historical,psnr_rgb_db,-0.22306858993772494,True
14,historical_portraits,n148i_v2,webp_m6_historical,psnr_rgb_db,-6.388477534538994,True
15,historical_portraits,n148i_v2,webp_m6_historical,psnr_rgb_db,6.119800256380881,True
16,natural_landscapes,n148i_v2,webp_m6_historical,psnr_rgb_db,2.5106387549487463,True
17,natural_landscapes,n148i_v2,webp_m6_historical,psnr_rgb_db,-8.440735705947866,True
18,natural_landscapes,n148i_v2,webp_m6_historical,psnr_rgb_db,-2.982299309795511,True
19,natural_landscapes,n148i_v2,webp_m6_historical,psnr_rgb_db,-5.055433872006276,True
20,natural_landscapes,n148i_v2,webp_m6_historical,psnr_rgb_db,-3.048781361139785,True
21,natural_landscapes,n148i_v2,webp_m6_historical,psnr_rgb_db,-0.0901040110006246,True
22,natural_landscapes,n148i_v2,webp_m6_historical,psnr_rgb_db,-8.291632831950224,True
23,natural_landscapes,n148i_v2,webp_m6_historical,psnr_rgb_db,-4.8244572691555465,True
24,natural_landscapes,n148i_v2,webp_m6_historical,psnr_rgb_db,-5.585356041912803,True
25,natural_landscapes,n148i_v2,webp_m6_historical,psnr_rgb_db,-5.879556901691685,True
26,natural_landscapes,n148i_v2,webp_m6_historical,psnr_rgb_db,0.026591950155241406,True
27,natural_landscapes,n148i_v2,webp_m6_historical,psnr_rgb_db,-4.211182058524521,True
28,natural_landscapes,n148i_v2,webp_m6_historical,psnr_rgb_db,-9.581476052550286,True
29,natural_landscapes,n148i_v2,webp_m6_historical,psnr_rgb_db,-0.36452431978882815,True
30,natural_landscapes,n148i_v2,webp_m6_historical,psnr_rgb_db,-11.553968534890501,True
31,urban_architecture,n148i_v2,webp_m6_historical,psnr_rgb_db,2.234568232294021,True
32,urban_architecture,n148i_v2,webp_m6_historical,psnr_rgb_db,-1.3534903345767124,True
33,urban_architecture,n148i_v2,webp_m6_historical,psnr_rgb_db,-5.913131089127299,True
34,urban_architecture,n148i_v2,webp_m6_historical,psnr_rgb_db,-2.6618723909787034,True
35,urban_architecture,n148i_v2,webp_m6_historical,psnr_rgb_db,-1.185551544397745,True
36,urban_architecture,n148i_v2,webp_m6_historical,psnr_rgb_db,4.7258402512187825,True
37,urban_architecture,n148i_v2,webp_m6_historical,psnr_rgb_db,-8.566859020780893,True
38,urban_architecture,n148i_v2,webp_m6_historical,psnr_rgb_db,-1.9937968245588245,True
39,urban_architecture,n148i_v2,webp_m6_historical,psnr_rgb_db,-2.1305675295046234,True
40,urban_architecture,n148i_v2,webp_m6_historical,psnr_rgb_db,-3.1749916749280183,True
41,urban_architecture,n148i_v2,webp_m6_historical,psnr_rgb_db,5.275947545745718,True
42,urban_architecture,n148i_v2,webp_m6_historical,psnr_rgb_db,3.4892051378163647,True
43,urban_architecture,n148i_v2,webp_m6_historical,psnr_rgb_db,-4.284495311223813,True
44,urban_architecture,n148i_v2,webp_m6_historical,psnr_rgb_db,-7.431026270065033,True
45,urban_architecture,n148i_v2,webp_m6_historical,psnr_rgb_db,-3.5241899276425515,True
46,high_frequency_textures,n148i_v2,webp_m6_historical,psnr_rgb_db,-5.339707221292434,True
47,high_frequency_textures,n148i_v2,webp_m6_historical,psnr_rgb_db,-1.3867043426799341,True
48,high_frequency_textures,n148i_v2,webp_m6_historical,psnr_rgb_db,-9.002515538621736,True
49,high_frequency_textures,n148i_v2,webp_m6_historical,psnr_rgb_db,-9.686126480425672,True
50,high_frequency_textures,n148i_v2,webp_m6_historical,psnr_rgb_db,-18.4522197770171,True
51,high_frequency_textures,n148i_v2,webp_m6_historical,psnr_rgb_db,-2.4117672606184026,True
52,high_frequency_textures,n148i_v2,webp_m6_historical,psnr_rgb_db,-0.14464470095265636,True
53,high_frequency_textures,n148i_v2,webp_m6_historical,psnr_rgb_db,-6.491912341249673,True
54,high_frequency_textures,n148i_v2,webp_m6_historical,psnr_rgb_db,-11.376274575359869,True
55,high_frequency_textures,n148i_v2,webp_m6_historical,psnr_rgb_db,-12.92737120683115,True
56,high_frequency_textures,n148i_v2,webp_m6_historical,psnr_rgb_db,-5.322137639926683,True
57,high_frequency_textures,n148i_v2,webp_m6_historical,psnr_rgb_db,-10.84712810051175,True
58,high_frequency_textures,n148i_v2,webp_m6_historical,psnr_rgb_db,-1.5189475663216934,True
59,high_frequency_textures,n148i_v2,webp_m6_historical,psnr_rgb_db,-9.919629812549424,True
60,high_frequency_textures,n148i_v2,webp_m6_historical,psnr_rgb_db,-7.759536200903449,True
61,smooth_surfaces_gradients,n148i_v2,webp_m6_historical,psnr_rgb_db,-9.642811504651949,True
62,smooth_surfaces_gradients,n148i_v2,webp_m6_historical,psnr_rgb_db,-14.4850500598947,True
63,smooth_surfaces_gradients,n148i_v2,webp_m6_historical,psnr_rgb_db,-9.97955580785158,True
64,smooth_surfaces_gradients,n148i_v2,webp_m6_historical,psnr_rgb_db,-5.415968105173741,True
65,smooth_surfaces_gradients,n148i_v2,webp_m6_historical,psnr_rgb_db,-4.219372251774822,True
66,smooth_surfaces_gradients,n148i_v2,webp_m6_historical,psnr_rgb_db,-12.989741484638373,True
67,smooth_surfaces_gradients,n148i_v2,webp_m6_historical,psnr_rgb_db,-7.119445695481808,True
68,smooth_surfaces_gradients,n148i_v2,webp_m6_historical,psnr_rgb_db,0.8756525857390063,True
69,smooth_surfaces_gradients,n148i_v2,webp_m6_historical,psnr_rgb_db,-13.035593693880365,True
70,smooth_surfaces_gradients,n148i_v2,webp_m6_historical,psnr_rgb_db,-7.006546600190122,True
71,smooth_surfaces_gradients,n148i_v2,webp_m6_historical,psnr_rgb_db,1.147599710637981,True
72,smooth_surfaces_gradients,n148i_v2,webp_m6_historical,psnr_rgb_db,-0.34212583553735465,True
73,smooth_surfaces_gradients,n148i_v2,webp_m6_historical,psnr_rgb_db,-33.33976562152132,True
74,smooth_surfaces_gradients,n148i_v2,webp_m6_historical,psnr_rgb_db,-1.8866273132683298,True
75,smooth_surfaces_gradients,n148i_v2,webp_m6_historical,psnr_rgb_db,-11.40542682932143,True
76,fine_detail,n148i_v2,webp_m6_historical,psnr_rgb_db,-1.1018286465694693,True
77,fine_detail,n148i_v2,webp_m6_historical,psnr_rgb_db,-1.4695547534112174,True
78,fine_detail,n148i_v2,webp_m6_historical,psnr_rgb_db,-1.0067508041932571,True
79,fine_detail,n148i_v2,webp_m6_historical,psnr_rgb_db,-4.271605719543681,True
80,fine_detail,n148i_v2,webp_m6_historical,psnr_rgb_db,-4.291026649869478,True
81,fine_detail,n148i_v2,webp_m6_historical,psnr_rgb_db,-10.211565876169093,True
82,fine_detail,n148i_v2,webp_m6_historical,psnr_rgb_db,-9.743995052018196,True
83,fine_detail,n148i_v2,webp_m6_historical,psnr_rgb_db,1.6801603655098418,True
84,fine_detail,n148i_v2,webp_m6_historical,psnr_rgb_db,-11.831519402175605,True
85,fine_detail,n148i_v2,webp_m6_historical,psnr_rgb_db,-6.223658096498863,True
86,fine_detail,n148i_v2,webp_m6_historical,psnr_rgb_db,-2.8437984309910846,True
87,fine_detail,n148i_v2,webp_m6_historical,psnr_rgb_db,0.6416176093662518,True
88,fine_detail,n148i_v2,webp_m6_historical,psnr_rgb_db,-17.00228308007391,True
89,fine_detail,n148i_v2,webp_m6_historical,psnr_rgb_db,-14.825782353076256,True
90,fine_detail,n148i_v2,webp_m6_historical,psnr_rgb_db,-3.704214514009052,True
91,text_sharp_edges,n148i_v2,webp_m6_historical,psnr_rgb_db,17.71577595982359,True
92,text_sharp_edges,n148i_v2,webp_m6_historical,psnr_rgb_db,-2.792756294444243,True
93,text_sharp_edges,n148i_v2,webp_m6_historical,psnr_rgb_db,13.605043025449426,True
94,text_sharp_edges,n148i_v2,webp_m6_historical,psnr_rgb_db,-2.8595148281734595,True
95,text_sharp_edges,n148i_v2,webp_m6_historical,psnr_rgb_db,9.781301787175757,True
96,text_sharp_edges,n148i_v2,webp_m6_historical,psnr_rgb_db,1.2374860167439161,True
97,text_sharp_edges,n148i_v2,webp_m6_historical,psnr_rgb_db,11.02114171980071,True
98,text_sharp_edges,n148i_v2,webp_m6_historical,psnr_rgb_db,17.06423128209733,True
99,text_sharp_edges,n148i_v2,webp_m6_historical,psnr_rgb_db,-6.729782754222713,True
100,text_sharp_edges,n148i_v2,webp_m6_historical,psnr_rgb_db,18.572135693450377,True
101,text_sharp_edges,n148i_v2,webp_m6_historical,psnr_rgb_db,-3.9921543764738443,True
102,text_sharp_edges,n148i_v2,webp_m6_historical,psnr_rgb_db,2.8390212622087185,True
103,text_sharp_edges,n148i_v2,webp_m6_historical,psnr_rgb_db,-0.40265848383445046,True
104,text_sharp_edges,n148i_v2,webp_m6_historical,psnr_rgb_db,1.4992173089793726,True
105,text_sharp_edges,n148i_v2,webp_m6_historical,psnr_rgb_db,-9.819757787168538,True
106,saturated_desaturated_colors,n148i_v2,webp_m6_historical,psnr_rgb_db,-8.315578257426315,True
107,saturated_desaturated_colors,n148i_v2,webp_m6_historical,psnr_rgb_db,-7.809360055252501,True
108,saturated_desaturated_colors,n148i_v2,webp_m6_historical,psnr_rgb_db,-2.6069784854440115,True
109,saturated_desaturated_colors,n148i_v2,webp_m6_historical,psnr_rgb_db,8.663281653713906,True
110,saturated_desaturated_colors,n148i_v2,webp_m6_historical,psnr_rgb_db,7.603007453124078,True
111,saturated_desaturated_colors,n148i_v2,webp_m6_historical,psnr_rgb_db,1.8206087811862837,True
112,saturated_desaturated_colors,n148i_v2,webp_m6_historical,psnr_rgb_db,-5.276636806386503,True
113,saturated_desaturated_colors,n148i_v2,webp_m6_historical,psnr_rgb_db,-7.7641529812688574,True
114,saturated_desaturated_colors,n148i_v2,webp_m6_historical,psnr_rgb_db,-0.6391922264711747,True
115,saturated_desaturated_colors,n148i_v2,webp_m6_historical,psnr_rgb_db,-6.892642226125711,True
116,saturated_desaturated_colors,n148i_v2,webp_m6_historical,psnr_rgb_db,2.2200008943318306,True
117,saturated_desaturated_colors,n148i_v2,webp_m6_historical,psnr_rgb_db,2.157025900058529,True
118,saturated_desaturated_colors,n148i_v2,webp_m6_historical,psnr_rgb_db,-8.536386276559217,True
119,saturated_desaturated_colors,n148i_v2,webp_m6_historical,psnr_rgb_db,-7.656333195336218,True
120,saturated_desaturated_colors,n148i_v2,webp_m6_historical,psnr_rgb_db,-11.53528834687705,True
121,smooth_surfaces_gradients,n148i_v2,webp_m6_historical,psnr_rgb_db,-4.497614148008367,True
122,urban_architecture,n148i_v2,webp_m6_historical,psnr_rgb_db,1.7084941755967975,True
123,smooth_surfaces_gradients,n148i_v2,webp_m6_historical,psnr_rgb_db,-6.327085360518126,True
124,urban_architecture,n148i_v2,webp_m6_historical,psnr_rgb_db,-0.15837513741695508,True
125,fine_detail,n148i_v2,webp_m6_historical,psnr_rgb_db,-1.7818028908422878,True
126,natural_landscapes,n148i_v2,webp_m6_historical,psnr_rgb_db,-7.927644555395852,True
127,urban_architecture,n148i_v2,webp_m6_historical,psnr_rgb_db,-4.805037036503734,True
128,text_sharp_edges,n148i_v2,webp_m6_historical,psnr_rgb_db,0.9131212684796441,True
129,text_sharp_edges,n148i_v2,webp_m6_historical,psnr_rgb_db,1.3045984092872942,True
130,natural_landscapes,n148i_v2,webp_m6_historical,psnr_rgb_db,-6.2038158703,True
1,historical_portraits,n148i_v2,jxl_e3,psnr_rgb_db,-6.8820814780639505,True
2,historical_portraits,n148i_v2,jxl_e3,psnr_rgb_db,-17.82482666429197,True
3,historical_portraits,n148i_v2,jxl_e3,psnr_rgb_db,-21.146754991459314,True
4,historical_portraits,n148i_v2,jxl_e3,psnr_rgb_db,-3.0826786438665987,True
5,historical_portraits,n148i_v2,jxl_e3,psnr_rgb_db,-22.518149026490796,True
6,historical_portraits,n148i_v2,jxl_e3,psnr_rgb_db,-8.750903583878621,True
7,historical_portraits,n148i_v2,jxl_e3,psnr_rgb_db,-7.213107436620591,True
8,historical_portraits,n148i_v2,jxl_e3,psnr_rgb_db,-34.58479861632328,True
9,historical_portraits,n148i_v2,jxl_e3,psnr_rgb_db,-12.255719894034932,True
10,historical_portraits,n148i_v2,jxl_e3,psnr_rgb_db,-11.787371916418344,True
11,historical_portraits,n148i_v2,jxl_e3,psnr_rgb_db,-10.286829452196933,True
12,historical_portraits,n148i_v2,jxl_e3,psnr_rgb_db,-25.60671034550037,True
13,historical_portraits,n148i_v2,jxl_e3,psnr_rgb_db,0.3157580103084978,True
14,historical_portraits,n148i_v2,jxl_e3,psnr_rgb_db,-14.12530063999463,True
15,historical_portraits,n148i_v2,jxl_e3,psnr_rgb_db,-13.797396627323044,True
16,natural_landscapes,n148i_v2,jxl_e3,psnr_rgb_db,-3.1179540318432286,True
17,natural_landscapes,n148i_v2,jxl_e3,psnr_rgb_db,-22.086449753200753,True
18,natural_landscapes,n148i_v2,jxl_e3,psnr_rgb_db,-4.87703416554226,True
19,natural_landscapes,n148i_v2,jxl_e3,psnr_rgb_db,-4.100338651628121,True
20,natural_landscapes,n148i_v2,jxl_e3,psnr_rgb_db,-3.288112711650304,True
21,natural_landscapes,n148i_v2,jxl_e3,psnr_rgb_db,-9.171533940628706,True
22,natural_landscapes,n148i_v2,jxl_e3,psnr_rgb_db,-22.92079744693549,True
23,natural_landscapes,n148i_v2,jxl_e3,psnr_rgb_db,-11.492369215309195,True
24,natural_landscapes,n148i_v2,jxl_e3,psnr_rgb_db,-8.492813215278328,True
25,natural_landscapes,n148i_v2,jxl_e3,psnr_rgb_db,-15.589820816556044,True
26,natural_landscapes,n148i_v2,jxl_e3,psnr_rgb_db,-3.0075242419899784,True
27,natural_landscapes,n148i_v2,jxl_e3,psnr_rgb_db,-25.561327566605296,True
28,natural_landscapes,n148i_v2,jxl_e3,psnr_rgb_db,-11.481044252517435,True
29,natural_landscapes,n148i_v2,jxl_e3,psnr_rgb_db,-11.784904174784238,True
30,natural_landscapes,n148i_v2,jxl_e3,psnr_rgb_db,-14.561738943494195,True
31,urban_architecture,n148i_v2,jxl_e3,psnr_rgb_db,-19.541968521596907,True
32,urban_architecture,n148i_v2,jxl_e3,psnr_rgb_db,-13.3274416878021,True
33,urban_architecture,n148i_v2,jxl_e3,psnr_rgb_db,-10.419720675577937,True
34,urban_architecture,n148i_v2,jxl_e3,psnr_rgb_db,-20.40042498356599,True
35,urban_architecture,n148i_v2,jxl_e3,psnr_rgb_db,-14.717474597811563,True
36,urban_architecture,n148i_v2,jxl_e3,psnr_rgb_db,-8.853378059980866,True
37,urban_architecture,n148i_v2,jxl_e3,psnr_rgb_db,-11.84873268374671,True
38,urban_architecture,n148i_v2,jxl_e3,psnr_rgb_db,-8.719006658731631,True
39,urban_architecture,n148i_v2,jxl_e3,psnr_rgb_db,-7.526340091278394,True
40,urban_architecture,n148i_v2,jxl_e3,psnr_rgb_db,-13.686822766014007,True
41,urban_architecture,n148i_v2,jxl_e3,psnr_rgb_db,-14.013188503162032,True
42,urban_architecture,n148i_v2,jxl_e3,psnr_rgb_db,-11.257595518068763,True
43,urban_architecture,n148i_v2,jxl_e3,psnr_rgb_db,-28.517176511203157,True
44,urban_architecture,n148i_v2,jxl_e3,psnr_rgb_db,-14.09047681239597,True
45,urban_architecture,n148i_v2,jxl_e3,psnr_rgb_db,-8.950978583837966,True
46,high_frequency_textures,n148i_v2,jxl_e3,psnr_rgb_db,-20.498307993771014,True
47,high_frequency_textures,n148i_v2,jxl_e3,psnr_rgb_db,-22.660039314923818,True
48,high_frequency_textures,n148i_v2,jxl_e3,psnr_rgb_db,-24.977175530744276,True
49,high_frequency_textures,n148i_v2,jxl_e3,psnr_rgb_db,0.8795436378594257,True
50,high_frequency_textures,n148i_v2,jxl_e3,psnr_rgb_db,-12.907153575960717,True
51,high_frequency_textures,n148i_v2,jxl_e3,psnr_rgb_db,-1.7253518227824505,True
52,high_frequency_textures,n148i_v2,jxl_e3,psnr_rgb_db,-4.030656069452709,True
53,high_frequency_textures,n148i_v2,jxl_e3,psnr_rgb_db,-5.40152267645947,True
54,high_frequency_textures,n148i_v2,jxl_e3,psnr_rgb_db,-0.04823592764374718,True
55,high_frequency_textures,n148i_v2,jxl_e3,psnr_rgb_db,-6.108264326022395,True
56,high_frequency_textures,n148i_v2,jxl_e3,psnr_rgb_db,-2.4009595710785425,True
57,high_frequency_textures,n148i_v2,jxl_e3,psnr_rgb_db,-0.1725169010872163,True
58,high_frequency_textures,n148i_v2,jxl_e3,psnr_rgb_db,-20.054235018794465,True
59,high_frequency_textures,n148i_v2,jxl_e3,psnr_rgb_db,-25.131943415192136,True
60,high_frequency_textures,n148i_v2,jxl_e3,psnr_rgb_db,-20.58021430380863,True
61,smooth_surfaces_gradients,n148i_v2,jxl_e3,psnr_rgb_db,-9.182244092423474,True
62,smooth_surfaces_gradients,n148i_v2,jxl_e3,psnr_rgb_db,-11.493110756528024,True
63,smooth_surfaces_gradients,n148i_v2,jxl_e3,psnr_rgb_db,-15.273646600908375,True
64,smooth_surfaces_gradients,n148i_v2,jxl_e3,psnr_rgb_db,-11.953367254263458,True
65,smooth_surfaces_gradients,n148i_v2,jxl_e3,psnr_rgb_db,-15.098112419484167,True
66,smooth_surfaces_gradients,n148i_v2,jxl_e3,psnr_rgb_db,-7.864792137800936,True
67,smooth_surfaces_gradients,n148i_v2,jxl_e3,psnr_rgb_db,-14.221311587915775,True
68,smooth_surfaces_gradients,n148i_v2,jxl_e3,psnr_rgb_db,3.790747878552203,True
69,smooth_surfaces_gradients,n148i_v2,jxl_e3,psnr_rgb_db,-4.005443307281964,True
70,smooth_surfaces_gradients,n148i_v2,jxl_e3,psnr_rgb_db,-3.936545066712882,True
71,smooth_surfaces_gradients,n148i_v2,jxl_e3,psnr_rgb_db,-36.32679773378391,True
72,smooth_surfaces_gradients,n148i_v2,jxl_e3,psnr_rgb_db,-2.127685205629859,True
73,smooth_surfaces_gradients,n148i_v2,jxl_e3,psnr_rgb_db,-33.714042406292144,True
74,smooth_surfaces_gradients,n148i_v2,jxl_e3,psnr_rgb_db,-11.37428041996441,True
75,smooth_surfaces_gradients,n148i_v2,jxl_e3,psnr_rgb_db,-7.50250446823676,True
76,fine_detail,n148i_v2,jxl_e3,psnr_rgb_db,-51.17163383180843,True
77,fine_detail,n148i_v2,jxl_e3,psnr_rgb_db,-15.249357616367442,True
78,fine_detail,n148i_v2,jxl_e3,psnr_rgb_db,-14.439835245763888,True
79,fine_detail,n148i_v2,jxl_e3,psnr_rgb_db,-27.069634767017302,True
80,fine_detail,n148i_v2,jxl_e3,psnr_rgb_db,-3.217450091710672,True
81,fine_detail,n148i_v2,jxl_e3,psnr_rgb_db,-4.643283054749736,True
82,fine_detail,n148i_v2,jxl_e3,psnr_rgb_db,-2.0709879714718826,True
83,fine_detail,n148i_v2,jxl_e3,psnr_rgb_db,-21.70789012886132,True
84,fine_detail,n148i_v2,jxl_e3,psnr_rgb_db,-23.92434600961054,True
85,fine_detail,n148i_v2,jxl_e3,psnr_rgb_db,-13.832574010284414,True
86,fine_detail,n148i_v2,jxl_e3,psnr_rgb_db,-0.9584879056335871,True
87,fine_detail,n148i_v2,jxl_e3,psnr_rgb_db,-26.41638450071879,True
88,fine_detail,n148i_v2,jxl_e3,psnr_rgb_db,,False
89,fine_detail,n148i_v2,jxl_e3,psnr_rgb_db,-38.703052954196195,True
90,fine_detail,n148i_v2,jxl_e3,psnr_rgb_db,-45.88878055317323,True
91,text_sharp_edges,n148i_v2,jxl_e3,psnr_rgb_db,-26.659585410945187,True
92,text_sharp_edges,n148i_v2,jxl_e3,psnr_rgb_db,-18.20419006526206,True
93,text_sharp_edges,n148i_v2,jxl_e3,psnr_rgb_db,-43.124693776467495,True
94,text_sharp_edges,n148i_v2,jxl_e3,psnr_rgb_db,-23.09808509517741,True
95,text_sharp_edges,n148i_v2,jxl_e3,psnr_rgb_db,-16.05229525564622,True
96,text_sharp_edges,n148i_v2,jxl_e3,psnr_rgb_db,-11.273651697022924,True
97,text_sharp_edges,n148i_v2,jxl_e3,psnr_rgb_db,-21.276999727157342,True
98,text_sharp_edges,n148i_v2,jxl_e3,psnr_rgb_db,-15.30817406436168,True
99,text_sharp_edges,n148i_v2,jxl_e3,psnr_rgb_db,-22.129343802235834,True
100,text_sharp_edges,n148i_v2,jxl_e3,psnr_rgb_db,-44.730536455846334,True
101,text_sharp_edges,n148i_v2,jxl_e3,psnr_rgb_db,-13.919207882587282,True
102,text_sharp_edges,n148i_v2,jxl_e3,psnr_rgb_db,-13.622049228391974,True
103,text_sharp_edges,n148i_v2,jxl_e3,psnr_rgb_db,-24.24729436776899,True
104,text_sharp_edges,n148i_v2,jxl_e3,psnr_rgb_db,-24.698820103834286,True
105,text_sharp_edges,n148i_v2,jxl_e3,psnr_rgb_db,-17.123713624863303,True
106,saturated_desaturated_colors,n148i_v2,jxl_e3,psnr_rgb_db,-32.65126990406455,True
107,saturated_desaturated_colors,n148i_v2,jxl_e3,psnr_rgb_db,-61.70048398812674,True
108,saturated_desaturated_colors,n148i_v2,jxl_e3,psnr_rgb_db,-19.049706410813492,True
109,saturated_desaturated_colors,n148i_v2,jxl_e3,psnr_rgb_db,-26.29806246200628,True
110,saturated_desaturated_colors,n148i_v2,jxl_e3,psnr_rgb_db,-44.42412182809063,True
111,saturated_desaturated_colors,n148i_v2,jxl_e3,psnr_rgb_db,-34.58741203289984,True
112,saturated_desaturated_colors,n148i_v2,jxl_e3,psnr_rgb_db,-14.600003037130172,True
113,saturated_desaturated_colors,n148i_v2,jxl_e3,psnr_rgb_db,-50.907534157419335,True
114,saturated_desaturated_colors,n148i_v2,jxl_e3,psnr_rgb_db,-11.785120603944055,True
115,saturated_desaturated_colors,n148i_v2,jxl_e3,psnr_rgb_db,-0.21787894732665514,True
116,saturated_desaturated_colors,n148i_v2,jxl_e3,psnr_rgb_db,-9.316834520100237,True
117,saturated_desaturated_colors,n148i_v2,jxl_e3,psnr_rgb_db,-19.717221680174234,True
118,saturated_desaturated_colors,n148i_v2,jxl_e3,psnr_rgb_db,-47.93191649462548,True
119,saturated_desaturated_colors,n148i_v2,jxl_e3,psnr_rgb_db,-52.22143815984672,True
120,saturated_desaturated_colors,n148i_v2,jxl_e3,psnr_rgb_db,-51.24120339433374,True
121,smooth_surfaces_gradients,n148i_v2,jxl_e3,psnr_rgb_db,-9.945327025902085,True
122,urban_architecture,n148i_v2,jxl_e3,psnr_rgb_db,-18.062456499955314,True
123,smooth_surfaces_gradients,n148i_v2,jxl_e3,psnr_rgb_db,-8.672970890172028,True
124,urban_architecture,n148i_v2,jxl_e3,psnr_rgb_db,-9.976117312150512,True
125,fine_detail,n148i_v2,jxl_e3,psnr_rgb_db,-14.179130289849173,True
126,natural_landscapes,n148i_v2,jxl_e3,psnr_rgb_db,-15.610553332329069,True
127,urban_architecture,n148i_v2,jxl_e3,psnr_rgb_db,-6.695767156776511,True
128,text_sharp_edges,n148i_v2,jxl_e3,psnr_rgb_db,-23.26759736173656,True
129,text_sharp_edges,n148i_v2,jxl_e3,psnr_rgb_db,-6.44768051583412,True
130,natural_landscapes,n148i_v2,jxl_e3,psnr_rgb_db,-6.105012787023778,True
1,historical_portraits,n148i_v2,jxl_e7,psnr_rgb_db,-4.793715657292097,True
2,historical_portraits,n148i_v2,jxl_e7,psnr_rgb_db,-4.354311372255881,True
3,historical_portraits,n148i_v2,jxl_e7,psnr_rgb_db,-17.075575472115567,True
4,historical_portraits,n148i_v2,jxl_e7,psnr_rgb_db,-3.9309550827926643,True
5,historical_portraits,n148i_v2,jxl_e7,psnr_rgb_db,-20.601826743093955,True
6,historical_portraits,n148i_v2,jxl_e7,psnr_rgb_db,-6.4477473797962315,True
7,historical_portraits,n148i_v2,jxl_e7,psnr_rgb_db,-13.309530401941716,True
8,historical_portraits,n148i_v2,jxl_e7,psnr_rgb_db,-21.44493387213987,True
9,historical_portraits,n148i_v2,jxl_e7,psnr_rgb_db,-12.309022269615632,True
10,historical_portraits,n148i_v2,jxl_e7,psnr_rgb_db,6.778824444591236,True
11,historical_portraits,n148i_v2,jxl_e7,psnr_rgb_db,-3.6243508839961525,True
12,historical_portraits,n148i_v2,jxl_e7,psnr_rgb_db,-13.523828922134317,True
13,historical_portraits,n148i_v2,jxl_e7,psnr_rgb_db,-8.598746230986187,True
14,historical_portraits,n148i_v2,jxl_e7,psnr_rgb_db,-18.99319506718353,True
15,historical_portraits,n148i_v2,jxl_e7,psnr_rgb_db,-6.086109747098445,True
16,natural_landscapes,n148i_v2,jxl_e7,psnr_rgb_db,-9.658505847970877,True
17,natural_landscapes,n148i_v2,jxl_e7,psnr_rgb_db,-12.69497539140242,True
18,natural_landscapes,n148i_v2,jxl_e7,psnr_rgb_db,-9.851237904843547,True
19,natural_landscapes,n148i_v2,jxl_e7,psnr_rgb_db,-9.83774025881049,True
20,natural_landscapes,n148i_v2,jxl_e7,psnr_rgb_db,-5.765592213661752,True
21,natural_landscapes,n148i_v2,jxl_e7,psnr_rgb_db,-11.905478753634135,True
22,natural_landscapes,n148i_v2,jxl_e7,psnr_rgb_db,-15.74880352538014,True
23,natural_landscapes,n148i_v2,jxl_e7,psnr_rgb_db,-0.12015200991415398,True
24,natural_landscapes,n148i_v2,jxl_e7,psnr_rgb_db,-13.711643840870845,True
25,natural_landscapes,n148i_v2,jxl_e7,psnr_rgb_db,-11.78268702825841,True
26,natural_landscapes,n148i_v2,jxl_e7,psnr_rgb_db,-8.750808288818678,True
27,natural_landscapes,n148i_v2,jxl_e7,psnr_rgb_db,-11.266368341831301,True
28,natural_landscapes,n148i_v2,jxl_e7,psnr_rgb_db,-10.785516064655631,True
29,natural_landscapes,n148i_v2,jxl_e7,psnr_rgb_db,-13.478619231558742,True
30,natural_landscapes,n148i_v2,jxl_e7,psnr_rgb_db,-13.47133968507983,True
31,urban_architecture,n148i_v2,jxl_e7,psnr_rgb_db,-15.697677804913345,True
32,urban_architecture,n148i_v2,jxl_e7,psnr_rgb_db,-16.88699163267814,True
33,urban_architecture,n148i_v2,jxl_e7,psnr_rgb_db,-13.520259719988669,True
34,urban_architecture,n148i_v2,jxl_e7,psnr_rgb_db,-27.54568759474675,True
35,urban_architecture,n148i_v2,jxl_e7,psnr_rgb_db,-14.21017916604459,True
36,urban_architecture,n148i_v2,jxl_e7,psnr_rgb_db,-9.95140892436538,True
37,urban_architecture,n148i_v2,jxl_e7,psnr_rgb_db,-5.155148699408485,True
38,urban_architecture,n148i_v2,jxl_e7,psnr_rgb_db,-7.534150437525988,True
39,urban_architecture,n148i_v2,jxl_e7,psnr_rgb_db,-10.47384188017746,True
40,urban_architecture,n148i_v2,jxl_e7,psnr_rgb_db,-15.610269070934258,True
41,urban_architecture,n148i_v2,jxl_e7,psnr_rgb_db,-12.325848159077202,True
42,urban_architecture,n148i_v2,jxl_e7,psnr_rgb_db,-9.292842020558512,True
43,urban_architecture,n148i_v2,jxl_e7,psnr_rgb_db,-8.03628004425373,True
44,urban_architecture,n148i_v2,jxl_e7,psnr_rgb_db,-14.781458545145053,True
45,urban_architecture,n148i_v2,jxl_e7,psnr_rgb_db,-10.5829022338207,True
46,high_frequency_textures,n148i_v2,jxl_e7,psnr_rgb_db,-17.362335641485704,True
47,high_frequency_textures,n148i_v2,jxl_e7,psnr_rgb_db,-5.94332107055563,True
48,high_frequency_textures,n148i_v2,jxl_e7,psnr_rgb_db,-19.490063855917207,True
49,high_frequency_textures,n148i_v2,jxl_e7,psnr_rgb_db,-0.6449624439598955,True
50,high_frequency_textures,n148i_v2,jxl_e7,psnr_rgb_db,51.11864543277782,True
51,high_frequency_textures,n148i_v2,jxl_e7,psnr_rgb_db,-2.724266338884551,True
52,high_frequency_textures,n148i_v2,jxl_e7,psnr_rgb_db,-4.74977767773741,True
53,high_frequency_textures,n148i_v2,jxl_e7,psnr_rgb_db,-4.294760329343694,True
54,high_frequency_textures,n148i_v2,jxl_e7,psnr_rgb_db,-1.4857820468802019,True
55,high_frequency_textures,n148i_v2,jxl_e7,psnr_rgb_db,-3.1083895930698158,True
56,high_frequency_textures,n148i_v2,jxl_e7,psnr_rgb_db,-3.7347581558438203,True
57,high_frequency_textures,n148i_v2,jxl_e7,psnr_rgb_db,2.0630751185287233,True
58,high_frequency_textures,n148i_v2,jxl_e7,psnr_rgb_db,-21.404569205202705,True
59,high_frequency_textures,n148i_v2,jxl_e7,psnr_rgb_db,-19.159793298086967,True
60,high_frequency_textures,n148i_v2,jxl_e7,psnr_rgb_db,-21.238012102077054,True
61,smooth_surfaces_gradients,n148i_v2,jxl_e7,psnr_rgb_db,6.758845590213469,True
62,smooth_surfaces_gradients,n148i_v2,jxl_e7,psnr_rgb_db,8.02306404060773,True
63,smooth_surfaces_gradients,n148i_v2,jxl_e7,psnr_rgb_db,-7.598541518365032,True
64,smooth_surfaces_gradients,n148i_v2,jxl_e7,psnr_rgb_db,-16.285716484361956,True
65,smooth_surfaces_gradients,n148i_v2,jxl_e7,psnr_rgb_db,-2.7135342010383035,True
66,smooth_surfaces_gradients,n148i_v2,jxl_e7,psnr_rgb_db,-9.488670612662563,True
67,smooth_surfaces_gradients,n148i_v2,jxl_e7,psnr_rgb_db,1.322147173829058,True
68,smooth_surfaces_gradients,n148i_v2,jxl_e7,psnr_rgb_db,8.097934239316974,True
69,smooth_surfaces_gradients,n148i_v2,jxl_e7,psnr_rgb_db,-3.457732084866161,True
70,smooth_surfaces_gradients,n148i_v2,jxl_e7,psnr_rgb_db,4.240505122082672,True
71,smooth_surfaces_gradients,n148i_v2,jxl_e7,psnr_rgb_db,-22.296749893434352,True
72,smooth_surfaces_gradients,n148i_v2,jxl_e7,psnr_rgb_db,-7.861948546095432,True
73,smooth_surfaces_gradients,n148i_v2,jxl_e7,psnr_rgb_db,-3.6212769618001794,True
74,smooth_surfaces_gradients,n148i_v2,jxl_e7,psnr_rgb_db,-11.553796254202576,True
75,smooth_surfaces_gradients,n148i_v2,jxl_e7,psnr_rgb_db,2.5353626608894952,True
76,fine_detail,n148i_v2,jxl_e7,psnr_rgb_db,-32.66731337632095,True
77,fine_detail,n148i_v2,jxl_e7,psnr_rgb_db,-16.481602003292394,True
78,fine_detail,n148i_v2,jxl_e7,psnr_rgb_db,-15.600515837571638,True
79,fine_detail,n148i_v2,jxl_e7,psnr_rgb_db,-21.70048696493495,True
80,fine_detail,n148i_v2,jxl_e7,psnr_rgb_db,-7.22356431255653,True
81,fine_detail,n148i_v2,jxl_e7,psnr_rgb_db,-8.223626146493523,True
82,fine_detail,n148i_v2,jxl_e7,psnr_rgb_db,15.95851981018046,True
83,fine_detail,n148i_v2,jxl_e7,psnr_rgb_db,-18.203503179162574,True
84,fine_detail,n148i_v2,jxl_e7,psnr_rgb_db,-23.403071903402616,True
85,fine_detail,n148i_v2,jxl_e7,psnr_rgb_db,-16.21318221086624,True
86,fine_detail,n148i_v2,jxl_e7,psnr_rgb_db,-6.346071310544465,True
87,fine_detail,n148i_v2,jxl_e7,psnr_rgb_db,-23.46402015419704,True
88,fine_detail,n148i_v2,jxl_e7,psnr_rgb_db,-69.36860012865034,True
89,fine_detail,n148i_v2,jxl_e7,psnr_rgb_db,-36.735141299964866,True
90,fine_detail,n148i_v2,jxl_e7,psnr_rgb_db,-36.1447766351614,True
91,text_sharp_edges,n148i_v2,jxl_e7,psnr_rgb_db,-15.022415713840243,True
92,text_sharp_edges,n148i_v2,jxl_e7,psnr_rgb_db,-9.41538455334493,True
93,text_sharp_edges,n148i_v2,jxl_e7,psnr_rgb_db,-35.05782517605116,True
94,text_sharp_edges,n148i_v2,jxl_e7,psnr_rgb_db,-18.880624868118943,True
95,text_sharp_edges,n148i_v2,jxl_e7,psnr_rgb_db,-10.099631381727336,True
96,text_sharp_edges,n148i_v2,jxl_e7,psnr_rgb_db,-11.632064056235357,True
97,text_sharp_edges,n148i_v2,jxl_e7,psnr_rgb_db,-10.89463837299255,True
98,text_sharp_edges,n148i_v2,jxl_e7,psnr_rgb_db,-12.434381620957568,True
99,text_sharp_edges,n148i_v2,jxl_e7,psnr_rgb_db,-8.99591912538349,True
100,text_sharp_edges,n148i_v2,jxl_e7,psnr_rgb_db,-22.490877271984957,True
101,text_sharp_edges,n148i_v2,jxl_e7,psnr_rgb_db,-6.3457004859442385,True
102,text_sharp_edges,n148i_v2,jxl_e7,psnr_rgb_db,-8.60328500374431,True
103,text_sharp_edges,n148i_v2,jxl_e7,psnr_rgb_db,-25.28256096425897,True
104,text_sharp_edges,n148i_v2,jxl_e7,psnr_rgb_db,-18.95560220994792,True
105,text_sharp_edges,n148i_v2,jxl_e7,psnr_rgb_db,-10.921773595169492,True
106,saturated_desaturated_colors,n148i_v2,jxl_e7,psnr_rgb_db,-26.396943970439303,True
107,saturated_desaturated_colors,n148i_v2,jxl_e7,psnr_rgb_db,-44.36651443243965,True
108,saturated_desaturated_colors,n148i_v2,jxl_e7,psnr_rgb_db,-19.583042815571794,True
109,saturated_desaturated_colors,n148i_v2,jxl_e7,psnr_rgb_db,-18.90771064180474,True
110,saturated_desaturated_colors,n148i_v2,jxl_e7,psnr_rgb_db,-23.658072252250804,True
111,saturated_desaturated_colors,n148i_v2,jxl_e7,psnr_rgb_db,-32.842430015981584,True
112,saturated_desaturated_colors,n148i_v2,jxl_e7,psnr_rgb_db,-16.566134552245583,True
113,saturated_desaturated_colors,n148i_v2,jxl_e7,psnr_rgb_db,-40.701129537058364,True
114,saturated_desaturated_colors,n148i_v2,jxl_e7,psnr_rgb_db,-9.793901139549321,True
115,saturated_desaturated_colors,n148i_v2,jxl_e7,psnr_rgb_db,0.027021710340524585,True
116,saturated_desaturated_colors,n148i_v2,jxl_e7,psnr_rgb_db,-12.009588121316261,True
117,saturated_desaturated_colors,n148i_v2,jxl_e7,psnr_rgb_db,-23.381590905856754,True
118,saturated_desaturated_colors,n148i_v2,jxl_e7,psnr_rgb_db,-44.58941915408098,True
119,saturated_desaturated_colors,n148i_v2,jxl_e7,psnr_rgb_db,-47.2897809753089,True
120,saturated_desaturated_colors,n148i_v2,jxl_e7,psnr_rgb_db,-43.282639441651824,True
121,smooth_surfaces_gradients,n148i_v2,jxl_e7,psnr_rgb_db,15.347532427124744,True
122,urban_architecture,n148i_v2,jxl_e7,psnr_rgb_db,-18.05719403157656,True
123,smooth_surfaces_gradients,n148i_v2,jxl_e7,psnr_rgb_db,-6.381120086310843,True
124,urban_architecture,n148i_v2,jxl_e7,psnr_rgb_db,-10.329079179518875,True
125,fine_detail,n148i_v2,jxl_e7,psnr_rgb_db,-9.230815891772725,True
126,natural_landscapes,n148i_v2,jxl_e7,psnr_rgb_db,-16.1964413623338,True
127,urban_architecture,n148i_v2,jxl_e7,psnr_rgb_db,-12.60043060029622,True
128,text_sharp_edges,n148i_v2,jxl_e7,psnr_rgb_db,-22.59272633359367,True
129,text_sharp_edges,n148i_v2,jxl_e7,psnr_rgb_db,-7.466498572340541,True
130,natural_landscapes,n148i_v2,jxl_e7,psnr_rgb_db,-4.253124774044426,True
1,historical_portraits,n148i_v1,webp_m6,ssim,34.42386778819011,True
2,historical_portraits,n148i_v1,webp_m6,ssim,20.754903155887728,True
3,historical_portraits,n148i_v1,webp_m6,ssim,44.71035422022358,True
4,historical_portraits,n148i_v1,webp_m6,ssim,38.003164378458386,True
5,historical_portraits,n148i_v1,webp_m6,ssim,35.368735135761796,True
6,historical_portraits,n148i_v1,webp_m6,ssim,22.154520319021564,True
7,historical_portraits,n148i_v1,webp_m6,ssim,62.43977234878353,True
8,historical_portraits,n148i_v1,webp_m6,ssim,53.995037810362675,True
9,historical_portraits,n148i_v1,webp_m6,ssim,44.540201869260045,True
10,historical_portraits,n148i_v1,webp_m6,ssim,9.624414744721822,True
11,historical_portraits,n148i_v1,webp_m6,ssim,51.01140673232425,True
12,historical_portraits,n148i_v1,webp_m6,ssim,74.02262529327201,True
13,historical_portraits,n148i_v1,webp_m6,ssim,43.587586511681884,True
14,historical_portraits,n148i_v1,webp_m6,ssim,69.54419262415905,True
15,historical_portraits,n148i_v1,webp_m6,ssim,111.1748724684953,True
16,natural_landscapes,n148i_v1,webp_m6,ssim,42.43112891067322,True
17,natural_landscapes,n148i_v1,webp_m6,ssim,29.23414928154433,True
18,natural_landscapes,n148i_v1,webp_m6,ssim,28.934165224310316,True
19,natural_landscapes,n148i_v1,webp_m6,ssim,25.86253198915578,True
20,natural_landscapes,n148i_v1,webp_m6,ssim,34.33305796875879,True
21,natural_landscapes,n148i_v1,webp_m6,ssim,34.774217563333984,True
22,natural_landscapes,n148i_v1,webp_m6,ssim,33.68449397210129,True
23,natural_landscapes,n148i_v1,webp_m6,ssim,52.15972359349206,True
24,natural_landscapes,n148i_v1,webp_m6,ssim,26.351896140528975,True
25,natural_landscapes,n148i_v1,webp_m6,ssim,33.36891781475262,True
26,natural_landscapes,n148i_v1,webp_m6,ssim,45.16980851457551,True
27,natural_landscapes,n148i_v1,webp_m6,ssim,39.93029651583582,True
28,natural_landscapes,n148i_v1,webp_m6,ssim,31.52369931919825,True
29,natural_landscapes,n148i_v1,webp_m6,ssim,31.123931764500746,True
30,natural_landscapes,n148i_v1,webp_m6,ssim,25.206940394409273,True
31,urban_architecture,n148i_v1,webp_m6,ssim,51.3170481578372,True
32,urban_architecture,n148i_v1,webp_m6,ssim,29.443436700878788,True
33,urban_architecture,n148i_v1,webp_m6,ssim,18.941935182317305,True
34,urban_architecture,n148i_v1,webp_m6,ssim,36.99095663058101,True
35,urban_architecture,n148i_v1,webp_m6,ssim,52.02140314563801,True
36,urban_architecture,n148i_v1,webp_m6,ssim,65.58774972128865,True
37,urban_architecture,n148i_v1,webp_m6,ssim,52.80914204690057,True
38,urban_architecture,n148i_v1,webp_m6,ssim,38.30657829246904,True
39,urban_architecture,n148i_v1,webp_m6,ssim,46.44190383041573,True
40,urban_architecture,n148i_v1,webp_m6,ssim,45.203249003985114,True
41,urban_architecture,n148i_v1,webp_m6,ssim,65.64740503880037,True
42,urban_architecture,n148i_v1,webp_m6,ssim,58.84428365606351,True
43,urban_architecture,n148i_v1,webp_m6,ssim,51.214995734257805,True
44,urban_architecture,n148i_v1,webp_m6,ssim,37.91980084842634,True
45,urban_architecture,n148i_v1,webp_m6,ssim,42.70701884696118,True
46,high_frequency_textures,n148i_v1,webp_m6,ssim,43.42090238555123,True
47,high_frequency_textures,n148i_v1,webp_m6,ssim,49.75483555983067,True
48,high_frequency_textures,n148i_v1,webp_m6,ssim,29.940117635648654,True
49,high_frequency_textures,n148i_v1,webp_m6,ssim,16.880361309821534,True
50,high_frequency_textures,n148i_v1,webp_m6,ssim,22.342887922444497,True
51,high_frequency_textures,n148i_v1,webp_m6,ssim,43.05744746482889,True
52,high_frequency_textures,n148i_v1,webp_m6,ssim,46.62208258505589,True
53,high_frequency_textures,n148i_v1,webp_m6,ssim,33.90884550017827,True
54,high_frequency_textures,n148i_v1,webp_m6,ssim,32.87234548012749,True
55,high_frequency_textures,n148i_v1,webp_m6,ssim,13.801878022244175,True
56,high_frequency_textures,n148i_v1,webp_m6,ssim,43.877097531223285,True
57,high_frequency_textures,n148i_v1,webp_m6,ssim,16.269747319427786,True
58,high_frequency_textures,n148i_v1,webp_m6,ssim,45.25266682136242,True
59,high_frequency_textures,n148i_v1,webp_m6,ssim,34.36112731715257,True
60,high_frequency_textures,n148i_v1,webp_m6,ssim,32.127219422481154,True
61,smooth_surfaces_gradients,n148i_v1,webp_m6,ssim,37.53779902898422,True
62,smooth_surfaces_gradients,n148i_v1,webp_m6,ssim,39.565260803059424,True
63,smooth_surfaces_gradients,n148i_v1,webp_m6,ssim,50.22053689133348,True
64,smooth_surfaces_gradients,n148i_v1,webp_m6,ssim,40.51256117857862,True
65,smooth_surfaces_gradients,n148i_v1,webp_m6,ssim,32.980190095755724,True
66,smooth_surfaces_gradients,n148i_v1,webp_m6,ssim,18.325135684822612,True
67,smooth_surfaces_gradients,n148i_v1,webp_m6,ssim,22.50275859819095,True
68,smooth_surfaces_gradients,n148i_v1,webp_m6,ssim,58.06552716302242,True
69,smooth_surfaces_gradients,n148i_v1,webp_m6,ssim,27.69935389093292,True
70,smooth_surfaces_gradients,n148i_v1,webp_m6,ssim,37.014440159299845,True
71,smooth_surfaces_gradients,n148i_v1,webp_m6,ssim,69.61855474895712,True
72,smooth_surfaces_gradients,n148i_v1,webp_m6,ssim,44.19011873427288,True
73,smooth_surfaces_gradients,n148i_v1,webp_m6,ssim,99.72995813575464,True
74,smooth_surfaces_gradients,n148i_v1,webp_m6,ssim,66.7579897557521,True
75,smooth_surfaces_gradients,n148i_v1,webp_m6,ssim,74.93692798145793,True
76,fine_detail,n148i_v1,webp_m6,ssim,64.08122537769827,True
77,fine_detail,n148i_v1,webp_m6,ssim,41.83280844649999,True
78,fine_detail,n148i_v1,webp_m6,ssim,41.613660405734755,True
79,fine_detail,n148i_v1,webp_m6,ssim,43.01133210024992,True
80,fine_detail,n148i_v1,webp_m6,ssim,24.944906346125162,True
81,fine_detail,n148i_v1,webp_m6,ssim,22.379065179431645,True
82,fine_detail,n148i_v1,webp_m6,ssim,23.367749425858154,True
83,fine_detail,n148i_v1,webp_m6,ssim,48.378596399070716,True
84,fine_detail,n148i_v1,webp_m6,ssim,60.741562103699586,True
85,fine_detail,n148i_v1,webp_m6,ssim,39.429758990658925,True
86,fine_detail,n148i_v1,webp_m6,ssim,46.15797780218325,True
87,fine_detail,n148i_v1,webp_m6,ssim,51.30866649940835,True
88,fine_detail,n148i_v1,webp_m6,ssim,61.98274869569167,True
89,fine_detail,n148i_v1,webp_m6,ssim,40.287577915084995,True
90,fine_detail,n148i_v1,webp_m6,ssim,73.93992334851636,True
91,text_sharp_edges,n148i_v1,webp_m6,ssim,170.02639079301977,True
92,text_sharp_edges,n148i_v1,webp_m6,ssim,51.75675410304812,True
93,text_sharp_edges,n148i_v1,webp_m6,ssim,157.99632399527263,True
94,text_sharp_edges,n148i_v1,webp_m6,ssim,62.89098806504978,True
95,text_sharp_edges,n148i_v1,webp_m6,ssim,135.33815930901295,True
96,text_sharp_edges,n148i_v1,webp_m6,ssim,54.36956516668416,True
97,text_sharp_edges,n148i_v1,webp_m6,ssim,152.68809596541462,True
98,text_sharp_edges,n148i_v1,webp_m6,ssim,159.74363930276004,True
99,text_sharp_edges,n148i_v1,webp_m6,ssim,94.50871535579341,True
100,text_sharp_edges,n148i_v1,webp_m6,ssim,212.09404364594255,True
101,text_sharp_edges,n148i_v1,webp_m6,ssim,84.25209294647689,True
102,text_sharp_edges,n148i_v1,webp_m6,ssim,49.52412322731521,True
103,text_sharp_edges,n148i_v1,webp_m6,ssim,60.897609403574315,True
104,text_sharp_edges,n148i_v1,webp_m6,ssim,68.73935556835906,True
105,text_sharp_edges,n148i_v1,webp_m6,ssim,38.673626920517876,True
106,saturated_desaturated_colors,n148i_v1,webp_m6,ssim,58.0840292104756,True
107,saturated_desaturated_colors,n148i_v1,webp_m6,ssim,29.871307194531038,True
108,saturated_desaturated_colors,n148i_v1,webp_m6,ssim,57.239750040739025,True
109,saturated_desaturated_colors,n148i_v1,webp_m6,ssim,60.218284522920506,True
110,saturated_desaturated_colors,n148i_v1,webp_m6,ssim,112.24468053625478,True
111,saturated_desaturated_colors,n148i_v1,webp_m6,ssim,77.81700264486915,True
112,saturated_desaturated_colors,n148i_v1,webp_m6,ssim,23.468508845303916,True
113,saturated_desaturated_colors,n148i_v1,webp_m6,ssim,63.007628766949296,True
114,saturated_desaturated_colors,n148i_v1,webp_m6,ssim,40.52425566228865,True
115,saturated_desaturated_colors,n148i_v1,webp_m6,ssim,24.273140009809758,True
116,saturated_desaturated_colors,n148i_v1,webp_m6,ssim,51.81673041182191,True
117,saturated_desaturated_colors,n148i_v1,webp_m6,ssim,115.42662299339605,True
118,saturated_desaturated_colors,n148i_v1,webp_m6,ssim,83.6083484614127,True
119,saturated_desaturated_colors,n148i_v1,webp_m6,ssim,53.45848326851341,True
120,saturated_desaturated_colors,n148i_v1,webp_m6,ssim,51.36268410893157,True
121,smooth_surfaces_gradients,n148i_v1,webp_m6,ssim,58.2459274654403,True
122,urban_architecture,n148i_v1,webp_m6,ssim,59.977533981815554,True
123,smooth_surfaces_gradients,n148i_v1,webp_m6,ssim,41.76855444297804,True
124,urban_architecture,n148i_v1,webp_m6,ssim,38.89910922490329,True
125,fine_detail,n148i_v1,webp_m6,ssim,50.16500201985852,True
126,natural_landscapes,n148i_v1,webp_m6,ssim,22.26953745964675,True
127,urban_architecture,n148i_v1,webp_m6,ssim,40.0343982100362,True
128,text_sharp_edges,n148i_v1,webp_m6,ssim,71.41872828309921,True
129,text_sharp_edges,n148i_v1,webp_m6,ssim,45.68901230319429,True
130,natural_landscapes,n148i_v1,webp_m6,ssim,33.697157041914735,True
1,historical_portraits,n148i_v2,webp_m6,ssim,-2.9378845448764124,True
2,historical_portraits,n148i_v2,webp_m6,ssim,-16.577095712443324,True
3,historical_portraits,n148i_v2,webp_m6,ssim,6.988724870251484,True
4,historical_portraits,n148i_v2,webp_m6,ssim,-3.991306402339345,True
5,historical_portraits,n148i_v2,webp_m6,ssim,-4.31600220467192,True
6,historical_portraits,n148i_v2,webp_m6,ssim,-6.7827939096989365,True
7,historical_portraits,n148i_v2,webp_m6,ssim,8.466601039778453,True
8,historical_portraits,n148i_v2,webp_m6,ssim,-9.748212344700436,True
9,historical_portraits,n148i_v2,webp_m6,ssim,-1.7360607181384768,True
10,historical_portraits,n148i_v2,webp_m6,ssim,-18.641556286701622,True
11,historical_portraits,n148i_v2,webp_m6,ssim,4.2197500984731295,True
12,historical_portraits,n148i_v2,webp_m6,ssim,2.4861127060665122,True
13,historical_portraits,n148i_v2,webp_m6,ssim,5.1589699614525975,True
14,historical_portraits,n148i_v2,webp_m6,ssim,-6.576840292676356,True
15,historical_portraits,n148i_v2,webp_m6,ssim,13.41534312430952,True
16,natural_landscapes,n148i_v2,webp_m6,ssim,5.482075704230094,True
17,natural_landscapes,n148i_v2,webp_m6,ssim,-4.360134207109445,True
18,natural_landscapes,n148i_v2,webp_m6,ssim,-2.07421763469543,True
19,natural_landscapes,n148i_v2,webp_m6,ssim,-2.820316790250521,True
20,natural_landscapes,n148i_v2,webp_m6,ssim,-1.8617637036247747,True
21,natural_landscapes,n148i_v2,webp_m6,ssim,2.4584189996983197,True
22,natural_landscapes,n148i_v2,webp_m6,ssim,-4.758716712537348,True
23,natural_landscapes,n148i_v2,webp_m6,ssim,0.427248543890113,True
24,natural_landscapes,n148i_v2,webp_m6,ssim,-6.366086458793429,True
25,natural_landscapes,n148i_v2,webp_m6,ssim,-4.258645827341246,True
26,natural_landscapes,n148i_v2,webp_m6,ssim,4.378995253103368,True
27,natural_landscapes,n148i_v2,webp_m6,ssim,2.8277826674572237,True
28,natural_landscapes,n148i_v2,webp_m6,ssim,-7.9085203604968735,True
29,natural_landscapes,n148i_v2,webp_m6,ssim,0.38747278185835565,True
30,natural_landscapes,n148i_v2,webp_m6,ssim,-11.422525257811511,True
31,urban_architecture,n148i_v2,webp_m6,ssim,7.304996842132128,True
32,urban_architecture,n148i_v2,webp_m6,ssim,1.4451827096335634,True
33,urban_architecture,n148i_v2,webp_m6,ssim,-2.9293992024497784,True
34,urban_architecture,n148i_v2,webp_m6,ssim,1.3037969304062313,True
35,urban_architecture,n148i_v2,webp_m6,ssim,-1.2797751411423475,True
36,urban_architecture,n148i_v2,webp_m6,ssim,13.358548026785844,True
37,urban_architecture,n148i_v2,webp_m6,ssim,-2.8110369141820746,True
38,urban_architecture,n148i_v2,webp_m6,ssim,0.04196716648021681,True
39,urban_architecture,n148i_v2,webp_m6,ssim,0.7475736852088799,True
40,urban_architecture,n148i_v2,webp_m6,ssim,2.332396996723207,True
41,urban_architecture,n148i_v2,webp_m6,ssim,7.9067876445907626,True
42,urban_architecture,n148i_v2,webp_m6,ssim,5.592360685530662,True
43,urban_architecture,n148i_v2,webp_m6,ssim,-0.10339495543886246,True
44,urban_architecture,n148i_v2,webp_m6,ssim,-5.438881279884312,True
45,urban_architecture,n148i_v2,webp_m6,ssim,-4.550091225721475,True
46,high_frequency_textures,n148i_v2,webp_m6,ssim,-5.039936260433075,True
47,high_frequency_textures,n148i_v2,webp_m6,ssim,-1.2522268781857249,True
48,high_frequency_textures,n148i_v2,webp_m6,ssim,-6.002466123151651,True
49,high_frequency_textures,n148i_v2,webp_m6,ssim,-7.584902829580131,True
50,high_frequency_textures,n148i_v2,webp_m6,ssim,-16.15621830714605,True
51,high_frequency_textures,n148i_v2,webp_m6,ssim,-2.8773474674760102,True
52,high_frequency_textures,n148i_v2,webp_m6,ssim,0.6261492761382215,True
53,high_frequency_textures,n148i_v2,webp_m6,ssim,-3.185899653635005,True
54,high_frequency_textures,n148i_v2,webp_m6,ssim,-8.341843661160864,True
55,high_frequency_textures,n148i_v2,webp_m6,ssim,-12.390548773493283,True
56,high_frequency_textures,n148i_v2,webp_m6,ssim,-5.026882617850603,True
57,high_frequency_textures,n148i_v2,webp_m6,ssim,-11.49834022506756,True
58,high_frequency_textures,n148i_v2,webp_m6,ssim,4.703253411440844,True
59,high_frequency_textures,n148i_v2,webp_m6,ssim,-3.776219054679053,True
60,high_frequency_textures,n148i_v2,webp_m6,ssim,-1.051564267082239,True
61,smooth_surfaces_gradients,n148i_v2,webp_m6,ssim,-7.934427081633588,True
62,smooth_surfaces_gradients,n148i_v2,webp_m6,ssim,-14.865537619705027,True
63,smooth_surfaces_gradients,n148i_v2,webp_m6,ssim,-6.458525599323906,True
64,smooth_surfaces_gradients,n148i_v2,webp_m6,ssim,-1.8005434842559453,True
65,smooth_surfaces_gradients,n148i_v2,webp_m6,ssim,-5.641124014305621,True
66,smooth_surfaces_gradients,n148i_v2,webp_m6,ssim,-9.687065683104667,True
67,smooth_surfaces_gradients,n148i_v2,webp_m6,ssim,-8.266130913938385,True
68,smooth_surfaces_gradients,n148i_v2,webp_m6,ssim,12.749086067816018,True
69,smooth_surfaces_gradients,n148i_v2,webp_m6,ssim,-14.122868409471367,True
70,smooth_surfaces_gradients,n148i_v2,webp_m6,ssim,-5.2878509572273575,True
71,smooth_surfaces_gradients,n148i_v2,webp_m6,ssim,5.712448964864181,True
72,smooth_surfaces_gradients,n148i_v2,webp_m6,ssim,2.5251860635546075,True
73,smooth_surfaces_gradients,n148i_v2,webp_m6,ssim,-25.53498075185757,True
74,smooth_surfaces_gradients,n148i_v2,webp_m6,ssim,0.21485990529632737,True
75,smooth_surfaces_gradients,n148i_v2,webp_m6,ssim,-6.056314093448567,True
76,fine_detail,n148i_v2,webp_m6,ssim,2.657563578239408,True
77,fine_detail,n148i_v2,webp_m6,ssim,4.074873622319486,True
78,fine_detail,n148i_v2,webp_m6,ssim,4.854375413387979,True
79,fine_detail,n148i_v2,webp_m6,ssim,1.6277106289952048,True
80,fine_detail,n148i_v2,webp_m6,ssim,-2.714722353604393,True
81,fine_detail,n148i_v2,webp_m6,ssim,-11.912608975237815,True
82,fine_detail,n148i_v2,webp_m6,ssim,-5.189324942830731,True
83,fine_detail,n148i_v2,webp_m6,ssim,5.254170883584197,True
84,fine_detail,n148i_v2,webp_m6,ssim,-10.935176661263114,True
85,fine_detail,n148i_v2,webp_m6,ssim,-0.6506460256376911,True
86,fine_detail,n148i_v2,webp_m6,ssim,3.6144904572308345,True
87,fine_detail,n148i_v2,webp_m6,ssim,7.39903447521304,True
88,fine_detail,n148i_v2,webp_m6,ssim,-19.860547955153397,True
89,fine_detail,n148i_v2,webp_m6,ssim,-4.401551841400941,True
90,fine_detail,n148i_v2,webp_m6,ssim,7.030071166015506,True
91,text_sharp_edges,n148i_v2,webp_m6,ssim,29.52925425812305,True
92,text_sharp_edges,n148i_v2,webp_m6,ssim,1.8973889958534995,True
93,text_sharp_edges,n148i_v2,webp_m6,ssim,31.18656553707819,True
94,text_sharp_edges,n148i_v2,webp_m6,ssim,1.453305091696011,True
95,text_sharp_edges,n148i_v2,webp_m6,ssim,16.111999378757336,True
96,text_sharp_edges,n148i_v2,webp_m6,ssim,1.6469368966767872,True
97,text_sharp_edges,n148i_v2,webp_m6,ssim,15.024211159594824,True
98,text_sharp_edges,n148i_v2,webp_m6,ssim,37.18137117487239,True
99,text_sharp_edges,n148i_v2,webp_m6,ssim,19.342566060820342,True
100,text_sharp_edges,n148i_v2,webp_m6,ssim,57.42952707690605,True
101,text_sharp_edges,n148i_v2,webp_m6,ssim,2.2342895909218674,True
102,text_sharp_edges,n148i_v2,webp_m6,ssim,6.329027033293522,True
103,text_sharp_edges,n148i_v2,webp_m6,ssim,2.4997247543719014,True
104,text_sharp_edges,n148i_v2,webp_m6,ssim,4.480188581479139,True
105,text_sharp_edges,n148i_v2,webp_m6,ssim,-3.3101590904094924,True
106,saturated_desaturated_colors,n148i_v2,webp_m6,ssim,1.5698688387991266,True
107,saturated_desaturated_colors,n148i_v2,webp_m6,ssim,-6.003810149870759,True
108,saturated_desaturated_colors,n148i_v2,webp_m6,ssim,2.6238468759281375,True
109,saturated_desaturated_colors,n148i_v2,webp_m6,ssim,7.571056399487408,True
110,saturated_desaturated_colors,n148i_v2,webp_m6,ssim,29.543020666743878,True
111,saturated_desaturated_colors,n148i_v2,webp_m6,ssim,28.51401231006536,True
112,saturated_desaturated_colors,n148i_v2,webp_m6,ssim,-3.003700409064458,True
113,saturated_desaturated_colors,n148i_v2,webp_m6,ssim,5.91615846637521,True
114,saturated_desaturated_colors,n148i_v2,webp_m6,ssim,5.332942596809853,True
115,saturated_desaturated_colors,n148i_v2,webp_m6,ssim,-5.6942472227498815,True
116,saturated_desaturated_colors,n148i_v2,webp_m6,ssim,1.7367341087954236,True
117,saturated_desaturated_colors,n148i_v2,webp_m6,ssim,4.797401697802983,True
118,saturated_desaturated_colors,n148i_v2,webp_m6,ssim,-0.27285712231378545,True
119,saturated_desaturated_colors,n148i_v2,webp_m6,ssim,-2.3943607251182497,True
120,saturated_desaturated_colors,n148i_v2,webp_m6,ssim,-5.24166963724777,True
121,smooth_surfaces_gradients,n148i_v2,webp_m6,ssim,1.1537119217133185,True
122,urban_architecture,n148i_v2,webp_m6,ssim,4.593480312138598,True
123,smooth_surfaces_gradients,n148i_v2,webp_m6,ssim,-6.204269391191186,True
124,urban_architecture,n148i_v2,webp_m6,ssim,2.4324586305990437,True
125,fine_detail,n148i_v2,webp_m6,ssim,2.321536096814314,True
126,natural_landscapes,n148i_v2,webp_m6,ssim,-7.228700250902065,True
127,urban_architecture,n148i_v2,webp_m6,ssim,-3.134303122442006,True
128,text_sharp_edges,n148i_v2,webp_m6,ssim,7.463489509822452,True
129,text_sharp_edges,n148i_v2,webp_m6,ssim,2.328639647689301,True
130,natural_landscapes,n148i_v2,webp_m6,ssim,-6.57032280969011,True
1,historical_portraits,jpeg_turbo,webp_m6,ssim,36.20114823617557,True
2,historical_portraits,jpeg_turbo,webp_m6,ssim,25.127034737175833,True
3,historical_portraits,jpeg_turbo,webp_m6,ssim,47.768819281552254,True
4,historical_portraits,jpeg_turbo,webp_m6,ssim,39.091134691218166,True
5,historical_portraits,jpeg_turbo,webp_m6,ssim,38.2289843046206,True
6,historical_portraits,jpeg_turbo,webp_m6,ssim,25.094191949032307,True
7,historical_portraits,jpeg_turbo,webp_m6,ssim,65.17762221543828,True
8,historical_portraits,jpeg_turbo,webp_m6,ssim,55.287576504773625,True
9,historical_portraits,jpeg_turbo,webp_m6,ssim,46.28699066656794,True
10,historical_portraits,jpeg_turbo,webp_m6,ssim,10.89377329392538,True
11,historical_portraits,jpeg_turbo,webp_m6,ssim,55.801684619519285,True
12,historical_portraits,jpeg_turbo,webp_m6,ssim,86.58191529002603,True
13,historical_portraits,jpeg_turbo,webp_m6,ssim,46.47462693652702,True
14,historical_portraits,jpeg_turbo,webp_m6,ssim,74.43668512673996,True
15,historical_portraits,jpeg_turbo,webp_m6,ssim,112.06683724544955,True
16,natural_landscapes,jpeg_turbo,webp_m6,ssim,45.59683426841217,True
17,natural_landscapes,jpeg_turbo,webp_m6,ssim,31.39003744943354,True
18,natural_landscapes,jpeg_turbo,webp_m6,ssim,32.39994293155461,True
19,natural_landscapes,jpeg_turbo,webp_m6,ssim,29.32107631898848,True
20,natural_landscapes,jpeg_turbo,webp_m6,ssim,36.10947019234292,True
21,natural_landscapes,jpeg_turbo,webp_m6,ssim,40.66995801370683,True
22,natural_landscapes,jpeg_turbo,webp_m6,ssim,36.90945434805428,True
23,natural_landscapes,jpeg_turbo,webp_m6,ssim,53.83047098826032,True
24,natural_landscapes,jpeg_turbo,webp_m6,ssim,31.0351121365934,True
25,natural_landscapes,jpeg_turbo,webp_m6,ssim,42.04048526535258,True
26,natural_landscapes,jpeg_turbo,webp_m6,ssim,47.12709633688252,True
27,natural_landscapes,jpeg_turbo,webp_m6,ssim,42.47879636794873,True
28,natural_landscapes,jpeg_turbo,webp_m6,ssim,38.90924440636041,True
29,natural_landscapes,jpeg_turbo,webp_m6,ssim,33.417286863222564,True
30,natural_landscapes,jpeg_turbo,webp_m6,ssim,29.16168540492221,True
31,urban_architecture,jpeg_turbo,webp_m6,ssim,54.310636337076176,True
32,urban_architecture,jpeg_turbo,webp_m6,ssim,31.573740914608052,True
33,urban_architecture,jpeg_turbo,webp_m6,ssim,22.140483407483824,True
34,urban_architecture,jpeg_turbo,webp_m6,ssim,40.21436671318603,True
35,urban_architecture,jpeg_turbo,webp_m6,ssim,55.14723871381286,True
36,urban_architecture,jpeg_turbo,webp_m6,ssim,69.55812797150563,True
37,urban_architecture,jpeg_turbo,webp_m6,ssim,55.22962546436885,True
38,urban_architecture,jpeg_turbo,webp_m6,ssim,40.584874557198056,True
39,urban_architecture,jpeg_turbo,webp_m6,ssim,48.59066156920478,True
40,urban_architecture,jpeg_turbo,webp_m6,ssim,47.61940844600608,True
41,urban_architecture,jpeg_turbo,webp_m6,ssim,71.0938329055399,True
42,urban_architecture,jpeg_turbo,webp_m6,ssim,61.35579822754116,True
43,urban_architecture,jpeg_turbo,webp_m6,ssim,54.66034194202245,True
44,urban_architecture,jpeg_turbo,webp_m6,ssim,38.697615576288456,True
45,urban_architecture,jpeg_turbo,webp_m6,ssim,44.506029497596124,True
46,high_frequency_textures,jpeg_turbo,webp_m6,ssim,44.75697150196374,True
47,high_frequency_textures,jpeg_turbo,webp_m6,ssim,50.93251907557812,True
48,high_frequency_textures,jpeg_turbo,webp_m6,ssim,30.992538191595067,True
49,high_frequency_textures,jpeg_turbo,webp_m6,ssim,19.268439764571287,True
50,high_frequency_textures,jpeg_turbo,webp_m6,ssim,23.78878701299929,True
51,high_frequency_textures,jpeg_turbo,webp_m6,ssim,44.34320634902116,True
52,high_frequency_textures,jpeg_turbo,webp_m6,ssim,47.66901279926303,True
53,high_frequency_textures,jpeg_turbo,webp_m6,ssim,34.985090037918944,True
54,high_frequency_textures,jpeg_turbo,webp_m6,ssim,34.00937201465868,True
55,high_frequency_textures,jpeg_turbo,webp_m6,ssim,15.938134701682749,True
56,high_frequency_textures,jpeg_turbo,webp_m6,ssim,45.250193128284266,True
57,high_frequency_textures,jpeg_turbo,webp_m6,ssim,17.481851273216886,True
58,high_frequency_textures,jpeg_turbo,webp_m6,ssim,46.78394184676633,True
59,high_frequency_textures,jpeg_turbo,webp_m6,ssim,38.14700908355646,True
60,high_frequency_textures,jpeg_turbo,webp_m6,ssim,35.61584866429055,True
61,smooth_surfaces_gradients,jpeg_turbo,webp_m6,ssim,49.86019953108058,True
62,smooth_surfaces_gradients,jpeg_turbo,webp_m6,ssim,52.19252804565275,True
63,smooth_surfaces_gradients,jpeg_turbo,webp_m6,ssim,56.47034944880056,True
64,smooth_surfaces_gradients,jpeg_turbo,webp_m6,ssim,43.18308559053632,True
65,smooth_surfaces_gradients,jpeg_turbo,webp_m6,ssim,36.94939596551974,True
66,smooth_surfaces_gradients,jpeg_turbo,webp_m6,ssim,22.123100743463866,True
67,smooth_surfaces_gradients,jpeg_turbo,webp_m6,ssim,26.40005043804552,True
68,smooth_surfaces_gradients,jpeg_turbo,webp_m6,ssim,57.98209406285042,True
69,smooth_surfaces_gradients,jpeg_turbo,webp_m6,ssim,33.50871814245133,True
70,smooth_surfaces_gradients,jpeg_turbo,webp_m6,ssim,40.96609616530491,True
71,smooth_surfaces_gradients,jpeg_turbo,webp_m6,ssim,77.46883394782722,True
72,smooth_surfaces_gradients,jpeg_turbo,webp_m6,ssim,46.165937342870336,True
73,smooth_surfaces_gradients,jpeg_turbo,webp_m6,ssim,127.96460193947405,True
74,smooth_surfaces_gradients,jpeg_turbo,webp_m6,ssim,73.84204951657523,True
75,smooth_surfaces_gradients,jpeg_turbo,webp_m6,ssim,89.84255720752358,True
76,fine_detail,jpeg_turbo,webp_m6,ssim,69.46930749091955,True
77,fine_detail,jpeg_turbo,webp_m6,ssim,43.620626691747866,True
78,fine_detail,jpeg_turbo,webp_m6,ssim,43.20082598801898,True
79,fine_detail,jpeg_turbo,webp_m6,ssim,44.09212243323684,True
80,fine_detail,jpeg_turbo,webp_m6,ssim,26.72391482978429,True
81,fine_detail,jpeg_turbo,webp_m6,ssim,25.448770800650934,True
82,fine_detail,jpeg_turbo,webp_m6,ssim,26.898857665239383,True
83,fine_detail,jpeg_turbo,webp_m6,ssim,50.75754729545754,True
84,fine_detail,jpeg_turbo,webp_m6,ssim,63.18403751255357,True
85,fine_detail,jpeg_turbo,webp_m6,ssim,40.598386621891905,True
86,fine_detail,jpeg_turbo,webp_m6,ssim,48.63551661776513,True
87,fine_detail,jpeg_turbo,webp_m6,ssim,52.578525629937545,True
88,fine_detail,jpeg_turbo,webp_m6,ssim,62.67626393482506,True
89,fine_detail,jpeg_turbo,webp_m6,ssim,42.20872997627853,True
90,fine_detail,jpeg_turbo,webp_m6,ssim,74.58177366145036,True
91,text_sharp_edges,jpeg_turbo,webp_m6,ssim,176.2525542779067,True
92,text_sharp_edges,jpeg_turbo,webp_m6,ssim,55.10578852335692,True
93,text_sharp_edges,jpeg_turbo,webp_m6,ssim,161.06198023865565,True
94,text_sharp_edges,jpeg_turbo,webp_m6,ssim,65.99063658502718,True
95,text_sharp_edges,jpeg_turbo,webp_m6,ssim,137.08463042805556,True
96,text_sharp_edges,jpeg_turbo,webp_m6,ssim,56.633778648288605,True
97,text_sharp_edges,jpeg_turbo,webp_m6,ssim,155.6516296501602,True
98,text_sharp_edges,jpeg_turbo,webp_m6,ssim,167.6549505034396,True
99,text_sharp_edges,jpeg_turbo,webp_m6,ssim,100.18177269647369,True
100,text_sharp_edges,jpeg_turbo,webp_m6,ssim,219.85392552687455,True
101,text_sharp_edges,jpeg_turbo,webp_m6,ssim,91.21703063131625,True
102,text_sharp_edges,jpeg_turbo,webp_m6,ssim,54.109260000852146,True
103,text_sharp_edges,jpeg_turbo,webp_m6,ssim,67.95494805670994,True
104,text_sharp_edges,jpeg_turbo,webp_m6,ssim,75.5351232101666,True
105,text_sharp_edges,jpeg_turbo,webp_m6,ssim,39.2042126805757,True
106,saturated_desaturated_colors,jpeg_turbo,webp_m6,ssim,64.00825836486068,True
107,saturated_desaturated_colors,jpeg_turbo,webp_m6,ssim,30.809265961496422,True
108,saturated_desaturated_colors,jpeg_turbo,webp_m6,ssim,59.89143682097491,True
109,saturated_desaturated_colors,jpeg_turbo,webp_m6,ssim,70.00589438617175,True
110,saturated_desaturated_colors,jpeg_turbo,webp_m6,ssim,117.6894741655258,True
111,saturated_desaturated_colors,jpeg_turbo,webp_m6,ssim,78.83987093926538,True
112,saturated_desaturated_colors,jpeg_turbo,webp_m6,ssim,25.40772261349129,True
113,saturated_desaturated_colors,jpeg_turbo,webp_m6,ssim,60.96648332769683,True
114,saturated_desaturated_colors,jpeg_turbo,webp_m6,ssim,41.939815079366525,True
115,saturated_desaturated_colors,jpeg_turbo,webp_m6,ssim,25.50709792996031,True
116,saturated_desaturated_colors,jpeg_turbo,webp_m6,ssim,57.644724360205224,True
117,saturated_desaturated_colors,jpeg_turbo,webp_m6,ssim,142.33299167788763,True
118,saturated_desaturated_colors,jpeg_turbo,webp_m6,ssim,89.43389901644534,True
119,saturated_desaturated_colors,jpeg_turbo,webp_m6,ssim,56.715655849547296,True
120,saturated_desaturated_colors,jpeg_turbo,webp_m6,ssim,54.623898050980245,True
121,smooth_surfaces_gradients,jpeg_turbo,webp_m6,ssim,67.30382083947251,True
122,urban_architecture,jpeg_turbo,webp_m6,ssim,65.23020116788443,True
123,smooth_surfaces_gradients,jpeg_turbo,webp_m6,ssim,49.90123856623292,True
124,urban_architecture,jpeg_turbo,webp_m6,ssim,42.70938051095503,True
125,fine_detail,jpeg_turbo,webp_m6,ssim,52.09622885687193,True
126,natural_landscapes,jpeg_turbo,webp_m6,ssim,24.549528454696244,True
127,urban_architecture,jpeg_turbo,webp_m6,ssim,42.267217517139734,True
128,text_sharp_edges,jpeg_turbo,webp_m6,ssim,74.5022245625097,True
129,text_sharp_edges,jpeg_turbo,webp_m6,ssim,46.90186894142931,True
130,natural_landscapes,jpeg_turbo,webp_m6,ssim,35.61149065096663,True
1,historical_portraits,webp_m4,webp_m6,ssim,1.2917679291309936,True
2,historical_portraits,webp_m4,webp_m6,ssim,0.7349400562802311,True
3,historical_portraits,webp_m4,webp_m6,ssim,0.760604043805202,True
4,historical_portraits,webp_m4,webp_m6,ssim,1.5858742588703567,True
5,historical_portraits,webp_m4,webp_m6,ssim,1.5753744947239134,True
6,historical_portraits,webp_m4,webp_m6,ssim,0.8773879860488387,True
7,historical_portraits,webp_m4,webp_m6,ssim,1.0055589038624468,True
8,historical_portraits,webp_m4,webp_m6,ssim,2.7835509582747164,True
9,historical_portraits,webp_m4,webp_m6,ssim,0.7898209166340653,True
10,historical_portraits,webp_m4,webp_m6,ssim,1.2949078042926443,True
11,historical_portraits,webp_m4,webp_m6,ssim,3.1655855251397025,True
12,historical_portraits,webp_m4,webp_m6,ssim,-0.3774779692687913,True
13,historical_portraits,webp_m4,webp_m6,ssim,2.360242807838775,True
14,historical_portraits,webp_m4,webp_m6,ssim,-3.052824499669704,True
15,historical_portraits,webp_m4,webp_m6,ssim,2.2422126526504993,True
16,natural_landscapes,webp_m4,webp_m6,ssim,0.7332277694193312,True
17,natural_landscapes,webp_m4,webp_m6,ssim,1.0583177191161974,True
18,natural_landscapes,webp_m4,webp_m6,ssim,1.9467259603175746,True
19,natural_landscapes,webp_m4,webp_m6,ssim,0.4263836928886766,True
20,natural_landscapes,webp_m4,webp_m6,ssim,0.26349353121155605,True
21,natural_landscapes,webp_m4,webp_m6,ssim,1.0591938281032665,True
22,natural_landscapes,webp_m4,webp_m6,ssim,-0.45958729772895834,True
23,natural_landscapes,webp_m4,webp_m6,ssim,0.627203036452828,True
24,natural_landscapes,webp_m4,webp_m6,ssim,0.49432343785673627,True
25,natural_landscapes,webp_m4,webp_m6,ssim,0.1402877150609383,True
26,natural_landscapes,webp_m4,webp_m6,ssim,0.6268598530027925,True
27,natural_landscapes,webp_m4,webp_m6,ssim,0.653485418282207,True
28,natural_landscapes,webp_m4,webp_m6,ssim,0.007185857617608704,True
29,natural_landscapes,webp_m4,webp_m6,ssim,0.6837447580795741,True
30,natural_landscapes,webp_m4,webp_m6,ssim,-1.0654881770777336,True
31,urban_architecture,webp_m4,webp_m6,ssim,1.2471640258809646,True
32,urban_architecture,webp_m4,webp_m6,ssim,1.2854581643795049,True
33,urban_architecture,webp_m4,webp_m6,ssim,2.155410698233595,True
34,urban_architecture,webp_m4,webp_m6,ssim,1.5607040588792698,True
35,urban_architecture,webp_m4,webp_m6,ssim,0.35484199325415133,True
36,urban_architecture,webp_m4,webp_m6,ssim,1.2223431019930064,True
37,urban_architecture,webp_m4,webp_m6,ssim,-0.20306577886911592,True
38,urban_architecture,webp_m4,webp_m6,ssim,2.0249609511117317,True
39,urban_architecture,webp_m4,webp_m6,ssim,0.6522717347504425,True
40,urban_architecture,webp_m4,webp_m6,ssim,0.06255007780493482,True
41,urban_architecture,webp_m4,webp_m6,ssim,0.6756197532784558,True
42,urban_architecture,webp_m4,webp_m6,ssim,0.7955862315947471,True
43,urban_architecture,webp_m4,webp_m6,ssim,1.6860519350377468,True
44,urban_architecture,webp_m4,webp_m6,ssim,0.0007103436620026216,True
45,urban_architecture,webp_m4,webp_m6,ssim,0.3904219670525899,True
46,high_frequency_textures,webp_m4,webp_m6,ssim,0.9696207378758981,True
47,high_frequency_textures,webp_m4,webp_m6,ssim,-0.29491994717542047,True
48,high_frequency_textures,webp_m4,webp_m6,ssim,1.4903190753963402,True
49,high_frequency_textures,webp_m4,webp_m6,ssim,2.6029404887724983,True
50,high_frequency_textures,webp_m4,webp_m6,ssim,2.9508934234659723,True
51,high_frequency_textures,webp_m4,webp_m6,ssim,0.9798884536234009,True
52,high_frequency_textures,webp_m4,webp_m6,ssim,0.8115679479571369,True
53,high_frequency_textures,webp_m4,webp_m6,ssim,1.5066957337888542,True
54,high_frequency_textures,webp_m4,webp_m6,ssim,0.9161905592355968,True
55,high_frequency_textures,webp_m4,webp_m6,ssim,-0.41676062600085606,True
56,high_frequency_textures,webp_m4,webp_m6,ssim,0.8529369298401868,True
57,high_frequency_textures,webp_m4,webp_m6,ssim,3.308502723450246,True
58,high_frequency_textures,webp_m4,webp_m6,ssim,1.7628296222433226,True
59,high_frequency_textures,webp_m4,webp_m6,ssim,2.0476535913330984,True
60,high_frequency_textures,webp_m4,webp_m6,ssim,0.9084968942659533,True
61,smooth_surfaces_gradients,webp_m4,webp_m6,ssim,1.395544562783435,True
62,smooth_surfaces_gradients,webp_m4,webp_m6,ssim,2.7840046196923485,True
63,smooth_surfaces_gradients,webp_m4,webp_m6,ssim,1.5736475150945228,True
64,smooth_surfaces_gradients,webp_m4,webp_m6,ssim,1.0847949711888294,True
65,smooth_surfaces_gradients,webp_m4,webp_m6,ssim,0.27828574607273726,True
66,smooth_surfaces_gradients,webp_m4,webp_m6,ssim,0.8628276989165684,True
67,smooth_surfaces_gradients,webp_m4,webp_m6,ssim,2.0912798692919843,True
68,smooth_surfaces_gradients,webp_m4,webp_m6,ssim,2.14079008912309,True
69,smooth_surfaces_gradients,webp_m4,webp_m6,ssim,0.3408038174574246,True
70,smooth_surfaces_gradients,webp_m4,webp_m6,ssim,-0.16817951615898385,True
71,smooth_surfaces_gradients,webp_m4,webp_m6,ssim,3.50808670742937,True
72,smooth_surfaces_gradients,webp_m4,webp_m6,ssim,0.5217891835803012,True
73,smooth_surfaces_gradients,webp_m4,webp_m6,ssim,1.7391786827526623,True
74,smooth_surfaces_gradients,webp_m4,webp_m6,ssim,0.6409904060039828,True
75,smooth_surfaces_gradients,webp_m4,webp_m6,ssim,0.27128858344238616,True
76,fine_detail,webp_m4,webp_m6,ssim,2.748971610906814,True
77,fine_detail,webp_m4,webp_m6,ssim,2.1692644084357227,True
78,fine_detail,webp_m4,webp_m6,ssim,1.51596209194802,True
79,fine_detail,webp_m4,webp_m6,ssim,1.3387452390946297,True
80,fine_detail,webp_m4,webp_m6,ssim,0.5130811497921384,True
81,fine_detail,webp_m4,webp_m6,ssim,-0.05447889585206145,True
82,fine_detail,webp_m4,webp_m6,ssim,1.3841222950632392,True
83,fine_detail,webp_m4,webp_m6,ssim,2.0262109290539954,True
84,fine_detail,webp_m4,webp_m6,ssim,2.516214545444262,True
85,fine_detail,webp_m4,webp_m6,ssim,1.0817529038290807,True
86,fine_detail,webp_m4,webp_m6,ssim,1.1784165892544163,True
87,fine_detail,webp_m4,webp_m6,ssim,1.5765412382174215,True
88,fine_detail,webp_m4,webp_m6,ssim,2.676192287039947,True
89,fine_detail,webp_m4,webp_m6,ssim,2.079545648450054,True
90,fine_detail,webp_m4,webp_m6,ssim,3.4719414592693676,True
91,text_sharp_edges,webp_m4,webp_m6,ssim,0.6477582338122456,True
92,text_sharp_edges,webp_m4,webp_m6,ssim,1.5264279656578505,True
93,text_sharp_edges,webp_m4,webp_m6,ssim,3.9868481265606492,True
94,text_sharp_edges,webp_m4,webp_m6,ssim,0.533465030605873,True
95,text_sharp_edges,webp_m4,webp_m6,ssim,2.4110972366557126,True
96,text_sharp_edges,webp_m4,webp_m6,ssim,-0.7768107838107108,True
97,text_sharp_edges,webp_m4,webp_m6,ssim,1.6846156279554547,True
98,text_sharp_edges,webp_m4,webp_m6,ssim,2.9590117291198315,True
99,text_sharp_edges,webp_m4,webp_m6,ssim,1.567383746580031,True
100,text_sharp_edges,webp_m4,webp_m6,ssim,2.694982260265899,True
101,text_sharp_edges,webp_m4,webp_m6,ssim,2.974456199933062,True
102,text_sharp_edges,webp_m4,webp_m6,ssim,1.386448912498306,True
103,text_sharp_edges,webp_m4,webp_m6,ssim,-0.8580147200005994,True
104,text_sharp_edges,webp_m4,webp_m6,ssim,1.1881770982051565,True
105,text_sharp_edges,webp_m4,webp_m6,ssim,2.1838366286099253,True
106,saturated_desaturated_colors,webp_m4,webp_m6,ssim,1.51446703713356,True
107,saturated_desaturated_colors,webp_m4,webp_m6,ssim,1.4302399998791238,True
108,saturated_desaturated_colors,webp_m4,webp_m6,ssim,-0.17196481829584442,True
109,saturated_desaturated_colors,webp_m4,webp_m6,ssim,1.5399330095922759,True
110,saturated_desaturated_colors,webp_m4,webp_m6,ssim,3.3761074792130863,True
111,saturated_desaturated_colors,webp_m4,webp_m6,ssim,3.1887883718836996,True
112,saturated_desaturated_colors,webp_m4,webp_m6,ssim,3.151827374445726,True
113,saturated_desaturated_colors,webp_m4,webp_m6,ssim,1.3003456496208488,True
114,saturated_desaturated_colors,webp_m4,webp_m6,ssim,2.978378782982216,True
115,saturated_desaturated_colors,webp_m4,webp_m6,ssim,2.6468025147742047,True
116,saturated_desaturated_colors,webp_m4,webp_m6,ssim,3.50845291009354,True
117,saturated_desaturated_colors,webp_m4,webp_m6,ssim,0.7397664752476274,True
118,saturated_desaturated_colors,webp_m4,webp_m6,ssim,1.5715448629596507,True
119,saturated_desaturated_colors,webp_m4,webp_m6,ssim,1.2817690526702785,True
120,saturated_desaturated_colors,webp_m4,webp_m6,ssim,2.732893255818958,True
121,smooth_surfaces_gradients,webp_m4,webp_m6,ssim,2.0633480507726176,True
122,urban_architecture,webp_m4,webp_m6,ssim,-0.6004345739351713,True
123,smooth_surfaces_gradients,webp_m4,webp_m6,ssim,1.59189391670167,True
124,urban_architecture,webp_m4,webp_m6,ssim,1.2292160294090415,True
125,fine_detail,webp_m4,webp_m6,ssim,0.6219782006115393,True
126,natural_landscapes,webp_m4,webp_m6,ssim,1.2995154141769438,True
127,urban_architecture,webp_m4,webp_m6,ssim,0.5335399138261421,True
128,text_sharp_edges,webp_m4,webp_m6,ssim,1.8538511569855087,True
129,text_sharp_edges,webp_m4,webp_m6,ssim,-0.09001100062869805,True
130,natural_landscapes,webp_m4,webp_m6,ssim,1.4797232969501861,True
1,historical_portraits,webp_m6_historical,webp_m6,ssim,0.0,True
2,historical_portraits,webp_m6_historical,webp_m6,ssim,0.0,True
3,historical_portraits,webp_m6_historical,webp_m6,ssim,0.0,True
4,historical_portraits,webp_m6_historical,webp_m6,ssim,0.0,True
5,historical_portraits,webp_m6_historical,webp_m6,ssim,0.0,True
6,historical_portraits,webp_m6_historical,webp_m6,ssim,0.0,True
7,historical_portraits,webp_m6_historical,webp_m6,ssim,0.0,True
8,historical_portraits,webp_m6_historical,webp_m6,ssim,0.0,True
9,historical_portraits,webp_m6_historical,webp_m6,ssim,0.0,True
10,historical_portraits,webp_m6_historical,webp_m6,ssim,0.0,True
11,historical_portraits,webp_m6_historical,webp_m6,ssim,0.0,True
12,historical_portraits,webp_m6_historical,webp_m6,ssim,0.0,True
13,historical_portraits,webp_m6_historical,webp_m6,ssim,0.0,True
14,historical_portraits,webp_m6_historical,webp_m6,ssim,0.0,True
15,historical_portraits,webp_m6_historical,webp_m6,ssim,0.0,True
16,natural_landscapes,webp_m6_historical,webp_m6,ssim,0.0,True
17,natural_landscapes,webp_m6_historical,webp_m6,ssim,0.0,True
18,natural_landscapes,webp_m6_historical,webp_m6,ssim,0.0,True
19,natural_landscapes,webp_m6_historical,webp_m6,ssim,0.0,True
20,natural_landscapes,webp_m6_historical,webp_m6,ssim,0.0,True
21,natural_landscapes,webp_m6_historical,webp_m6,ssim,0.0,True
22,natural_landscapes,webp_m6_historical,webp_m6,ssim,0.0,True
23,natural_landscapes,webp_m6_historical,webp_m6,ssim,0.0,True
24,natural_landscapes,webp_m6_historical,webp_m6,ssim,0.0,True
25,natural_landscapes,webp_m6_historical,webp_m6,ssim,0.0,True
26,natural_landscapes,webp_m6_historical,webp_m6,ssim,0.0,True
27,natural_landscapes,webp_m6_historical,webp_m6,ssim,0.0,True
28,natural_landscapes,webp_m6_historical,webp_m6,ssim,0.0,True
29,natural_landscapes,webp_m6_historical,webp_m6,ssim,0.0,True
30,natural_landscapes,webp_m6_historical,webp_m6,ssim,0.0,True
31,urban_architecture,webp_m6_historical,webp_m6,ssim,0.0,True
32,urban_architecture,webp_m6_historical,webp_m6,ssim,0.0,True
33,urban_architecture,webp_m6_historical,webp_m6,ssim,0.0,True
34,urban_architecture,webp_m6_historical,webp_m6,ssim,0.0,True
35,urban_architecture,webp_m6_historical,webp_m6,ssim,0.0,True
36,urban_architecture,webp_m6_historical,webp_m6,ssim,0.0,True
37,urban_architecture,webp_m6_historical,webp_m6,ssim,0.0,True
38,urban_architecture,webp_m6_historical,webp_m6,ssim,0.0,True
39,urban_architecture,webp_m6_historical,webp_m6,ssim,0.0,True
40,urban_architecture,webp_m6_historical,webp_m6,ssim,0.0,True
41,urban_architecture,webp_m6_historical,webp_m6,ssim,0.0,True
42,urban_architecture,webp_m6_historical,webp_m6,ssim,0.0,True
43,urban_architecture,webp_m6_historical,webp_m6,ssim,0.0,True
44,urban_architecture,webp_m6_historical,webp_m6,ssim,0.0,True
45,urban_architecture,webp_m6_historical,webp_m6,ssim,0.0,True
46,high_frequency_textures,webp_m6_historical,webp_m6,ssim,0.0,True
47,high_frequency_textures,webp_m6_historical,webp_m6,ssim,0.0,True
48,high_frequency_textures,webp_m6_historical,webp_m6,ssim,0.0,True
49,high_frequency_textures,webp_m6_historical,webp_m6,ssim,0.0,True
50,high_frequency_textures,webp_m6_historical,webp_m6,ssim,0.0,True
51,high_frequency_textures,webp_m6_historical,webp_m6,ssim,0.0,True
52,high_frequency_textures,webp_m6_historical,webp_m6,ssim,0.0,True
53,high_frequency_textures,webp_m6_historical,webp_m6,ssim,0.0,True
54,high_frequency_textures,webp_m6_historical,webp_m6,ssim,0.0,True
55,high_frequency_textures,webp_m6_historical,webp_m6,ssim,0.0,True
56,high_frequency_textures,webp_m6_historical,webp_m6,ssim,0.0,True
57,high_frequency_textures,webp_m6_historical,webp_m6,ssim,0.0,True
58,high_frequency_textures,webp_m6_historical,webp_m6,ssim,0.0,True
59,high_frequency_textures,webp_m6_historical,webp_m6,ssim,0.0,True
60,high_frequency_textures,webp_m6_historical,webp_m6,ssim,0.0,True
61,smooth_surfaces_gradients,webp_m6_historical,webp_m6,ssim,0.0,True
62,smooth_surfaces_gradients,webp_m6_historical,webp_m6,ssim,0.0,True
63,smooth_surfaces_gradients,webp_m6_historical,webp_m6,ssim,0.0,True
64,smooth_surfaces_gradients,webp_m6_historical,webp_m6,ssim,0.0,True
65,smooth_surfaces_gradients,webp_m6_historical,webp_m6,ssim,0.0,True
66,smooth_surfaces_gradients,webp_m6_historical,webp_m6,ssim,0.0,True
67,smooth_surfaces_gradients,webp_m6_historical,webp_m6,ssim,0.0,True
68,smooth_surfaces_gradients,webp_m6_historical,webp_m6,ssim,0.0,True
69,smooth_surfaces_gradients,webp_m6_historical,webp_m6,ssim,0.0,True
70,smooth_surfaces_gradients,webp_m6_historical,webp_m6,ssim,0.0,True
71,smooth_surfaces_gradients,webp_m6_historical,webp_m6,ssim,0.0,True
72,smooth_surfaces_gradients,webp_m6_historical,webp_m6,ssim,0.0,True
73,smooth_surfaces_gradients,webp_m6_historical,webp_m6,ssim,0.0,True
74,smooth_surfaces_gradients,webp_m6_historical,webp_m6,ssim,0.0,True
75,smooth_surfaces_gradients,webp_m6_historical,webp_m6,ssim,0.0,True
76,fine_detail,webp_m6_historical,webp_m6,ssim,0.0,True
77,fine_detail,webp_m6_historical,webp_m6,ssim,0.0,True
78,fine_detail,webp_m6_historical,webp_m6,ssim,0.0,True
79,fine_detail,webp_m6_historical,webp_m6,ssim,0.0,True
80,fine_detail,webp_m6_historical,webp_m6,ssim,0.0,True
81,fine_detail,webp_m6_historical,webp_m6,ssim,0.0,True
82,fine_detail,webp_m6_historical,webp_m6,ssim,0.0,True
83,fine_detail,webp_m6_historical,webp_m6,ssim,0.0,True
84,fine_detail,webp_m6_historical,webp_m6,ssim,0.0,True
85,fine_detail,webp_m6_historical,webp_m6,ssim,0.0,True
86,fine_detail,webp_m6_historical,webp_m6,ssim,0.0,True
87,fine_detail,webp_m6_historical,webp_m6,ssim,0.0,True
88,fine_detail,webp_m6_historical,webp_m6,ssim,0.0,True
89,fine_detail,webp_m6_historical,webp_m6,ssim,0.0,True
90,fine_detail,webp_m6_historical,webp_m6,ssim,0.0,True
91,text_sharp_edges,webp_m6_historical,webp_m6,ssim,0.0,True
92,text_sharp_edges,webp_m6_historical,webp_m6,ssim,0.0,True
93,text_sharp_edges,webp_m6_historical,webp_m6,ssim,0.0,True
94,text_sharp_edges,webp_m6_historical,webp_m6,ssim,0.0,True
95,text_sharp_edges,webp_m6_historical,webp_m6,ssim,0.0,True
96,text_sharp_edges,webp_m6_historical,webp_m6,ssim,0.0,True
97,text_sharp_edges,webp_m6_historical,webp_m6,ssim,0.0,True
98,text_sharp_edges,webp_m6_historical,webp_m6,ssim,0.0,True
99,text_sharp_edges,webp_m6_historical,webp_m6,ssim,0.0,True
100,text_sharp_edges,webp_m6_historical,webp_m6,ssim,0.0,True
101,text_sharp_edges,webp_m6_historical,webp_m6,ssim,0.0,True
102,text_sharp_edges,webp_m6_historical,webp_m6,ssim,0.0,True
103,text_sharp_edges,webp_m6_historical,webp_m6,ssim,0.0,True
104,text_sharp_edges,webp_m6_historical,webp_m6,ssim,0.0,True
105,text_sharp_edges,webp_m6_historical,webp_m6,ssim,0.0,True
106,saturated_desaturated_colors,webp_m6_historical,webp_m6,ssim,0.0,True
107,saturated_desaturated_colors,webp_m6_historical,webp_m6,ssim,0.0,True
108,saturated_desaturated_colors,webp_m6_historical,webp_m6,ssim,0.0,True
109,saturated_desaturated_colors,webp_m6_historical,webp_m6,ssim,0.0,True
110,saturated_desaturated_colors,webp_m6_historical,webp_m6,ssim,0.0,True
111,saturated_desaturated_colors,webp_m6_historical,webp_m6,ssim,0.0,True
112,saturated_desaturated_colors,webp_m6_historical,webp_m6,ssim,0.0,True
113,saturated_desaturated_colors,webp_m6_historical,webp_m6,ssim,0.0,True
114,saturated_desaturated_colors,webp_m6_historical,webp_m6,ssim,0.0,True
115,saturated_desaturated_colors,webp_m6_historical,webp_m6,ssim,0.0,True
116,saturated_desaturated_colors,webp_m6_historical,webp_m6,ssim,0.0,True
117,saturated_desaturated_colors,webp_m6_historical,webp_m6,ssim,0.0,True
118,saturated_desaturated_colors,webp_m6_historical,webp_m6,ssim,0.0,True
119,saturated_desaturated_colors,webp_m6_historical,webp_m6,ssim,0.0,True
120,saturated_desaturated_colors,webp_m6_historical,webp_m6,ssim,0.0,True
121,smooth_surfaces_gradients,webp_m6_historical,webp_m6,ssim,0.0,True
122,urban_architecture,webp_m6_historical,webp_m6,ssim,0.0,True
123,smooth_surfaces_gradients,webp_m6_historical,webp_m6,ssim,0.0,True
124,urban_architecture,webp_m6_historical,webp_m6,ssim,0.0,True
125,fine_detail,webp_m6_historical,webp_m6,ssim,0.0,True
126,natural_landscapes,webp_m6_historical,webp_m6,ssim,0.0,True
127,urban_architecture,webp_m6_historical,webp_m6,ssim,0.0,True
128,text_sharp_edges,webp_m6_historical,webp_m6,ssim,0.0,True
129,text_sharp_edges,webp_m6_historical,webp_m6,ssim,0.0,True
130,natural_landscapes,webp_m6_historical,webp_m6,ssim,0.0,True
1,historical_portraits,jxl_e3,webp_m6,ssim,4.817474213676309,True
2,historical_portraits,jxl_e3,webp_m6,ssim,0.5332333096469855,True
3,historical_portraits,jxl_e3,webp_m6,ssim,21.958339566732832,True
4,historical_portraits,jxl_e3,webp_m6,ssim,2.363243226144496,True
5,historical_portraits,jxl_e3,webp_m6,ssim,14.339261669349511,True
6,historical_portraits,jxl_e3,webp_m6,ssim,4.092955222669437,True
7,historical_portraits,jxl_e3,webp_m6,ssim,17.22557524235915,True
8,historical_portraits,jxl_e3,webp_m6,ssim,38.05985642661971,True
9,historical_portraits,jxl_e3,webp_m6,ssim,12.873310860371557,True
10,historical_portraits,jxl_e3,webp_m6,ssim,-8.400218669834125,True
11,historical_portraits,jxl_e3,webp_m6,ssim,13.803426067721825,True
12,historical_portraits,jxl_e3,webp_m6,ssim,48.487856359743375,True
13,historical_portraits,jxl_e3,webp_m6,ssim,5.139161754817145,True
14,historical_portraits,jxl_e3,webp_m6,ssim,13.649040641560472,True
15,historical_portraits,jxl_e3,webp_m6,ssim,53.0549051792937,True
16,natural_landscapes,jxl_e3,webp_m6,ssim,13.547464621017813,True
17,natural_landscapes,jxl_e3,webp_m6,ssim,15.635187353508218,True
18,natural_landscapes,jxl_e3,webp_m6,ssim,5.895266095579976,True
19,natural_landscapes,jxl_e3,webp_m6,ssim,3.0903066865060946,True
20,natural_landscapes,jxl_e3,webp_m6,ssim,6.9982332002641146,True
21,natural_landscapes,jxl_e3,webp_m6,ssim,8.451075789096873,True
22,natural_landscapes,jxl_e3,webp_m6,ssim,12.919822919391999,True
23,natural_landscapes,jxl_e3,webp_m6,ssim,27.185014642105564,True
24,natural_landscapes,jxl_e3,webp_m6,ssim,1.2909802984422125,True
25,natural_landscapes,jxl_e3,webp_m6,ssim,4.747647648405651,True
26,natural_landscapes,jxl_e3,webp_m6,ssim,11.499506562277983,True
27,natural_landscapes,jxl_e3,webp_m6,ssim,14.002256672864032,True
28,natural_landscapes,jxl_e3,webp_m6,ssim,4.810482891259782,True
29,natural_landscapes,jxl_e3,webp_m6,ssim,9.319994204957016,True
30,natural_landscapes,jxl_e3,webp_m6,ssim,7.496353270195288,True
31,urban_architecture,jxl_e3,webp_m6,ssim,31.509735371027592,True
32,urban_architecture,jxl_e3,webp_m6,ssim,12.002822668107305,True
33,urban_architecture,jxl_e3,webp_m6,ssim,4.286648157372475,True
34,urban_architecture,jxl_e3,webp_m6,ssim,13.252638661118343,True
35,urban_architecture,jxl_e3,webp_m6,ssim,18.735086046959882,True
36,urban_architecture,jxl_e3,webp_m6,ssim,27.642699419295358,True
37,urban_architecture,jxl_e3,webp_m6,ssim,12.64586881873846,True
38,urban_architecture,jxl_e3,webp_m6,ssim,12.746425788532513,True
39,urban_architecture,jxl_e3,webp_m6,ssim,11.369097687716279,True
40,urban_architecture,jxl_e3,webp_m6,ssim,15.39121459532784,True
41,urban_architecture,jxl_e3,webp_m6,ssim,24.934735264273478,True
42,urban_architecture,jxl_e3,webp_m6,ssim,20.865957857454553,True
43,urban_architecture,jxl_e3,webp_m6,ssim,23.459900200580886,True
44,urban_architecture,jxl_e3,webp_m6,ssim,13.144713935765594,True
45,urban_architecture,jxl_e3,webp_m6,ssim,6.221555624945951,True
46,high_frequency_textures,jxl_e3,webp_m6,ssim,15.644179365738387,True
47,high_frequency_textures,jxl_e3,webp_m6,ssim,25.072577221943938,True
48,high_frequency_textures,jxl_e3,webp_m6,ssim,15.867226931352585,True
49,high_frequency_textures,jxl_e3,webp_m6,ssim,-4.995099411954207,True
50,high_frequency_textures,jxl_e3,webp_m6,ssim,-4.140146686729018,True
51,high_frequency_textures,jxl_e3,webp_m6,ssim,1.607275317465473,True
52,high_frequency_textures,jxl_e3,webp_m6,ssim,7.298468105722988,True
53,high_frequency_textures,jxl_e3,webp_m6,ssim,3.9402219662199034,True
54,high_frequency_textures,jxl_e3,webp_m6,ssim,-5.787942958476133,True
55,high_frequency_textures,jxl_e3,webp_m6,ssim,-2.4890458636543933,True
56,high_frequency_textures,jxl_e3,webp_m6,ssim,-0.1224839842336789,True
57,high_frequency_textures,jxl_e3,webp_m6,ssim,-8.052479541380219,True
58,high_frequency_textures,jxl_e3,webp_m6,ssim,26.39040689908747,True
59,high_frequency_textures,jxl_e3,webp_m6,ssim,28.172073709004387,True
60,high_frequency_textures,jxl_e3,webp_m6,ssim,21.939788517687987,True
61,smooth_surfaces_gradients,jxl_e3,webp_m6,ssim,5.183276552268801,True
62,smooth_surfaces_gradients,jxl_e3,webp_m6,ssim,4.949655215861792,True
63,smooth_surfaces_gradients,jxl_e3,webp_m6,ssim,9.581350476265982,True
64,smooth_surfaces_gradients,jxl_e3,webp_m6,ssim,11.012690446325667,True
65,smooth_surfaces_gradients,jxl_e3,webp_m6,ssim,5.236560112300825,True
66,smooth_surfaces_gradients,jxl_e3,webp_m6,ssim,-2.2631715189708967,True
67,smooth_surfaces_gradients,jxl_e3,webp_m6,ssim,1.6964884095271637,True
68,smooth_surfaces_gradients,jxl_e3,webp_m6,ssim,8.844553209321715,True
69,smooth_surfaces_gradients,jxl_e3,webp_m6,ssim,-5.038490853710764,True
70,smooth_surfaces_gradients,jxl_e3,webp_m6,ssim,0.3493466071426754,True
71,smooth_surfaces_gradients,jxl_e3,webp_m6,ssim,97.71328307430866,True
72,smooth_surfaces_gradients,jxl_e3,webp_m6,ssim,4.795926651870341,True
73,smooth_surfaces_gradients,jxl_e3,webp_m6,ssim,3.8801510533917005,True
74,smooth_surfaces_gradients,jxl_e3,webp_m6,ssim,17.045783827561124,True
75,smooth_surfaces_gradients,jxl_e3,webp_m6,ssim,14.994612933073714,True
76,fine_detail,jxl_e3,webp_m6,ssim,111.89739072628564,True
77,fine_detail,jxl_e3,webp_m6,ssim,26.251098132387398,True
78,fine_detail,jxl_e3,webp_m6,ssim,18.9765997895041,True
79,fine_detail,jxl_e3,webp_m6,ssim,33.80068338760201,True
80,fine_detail,jxl_e3,webp_m6,ssim,2.247119332636127,True
81,fine_detail,jxl_e3,webp_m6,ssim,-2.6672340774052117,True
82,fine_detail,jxl_e3,webp_m6,ssim,0.17398320616526242,True
83,fine_detail,jxl_e3,webp_m6,ssim,30.318902337035492,True
84,fine_detail,jxl_e3,webp_m6,ssim,5.9695437158844955,True
85,fine_detail,jxl_e3,webp_m6,ssim,14.673149061392277,True
86,fine_detail,jxl_e3,webp_m6,ssim,5.535978541774456,True
87,fine_detail,jxl_e3,webp_m6,ssim,46.89729485485827,True
88,fine_detail,jxl_e3,webp_m6,ssim,,False
89,fine_detail,jxl_e3,webp_m6,ssim,21.983002098914707,True
90,fine_detail,jxl_e3,webp_m6,ssim,131.90449115417815,True
91,text_sharp_edges,jxl_e3,webp_m6,ssim,103.46954115352607,True
92,text_sharp_edges,jxl_e3,webp_m6,ssim,20.452221579009677,True
93,text_sharp_edges,jxl_e3,webp_m6,ssim,77.7152970618431,True
94,text_sharp_edges,jxl_e3,webp_m6,ssim,33.89367584082199,True
95,text_sharp_edges,jxl_e3,webp_m6,ssim,77.90376217338269,True
96,text_sharp_edges,jxl_e3,webp_m6,ssim,18.57301912475018,True
97,text_sharp_edges,jxl_e3,webp_m6,ssim,87.78491956839764,True
98,text_sharp_edges,jxl_e3,webp_m6,ssim,87.85208097046726,True
99,text_sharp_edges,jxl_e3,webp_m6,ssim,41.969038527650326,True
100,text_sharp_edges,jxl_e3,webp_m6,ssim,160.89424120574725,True
101,text_sharp_edges,jxl_e3,webp_m6,ssim,25.492843899571493,True
102,text_sharp_edges,jxl_e3,webp_m6,ssim,30.71996778440209,True
103,text_sharp_edges,jxl_e3,webp_m6,ssim,33.10541105218823,True
104,text_sharp_edges,jxl_e3,webp_m6,ssim,47.13146411435041,True
105,text_sharp_edges,jxl_e3,webp_m6,ssim,6.575714346853823,True
106,saturated_desaturated_colors,jxl_e3,webp_m6,ssim,71.5756440328301,True
107,saturated_desaturated_colors,jxl_e3,webp_m6,ssim,73.90518548486038,True
108,saturated_desaturated_colors,jxl_e3,webp_m6,ssim,27.591307227611694,True
109,saturated_desaturated_colors,jxl_e3,webp_m6,ssim,31.619601210411965,True
110,saturated_desaturated_colors,jxl_e3,webp_m6,ssim,206.36359589045892,True
111,saturated_desaturated_colors,jxl_e3,webp_m6,ssim,24.769754300156333,True
112,saturated_desaturated_colors,jxl_e3,webp_m6,ssim,12.35094202315632,True
113,saturated_desaturated_colors,jxl_e3,webp_m6,ssim,56.007799868558486,True
114,saturated_desaturated_colors,jxl_e3,webp_m6,ssim,20.143283441755642,True
115,saturated_desaturated_colors,jxl_e3,webp_m6,ssim,-3.7346991511719385,True
116,saturated_desaturated_colors,jxl_e3,webp_m6,ssim,11.6541765569528,True
117,saturated_desaturated_colors,jxl_e3,webp_m6,ssim,46.522571253371204,True
118,saturated_desaturated_colors,jxl_e3,webp_m6,ssim,93.7345439690314,True
119,saturated_desaturated_colors,jxl_e3,webp_m6,ssim,88.38991661589286,True
120,saturated_desaturated_colors,jxl_e3,webp_m6,ssim,66.54385852641651,True
121,smooth_surfaces_gradients,jxl_e3,webp_m6,ssim,13.029743464096132,True
122,urban_architecture,jxl_e3,webp_m6,ssim,19.275798410230372,True
123,smooth_surfaces_gradients,jxl_e3,webp_m6,ssim,5.6366674651637805,True
124,urban_architecture,jxl_e3,webp_m6,ssim,12.813249635002567,True
125,fine_detail,jxl_e3,webp_m6,ssim,19.924063172609486,True
126,natural_landscapes,jxl_e3,webp_m6,ssim,4.554809551154548,True
127,urban_architecture,jxl_e3,webp_m6,ssim,5.49163569244806,True
128,text_sharp_edges,jxl_e3,webp_m6,ssim,45.59593633315062,True
129,text_sharp_edges,jxl_e3,webp_m6,ssim,9.895628574073779,True
130,natural_landscapes,jxl_e3,webp_m6,ssim,3.3691388572050673,True
1,historical_portraits,jxl_e7,webp_m6,ssim,-3.6577763516136175,True
2,historical_portraits,jxl_e7,webp_m6,ssim,-13.52786931951664,True
3,historical_portraits,jxl_e7,webp_m6,ssim,0.5559639541703021,True
4,historical_portraits,jxl_e7,webp_m6,ssim,1.4316044519940174,True
5,historical_portraits,jxl_e7,webp_m6,ssim,7.185476262964041,True
6,historical_portraits,jxl_e7,webp_m6,ssim,-8.86111303250634,True
7,historical_portraits,jxl_e7,webp_m6,ssim,14.15335488205014,True
8,historical_portraits,jxl_e7,webp_m6,ssim,13.953282887598473,True
9,historical_portraits,jxl_e7,webp_m6,ssim,6.950559081995533,True
10,historical_portraits,jxl_e7,webp_m6,ssim,-24.856253827886842,True
11,historical_portraits,jxl_e7,webp_m6,ssim,6.146591572878268,True
12,historical_portraits,jxl_e7,webp_m6,ssim,20.577022677158308,True
13,historical_portraits,jxl_e7,webp_m6,ssim,6.457591628980519,True
14,historical_portraits,jxl_e7,webp_m6,ssim,19.66046897405258,True
15,historical_portraits,jxl_e7,webp_m6,ssim,2.8642510757005635,True
16,natural_landscapes,jxl_e7,webp_m6,ssim,5.2491757760501745,True
17,natural_landscapes,jxl_e7,webp_m6,ssim,1.597110978511318,True
18,natural_landscapes,jxl_e7,webp_m6,ssim,0.3028514208819555,True
19,natural_landscapes,jxl_e7,webp_m6,ssim,-0.04053416522272757,True
20,natural_landscapes,jxl_e7,webp_m6,ssim,-2.3794702454789873,True
21,natural_landscapes,jxl_e7,webp_m6,ssim,3.4294889499973724,True
22,natural_landscapes,jxl_e7,webp_m6,ssim,5.332565714759774,True
23,natural_landscapes,jxl_e7,webp_m6,ssim,1.1465267572176252,True
24,natural_landscapes,jxl_e7,webp_m6,ssim,1.6699607830397145,True
25,natural_landscapes,jxl_e7,webp_m6,ssim,-8.590142325535444,True
26,natural_landscapes,jxl_e7,webp_m6,ssim,8.094731773079378,True
27,natural_landscapes,jxl_e7,webp_m6,ssim,8.082123207258451,True
28,natural_landscapes,jxl_e7,webp_m6,ssim,0.016070313287142035,True
29,natural_landscapes,jxl_e7,webp_m6,ssim,5.029202351598272,True
30,natural_landscapes,jxl_e7,webp_m6,ssim,-7.392172615755177,True
31,urban_architecture,jxl_e7,webp_m6,ssim,11.765117335790464,True
32,urban_architecture,jxl_e7,webp_m6,ssim,2.9967141746428005,True
33,urban_architecture,jxl_e7,webp_m6,ssim,7.424668192485018,True
34,urban_architecture,jxl_e7,webp_m6,ssim,24.641977809498417,True
35,urban_architecture,jxl_e7,webp_m6,ssim,8.25725943990443,True
36,urban_architecture,jxl_e7,webp_m6,ssim,5.812360133590055,True
37,urban_architecture,jxl_e7,webp_m6,ssim,4.102387670436247,True
38,urban_architecture,jxl_e7,webp_m6,ssim,4.005208583050668,True
39,urban_architecture,jxl_e7,webp_m6,ssim,6.290547423808501,True
40,urban_architecture,jxl_e7,webp_m6,ssim,9.080665092532314,True
41,urban_architecture,jxl_e7,webp_m6,ssim,13.32839968126931,True
42,urban_architecture,jxl_e7,webp_m6,ssim,4.2445495003973654,True
43,urban_architecture,jxl_e7,webp_m6,ssim,-4.133978758466917,True
44,urban_architecture,jxl_e7,webp_m6,ssim,10.859069419111522,True
45,urban_architecture,jxl_e7,webp_m6,ssim,3.9039255881481383,True
46,high_frequency_textures,jxl_e7,webp_m6,ssim,12.32444622560318,True
47,high_frequency_textures,jxl_e7,webp_m6,ssim,11.78683872017372,True
48,high_frequency_textures,jxl_e7,webp_m6,ssim,8.270750476538336,True
49,high_frequency_textures,jxl_e7,webp_m6,ssim,-10.250833862164377,True
50,high_frequency_textures,jxl_e7,webp_m6,ssim,-45.2666592643317,True
51,high_frequency_textures,jxl_e7,webp_m6,ssim,2.5739251897580973,True
52,high_frequency_textures,jxl_e7,webp_m6,ssim,6.0244952064217205,True
53,high_frequency_textures,jxl_e7,webp_m6,ssim,0.35720603683455643,True
54,high_frequency_textures,jxl_e7,webp_m6,ssim,-6.699300576725098,True
55,high_frequency_textures,jxl_e7,webp_m6,ssim,-6.103835569079219,True
56,high_frequency_textures,jxl_e7,webp_m6,ssim,2.144944237047519,True
57,high_frequency_textures,jxl_e7,webp_m6,ssim,-12.82725454843282,True
58,high_frequency_textures,jxl_e7,webp_m6,ssim,16.40124273095025,True
59,high_frequency_textures,jxl_e7,webp_m6,ssim,7.522047542072219,True
60,high_frequency_textures,jxl_e7,webp_m6,ssim,14.326638279813197,True
61,smooth_surfaces_gradients,jxl_e7,webp_m6,ssim,-19.348379256037727,True
62,smooth_surfaces_gradients,jxl_e7,webp_m6,ssim,-23.91729853463376,True
63,smooth_surfaces_gradients,jxl_e7,webp_m6,ssim,-11.349668673377433,True
64,smooth_surfaces_gradients,jxl_e7,webp_m6,ssim,-0.4624581320834653,True
65,smooth_surfaces_gradients,jxl_e7,webp_m6,ssim,-9.984851026587194,True
66,smooth_surfaces_gradients,jxl_e7,webp_m6,ssim,0.501191408810775,True
67,smooth_surfaces_gradients,jxl_e7,webp_m6,ssim,-11.982280670087864,True
68,smooth_surfaces_gradients,jxl_e7,webp_m6,ssim,-2.6123731060186506,True
69,smooth_surfaces_gradients,jxl_e7,webp_m6,ssim,-10.6766444768149,True
70,smooth_surfaces_gradients,jxl_e7,webp_m6,ssim,-5.609059371307423,True
71,smooth_surfaces_gradients,jxl_e7,webp_m6,ssim,23.612503417146357,True
72,smooth_surfaces_gradients,jxl_e7,webp_m6,ssim,3.9369249364190173,True
73,smooth_surfaces_gradients,jxl_e7,webp_m6,ssim,-41.427368882193086,True
74,smooth_surfaces_gradients,jxl_e7,webp_m6,ssim,9.782690626830304,True
75,smooth_surfaces_gradients,jxl_e7,webp_m6,ssim,-21.176710732650584,True
76,fine_detail,jxl_e7,webp_m6,ssim,42.30738831638035,True
77,fine_detail,jxl_e7,webp_m6,ssim,20.652797364576703,True
78,fine_detail,jxl_e7,webp_m6,ssim,15.13921840295389,True
79,fine_detail,jxl_e7,webp_m6,ssim,28.115303509625413,True
80,fine_detail,jxl_e7,webp_m6,ssim,-2.6177222809198097,True
81,fine_detail,jxl_e7,webp_m6,ssim,-3.8521826992229835,True
82,fine_detail,jxl_e7,webp_m6,ssim,-18.32922121227082,True
83,fine_detail,jxl_e7,webp_m6,ssim,19.171929901577478,True
84,fine_detail,jxl_e7,webp_m6,ssim,2.8502292263302698,True
85,fine_detail,jxl_e7,webp_m6,ssim,13.735137071508507,True
86,fine_detail,jxl_e7,webp_m6,ssim,4.307944390591101,True
87,fine_detail,jxl_e7,webp_m6,ssim,29.767518898601033,True
88,fine_detail,jxl_e7,webp_m6,ssim,,False
89,fine_detail,jxl_e7,webp_m6,ssim,16.105605734130023,True
90,fine_detail,jxl_e7,webp_m6,ssim,66.72479677365739,True
91,text_sharp_edges,jxl_e7,webp_m6,ssim,38.249309146462274,True
92,text_sharp_edges,jxl_e7,webp_m6,ssim,14.24579612140413,True
93,text_sharp_edges,jxl_e7,webp_m6,ssim,36.04790607545934,True
94,text_sharp_edges,jxl_e7,webp_m6,ssim,9.09573115804012,True
95,text_sharp_edges,jxl_e7,webp_m6,ssim,17.819540852887794,True
96,text_sharp_edges,jxl_e7,webp_m6,ssim,17.488843521388908,True
97,text_sharp_edges,jxl_e7,webp_m6,ssim,19.354185976571014,True
98,text_sharp_edges,jxl_e7,webp_m6,ssim,34.45133092258605,True
99,text_sharp_edges,jxl_e7,webp_m6,ssim,33.94790642367806,True
100,text_sharp_edges,jxl_e7,webp_m6,ssim,46.8322998649253,True
101,text_sharp_edges,jxl_e7,webp_m6,ssim,-2.9376599307983198,True
102,text_sharp_edges,jxl_e7,webp_m6,ssim,9.647679911200768,True
103,text_sharp_edges,jxl_e7,webp_m6,ssim,1.4661603916449328,True
104,text_sharp_edges,jxl_e7,webp_m6,ssim,7.706896276986708,True
105,text_sharp_edges,jxl_e7,webp_m6,ssim,-2.8431389517002192,True
106,saturated_desaturated_colors,jxl_e7,webp_m6,ssim,32.05045203234278,True
107,saturated_desaturated_colors,jxl_e7,webp_m6,ssim,46.250337956726526,True
108,saturated_desaturated_colors,jxl_e7,webp_m6,ssim,19.538632715220892,True
109,saturated_desaturated_colors,jxl_e7,webp_m6,ssim,8.400738726645706,True
110,saturated_desaturated_colors,jxl_e7,webp_m6,ssim,64.09294992549826,True
111,saturated_desaturated_colors,jxl_e7,webp_m6,ssim,3.8066370423149642,True
112,saturated_desaturated_colors,jxl_e7,webp_m6,ssim,-1.0059007534225062,True
113,saturated_desaturated_colors,jxl_e7,webp_m6,ssim,22.83353872481848,True
114,saturated_desaturated_colors,jxl_e7,webp_m6,ssim,12.715561166800882,True
115,saturated_desaturated_colors,jxl_e7,webp_m6,ssim,-9.40698814370996,True
116,saturated_desaturated_colors,jxl_e7,webp_m6,ssim,6.871819690205649,True
117,saturated_desaturated_colors,jxl_e7,webp_m6,ssim,19.97000276680023,True
118,saturated_desaturated_colors,jxl_e7,webp_m6,ssim,45.63722314623426,True
119,saturated_desaturated_colors,jxl_e7,webp_m6,ssim,54.66725823746652,True
120,saturated_desaturated_colors,jxl_e7,webp_m6,ssim,31.502297272375213,True
121,smooth_surfaces_gradients,jxl_e7,webp_m6,ssim,-20.260669629752336,True
122,urban_architecture,jxl_e7,webp_m6,ssim,8.700025971366653,True
123,smooth_surfaces_gradients,jxl_e7,webp_m6,ssim,-8.187834026076102,True
124,urban_architecture,jxl_e7,webp_m6,ssim,4.164345541704173,True
125,fine_detail,jxl_e7,webp_m6,ssim,-0.9096109383082585,True
126,natural_landscapes,jxl_e7,webp_m6,ssim,-2.750992016103282,True
127,urban_architecture,jxl_e7,webp_m6,ssim,9.923554043302207,True
128,text_sharp_edges,jxl_e7,webp_m6,ssim,25.35130684989695,True
129,text_sharp_edges,jxl_e7,webp_m6,ssim,6.468949440542038,True
130,natural_landscapes,jxl_e7,webp_m6,ssim,1.5440028115838889,True
1,historical_portraits,n148i_v2,n148i_v1,ssim,-29.524073539976403,True
2,historical_portraits,n148i_v2,n148i_v1,ssim,-30.979606952134453,True
3,historical_portraits,n148i_v2,n148i_v1,ssim,-26.425691086554316,True
4,historical_portraits,n148i_v2,n148i_v1,ssim,-30.22812641406418,True
5,historical_portraits,n148i_v2,n148i_v1,ssim,-29.056520102830376,True
6,historical_portraits,n148i_v2,n148i_v1,ssim,-24.128177232099002,True
7,historical_portraits,n148i_v2,n148i_v1,ssim,-32.40778664657656,True
8,historical_portraits,n148i_v2,n148i_v1,ssim,-41.332488472633585,True
9,historical_portraits,n148i_v2,n148i_v1,ssim,-32.472944243814,True
10,historical_portraits,n148i_v2,n148i_v1,ssim,-25.438206108829863,True
11,historical_portraits,n148i_v2,n148i_v1,ssim,-31.37658008252834,True
12,historical_portraits,n148i_v2,n148i_v1,ssim,-41.923456360762025,True
13,historical_portraits,n148i_v2,n148i_v1,ssim,-27.50625860873136,True
14,historical_portraits,n148i_v2,n148i_v1,ssim,-44.77790257911478,True
15,historical_portraits,n148i_v2,n148i_v1,ssim,-45.76717971666599,True
16,natural_landscapes,n148i_v2,n148i_v1,ssim,-24.832213675285132,True
17,natural_landscapes,n148i_v2,n148i_v1,ssim,-25.82285510425091,True
18,natural_landscapes,n148i_v2,n148i_v1,ssim,-24.0806220586251,True
19,natural_landscapes,n148i_v2,n148i_v1,ssim,-23.049895681101685,True
20,natural_landscapes,n148i_v2,n148i_v1,ssim,-26.91069850372061,True
21,natural_landscapes,n148i_v2,n148i_v1,ssim,-23.981720785007177,True
22,natural_landscapes,n148i_v2,n148i_v1,ssim,-28.3208755611545,True
23,natural_landscapes,n148i_v2,n148i_v1,ssim,-33.131981170393885,True
24,natural_landscapes,n148i_v2,n148i_v1,ssim,-25.965943631343215,True
25,natural_landscapes,n148i_v2,n148i_v1,ssim,-28.280634029509955,True
26,natural_landscapes,n148i_v2,n148i_v1,ssim,-26.67729449593169,True
27,natural_landscapes,n148i_v2,n148i_v1,ssim,-25.3897705087476,True
28,natural_landscapes,n148i_v2,n148i_v1,ssim,-30.24253934172353,True
29,natural_landscapes,n148i_v2,n148i_v1,ssim,-23.426048489632223,True
30,natural_landscapes,n148i_v2,n148i_v1,ssim,-29.36142799902376,True
31,urban_architecture,n148i_v2,n148i_v1,ssim,-28.50660635411283,True
32,urban_architecture,n148i_v2,n148i_v1,ssim,-22.259409261392847,True
33,urban_architecture,n148i_v2,n148i_v1,ssim,-19.920493215622916,True
34,urban_architecture,n148i_v2,n148i_v1,ssim,-26.33964508466814,True
35,urban_architecture,n148i_v2,n148i_v1,ssim,-34.75352165073928,True
36,urban_architecture,n148i_v2,n148i_v1,ssim,-31.87272201848268,True
37,urban_architecture,n148i_v2,n148i_v1,ssim,-35.26424720083631,True
38,urban_architecture,n148i_v2,n148i_v1,ssim,-27.711827038210004,True
39,urban_architecture,n148i_v2,n148i_v1,ssim,-30.788815683571514,True
40,urban_architecture,n148i_v2,n148i_v1,ssim,-29.02715029239854,True
41,urban_architecture,n148i_v2,n148i_v1,ssim,-34.35547370443914,True
42,urban_architecture,n148i_v2,n148i_v1,ssim,-33.826812292878415,True
43,urban_architecture,n148i_v2,n148i_v1,ssim,-33.79018510600002,True
44,urban_architecture,n148i_v2,n148i_v1,ssim,-30.652612414651482,True
45,urban_architecture,n148i_v2,n148i_v1,ssim,-32.916122565149806,True
46,high_frequency_textures,n148i_v2,n148i_v1,ssim,-31.897156794893178,True
47,high_frequency_textures,n148i_v2,n148i_v1,ssim,-35.44284050073446,True
48,high_frequency_textures,n148i_v2,n148i_v1,ssim,-26.692735021072046,True
49,high_frequency_textures,n148i_v2,n148i_v1,ssim,-20.92273760648252,True
50,high_frequency_textures,n148i_v2,n148i_v1,ssim,-31.34396325237343,True
51,high_frequency_textures,n148i_v2,n148i_v1,ssim,-30.57708764192537,True
52,high_frequency_textures,n148i_v2,n148i_v1,ssim,-30.706264664384907,True
53,high_frequency_textures,n148i_v2,n148i_v1,ssim,-26.72759181516744,True
54,high_frequency_textures,n148i_v2,n148i_v1,ssim,-28.555853729169822,True
55,high_frequency_textures,n148i_v2,n148i_v1,ssim,-23.029293442612918,True
56,high_frequency_textures,n148i_v2,n148i_v1,ssim,-32.88615896009932,True
57,high_frequency_textures,n148i_v2,n148i_v1,ssim,-23.66951883813,True
58,high_frequency_textures,n148i_v2,n148i_v1,ssim,-26.91826883238012,True
59,high_frequency_textures,n148i_v2,n148i_v1,ssim,-28.26185053777256,True
60,high_frequency_textures,n148i_v2,n148i_v1,ssim,-25.500918319718924,True
61,smooth_surfaces_gradients,n148i_v2,n148i_v1,ssim,-34.1908324901076,True
62,smooth_surfaces_gradients,n148i_v2,n148i_v1,ssim,-39.383590370306166,True
63,smooth_surfaces_gradients,n148i_v2,n148i_v1,ssim,-38.39958008956423,True
64,smooth_surfaces_gradients,n148i_v2,n148i_v1,ssim,-28.630006643616866,True
65,smooth_surfaces_gradients,n148i_v2,n148i_v1,ssim,-29.034378526870576,True
66,smooth_surfaces_gradients,n148i_v2,n148i_v1,ssim,-23.84364790675856,True
67,smooth_surfaces_gradients,n148i_v2,n148i_v1,ssim,-24.880658407656675,True
68,smooth_surfaces_gradients,n148i_v2,n148i_v1,ssim,-26.563477464017794,True
69,smooth_surfaces_gradients,n148i_v2,n148i_v1,ssim,-32.58277034214464,True
70,smooth_surfaces_gradients,n148i_v2,n148i_v1,ssim,-30.563226616423034,True
71,smooth_surfaces_gradients,n148i_v2,n148i_v1,ssim,-39.37969051336426,True
72,smooth_surfaces_gradients,n148i_v2,n148i_v1,ssim,-27.38497585178067,True
73,smooth_surfaces_gradients,n148i_v2,n148i_v1,ssim,-62.62967261690741,True
74,smooth_surfaces_gradients,n148i_v2,n148i_v1,ssim,-39.535265907072215,True
75,smooth_surfaces_gradients,n148i_v2,n148i_v1,ssim,-45.224437366858275,True
76,fine_detail,n148i_v2,n148i_v1,ssim,-37.62412863771756,True
77,fine_detail,n148i_v2,n148i_v1,ssim,-25.839979566435733,True
78,fine_detail,n148i_v2,n148i_v1,ssim,-24.458715789451503,True
79,fine_detail,n148i_v2,n148i_v1,ssim,-26.97567643682769,True
80,fine_detail,n148i_v2,n148i_v1,ssim,-22.337463486722285,True
81,fine_detail,n148i_v2,n148i_v1,ssim,-27.198621239654898,True
82,fine_detail,n148i_v2,n148i_v1,ssim,-23.474936905640355,True
83,fine_detail,n148i_v2,n148i_v1,ssim,-28.955075708398592,True
84,fine_detail,n148i_v2,n148i_v1,ssim,-44.598413246918156,True
85,fine_detail,n148i_v2,n148i_v1,ssim,-28.96690452038062,True
86,fine_detail,n148i_v2,n148i_v1,ssim,-28.09535102307431,True
87,fine_detail,n148i_v2,n148i_v1,ssim,-28.346897396705216,True
88,fine_detail,n148i_v2,n148i_v1,ssim,-51.187493986463096,True
89,fine_detail,n148i_v2,n148i_v1,ssim,-31.226156575198594,True
90,fine_detail,n148i_v2,n148i_v1,ssim,-38.375835268147654,True
91,text_sharp_edges,n148i_v2,n148i_v1,ssim,-51.950339815733315,True
92,text_sharp_edges,n148i_v2,n148i_v1,ssim,-33.57900706094124,True
93,text_sharp_edges,n148i_v2,n148i_v1,ssim,-43.518210011508664,True
94,text_sharp_edges,n148i_v2,n148i_v1,ssim,-39.320246568589525,True
95,text_sharp_edges,n148i_v2,n148i_v1,ssim,-49.61982488961508,True
96,text_sharp_edges,n148i_v2,n148i_v1,ssim,-33.23288936639926,True
97,text_sharp_edges,n148i_v2,n148i_v1,ssim,-53.22131925821273,True
98,text_sharp_edges,n148i_v2,n148i_v1,ssim,-46.806690459059055,True
99,text_sharp_edges,n148i_v2,n148i_v1,ssim,-38.461211040829156,True
100,text_sharp_edges,n148i_v2,n148i_v1,ssim,-51.53928036382575,True
101,text_sharp_edges,n148i_v2,n148i_v1,ssim,-45.20773276243337,True
102,text_sharp_edges,n148i_v2,n148i_v1,ssim,-28.897930726519583,True
103,text_sharp_edges,n148i_v2,n148i_v1,ssim,-37.47126392137395,True
104,text_sharp_edges,n148i_v2,n148i_v1,ssim,-39.0672476253214,True
105,text_sharp_edges,n148i_v2,n148i_v1,ssim,-30.272223151138846,True
106,saturated_desaturated_colors,n148i_v2,n148i_v1,ssim,-36.090793073684445,True
107,saturated_desaturated_colors,n148i_v2,n148i_v1,ssim,-28.715426674459643,True
108,saturated_desaturated_colors,n148i_v2,n148i_v1,ssim,-34.28892475818146,True
109,saturated_desaturated_colors,n148i_v2,n148i_v1,ssim,-33.64956538119529,True
110,saturated_desaturated_colors,n148i_v2,n148i_v1,ssim,-39.77551852335984,True
111,saturated_desaturated_colors,n148i_v2,n148i_v1,ssim,-27.12795064123059,True
112,saturated_desaturated_colors,n148i_v2,n148i_v1,ssim,-21.505973852084093,True
113,saturated_desaturated_colors,n148i_v2,n148i_v1,ssim,-35.52222112876764,True
114,saturated_desaturated_colors,n148i_v2,n148i_v1,ssim,-24.235833778697046,True
115,saturated_desaturated_colors,n148i_v2,n148i_v1,ssim,-24.14471801144802,True
116,saturated_desaturated_colors,n148i_v2,n148i_v1,ssim,-33.11758479577178,True
117,saturated_desaturated_colors,n148i_v2,n148i_v1,ssim,-51.960459555670454,True
118,saturated_desaturated_colors,n148i_v2,n148i_v1,ssim,-46.42568002706635,True
119,saturated_desaturated_colors,n148i_v2,n148i_v1,ssim,-36.648661730397556,True
120,saturated_desaturated_colors,n148i_v2,n148i_v1,ssim,-37.49683384770384,True
121,smooth_surfaces_gradients,n148i_v2,n148i_v1,ssim,-36.8483241353278,True
122,urban_architecture,n148i_v2,n148i_v1,ssim,-33.684575268938325,True
123,smooth_surfaces_gradients,n148i_v2,n148i_v1,ssim,-33.69730794091084,True
124,urban_architecture,n148i_v2,n148i_v1,ssim,-26.140965743192602,True
125,fine_detail,n148i_v2,n148i_v1,ssim,-32.777237016199024,True
126,natural_landscapes,n148i_v2,n148i_v1,ssim,-24.386212964083796,True
127,urban_architecture,n148i_v2,n148i_v1,ssim,-30.791229588904333,True
128,text_sharp_edges,n148i_v2,n148i_v1,ssim,-37.549950773980136,True
129,text_sharp_edges,n148i_v2,n148i_v1,ssim,-29.361109727151437,True
130,natural_landscapes,n148i_v2,n148i_v1,ssim,-30.84416762084642,True
1,historical_portraits,n148i_v2,jpeg_turbo,ssim,-30.516114952734252,True
2,historical_portraits,n148i_v2,jpeg_turbo,ssim,-33.51747608119816,True
3,historical_portraits,n148i_v2,jpeg_turbo,ssim,-27.76296710967151,True
4,historical_portraits,n148i_v2,jpeg_turbo,ssim,-30.79091682782532,True
5,historical_portraits,n148i_v2,jpeg_turbo,ssim,-30.527860656082883,True
6,historical_portraits,n148i_v2,jpeg_turbo,ssim,-25.939176713345656,True
7,historical_portraits,n148i_v2,jpeg_turbo,ssim,-33.499709744477876,True
8,historical_portraits,n148i_v2,jpeg_turbo,ssim,-41.629849021344654,True
9,historical_portraits,n148i_v2,jpeg_turbo,ssim,-33.26640795213508,True
10,historical_portraits,n148i_v2,jpeg_turbo,ssim,-26.289515823035348,True
11,historical_portraits,n148i_v2,jpeg_turbo,ssim,-33.48511569120052,True
12,historical_portraits,n148i_v2,jpeg_turbo,ssim,-46.04579613041169,True
13,historical_portraits,n148i_v2,jpeg_turbo,ssim,-28.940355598750124,True
14,historical_portraits,n148i_v2,jpeg_turbo,ssim,-46.35785081792814,True
15,historical_portraits,n148i_v2,jpeg_turbo,ssim,-45.988629064738504,True
16,natural_landscapes,n148i_v2,jpeg_turbo,ssim,-26.50047712830117,True
17,natural_landscapes,n148i_v2,jpeg_turbo,ssim,-27.04772768289616,True
18,natural_landscapes,n148i_v2,jpeg_turbo,ssim,-26.066185431043067,True
19,natural_landscapes,n148i_v2,jpeg_turbo,ssim,-25.094350155042665,True
20,natural_landscapes,n148i_v2,jpeg_turbo,ssim,-27.853514342238196,True
21,natural_landscapes,n148i_v2,jpeg_turbo,ssim,-27.127958479475357,True
22,natural_landscapes,n148i_v2,jpeg_turbo,ssim,-30.05274890061149,True
23,natural_landscapes,n148i_v2,jpeg_turbo,ssim,-33.80052835339319,True
24,natural_landscapes,n148i_v2,jpeg_turbo,ssim,-28.623101235013728,True
25,natural_landscapes,n148i_v2,jpeg_turbo,ssim,-32.71863790722692,True
26,natural_landscapes,n148i_v2,jpeg_turbo,ssim,-27.687115443446196,True
27,natural_landscapes,n148i_v2,jpeg_turbo,ssim,-26.745772000118084,True
28,natural_landscapes,n148i_v2,jpeg_turbo,ssim,-34.07383394260617,True
29,natural_landscapes,n148i_v2,jpeg_turbo,ssim,-24.74140196682765,True
30,natural_landscapes,n148i_v2,jpeg_turbo,ssim,-31.548909157907158,True
31,urban_architecture,n148i_v2,jpeg_turbo,ssim,-29.893197525912964,True
32,urban_architecture,n148i_v2,jpeg_turbo,ssim,-23.536617251023316,True
33,urban_architecture,n148i_v2,jpeg_turbo,ssim,-22.066459227489933,True
34,urban_architecture,n148i_v2,jpeg_turbo,ssim,-28.033115368569216,True
35,urban_architecture,n148i_v2,jpeg_turbo,ssim,-36.072404886073826,True
36,urban_architecture,n148i_v2,jpeg_turbo,ssim,-33.364938015223174,True
37,urban_architecture,n148i_v2,jpeg_turbo,ssim,-36.28422807708442,True
38,urban_architecture,n148i_v2,jpeg_turbo,ssim,-28.896303633426257,True
39,urban_architecture,n148i_v2,jpeg_turbo,ssim,-31.778049528887276,True
40,urban_architecture,n148i_v2,jpeg_turbo,ssim,-30.160686625286914,True
41,urban_architecture,n148i_v2,jpeg_turbo,ssim,-36.40375759078781,True
42,urban_architecture,n148i_v2,jpeg_turbo,ssim,-34.83866252846304,True
43,urban_architecture,n148i_v2,jpeg_turbo,ssim,-35.290769749200265,True
44,urban_architecture,n148i_v2,jpeg_turbo,ssim,-31.007469859215586,True
45,urban_architecture,n148i_v2,jpeg_turbo,ssim,-33.806458884105005,True
46,high_frequency_textures,n148i_v2,jpeg_turbo,ssim,-32.62826995228985,True
47,high_frequency_textures,n148i_v2,jpeg_turbo,ssim,-35.95980323043253,True
48,high_frequency_textures,n148i_v2,jpeg_turbo,ssim,-27.326974317461328,True
49,high_frequency_textures,n148i_v2,jpeg_turbo,ssim,-22.510866238277504,True
50,high_frequency_textures,n148i_v2,jpeg_turbo,ssim,-32.13922937031969,True
51,high_frequency_textures,n148i_v2,jpeg_turbo,ssim,-31.323101197822456,True
52,high_frequency_textures,n148i_v2,jpeg_turbo,ssim,-31.23326760821996,True
53,high_frequency_textures,n148i_v2,jpeg_turbo,ssim,-27.301363784742204,True
54,high_frequency_textures,n148i_v2,jpeg_turbo,ssim,-29.055052728616324,True
55,high_frequency_textures,n148i_v2,jpeg_turbo,ssim,-24.475699422187567,True
56,high_frequency_textures,n148i_v2,jpeg_turbo,ssim,-33.611831028650855,True
57,high_frequency_textures,n148i_v2,jpeg_turbo,ssim,-24.449450030962737,True
58,high_frequency_textures,n148i_v2,jpeg_turbo,ssim,-27.717200829891897,True
59,high_frequency_textures,n148i_v2,jpeg_turbo,ssim,-30.285932289410354,True
60,high_frequency_textures,n148i_v2,jpeg_turbo,ssim,-27.42960285348839,True
61,smooth_surfaces_gradients,n148i_v2,jpeg_turbo,ssim,-39.81935982343509,True
62,smooth_surfaces_gradients,n148i_v2,jpeg_turbo,ssim,-44.687925670077924,True
63,smooth_surfaces_gradients,n148i_v2,jpeg_turbo,ssim,-40.94243117967464,True
64,smooth_surfaces_gradients,n148i_v2,jpeg_turbo,ssim,-29.86732866147166,True
65,smooth_surfaces_gradients,n148i_v2,jpeg_turbo,ssim,-31.06891671994848,True
66,smooth_surfaces_gradients,n148i_v2,jpeg_turbo,ssim,-26.216744640500867,True
67,smooth_surfaces_gradients,n148i_v2,jpeg_turbo,ssim,-27.22628671069036,True
68,smooth_surfaces_gradients,n148i_v2,jpeg_turbo,ssim,-26.59627383571469,True
69,smooth_surfaces_gradients,n148i_v2,jpeg_turbo,ssim,-35.553894390738364,True
70,smooth_surfaces_gradients,n148i_v2,jpeg_turbo,ssim,-32.50870247169294,True
71,smooth_surfaces_gradients,n148i_v2,jpeg_turbo,ssim,-42.28589722670984,True
72,smooth_surfaces_gradients,n148i_v2,jpeg_turbo,ssim,-28.45683801417166,True
73,smooth_surfaces_gradients,n148i_v2,jpeg_turbo,ssim,-67.43366364844279,True
74,smooth_surfaces_gradients,n148i_v2,jpeg_turbo,ssim,-42.08651328232392,True
75,smooth_surfaces_gradients,n148i_v2,jpeg_turbo,ssim,-49.68260875023455,True
76,fine_detail,n148i_v2,jpeg_turbo,ssim,-39.544954733934254,True
77,fine_detail,n148i_v2,jpeg_turbo,ssim,-26.760994032270812,True
78,fine_detail,n148i_v2,jpeg_turbo,ssim,-25.32405178820816,True
79,fine_detail,n148i_v2,jpeg_turbo,ssim,-27.574767513197873,True
80,fine_detail,n148i_v2,jpeg_turbo,ssim,-23.432059399633808,True
81,fine_detail,n148i_v2,jpeg_turbo,ssim,-28.966002395416567,True
82,fine_detail,n148i_v2,jpeg_turbo,ssim,-25.629668721270992,True
83,fine_detail,n148i_v2,jpeg_turbo,ssim,-30.069296426023673,True
84,fine_detail,n148i_v2,jpeg_turbo,ssim,-45.424842880648896,True
85,fine_detail,n148i_v2,jpeg_turbo,ssim,-29.45555090084374,True
86,fine_detail,n148i_v2,jpeg_turbo,ssim,-29.397090376735424,True
87,fine_detail,n148i_v2,jpeg_turbo,ssim,-28.96848937596147,True
88,fine_detail,n148i_v2,jpeg_turbo,ssim,-51.435432103581455,True
89,fine_detail,n148i_v2,jpeg_turbo,ssim,-32.146994003673626,True
90,fine_detail,n148i_v2,jpeg_turbo,ssim,-38.71606582537602,True
91,text_sharp_edges,n148i_v2,jpeg_turbo,ssim,-53.00071508303517,True
92,text_sharp_edges,n148i_v2,jpeg_turbo,ssim,-35.03857243401013,True
93,text_sharp_edges,n148i_v2,jpeg_turbo,ssim,-44.46145634885668,True
94,text_sharp_edges,n148i_v2,jpeg_turbo,ssim,-40.43659757818007,True
95,text_sharp_edges,n148i_v2,jpeg_turbo,ssim,-50.03990280312698,True
96,text_sharp_edges,n148i_v2,jpeg_turbo,ssim,-34.26386525310229,True
97,text_sharp_edges,n148i_v2,jpeg_turbo,ssim,-53.788892557789005,True
98,text_sharp_edges,n148i_v2,jpeg_turbo,ssim,-48.29012481614063,True
99,text_sharp_edges,n148i_v2,jpeg_turbo,ssim,-40.21721161932897,True
100,text_sharp_edges,n148i_v2,jpeg_turbo,ssim,-52.701195945878254,True
101,text_sharp_edges,n148i_v2,jpeg_turbo,ssim,-47.25927363327248,True
102,text_sharp_edges,n148i_v2,jpeg_turbo,ssim,-30.995698781238346,True
103,text_sharp_edges,n148i_v2,jpeg_turbo,ssim,-39.97606976479213,True
104,text_sharp_edges,n148i_v2,jpeg_turbo,ssim,-41.45000581285593,True
105,text_sharp_edges,n148i_v2,jpeg_turbo,ssim,-30.543327411894193,True
106,saturated_desaturated_colors,n148i_v2,jpeg_turbo,ssim,-38.47778512124709,True
107,saturated_desaturated_colors,n148i_v2,jpeg_turbo,ssim,-29.185637862195357,True
108,saturated_desaturated_colors,n148i_v2,jpeg_turbo,ssim,-35.4060640842841,True
109,saturated_desaturated_colors,n148i_v2,jpeg_turbo,ssim,-37.529108457539586,True
110,saturated_desaturated_colors,n148i_v2,jpeg_turbo,ssim,-41.12101703689787,True
111,saturated_desaturated_colors,n148i_v2,jpeg_turbo,ssim,-27.667669858911136,True
112,saturated_desaturated_colors,n148i_v2,jpeg_turbo,ssim,-22.71619409072706,True
113,saturated_desaturated_colors,n148i_v2,jpeg_turbo,ssim,-34.97318133269759,True
114,saturated_desaturated_colors,n148i_v2,jpeg_turbo,ssim,-25.037011899476735,True
115,saturated_desaturated_colors,n148i_v2,jpeg_turbo,ssim,-24.888113395586085,True
116,saturated_desaturated_colors,n148i_v2,jpeg_turbo,ssim,-35.546994387410415,True
117,saturated_desaturated_colors,n148i_v2,jpeg_turbo,ssim,-57.51156611992516,True
118,saturated_desaturated_colors,n148i_v2,jpeg_turbo,ssim,-47.90095334407569,True
119,saturated_desaturated_colors,n148i_v2,jpeg_turbo,ssim,-37.9643294617122,True
120,saturated_desaturated_colors,n148i_v2,jpeg_turbo,ssim,-38.81388358129655,True
121,smooth_surfaces_gradients,n148i_v2,jpeg_turbo,ssim,-40.207067034513486,True
122,urban_architecture,n148i_v2,jpeg_turbo,ssim,-35.730741046469774,True
123,smooth_surfaces_gradients,n148i_v2,jpeg_turbo,ssim,-37.302922526292534,True
124,urban_architecture,n148i_v2,jpeg_turbo,ssim,-28.111166305499623,True
125,fine_detail,n148i_v2,jpeg_turbo,ssim,-33.61546868197125,True
126,natural_landscapes,n148i_v2,jpeg_turbo,ssim,-25.767368848728378,True
127,urban_architecture,n148i_v2,jpeg_turbo,ssim,-31.87620866960027,True
128,text_sharp_edges,n148i_v2,jpeg_turbo,ssim,-38.65075831873255,True
129,text_sharp_edges,n148i_v2,jpeg_turbo,ssim,-30.001176740611246,True
130,natural_landscapes,n148i_v2,jpeg_turbo,ssim,-31.811314351565755,True
1,historical_portraits,n148i_v2,webp_m4,ssim,-3.9860848469453036,True
2,historical_portraits,n148i_v2,webp_m4,ssim,-17.206831867103446,True
3,historical_portraits,n148i_v2,webp_m4,ssim,5.768719003348721,True
4,historical_portraits,n148i_v2,webp_m4,ssim,-4.763865172845049,True
5,historical_portraits,n148i_v2,webp_m4,ssim,-5.48433096142058,True
6,historical_portraits,n148i_v2,webp_m4,ssim,-7.770839050712686,True
7,historical_portraits,n148i_v2,webp_m4,ssim,7.166942542384902,True
8,historical_portraits,n148i_v2,webp_m4,ssim,-12.29880350389515,True
9,historical_portraits,n148i_v2,webp_m4,ssim,-2.509540826626211,True
10,historical_portraits,n148i_v2,webp_m4,ssim,-19.640132876187543,True
11,historical_portraits,n148i_v2,webp_m4,ssim,0.9544018960149891,True
12,historical_portraits,n148i_v2,webp_m4,ssim,1.5582189517313605,True
13,historical_portraits,n148i_v2,webp_m4,ssim,2.3504803362559334,True
14,historical_portraits,n148i_v2,webp_m4,ssim,-4.257510152326716,True
15,historical_portraits,n148i_v2,webp_m4,ssim,11.093192703343458,True
16,natural_landscapes,n148i_v2,webp_m4,ssim,4.336239962625621,True
17,natural_landscapes,n148i_v2,webp_m4,ssim,-5.335741838380392,True
18,natural_landscapes,n148i_v2,webp_m4,ssim,-4.017588041601405,True
19,natural_landscapes,n148i_v2,webp_m4,ssim,-3.4410991995501017,True
20,natural_landscapes,n148i_v2,webp_m4,ssim,-1.8010674492131784,True
21,natural_landscapes,n148i_v2,webp_m4,ssim,0.8699276904491793,True
22,natural_landscapes,n148i_v2,webp_m4,ssim,-4.071544050875032,True
23,natural_landscapes,n148i_v2,webp_m4,ssim,-0.3713308067724297,True
24,natural_landscapes,n148i_v2,webp_m4,ssim,-6.837963336476616,True
25,natural_landscapes,n148i_v2,webp_m4,ssim,-4.765627048212274,True
26,natural_landscapes,n148i_v2,webp_m4,ssim,3.7574969462428776,True
27,natural_landscapes,n148i_v2,webp_m4,ssim,1.9604270145128888,True
28,natural_landscapes,n148i_v2,webp_m4,ssim,-8.142247763329546,True
29,natural_landscapes,n148i_v2,webp_m4,ssim,-0.4821261853209857,True
30,natural_landscapes,n148i_v2,webp_m4,ssim,-10.630483767699083,True
31,urban_architecture,n148i_v2,webp_m4,ssim,5.675987356268264,True
32,urban_architecture,n148i_v2,webp_m4,ssim,-0.23213639442107858,True
33,urban_architecture,n148i_v2,webp_m4,ssim,-4.915623114487156,True
34,urban_architecture,n148i_v2,webp_m4,ssim,-0.3435851244301791,True
35,urban_architecture,n148i_v2,webp_m4,ssim,-1.7238481321538157,True
36,urban_architecture,n148i_v2,webp_m4,ssim,11.688327266143528,True
37,urban_architecture,n148i_v2,webp_m4,ssim,-2.863546258920757,True
38,urban_architecture,n148i_v2,webp_m4,ssim,-1.8629773151293993,True
39,urban_architecture,n148i_v2,webp_m4,ssim,0.24138282429428948,True
40,urban_architecture,n148i_v2,webp_m4,ssim,2.377368090577181,True
41,urban_architecture,n148i_v2,webp_m4,ssim,6.98959918473816,True
42,urban_architecture,n148i_v2,webp_m4,ssim,4.561474696947743,True
43,urban_architecture,n148i_v2,webp_m4,ssim,-1.707329846009198,True
44,urban_architecture,n148i_v2,webp_m4,ssim,-5.94490121664254,True
45,urban_architecture,n148i_v2,webp_m4,ssim,-4.758541306594333,True
46,high_frequency_textures,n148i_v2,webp_m4,ssim,-5.518350856302701,True
47,high_frequency_textures,n148i_v2,webp_m4,ssim,-0.8695974540381068,True
48,high_frequency_textures,n148i_v2,webp_m4,ssim,-7.232291969815863,True
49,high_frequency_textures,n148i_v2,webp_m4,ssim,-9.798752102217367,True
50,high_frequency_textures,n148i_v2,webp_m4,ssim,-18.38820571520453,True
51,high_frequency_textures,n148i_v2,webp_m4,ssim,-3.4266177724632474,True
52,high_frequency_textures,n148i_v2,webp_m4,ssim,-0.021369656058722875,True
53,high_frequency_textures,n148i_v2,webp_m4,ssim,-4.413870022127709,True
54,high_frequency_textures,n148i_v2,webp_m4,ssim,-9.763471360602228,True
55,high_frequency_textures,n148i_v2,webp_m4,ssim,-11.865528646349265,True
56,high_frequency_textures,n148i_v2,webp_m4,ssim,-5.11070879948673,True
57,high_frequency_textures,n148i_v2,webp_m4,ssim,-14.08881035747972,True
58,high_frequency_textures,n148i_v2,webp_m4,ssim,2.8177989115867996,True
59,high_frequency_textures,n148i_v2,webp_m4,ssim,-5.736532363136604,True
60,high_frequency_textures,n148i_v2,webp_m4,ssim,-2.1173293027621165,True
61,smooth_surfaces_gradients,n148i_v2,webp_m4,ssim,-9.087149963304475,True
62,smooth_surfaces_gradients,n148i_v2,webp_m4,ssim,-16.982153773067576,True
63,smooth_surfaces_gradients,n148i_v2,webp_m4,ssim,-8.148544651619838,True
64,smooth_surfaces_gradients,n148i_v2,webp_m4,ssim,-4.101909961045447,True
65,smooth_surfaces_gradients,n148i_v2,webp_m4,ssim,-6.068709331424027,True
66,smooth_surfaces_gradients,n148i_v2,webp_m4,ssim,-10.478714783657782,True
67,smooth_surfaces_gradients,n148i_v2,webp_m4,ssim,-9.860011164190464,True
68,smooth_surfaces_gradients,n148i_v2,webp_m4,ssim,10.458452836882559,True
69,smooth_surfaces_gradients,n148i_v2,webp_m4,ssim,-13.91065486291927,True
70,smooth_surfaces_gradients,n148i_v2,webp_m4,ssim,-5.155066635618722,True
71,smooth_surfaces_gradients,n148i_v2,webp_m4,ssim,2.1014060192486417,True
72,smooth_surfaces_gradients,n148i_v2,webp_m4,ssim,1.8585478995743587,True
73,smooth_surfaces_gradients,n148i_v2,webp_m4,ssim,-26.995832905775153,True
74,smooth_surfaces_gradients,n148i_v2,webp_m4,ssim,-0.792251554800083,True
75,smooth_surfaces_gradients,n148i_v2,webp_m4,ssim,-7.554296902028989,True
76,fine_detail,n148i_v2,webp_m4,ssim,-0.18962873963283,True
77,fine_detail,n148i_v2,webp_m4,ssim,1.9529029552131094,True
78,fine_detail,n148i_v2,webp_m4,ssim,3.213559190726767,True
79,fine_detail,n148i_v2,webp_m4,ssim,0.1782029666850704,True
80,fine_detail,n148i_v2,webp_m4,ssim,-3.2646012218570886,True
81,fine_detail,n148i_v2,webp_m4,ssim,-12.157671604197128,True
82,fine_detail,n148i_v2,webp_m4,ssim,-6.448181375862139,True
83,fine_detail,n148i_v2,webp_m4,ssim,3.003355079686121,True
84,fine_detail,n148i_v2,webp_m4,ssim,-13.114760730273556,True
85,fine_detail,n148i_v2,webp_m4,ssim,-2.425128171135904,True
86,fine_detail,n148i_v2,webp_m4,ssim,2.432667496114971,True
87,fine_detail,n148i_v2,webp_m4,ssim,5.837929444329482,True
88,fine_detail,n148i_v2,webp_m4,ssim,-21.991648771495022,True
89,fine_detail,n148i_v2,webp_m4,ssim,-6.153546565405243,True
90,fine_detail,n148i_v2,webp_m4,ssim,3.3447460677317853,True
91,text_sharp_edges,n148i_v2,webp_m4,ssim,28.600796286067578,True
92,text_sharp_edges,n148i_v2,webp_m4,ssim,0.5064283899737676,True
93,text_sharp_edges,n148i_v2,webp_m4,ssim,26.4869974528279,True
94,text_sharp_edges,n148i_v2,webp_m4,ssim,1.0098807621751638,True
95,text_sharp_edges,n148i_v2,webp_m4,ssim,13.266382670728794,True
96,text_sharp_edges,n148i_v2,webp_m4,ssim,2.715138376168791,True
97,text_sharp_edges,n148i_v2,webp_m4,ssim,12.9715497464713,True
98,text_sharp_edges,n148i_v2,webp_m4,ssim,33.00836596136267,True
99,text_sharp_edges,n148i_v2,webp_m4,ssim,17.508402360363394,True
100,text_sharp_edges,n148i_v2,webp_m4,ssim,52.92051660517119,True
101,text_sharp_edges,n148i_v2,webp_m4,ssim,-1.2378982749852274,True
102,text_sharp_edges,n148i_v2,webp_m4,ssim,4.515340844146976,True
103,text_sharp_edges,n148i_v2,webp_m4,ssim,2.7642071311022365,True
104,text_sharp_edges,n148i_v2,webp_m4,ssim,2.9392821470569874,True
105,text_sharp_edges,n148i_v2,webp_m4,ssim,-5.368921929377002,True
106,saturated_desaturated_colors,n148i_v2,webp_m4,ssim,0.02249337450439537,True
107,saturated_desaturated_colors,n148i_v2,webp_m4,ssim,-6.86045655884956,True
108,saturated_desaturated_colors,n148i_v2,webp_m4,ssim,2.5985748319748536,True
109,saturated_desaturated_colors,n148i_v2,webp_m4,ssim,4.591107164947861,True
110,saturated_desaturated_colors,n148i_v2,webp_m4,ssim,25.178860214383537,True
111,saturated_desaturated_colors,n148i_v2,webp_m4,ssim,24.411054870794068,True
112,saturated_desaturated_colors,n148i_v2,webp_m4,ssim,-5.965349075444292,True
113,saturated_desaturated_colors,n148i_v2,webp_m4,ssim,4.4689659864050935,True
114,saturated_desaturated_colors,n148i_v2,webp_m4,ssim,2.309476364670582,True
115,saturated_desaturated_colors,n148i_v2,webp_m4,ssim,-7.982516127025807,True
116,saturated_desaturated_colors,n148i_v2,webp_m4,ssim,-1.9957712154371476,True
117,saturated_desaturated_colors,n148i_v2,webp_m4,ssim,2.2301337837094426,True
118,saturated_desaturated_colors,n148i_v2,webp_m4,ssim,-1.8141576339010368,True
119,saturated_desaturated_colors,n148i_v2,webp_m4,ssim,-3.653966741998149,True
120,saturated_desaturated_colors,n148i_v2,webp_m4,ssim,-7.761052269386215,True
121,smooth_surfaces_gradients,n148i_v2,webp_m4,ssim,-0.9317226413990132,True
122,urban_architecture,n148i_v2,webp_m4,ssim,4.785765980879786,True
123,smooth_surfaces_gradients,n148i_v2,webp_m4,ssim,-7.450838007603455,True
124,urban_architecture,n148i_v2,webp_m4,ssim,1.120389735314209,True
125,fine_detail,n148i_v2,webp_m4,ssim,1.4782982557498547,True
126,natural_landscapes,n148i_v2,webp_m4,ssim,-8.511830252586405,True
127,urban_architecture,n148i_v2,webp_m4,ssim,-3.5761176696078922,True
128,text_sharp_edges,n148i_v2,webp_m4,ssim,5.150898314410357,True
129,text_sharp_edges,n148i_v2,webp_m4,ssim,2.436564933611707,True
130,natural_landscapes,n148i_v2,webp_m4,ssim,-7.3238160641892485,True
1,historical_portraits,n148i_v2,webp_m6_historical,ssim,-2.9378845448764124,True
2,historical_portraits,n148i_v2,webp_m6_historical,ssim,-16.577095712443324,True
3,historical_portraits,n148i_v2,webp_m6_historical,ssim,6.988724870251484,True
4,historical_portraits,n148i_v2,webp_m6_historical,ssim,-3.991306402339345,True
5,historical_portraits,n148i_v2,webp_m6_historical,ssim,-4.31600220467192,True
6,historical_portraits,n148i_v2,webp_m6_historical,ssim,-6.7827939096989365,True
7,historical_portraits,n148i_v2,webp_m6_historical,ssim,8.466601039778453,True
8,historical_portraits,n148i_v2,webp_m6_historical,ssim,-9.748212344700436,True
9,historical_portraits,n148i_v2,webp_m6_historical,ssim,-1.7360607181384768,True
10,historical_portraits,n148i_v2,webp_m6_historical,ssim,-18.641556286701622,True
11,historical_portraits,n148i_v2,webp_m6_historical,ssim,4.2197500984731295,True
12,historical_portraits,n148i_v2,webp_m6_historical,ssim,2.4861127060665122,True
13,historical_portraits,n148i_v2,webp_m6_historical,ssim,5.1589699614525975,True
14,historical_portraits,n148i_v2,webp_m6_historical,ssim,-6.576840292676356,True
15,historical_portraits,n148i_v2,webp_m6_historical,ssim,13.41534312430952,True
16,natural_landscapes,n148i_v2,webp_m6_historical,ssim,5.482075704230094,True
17,natural_landscapes,n148i_v2,webp_m6_historical,ssim,-4.360134207109445,True
18,natural_landscapes,n148i_v2,webp_m6_historical,ssim,-2.07421763469543,True
19,natural_landscapes,n148i_v2,webp_m6_historical,ssim,-2.820316790250521,True
20,natural_landscapes,n148i_v2,webp_m6_historical,ssim,-1.8617637036247747,True
21,natural_landscapes,n148i_v2,webp_m6_historical,ssim,2.4584189996983197,True
22,natural_landscapes,n148i_v2,webp_m6_historical,ssim,-4.758716712537348,True
23,natural_landscapes,n148i_v2,webp_m6_historical,ssim,0.427248543890113,True
24,natural_landscapes,n148i_v2,webp_m6_historical,ssim,-6.366086458793429,True
25,natural_landscapes,n148i_v2,webp_m6_historical,ssim,-4.258645827341246,True
26,natural_landscapes,n148i_v2,webp_m6_historical,ssim,4.378995253103368,True
27,natural_landscapes,n148i_v2,webp_m6_historical,ssim,2.8277826674572237,True
28,natural_landscapes,n148i_v2,webp_m6_historical,ssim,-7.9085203604968735,True
29,natural_landscapes,n148i_v2,webp_m6_historical,ssim,0.38747278185835565,True
30,natural_landscapes,n148i_v2,webp_m6_historical,ssim,-11.422525257811511,True
31,urban_architecture,n148i_v2,webp_m6_historical,ssim,7.304996842132128,True
32,urban_architecture,n148i_v2,webp_m6_historical,ssim,1.4451827096335634,True
33,urban_architecture,n148i_v2,webp_m6_historical,ssim,-2.9293992024497784,True
34,urban_architecture,n148i_v2,webp_m6_historical,ssim,1.3037969304062313,True
35,urban_architecture,n148i_v2,webp_m6_historical,ssim,-1.2797751411423475,True
36,urban_architecture,n148i_v2,webp_m6_historical,ssim,13.358548026785844,True
37,urban_architecture,n148i_v2,webp_m6_historical,ssim,-2.8110369141820746,True
38,urban_architecture,n148i_v2,webp_m6_historical,ssim,0.04196716648021681,True
39,urban_architecture,n148i_v2,webp_m6_historical,ssim,0.7475736852088799,True
40,urban_architecture,n148i_v2,webp_m6_historical,ssim,2.332396996723207,True
41,urban_architecture,n148i_v2,webp_m6_historical,ssim,7.9067876445907626,True
42,urban_architecture,n148i_v2,webp_m6_historical,ssim,5.592360685530662,True
43,urban_architecture,n148i_v2,webp_m6_historical,ssim,-0.10339495543886246,True
44,urban_architecture,n148i_v2,webp_m6_historical,ssim,-5.438881279884312,True
45,urban_architecture,n148i_v2,webp_m6_historical,ssim,-4.550091225721475,True
46,high_frequency_textures,n148i_v2,webp_m6_historical,ssim,-5.039936260433075,True
47,high_frequency_textures,n148i_v2,webp_m6_historical,ssim,-1.2522268781857249,True
48,high_frequency_textures,n148i_v2,webp_m6_historical,ssim,-6.002466123151651,True
49,high_frequency_textures,n148i_v2,webp_m6_historical,ssim,-7.584902829580131,True
50,high_frequency_textures,n148i_v2,webp_m6_historical,ssim,-16.15621830714605,True
51,high_frequency_textures,n148i_v2,webp_m6_historical,ssim,-2.8773474674760102,True
52,high_frequency_textures,n148i_v2,webp_m6_historical,ssim,0.6261492761382215,True
53,high_frequency_textures,n148i_v2,webp_m6_historical,ssim,-3.185899653635005,True
54,high_frequency_textures,n148i_v2,webp_m6_historical,ssim,-8.341843661160864,True
55,high_frequency_textures,n148i_v2,webp_m6_historical,ssim,-12.390548773493283,True
56,high_frequency_textures,n148i_v2,webp_m6_historical,ssim,-5.026882617850603,True
57,high_frequency_textures,n148i_v2,webp_m6_historical,ssim,-11.49834022506756,True
58,high_frequency_textures,n148i_v2,webp_m6_historical,ssim,4.703253411440844,True
59,high_frequency_textures,n148i_v2,webp_m6_historical,ssim,-3.776219054679053,True
60,high_frequency_textures,n148i_v2,webp_m6_historical,ssim,-1.051564267082239,True
61,smooth_surfaces_gradients,n148i_v2,webp_m6_historical,ssim,-7.934427081633588,True
62,smooth_surfaces_gradients,n148i_v2,webp_m6_historical,ssim,-14.865537619705027,True
63,smooth_surfaces_gradients,n148i_v2,webp_m6_historical,ssim,-6.458525599323906,True
64,smooth_surfaces_gradients,n148i_v2,webp_m6_historical,ssim,-1.8005434842559453,True
65,smooth_surfaces_gradients,n148i_v2,webp_m6_historical,ssim,-5.641124014305621,True
66,smooth_surfaces_gradients,n148i_v2,webp_m6_historical,ssim,-9.687065683104667,True
67,smooth_surfaces_gradients,n148i_v2,webp_m6_historical,ssim,-8.266130913938385,True
68,smooth_surfaces_gradients,n148i_v2,webp_m6_historical,ssim,12.749086067816018,True
69,smooth_surfaces_gradients,n148i_v2,webp_m6_historical,ssim,-14.122868409471367,True
70,smooth_surfaces_gradients,n148i_v2,webp_m6_historical,ssim,-5.2878509572273575,True
71,smooth_surfaces_gradients,n148i_v2,webp_m6_historical,ssim,5.712448964864181,True
72,smooth_surfaces_gradients,n148i_v2,webp_m6_historical,ssim,2.5251860635546075,True
73,smooth_surfaces_gradients,n148i_v2,webp_m6_historical,ssim,-25.53498075185757,True
74,smooth_surfaces_gradients,n148i_v2,webp_m6_historical,ssim,0.21485990529632737,True
75,smooth_surfaces_gradients,n148i_v2,webp_m6_historical,ssim,-6.056314093448567,True
76,fine_detail,n148i_v2,webp_m6_historical,ssim,2.657563578239408,True
77,fine_detail,n148i_v2,webp_m6_historical,ssim,4.074873622319486,True
78,fine_detail,n148i_v2,webp_m6_historical,ssim,4.854375413387979,True
79,fine_detail,n148i_v2,webp_m6_historical,ssim,1.6277106289952048,True
80,fine_detail,n148i_v2,webp_m6_historical,ssim,-2.714722353604393,True
81,fine_detail,n148i_v2,webp_m6_historical,ssim,-11.912608975237815,True
82,fine_detail,n148i_v2,webp_m6_historical,ssim,-5.189324942830731,True
83,fine_detail,n148i_v2,webp_m6_historical,ssim,5.254170883584197,True
84,fine_detail,n148i_v2,webp_m6_historical,ssim,-10.935176661263114,True
85,fine_detail,n148i_v2,webp_m6_historical,ssim,-0.6506460256376911,True
86,fine_detail,n148i_v2,webp_m6_historical,ssim,3.6144904572308345,True
87,fine_detail,n148i_v2,webp_m6_historical,ssim,7.39903447521304,True
88,fine_detail,n148i_v2,webp_m6_historical,ssim,-19.860547955153397,True
89,fine_detail,n148i_v2,webp_m6_historical,ssim,-4.401551841400941,True
90,fine_detail,n148i_v2,webp_m6_historical,ssim,7.030071166015506,True
91,text_sharp_edges,n148i_v2,webp_m6_historical,ssim,29.52925425812305,True
92,text_sharp_edges,n148i_v2,webp_m6_historical,ssim,1.8973889958534995,True
93,text_sharp_edges,n148i_v2,webp_m6_historical,ssim,31.18656553707819,True
94,text_sharp_edges,n148i_v2,webp_m6_historical,ssim,1.453305091696011,True
95,text_sharp_edges,n148i_v2,webp_m6_historical,ssim,16.111999378757336,True
96,text_sharp_edges,n148i_v2,webp_m6_historical,ssim,1.6469368966767872,True
97,text_sharp_edges,n148i_v2,webp_m6_historical,ssim,15.024211159594824,True
98,text_sharp_edges,n148i_v2,webp_m6_historical,ssim,37.18137117487239,True
99,text_sharp_edges,n148i_v2,webp_m6_historical,ssim,19.342566060820342,True
100,text_sharp_edges,n148i_v2,webp_m6_historical,ssim,57.42952707690605,True
101,text_sharp_edges,n148i_v2,webp_m6_historical,ssim,2.2342895909218674,True
102,text_sharp_edges,n148i_v2,webp_m6_historical,ssim,6.329027033293522,True
103,text_sharp_edges,n148i_v2,webp_m6_historical,ssim,2.4997247543719014,True
104,text_sharp_edges,n148i_v2,webp_m6_historical,ssim,4.480188581479139,True
105,text_sharp_edges,n148i_v2,webp_m6_historical,ssim,-3.3101590904094924,True
106,saturated_desaturated_colors,n148i_v2,webp_m6_historical,ssim,1.5698688387991266,True
107,saturated_desaturated_colors,n148i_v2,webp_m6_historical,ssim,-6.003810149870759,True
108,saturated_desaturated_colors,n148i_v2,webp_m6_historical,ssim,2.6238468759281375,True
109,saturated_desaturated_colors,n148i_v2,webp_m6_historical,ssim,7.571056399487408,True
110,saturated_desaturated_colors,n148i_v2,webp_m6_historical,ssim,29.543020666743878,True
111,saturated_desaturated_colors,n148i_v2,webp_m6_historical,ssim,28.51401231006536,True
112,saturated_desaturated_colors,n148i_v2,webp_m6_historical,ssim,-3.003700409064458,True
113,saturated_desaturated_colors,n148i_v2,webp_m6_historical,ssim,5.91615846637521,True
114,saturated_desaturated_colors,n148i_v2,webp_m6_historical,ssim,5.332942596809853,True
115,saturated_desaturated_colors,n148i_v2,webp_m6_historical,ssim,-5.6942472227498815,True
116,saturated_desaturated_colors,n148i_v2,webp_m6_historical,ssim,1.7367341087954236,True
117,saturated_desaturated_colors,n148i_v2,webp_m6_historical,ssim,4.797401697802983,True
118,saturated_desaturated_colors,n148i_v2,webp_m6_historical,ssim,-0.27285712231378545,True
119,saturated_desaturated_colors,n148i_v2,webp_m6_historical,ssim,-2.3943607251182497,True
120,saturated_desaturated_colors,n148i_v2,webp_m6_historical,ssim,-5.24166963724777,True
121,smooth_surfaces_gradients,n148i_v2,webp_m6_historical,ssim,1.1537119217133185,True
122,urban_architecture,n148i_v2,webp_m6_historical,ssim,4.593480312138598,True
123,smooth_surfaces_gradients,n148i_v2,webp_m6_historical,ssim,-6.204269391191186,True
124,urban_architecture,n148i_v2,webp_m6_historical,ssim,2.4324586305990437,True
125,fine_detail,n148i_v2,webp_m6_historical,ssim,2.321536096814314,True
126,natural_landscapes,n148i_v2,webp_m6_historical,ssim,-7.228700250902065,True
127,urban_architecture,n148i_v2,webp_m6_historical,ssim,-3.134303122442006,True
128,text_sharp_edges,n148i_v2,webp_m6_historical,ssim,7.463489509822452,True
129,text_sharp_edges,n148i_v2,webp_m6_historical,ssim,2.328639647689301,True
130,natural_landscapes,n148i_v2,webp_m6_historical,ssim,-6.57032280969011,True
1,historical_portraits,n148i_v2,jxl_e3,ssim,-8.518391694740135,True
2,historical_portraits,n148i_v2,jxl_e3,ssim,-16.780977958241262,True
3,historical_portraits,n148i_v2,jxl_e3,ssim,-10.070385790315184,True
4,historical_portraits,n148i_v2,jxl_e3,ssim,-10.352079578613981,True
5,historical_portraits,n148i_v2,jxl_e3,ssim,-17.421861352466507,True
6,historical_portraits,n148i_v2,jxl_e3,ssim,-10.292174020245726,True
7,historical_portraits,n148i_v2,jxl_e3,ssim,-7.17439688911381,True
8,historical_portraits,n148i_v2,jxl_e3,ssim,-35.03979875770018,True
9,historical_portraits,n148i_v2,jxl_e3,ssim,-14.992368331369432,True
10,historical_portraits,n148i_v2,jxl_e3,ssim,-12.059195738606343,True
11,historical_portraits,n148i_v2,jxl_e3,ssim,-7.9869970628354885,True
12,historical_portraits,n148i_v2,jxl_e3,ssim,-29.701666754487565,True
13,historical_portraits,n148i_v2,jxl_e3,ssim,-0.20476767313991617,True
14,historical_portraits,n148i_v2,jxl_e3,ssim,-17.779325257594525,True
15,historical_portraits,n148i_v2,jxl_e3,ssim,-24.369455781995374,True
16,natural_landscapes,n148i_v2,jxl_e3,ssim,-5.463925859501629,True
17,natural_landscapes,n148i_v2,jxl_e3,ssim,-16.070416689031365,True
18,natural_landscapes,n148i_v2,jxl_e3,ssim,-7.300985649604708,True
19,natural_landscapes,n148i_v2,jxl_e3,ssim,-5.423702376731232,True
20,natural_landscapes,n148i_v2,jxl_e3,ssim,-7.202557362667905,True
21,natural_landscapes,n148i_v2,jxl_e3,ssim,-4.935798944656522,True
22,natural_landscapes,n148i_v2,jxl_e3,ssim,-14.51324320455285,True
23,natural_landscapes,n148i_v2,jxl_e3,ssim,-18.77564027503309,True
24,natural_landscapes,n148i_v2,jxl_e3,ssim,-8.41998548068591,True
25,natural_landscapes,n148i_v2,jxl_e3,ssim,-8.142504445032351,True
26,natural_landscapes,n148i_v2,jxl_e3,ssim,-5.430730424012409,True
27,natural_landscapes,n148i_v2,jxl_e3,ssim,-8.249182596608017,True
28,natural_landscapes,n148i_v2,jxl_e3,ssim,-12.153244781214212,True
29,natural_landscapes,n148i_v2,jxl_e3,ssim,-7.523924773566848,True
30,natural_landscapes,n148i_v2,jxl_e3,ssim,-16.907546911593464,True
31,urban_architecture,n148i_v2,jxl_e3,ssim,-15.808324750720526,True
32,urban_architecture,n148i_v2,jxl_e3,ssim,-8.77028770430467,True
33,urban_architecture,n148i_v2,jxl_e3,ssim,-6.842717935772502,True
34,urban_architecture,n148i_v2,jxl_e3,ssim,-10.444110145304109,True
35,urban_architecture,n148i_v2,jxl_e3,ssim,-15.95556090666067,True
36,urban_architecture,n148i_v2,jxl_e3,ssim,-7.746600253496183,True
37,urban_architecture,n148i_v2,jxl_e3,ssim,-13.09106069324989,True
38,urban_architecture,n148i_v2,jxl_e3,ssim,-12.494141405617532,True
39,urban_architecture,n148i_v2,jxl_e3,ssim,-9.425622431224179,True
40,urban_architecture,n148i_v2,jxl_e3,ssim,-10.336605285369105,True
41,urban_architecture,n148i_v2,jxl_e3,ssim,-11.68543977129124,True
42,urban_architecture,n148i_v2,jxl_e3,ssim,-11.21484499175951,True
43,urban_architecture,n148i_v2,jxl_e3,ssim,-18.936023940815407,True
44,urban_architecture,n148i_v2,jxl_e3,ssim,-15.825886195970773,True
45,urban_architecture,n148i_v2,jxl_e3,ssim,-11.549361648653878,True
46,high_frequency_textures,n148i_v2,jxl_e3,ssim,-17.75995572558783,True
47,high_frequency_textures,n148i_v2,jxl_e3,ssim,-16.879295065129263,True
48,high_frequency_textures,n148i_v2,jxl_e3,ssim,-17.27929903018911,True
49,high_frequency_textures,n148i_v2,jxl_e3,ssim,-6.1512585744784465,True
50,high_frequency_textures,n148i_v2,jxl_e3,ssim,-11.70845529689073,True
51,high_frequency_textures,n148i_v2,jxl_e3,ssim,-6.582504779810283,True
52,high_frequency_textures,n148i_v2,jxl_e3,ssim,-6.720182805180452,True
53,high_frequency_textures,n148i_v2,jxl_e3,ssim,-7.163714364142204,True
54,high_frequency_textures,n148i_v2,jxl_e3,ssim,-2.6955919950575447,True
55,high_frequency_textures,n148i_v2,jxl_e3,ssim,-10.450011866967268,True
56,high_frequency_textures,n148i_v2,jxl_e3,ssim,-9.884447184505508,True
57,high_frequency_textures,n148i_v2,jxl_e3,ssim,-6.921124443024651,True
58,high_frequency_textures,n148i_v2,jxl_e3,ssim,-14.884459656919358,True
59,high_frequency_textures,n148i_v2,jxl_e3,ssim,-23.277687431897387,True
60,high_frequency_textures,n148i_v2,jxl_e3,ssim,-17.726476740119868,True
61,smooth_surfaces_gradients,n148i_v2,jxl_e3,ssim,-11.425984908306786,True
62,smooth_surfaces_gradients,n148i_v2,jxl_e3,ssim,-17.90834935268655,True
63,smooth_surfaces_gradients,n148i_v2,jxl_e3,ssim,-13.870113843310527,True
64,smooth_surfaces_gradients,n148i_v2,jxl_e3,ssim,-9.507651584543241,True
65,smooth_surfaces_gradients,n148i_v2,jxl_e3,ssim,-9.35402323067781,True
66,smooth_surfaces_gradients,n148i_v2,jxl_e3,ssim,-7.409988274277424,True
67,smooth_surfaces_gradients,n148i_v2,jxl_e3,ssim,-9.7090016314203,True
68,smooth_surfaces_gradients,n148i_v2,jxl_e3,ssim,5.063089679277266,True
69,smooth_surfaces_gradients,n148i_v2,jxl_e3,ssim,-10.81613068518913,True
70,smooth_surfaces_gradients,n148i_v2,jxl_e3,ssim,-6.555823458000997,True
71,smooth_surfaces_gradients,n148i_v2,jxl_e3,ssim,-43.38581129415299,True
72,smooth_surfaces_gradients,n148i_v2,jxl_e3,ssim,-1.1357443932125788,True
73,smooth_surfaces_gradients,n148i_v2,jxl_e3,ssim,-25.916444422418895,True
74,smooth_surfaces_gradients,n148i_v2,jxl_e3,ssim,-14.12189653071364,True
75,smooth_surfaces_gradients,n148i_v2,jxl_e3,ssim,-12.84218560631809,True
76,fine_detail,n148i_v2,jxl_e3,ssim,-49.66006985022431,True
77,fine_detail,n148i_v2,jxl_e3,ssim,-16.524055004114167,True
78,fine_detail,n148i_v2,jxl_e3,ssim,-11.43629349357369,True
79,fine_detail,n148i_v2,jxl_e3,ssim,-20.860265522876574,True
80,fine_detail,n148i_v2,jxl_e3,ssim,-4.925041502738803,True
81,fine_detail,n148i_v2,jxl_e3,ssim,-9.977323753632295,True
82,fine_detail,n148i_v2,jxl_e3,ssim,-4.974286617358326,True
83,fine_detail,n148i_v2,jxl_e3,ssim,-18.25011968416903,True
84,fine_detail,n148i_v2,jxl_e3,ssim,-15.209023656668219,True
85,fine_detail,n148i_v2,jxl_e3,ssim,-11.924074688686815,True
86,fine_detail,n148i_v2,jxl_e3,ssim,-3.806346204190969,True
87,fine_detail,n148i_v2,jxl_e3,ssim,-24.580681908650647,True
88,fine_detail,n148i_v2,jxl_e3,ssim,,False
89,fine_detail,n148i_v2,jxl_e3,ssim,-21.342788118217683,True
90,fine_detail,n148i_v2,jxl_e3,ssim,-49.58790041456539,True
91,text_sharp_edges,n148i_v2,jxl_e3,ssim,-33.778957301082414,True
92,text_sharp_edges,n148i_v2,jxl_e3,ssim,-15.140422970004884,True
93,text_sharp_edges,n148i_v2,jxl_e3,ssim,-22.192977198551688,True
94,text_sharp_edges,n148i_v2,jxl_e3,ssim,-23.250187805962973,True
95,text_sharp_edges,n148i_v2,jxl_e3,ssim,-31.50493299357563,True
96,text_sharp_edges,n148i_v2,jxl_e3,ssim,-15.235744572889164,True
97,text_sharp_edges,n148i_v2,jxl_e3,ssim,-35.96102941961401,True
98,text_sharp_edges,n148i_v2,jxl_e3,ssim,-22.51169874397796,True
99,text_sharp_edges,n148i_v2,jxl_e3,ssim,-19.01397215440617,True
100,text_sharp_edges,n148i_v2,jxl_e3,ssim,-36.77492658641559,True
101,text_sharp_edges,n148i_v2,jxl_e3,ssim,-16.88078642958609,True
102,text_sharp_edges,n148i_v2,jxl_e3,ssim,-16.352931556577456,True
103,text_sharp_edges,n148i_v2,jxl_e3,ssim,-20.453935246593268,True
104,text_sharp_edges,n148i_v2,jxl_e3,ssim,-26.489532777418233,True
105,text_sharp_edges,n148i_v2,jxl_e3,ssim,-9.306675563981049,True
106,saturated_desaturated_colors,n148i_v2,jxl_e3,ssim,-40.331943001209595,True
107,saturated_desaturated_colors,n148i_v2,jxl_e3,ssim,-46.31688045778246,True
108,saturated_desaturated_colors,n148i_v2,jxl_e3,ssim,-19.730591416215425,True
109,saturated_desaturated_colors,n148i_v2,jxl_e3,ssim,-18.33153987125925,True
110,saturated_desaturated_colors,n148i_v2,jxl_e3,ssim,-55.67805565875887,True
111,saturated_desaturated_colors,n148i_v2,jxl_e3,ssim,5.995792938157463,True
112,saturated_desaturated_colors,n148i_v2,jxl_e3,ssim,-13.507541524000978,True
113,saturated_desaturated_colors,n148i_v2,jxl_e3,ssim,-26.635628634358298,True
114,saturated_desaturated_colors,n148i_v2,jxl_e3,ssim,-11.446802884774254,True
115,saturated_desaturated_colors,n148i_v2,jxl_e3,ssim,-3.170405800695819,True
116,saturated_desaturated_colors,n148i_v2,jxl_e3,ssim,-8.517338481859715,True
117,saturated_desaturated_colors,n148i_v2,jxl_e3,ssim,-25.45674421701909,True
118,saturated_desaturated_colors,n148i_v2,jxl_e3,ssim,-45.08115958856111,True
119,saturated_desaturated_colors,n148i_v2,jxl_e3,ssim,-46.21775008318053,True
120,saturated_desaturated_colors,n148i_v2,jxl_e3,ssim,-41.08573906310994,True
121,smooth_surfaces_gradients,n148i_v2,jxl_e3,ssim,-9.113272750930946,True
122,urban_architecture,n148i_v2,jxl_e3,ssim,-9.888543186924792,True
123,smooth_surfaces_gradients,n148i_v2,jxl_e3,ssim,-11.262310994567171,True
124,urban_architecture,n148i_v2,jxl_e3,ssim,-8.77013591698833,True
125,fine_detail,n148i_v2,jxl_e3,ssim,-14.375520765968975,True
126,natural_landscapes,n148i_v2,jxl_e3,ssim,-10.400708591407504,True
127,urban_architecture,n148i_v2,jxl_e3,ssim,-9.189211169471957,True
128,text_sharp_edges,n148i_v2,jxl_e3,ssim,-26.260462180437607,True
129,text_sharp_edges,n148i_v2,jxl_e3,ssim,-6.614661784763898,True
130,natural_landscapes,n148i_v2,jxl_e3,ssim,-13.317786594311743,True
1,historical_portraits,n148i_v2,jxl_e7,ssim,0.4303355798212838,True
2,historical_portraits,n148i_v2,jxl_e7,ssim,-2.8354056744794742,True
3,historical_portraits,n148i_v2,jxl_e7,ssim,5.694912255389539,True
4,historical_portraits,n148i_v2,jxl_e7,ssim,-5.132405067039302,True
5,historical_portraits,n148i_v2,jxl_e7,ssim,-12.906531962427293,True
6,historical_portraits,n148i_v2,jxl_e7,ssim,1.4183582297035313,True
7,historical_portraits,n148i_v2,jxl_e7,ssim,-7.396269055762628,True
8,historical_portraits,n148i_v2,jxl_e7,ssim,-21.466574989263123,True
9,historical_portraits,n148i_v2,jxl_e7,ssim,-9.48088321426781,True
10,historical_portraits,n148i_v2,jxl_e7,ssim,7.374838662189354,True
11,historical_portraits,n148i_v2,jxl_e7,ssim,-2.0574169002008036,True
12,historical_portraits,n148i_v2,jxl_e7,ssim,-15.282005483261319,True
13,historical_portraits,n148i_v2,jxl_e7,ssim,-2.27242735601626,True
14,historical_portraits,n148i_v2,jxl_e7,ssim,-21.928395574027537,True
15,historical_portraits,n148i_v2,jxl_e7,ssim,16.64818426607164,True
16,natural_landscapes,n148i_v2,jxl_e7,ssim,-0.5817693757420916,True
17,natural_landscapes,n148i_v2,jxl_e7,ssim,-5.331247775327707,True
18,natural_landscapes,n148i_v2,jxl_e7,ssim,-4.058230213716385,True
19,natural_landscapes,n148i_v2,jxl_e7,ssim,-3.942643683426039,True
20,natural_landscapes,n148i_v2,jxl_e7,ssim,-0.4584217828581538,True
21,natural_landscapes,n148i_v2,jxl_e7,ssim,-1.7262472374323545,True
22,natural_landscapes,n148i_v2,jxl_e7,ssim,-9.44398676021898,True
23,natural_landscapes,n148i_v2,jxl_e7,ssim,0.09052912000389046,True
24,natural_landscapes,n148i_v2,jxl_e7,ssim,-9.748170460959626,True
25,natural_landscapes,n148i_v2,jxl_e7,ssim,5.103333439979885,True
26,natural_landscapes,n148i_v2,jxl_e7,ssim,-4.966350345642356,True
27,natural_landscapes,n148i_v2,jxl_e7,ssim,-5.326906904157025,True
28,natural_landscapes,n148i_v2,jxl_e7,ssim,-7.602239422323532,True
29,natural_landscapes,n148i_v2,jxl_e7,ssim,-4.142208420207838,True
30,natural_landscapes,n148i_v2,jxl_e7,ssim,-4.913530178036796,True
31,urban_architecture,n148i_v2,jxl_e7,ssim,-4.554623888685372,True
32,urban_architecture,n148i_v2,jxl_e7,ssim,-1.9555098343008614,True
33,urban_architecture,n148i_v2,jxl_e7,ssim,-10.057788589352823,True
34,urban_architecture,n148i_v2,jxl_e7,ssim,-18.494244121736504,True
35,urban_architecture,n148i_v2,jxl_e7,ssim,-8.79794542574327,True
36,urban_architecture,n148i_v2,jxl_e7,ssim,5.198223039757033,True
37,urban_architecture,n148i_v2,jxl_e7,ssim,-6.236180564665117,True
38,urban_architecture,n148i_v2,jxl_e7,ssim,-4.880206947806265,True
39,urban_architecture,n148i_v2,jxl_e7,ssim,-6.27189709598277,True
40,urban_architecture,n148i_v2,jxl_e7,ssim,-7.353605455744927,True
41,urban_architecture,n148i_v2,jxl_e7,ssim,-5.16797012799165,True
42,urban_architecture,n148i_v2,jxl_e7,ssim,-0.614496195793135,True
43,urban_architecture,n148i_v2,jxl_e7,ssim,3.9322368010205055,True
44,urban_architecture,n148i_v2,jxl_e7,ssim,-13.616863695056935,True
45,urban_architecture,n148i_v2,jxl_e7,ssim,-8.409801328920585,True
46,high_frequency_textures,n148i_v2,jxl_e7,ssim,-16.345603537957054,True
47,high_frequency_textures,n148i_v2,jxl_e7,ssim,-13.214809211643953,True
48,high_frequency_textures,n148i_v2,jxl_e7,ssim,-11.234503750261338,True
49,high_frequency_textures,n148i_v2,jxl_e7,ssim,1.70456436361901,True
50,high_frequency_textures,n148i_v2,jxl_e7,ssim,63.1421437545741,True
51,high_frequency_textures,n148i_v2,jxl_e7,ssim,-7.71294169548733,True
52,high_frequency_textures,n148i_v2,jxl_e7,ssim,-6.503752633574244,True
53,high_frequency_textures,n148i_v2,jxl_e7,ssim,-3.210967823411104,True
54,high_frequency_textures,n148i_v2,jxl_e7,ssim,-1.7355163077427793,True
55,high_frequency_textures,n148i_v2,jxl_e7,ssim,-8.091574408701474,True
56,high_frequency_textures,n148i_v2,jxl_e7,ssim,-9.715886287878373,True
57,high_frequency_textures,n148i_v2,jxl_e7,ssim,1.273796223218726,True
58,high_frequency_textures,n148i_v2,jxl_e7,ssim,-9.04893402230279,True
59,high_frequency_textures,n148i_v2,jxl_e7,ssim,-10.82084624320826,True
60,high_frequency_textures,n148i_v2,jxl_e7,ssim,-14.148547452835803,True
61,smooth_surfaces_gradients,n148i_v2,jxl_e7,ssim,11.04322926895791,True
62,smooth_surfaces_gradients,n148i_v2,jxl_e7,ssim,8.46738554794937,True
63,smooth_surfaces_gradients,n148i_v2,jxl_e7,ssim,5.019957000710651,True
64,smooth_surfaces_gradients,n148i_v2,jxl_e7,ssim,-0.17499781928144165,True
65,smooth_surfaces_gradients,n148i_v2,jxl_e7,ssim,3.4864926919407013,True
66,smooth_surfaces_gradients,n148i_v2,jxl_e7,ssim,-10.145951247200236,True
67,smooth_surfaces_gradients,n148i_v2,jxl_e7,ssim,3.252704862504574,True
68,smooth_surfaces_gradients,n148i_v2,jxl_e7,ssim,12.024962429639462,True
69,smooth_surfaces_gradients,n148i_v2,jxl_e7,ssim,-5.2792124980019395,True
70,smooth_surfaces_gradients,n148i_v2,jxl_e7,ssim,-1.0112008808275896,True
71,smooth_surfaces_gradients,n148i_v2,jxl_e7,ssim,-14.18043612774179,True
72,smooth_surfaces_gradients,n148i_v2,jxl_e7,ssim,-2.5391013678106367,True
73,smooth_surfaces_gradients,n148i_v2,jxl_e7,ssim,22.461244510766832,True
74,smooth_surfaces_gradients,n148i_v2,jxl_e7,ssim,-8.660601089763077,True
75,smooth_surfaces_gradients,n148i_v2,jxl_e7,ssim,18.639949370212673,True
76,fine_detail,n148i_v2,jxl_e7,ssim,-24.066274363558904,True
77,fine_detail,n148i_v2,jxl_e7,ssim,-14.261689804629263,True
78,fine_detail,n148i_v2,jxl_e7,ssim,-8.394349018910209,True
79,fine_detail,n148i_v2,jxl_e7,ssim,-17.0966782236875,True
80,fine_detail,n148i_v2,jxl_e7,ssim,-1.0156624790939595,True
81,fine_detail,n148i_v2,jxl_e7,ssim,-9.45047005567191,True
82,fine_detail,n148i_v2,jxl_e7,ssim,14.689768938687875,True
83,fine_detail,n148i_v2,jxl_e7,ssim,-11.158497256879373,True
84,fine_detail,n148i_v2,jxl_e7,ssim,-12.973022139868595,True
85,fine_detail,n148i_v2,jxl_e7,ssim,-10.311586656510496,True
86,fine_detail,n148i_v2,jxl_e7,ssim,-4.095593316640933,True
87,fine_detail,n148i_v2,jxl_e7,ssim,-16.05493908402762,True
88,fine_detail,n148i_v2,jxl_e7,ssim,,False
89,fine_detail,n148i_v2,jxl_e7,ssim,-17.21095690537914,True
90,fine_detail,n148i_v2,jxl_e7,ssim,-31.876483875570383,True
91,text_sharp_edges,n148i_v2,jxl_e7,ssim,-6.337862372650916,True
92,text_sharp_edges,n148i_v2,jxl_e7,ssim,-12.083003025138172,True
93,text_sharp_edges,n148i_v2,jxl_e7,ssim,-3.3359855067575883,True
94,text_sharp_edges,n148i_v2,jxl_e7,ssim,-7.535426686519752,True
95,text_sharp_edges,n148i_v2,jxl_e7,ssim,3.363443151068446,True
96,text_sharp_edges,n148i_v2,jxl_e7,ssim,-17.22895567038194,True
97,text_sharp_edges,n148i_v2,jxl_e7,ssim,0.376090419450259,True
98,text_sharp_edges,n148i_v2,jxl_e7,ssim,-0.6010765771014004,True
99,text_sharp_edges,n148i_v2,jxl_e7,ssim,-12.101086941973394,True
100,text_sharp_edges,n148i_v2,jxl_e7,ssim,1.5478685859201535,True
101,text_sharp_edges,n148i_v2,jxl_e7,ssim,6.005691164303073,True
102,text_sharp_edges,n148i_v2,jxl_e7,ssim,-2.4824813372917087,True
103,text_sharp_edges,n148i_v2,jxl_e7,ssim,0.43695291739147546,True
104,text_sharp_edges,n148i_v2,jxl_e7,ssim,-3.1352138117018535,True
105,text_sharp_edges,n148i_v2,jxl_e7,ssim,-0.46531874450312927,True
106,saturated_desaturated_colors,n148i_v2,jxl_e7,ssim,-22.85351988467985,True
107,saturated_desaturated_colors,n148i_v2,jxl_e7,ssim,-37.01596625570788,True
108,saturated_desaturated_colors,n148i_v2,jxl_e7,ssim,-15.208005331037523,True
109,saturated_desaturated_colors,n148i_v2,jxl_e7,ssim,-2.4781826746149482,True
110,saturated_desaturated_colors,n148i_v2,jxl_e7,ssim,-13.546794496191383,True
111,saturated_desaturated_colors,n148i_v2,jxl_e7,ssim,24.726791919614264,True
112,saturated_desaturated_colors,n148i_v2,jxl_e7,ssim,-1.492196335039131,True
113,saturated_desaturated_colors,n148i_v2,jxl_e7,ssim,-10.883559214583538,True
114,saturated_desaturated_colors,n148i_v2,jxl_e7,ssim,-6.516232384298293,True
115,saturated_desaturated_colors,n148i_v2,jxl_e7,ssim,4.185906911617643,True
116,saturated_desaturated_colors,n148i_v2,jxl_e7,ssim,-5.4222207369049595,True
117,saturated_desaturated_colors,n148i_v2,jxl_e7,ssim,-13.453034839310863,True
118,saturated_desaturated_colors,n148i_v2,jxl_e7,ssim,-28.151227855646376,True
119,saturated_desaturated_colors,n148i_v2,jxl_e7,ssim,-34.47337764892483,True
120,saturated_desaturated_colors,n148i_v2,jxl_e7,ssim,-25.28974481374583,True
121,smooth_surfaces_gradients,n148i_v2,jxl_e7,ssim,27.334852926029928,True
122,urban_architecture,n148i_v2,jxl_e7,ssim,-4.705333372348619,True
123,smooth_surfaces_gradients,n148i_v2,jxl_e7,ssim,1.3891965579407861,True
124,urban_architecture,n148i_v2,jxl_e7,ssim,-3.1565011302007284,True
125,fine_detail,n148i_v2,jxl_e7,ssim,4.201764059585811,True
126,natural_landscapes,n148i_v2,jxl_e7,ssim,-4.166144502870573,True
127,urban_architecture,n148i_v2,jxl_e7,ssim,-12.59392199543039,True
128,text_sharp_edges,n148i_v2,jxl_e7,ssim,-14.714776523991368,True
129,text_sharp_edges,n148i_v2,jxl_e7,ssim,-5.297872580465923,True
130,natural_landscapes,n148i_v2,jxl_e7,ssim,-9.104010382632543,True
1,historical_portraits,n148i_v1,webp_m6,ms_ssim,13.455617230714246,True
2,historical_portraits,n148i_v1,webp_m6,ms_ssim,15.300041305278711,True
3,historical_portraits,n148i_v1,webp_m6,ms_ssim,19.785711246372138,True
4,historical_portraits,n148i_v1,webp_m6,ms_ssim,8.79319248740773,True
5,historical_portraits,n148i_v1,webp_m6,ms_ssim,19.009147124529434,True
6,historical_portraits,n148i_v1,webp_m6,ms_ssim,16.46339597180655,True
7,historical_portraits,n148i_v1,webp_m6,ms_ssim,43.60339100792958,True
8,historical_portraits,n148i_v1,webp_m6,ms_ssim,20.532661916735016,True
9,historical_portraits,n148i_v1,webp_m6,ms_ssim,25.76660848545349,True
10,historical_portraits,n148i_v1,webp_m6,ms_ssim,4.5088808773182665,True
11,historical_portraits,n148i_v1,webp_m6,ms_ssim,31.159705291025787,True
12,historical_portraits,n148i_v1,webp_m6,ms_ssim,72.84443050276866,True
13,historical_portraits,n148i_v1,webp_m6,ms_ssim,27.472644342369314,True
14,historical_portraits,n148i_v1,webp_m6,ms_ssim,25.71599329909433,True
15,historical_portraits,n148i_v1,webp_m6,ms_ssim,78.61847035761392,True
16,natural_landscapes,n148i_v1,webp_m6,ms_ssim,19.720089715167944,True
17,natural_landscapes,n148i_v1,webp_m6,ms_ssim,8.442153564658007,True
18,natural_landscapes,n148i_v1,webp_m6,ms_ssim,8.671905027474015,True
19,natural_landscapes,n148i_v1,webp_m6,ms_ssim,6.9497714076035555,True
20,natural_landscapes,n148i_v1,webp_m6,ms_ssim,11.794692994655009,True
21,natural_landscapes,n148i_v1,webp_m6,ms_ssim,14.802771604022436,True
22,natural_landscapes,n148i_v1,webp_m6,ms_ssim,11.094928623267265,True
23,natural_landscapes,n148i_v1,webp_m6,ms_ssim,23.729463457849832,True
24,natural_landscapes,n148i_v1,webp_m6,ms_ssim,11.027069481220476,True
25,natural_landscapes,n148i_v1,webp_m6,ms_ssim,24.94508174778265,True
26,natural_landscapes,n148i_v1,webp_m6,ms_ssim,18.222973987219504,True
27,natural_landscapes,n148i_v1,webp_m6,ms_ssim,14.148543985204775,True
28,natural_landscapes,n148i_v1,webp_m6,ms_ssim,35.12135027413941,True
29,natural_landscapes,n148i_v1,webp_m6,ms_ssim,12.965976678000345,True
30,natural_landscapes,n148i_v1,webp_m6,ms_ssim,12.507967884719818,True
31,urban_architecture,n148i_v1,webp_m6,ms_ssim,32.8032464645728,True
32,urban_architecture,n148i_v1,webp_m6,ms_ssim,7.873022725007539,True
33,urban_architecture,n148i_v1,webp_m6,ms_ssim,11.848687255509937,True
34,urban_architecture,n148i_v1,webp_m6,ms_ssim,29.370770995083074,True
35,urban_architecture,n148i_v1,webp_m6,ms_ssim,28.124193964521417,True
36,urban_architecture,n148i_v1,webp_m6,ms_ssim,40.04360723250724,True
37,urban_architecture,n148i_v1,webp_m6,ms_ssim,29.138858958742752,True
38,urban_architecture,n148i_v1,webp_m6,ms_ssim,23.946403935201268,True
39,urban_architecture,n148i_v1,webp_m6,ms_ssim,20.971610858834744,True
40,urban_architecture,n148i_v1,webp_m6,ms_ssim,17.1710032181436,True
41,urban_architecture,n148i_v1,webp_m6,ms_ssim,41.34733423355848,True
42,urban_architecture,n148i_v1,webp_m6,ms_ssim,32.38911908171475,True
43,urban_architecture,n148i_v1,webp_m6,ms_ssim,55.674040450574935,True
44,urban_architecture,n148i_v1,webp_m6,ms_ssim,19.031738681448562,True
45,urban_architecture,n148i_v1,webp_m6,ms_ssim,18.72649198717713,True
46,high_frequency_textures,n148i_v1,webp_m6,ms_ssim,-1.146525302408763,True
47,high_frequency_textures,n148i_v1,webp_m6,ms_ssim,12.563618918885533,True
48,high_frequency_textures,n148i_v1,webp_m6,ms_ssim,1.6289818693242974,True
49,high_frequency_textures,n148i_v1,webp_m6,ms_ssim,5.275247533523553,True
50,high_frequency_textures,n148i_v1,webp_m6,ms_ssim,3.3385146083507955,True
51,high_frequency_textures,n148i_v1,webp_m6,ms_ssim,4.1313736905976395,True
52,high_frequency_textures,n148i_v1,webp_m6,ms_ssim,17.737056822679364,True
53,high_frequency_textures,n148i_v1,webp_m6,ms_ssim,13.609583912404077,True
54,high_frequency_textures,n148i_v1,webp_m6,ms_ssim,13.53784117715826,True
55,high_frequency_textures,n148i_v1,webp_m6,ms_ssim,12.46304618707683,True
56,high_frequency_textures,n148i_v1,webp_m6,ms_ssim,5.388654315662511,True
57,high_frequency_textures,n148i_v1,webp_m6,ms_ssim,2.45274558312758,True
58,high_frequency_textures,n148i_v1,webp_m6,ms_ssim,21.924438442248384,True
59,high_frequency_textures,n148i_v1,webp_m6,ms_ssim,22.295143072622302,True
60,high_frequency_textures,n148i_v1,webp_m6,ms_ssim,23.69051228390804,True
61,smooth_surfaces_gradients,n148i_v1,webp_m6,ms_ssim,30.335348298287347,True
62,smooth_surfaces_gradients,n148i_v1,webp_m6,ms_ssim,36.59611891499666,True
63,smooth_surfaces_gradients,n148i_v1,webp_m6,ms_ssim,32.568913788460186,True
64,smooth_surfaces_gradients,n148i_v1,webp_m6,ms_ssim,25.087331540390224,True
65,smooth_surfaces_gradients,n148i_v1,webp_m6,ms_ssim,15.598992915376009,True
66,smooth_surfaces_gradients,n148i_v1,webp_m6,ms_ssim,2.9108121760495376,True
67,smooth_surfaces_gradients,n148i_v1,webp_m6,ms_ssim,7.975033044517099,True
68,smooth_surfaces_gradients,n148i_v1,webp_m6,ms_ssim,33.20513864213967,True
69,smooth_surfaces_gradients,n148i_v1,webp_m6,ms_ssim,7.138867205807142,True
70,smooth_surfaces_gradients,n148i_v1,webp_m6,ms_ssim,18.037391174429484,True
71,smooth_surfaces_gradients,n148i_v1,webp_m6,ms_ssim,65.57891595420536,True
72,smooth_surfaces_gradients,n148i_v1,webp_m6,ms_ssim,13.649105142546404,True
73,smooth_surfaces_gradients,n148i_v1,webp_m6,ms_ssim,77.3011222773615,True
74,smooth_surfaces_gradients,n148i_v1,webp_m6,ms_ssim,55.384161919793364,True
75,smooth_surfaces_gradients,n148i_v1,webp_m6,ms_ssim,50.650056602212224,True
76,fine_detail,n148i_v1,webp_m6,ms_ssim,33.13053015759573,True
77,fine_detail,n148i_v1,webp_m6,ms_ssim,25.019376888378808,True
78,fine_detail,n148i_v1,webp_m6,ms_ssim,21.256166496350602,True
79,fine_detail,n148i_v1,webp_m6,ms_ssim,22.742862611603563,True
80,fine_detail,n148i_v1,webp_m6,ms_ssim,8.150913271921834,True
81,fine_detail,n148i_v1,webp_m6,ms_ssim,9.153445647072767,True
82,fine_detail,n148i_v1,webp_m6,ms_ssim,12.075217541632878,True
83,fine_detail,n148i_v1,webp_m6,ms_ssim,40.7029549497544,True
84,fine_detail,n148i_v1,webp_m6,ms_ssim,32.42609652514319,True
85,fine_detail,n148i_v1,webp_m6,ms_ssim,32.1016270477078,True
86,fine_detail,n148i_v1,webp_m6,ms_ssim,33.070181003566134,True
87,fine_detail,n148i_v1,webp_m6,ms_ssim,28.302520228367456,True
88,fine_detail,n148i_v1,webp_m6,ms_ssim,39.97877374535614,True
89,fine_detail,n148i_v1,webp_m6,ms_ssim,27.23556103215592,True
90,fine_detail,n148i_v1,webp_m6,ms_ssim,40.92730764284476,True
91,text_sharp_edges,n148i_v1,webp_m6,ms_ssim,122.8141569769214,True
92,text_sharp_edges,n148i_v1,webp_m6,ms_ssim,20.637653379821728,True
93,text_sharp_edges,n148i_v1,webp_m6,ms_ssim,140.77077804724442,True
94,text_sharp_edges,n148i_v1,webp_m6,ms_ssim,37.792423058198985,True
95,text_sharp_edges,n148i_v1,webp_m6,ms_ssim,90.55626074670089,True
96,text_sharp_edges,n148i_v1,webp_m6,ms_ssim,22.90168844413163,True
97,text_sharp_edges,n148i_v1,webp_m6,ms_ssim,99.08021882413365,True
98,text_sharp_edges,n148i_v1,webp_m6,ms_ssim,96.6122267513863,True
99,text_sharp_edges,n148i_v1,webp_m6,ms_ssim,57.993007755571035,True
100,text_sharp_edges,n148i_v1,webp_m6,ms_ssim,142.80472589846255,True
101,text_sharp_edges,n148i_v1,webp_m6,ms_ssim,73.7862921795874,True
102,text_sharp_edges,n148i_v1,webp_m6,ms_ssim,35.064266226740145,True
103,text_sharp_edges,n148i_v1,webp_m6,ms_ssim,38.01126357669329,True
104,text_sharp_edges,n148i_v1,webp_m6,ms_ssim,44.55817900385579,True
105,text_sharp_edges,n148i_v1,webp_m6,ms_ssim,23.487816107477677,True
106,saturated_desaturated_colors,n148i_v1,webp_m6,ms_ssim,42.992583555086995,True
107,saturated_desaturated_colors,n148i_v1,webp_m6,ms_ssim,0.9836414142728511,True
108,saturated_desaturated_colors,n148i_v1,webp_m6,ms_ssim,33.492893274263345,True
109,saturated_desaturated_colors,n148i_v1,webp_m6,ms_ssim,52.99253834367015,True
110,saturated_desaturated_colors,n148i_v1,webp_m6,ms_ssim,69.3721209522029,True
111,saturated_desaturated_colors,n148i_v1,webp_m6,ms_ssim,79.923958092228,True
112,saturated_desaturated_colors,n148i_v1,webp_m6,ms_ssim,16.322514738064253,True
113,saturated_desaturated_colors,n148i_v1,webp_m6,ms_ssim,37.83547798652853,True
114,saturated_desaturated_colors,n148i_v1,webp_m6,ms_ssim,25.964829645517874,True
115,saturated_desaturated_colors,n148i_v1,webp_m6,ms_ssim,13.243739837230839,True
116,saturated_desaturated_colors,n148i_v1,webp_m6,ms_ssim,28.345204782804,True
117,saturated_desaturated_colors,n148i_v1,webp_m6,ms_ssim,81.3132480090421,True
118,saturated_desaturated_colors,n148i_v1,webp_m6,ms_ssim,57.866684338307905,True
119,saturated_desaturated_colors,n148i_v1,webp_m6,ms_ssim,36.14723353983172,True
120,saturated_desaturated_colors,n148i_v1,webp_m6,ms_ssim,40.85631351611711,True
121,smooth_surfaces_gradients,n148i_v1,webp_m6,ms_ssim,26.68154324498402,True
122,urban_architecture,n148i_v1,webp_m6,ms_ssim,27.918086319582393,True
123,smooth_surfaces_gradients,n148i_v1,webp_m6,ms_ssim,34.821580301827936,True
124,urban_architecture,n148i_v1,webp_m6,ms_ssim,16.538113131047496,True
125,fine_detail,n148i_v1,webp_m6,ms_ssim,21.42659626501866,True
126,natural_landscapes,n148i_v1,webp_m6,ms_ssim,10.455492784329422,True
127,urban_architecture,n148i_v1,webp_m6,ms_ssim,12.373433223750485,True
128,text_sharp_edges,n148i_v1,webp_m6,ms_ssim,41.73813235148665,True
129,text_sharp_edges,n148i_v1,webp_m6,ms_ssim,21.69153280354208,True
130,natural_landscapes,n148i_v1,webp_m6,ms_ssim,6.877614843282376,True
1,historical_portraits,n148i_v2,webp_m6,ms_ssim,-2.90896236022391,True
2,historical_portraits,n148i_v2,webp_m6,ms_ssim,-13.534823898891391,True
3,historical_portraits,n148i_v2,webp_m6,ms_ssim,4.503096462752065,True
4,historical_portraits,n148i_v2,webp_m6,ms_ssim,-5.469829004592142,True
5,historical_portraits,n148i_v2,webp_m6,ms_ssim,-4.42719168213711,True
6,historical_portraits,n148i_v2,webp_m6,ms_ssim,-5.47886089628169,True
7,historical_portraits,n148i_v2,webp_m6,ms_ssim,4.325627796677822,True
8,historical_portraits,n148i_v2,webp_m6,ms_ssim,-6.645837325914938,True
9,historical_portraits,n148i_v2,webp_m6,ms_ssim,-0.6150254925928023,True
10,historical_portraits,n148i_v2,webp_m6,ms_ssim,-15.040259544779621,True
11,historical_portraits,n148i_v2,webp_m6,ms_ssim,4.642145308949286,True
12,historical_portraits,n148i_v2,webp_m6,ms_ssim,3.173063818601052,True
13,historical_portraits,n148i_v2,webp_m6,ms_ssim,8.64898138165251,True
14,historical_portraits,n148i_v2,webp_m6,ms_ssim,-8.933030417591114,True
15,historical_portraits,n148i_v2,webp_m6,ms_ssim,9.141196551288555,True
16,natural_landscapes,n148i_v2,webp_m6,ms_ssim,6.771036797227792,True
17,natural_landscapes,n148i_v2,webp_m6,ms_ssim,-6.182735639047343,True
18,natural_landscapes,n148i_v2,webp_m6,ms_ssim,-2.5081723272992185,True
19,natural_landscapes,n148i_v2,webp_m6,ms_ssim,-3.129397536321632,True
20,natural_landscapes,n148i_v2,webp_m6,ms_ssim,-0.8554756666873442,True
21,natural_landscapes,n148i_v2,webp_m6,ms_ssim,0.8639985909914438,True
22,natural_landscapes,n148i_v2,webp_m6,ms_ssim,-6.163671655354652,True
23,natural_landscapes,n148i_v2,webp_m6,ms_ssim,-2.2999618924790632,True
24,natural_landscapes,n148i_v2,webp_m6,ms_ssim,-2.887535089837734,True
25,natural_landscapes,n148i_v2,webp_m6,ms_ssim,-2.946850467773998,True
26,natural_landscapes,n148i_v2,webp_m6,ms_ssim,0.13550631133969482,True
27,natural_landscapes,n148i_v2,webp_m6,ms_ssim,1.18660386214553,True
28,natural_landscapes,n148i_v2,webp_m6,ms_ssim,-5.48509144174777,True
29,natural_landscapes,n148i_v2,webp_m6,ms_ssim,2.100699902326686,True
30,natural_landscapes,n148i_v2,webp_m6,ms_ssim,-9.630812649158093,True
31,urban_architecture,n148i_v2,webp_m6,ms_ssim,7.527410233149356,True
32,urban_architecture,n148i_v2,webp_m6,ms_ssim,0.3860497220484316,True
33,urban_architecture,n148i_v2,webp_m6,ms_ssim,-2.5366951459648623,True
34,urban_architecture,n148i_v2,webp_m6,ms_ssim,-0.6442906587109554,True
35,urban_architecture,n148i_v2,webp_m6,ms_ssim,-2.1116359061227885,True
36,urban_architecture,n148i_v2,webp_m6,ms_ssim,9.769021719590686,True
37,urban_architecture,n148i_v2,webp_m6,ms_ssim,-7.886375697615911,True
38,urban_architecture,n148i_v2,webp_m6,ms_ssim,0.7208910885736275,True
39,urban_architecture,n148i_v2,webp_m6,ms_ssim,-1.5644188268878034,True
40,urban_architecture,n148i_v2,webp_m6,ms_ssim,0.9164280065177222,True
41,urban_architecture,n148i_v2,webp_m6,ms_ssim,8.148248421060478,True
42,urban_architecture,n148i_v2,webp_m6,ms_ssim,3.7366038571794657,True
43,urban_architecture,n148i_v2,webp_m6,ms_ssim,4.067602100155776,True
44,urban_architecture,n148i_v2,webp_m6,ms_ssim,-5.118932941748222,True
45,urban_architecture,n148i_v2,webp_m6,ms_ssim,-2.89400877342465,True
46,high_frequency_textures,n148i_v2,webp_m6,ms_ssim,-11.552867130745359,True
47,high_frequency_textures,n148i_v2,webp_m6,ms_ssim,-4.226071250121866,True
48,high_frequency_textures,n148i_v2,webp_m6,ms_ssim,-9.211839455958692,True
49,high_frequency_textures,n148i_v2,webp_m6,ms_ssim,-6.715939533472682,True
50,high_frequency_textures,n148i_v2,webp_m6,ms_ssim,-16.96668100207751,True
51,high_frequency_textures,n148i_v2,webp_m6,ms_ssim,-5.0316551954984305,True
52,high_frequency_textures,n148i_v2,webp_m6,ms_ssim,-3.262030306929753,True
53,high_frequency_textures,n148i_v2,webp_m6,ms_ssim,-5.467032508450719,True
54,high_frequency_textures,n148i_v2,webp_m6,ms_ssim,-5.743441840265373,True
55,high_frequency_textures,n148i_v2,webp_m6,ms_ssim,-12.124774854350962,True
56,high_frequency_textures,n148i_v2,webp_m6,ms_ssim,-7.620162062923552,True
57,high_frequency_textures,n148i_v2,webp_m6,ms_ssim,-13.591027361376284,True
58,high_frequency_textures,n148i_v2,webp_m6,ms_ssim,1.9146748827860494,True
59,high_frequency_textures,n148i_v2,webp_m6,ms_ssim,-3.1017016703219213,True
60,high_frequency_textures,n148i_v2,webp_m6,ms_ssim,-0.303407151843349,True
61,smooth_surfaces_gradients,n148i_v2,webp_m6,ms_ssim,-5.296638809856924,True
62,smooth_surfaces_gradients,n148i_v2,webp_m6,ms_ssim,-10.275613116754256,True
63,smooth_surfaces_gradients,n148i_v2,webp_m6,ms_ssim,-6.7474431103411225,True
64,smooth_surfaces_gradients,n148i_v2,webp_m6,ms_ssim,2.2150588771476576,True
65,smooth_surfaces_gradients,n148i_v2,webp_m6,ms_ssim,-3.861962345770731,True
66,smooth_surfaces_gradients,n148i_v2,webp_m6,ms_ssim,-9.601090445601068,True
67,smooth_surfaces_gradients,n148i_v2,webp_m6,ms_ssim,-6.46332295051849,True
68,smooth_surfaces_gradients,n148i_v2,webp_m6,ms_ssim,4.206367730892668,True
69,smooth_surfaces_gradients,n148i_v2,webp_m6,ms_ssim,-12.375107610023639,True
70,smooth_surfaces_gradients,n148i_v2,webp_m6,ms_ssim,-4.9065478260872375,True
71,smooth_surfaces_gradients,n148i_v2,webp_m6,ms_ssim,8.561646374114895,True
72,smooth_surfaces_gradients,n148i_v2,webp_m6,ms_ssim,2.8951222648625485,True
73,smooth_surfaces_gradients,n148i_v2,webp_m6,ms_ssim,-24.68859543627501,True
74,smooth_surfaces_gradients,n148i_v2,webp_m6,ms_ssim,2.1178262160522987,True
75,smooth_surfaces_gradients,n148i_v2,webp_m6,ms_ssim,-1.1298222580889528,True
76,fine_detail,n148i_v2,webp_m6,ms_ssim,0.46883464371942907,True
77,fine_detail,n148i_v2,webp_m6,ms_ssim,0.39964786828554644,True
78,fine_detail,n148i_v2,webp_m6,ms_ssim,4.217961425909045,True
79,fine_detail,n148i_v2,webp_m6,ms_ssim,-1.9898593383524288,True
80,fine_detail,n148i_v2,webp_m6,ms_ssim,-2.4838766010317315,True
81,fine_detail,n148i_v2,webp_m6,ms_ssim,-4.236583259429061,True
82,fine_detail,n148i_v2,webp_m6,ms_ssim,-5.347035213201967,True
83,fine_detail,n148i_v2,webp_m6,ms_ssim,4.973686455790127,True
84,fine_detail,n148i_v2,webp_m6,ms_ssim,-19.073880693894306,True
85,fine_detail,n148i_v2,webp_m6,ms_ssim,-0.27543434848301684,True
86,fine_detail,n148i_v2,webp_m6,ms_ssim,-0.12150128704553342,True
87,fine_detail,n148i_v2,webp_m6,ms_ssim,2.153768103300502,True
88,fine_detail,n148i_v2,webp_m6,ms_ssim,-14.252107885139775,True
89,fine_detail,n148i_v2,webp_m6,ms_ssim,-11.625120962765468,True
90,fine_detail,n148i_v2,webp_m6,ms_ssim,1.1156336503655107,True
91,text_sharp_edges,n148i_v2,webp_m6,ms_ssim,24.90028917663465,True
92,text_sharp_edges,n148i_v2,webp_m6,ms_ssim,0.10855723577347653,True
93,text_sharp_edges,n148i_v2,webp_m6,ms_ssim,18.784163445441536,True
94,text_sharp_edges,n148i_v2,webp_m6,ms_ssim,-2.532683459171814,True
95,text_sharp_edges,n148i_v2,webp_m6,ms_ssim,15.489684511327773,True
96,text_sharp_edges,n148i_v2,webp_m6,ms_ssim,0.7333833554740377,True
97,text_sharp_edges,n148i_v2,webp_m6,ms_ssim,15.473370303393752,True
98,text_sharp_edges,n148i_v2,webp_m6,ms_ssim,23.83391550244669,True
99,text_sharp_edges,n148i_v2,webp_m6,ms_ssim,8.230179776753,True
100,text_sharp_edges,n148i_v2,webp_m6,ms_ssim,37.65085850722245,True
101,text_sharp_edges,n148i_v2,webp_m6,ms_ssim,-2.9022310952285135,True
102,text_sharp_edges,n148i_v2,webp_m6,ms_ssim,6.2430492855770625,True
103,text_sharp_edges,n148i_v2,webp_m6,ms_ssim,2.9913083926773387,True
104,text_sharp_edges,n148i_v2,webp_m6,ms_ssim,3.4437970323660805,True
105,text_sharp_edges,n148i_v2,webp_m6,ms_ssim,-0.4292260040427154,True
106,saturated_desaturated_colors,n148i_v2,webp_m6,ms_ssim,-6.469216934726196,True
107,saturated_desaturated_colors,n148i_v2,webp_m6,ms_ssim,-11.888043124774239,True
108,saturated_desaturated_colors,n148i_v2,webp_m6,ms_ssim,1.3881529549988114,True
109,saturated_desaturated_colors,n148i_v2,webp_m6,ms_ssim,9.01617846045919,True
110,saturated_desaturated_colors,n148i_v2,webp_m6,ms_ssim,17.413955336384014,True
111,saturated_desaturated_colors,n148i_v2,webp_m6,ms_ssim,20.519291777308133,True
112,saturated_desaturated_colors,n148i_v2,webp_m6,ms_ssim,-3.1483746257247924,True
113,saturated_desaturated_colors,n148i_v2,webp_m6,ms_ssim,0.7713701435015485,True
114,saturated_desaturated_colors,n148i_v2,webp_m6,ms_ssim,1.311548787725747,True
115,saturated_desaturated_colors,n148i_v2,webp_m6,ms_ssim,-4.699365210958472,True
116,saturated_desaturated_colors,n148i_v2,webp_m6,ms_ssim,-0.7195528818291885,True
117,saturated_desaturated_colors,n148i_v2,webp_m6,ms_ssim,9.543397599845882,True
118,saturated_desaturated_colors,n148i_v2,webp_m6,ms_ssim,-2.793695126217177,True
119,saturated_desaturated_colors,n148i_v2,webp_m6,ms_ssim,-6.787389423300216,True
120,saturated_desaturated_colors,n148i_v2,webp_m6,ms_ssim,-8.336407134764768,True
121,smooth_surfaces_gradients,n148i_v2,webp_m6,ms_ssim,-3.6486200094344334,True
122,urban_architecture,n148i_v2,webp_m6,ms_ssim,4.225245356349627,True
123,smooth_surfaces_gradients,n148i_v2,webp_m6,ms_ssim,-7.916499658885268,True
124,urban_architecture,n148i_v2,webp_m6,ms_ssim,0.855462715912414,True
125,fine_detail,n148i_v2,webp_m6,ms_ssim,2.6107223602531926,True
126,natural_landscapes,n148i_v2,webp_m6,ms_ssim,-8.099672016928894,True
127,urban_architecture,n148i_v2,webp_m6,ms_ssim,-1.9841048116419402,True
128,text_sharp_edges,n148i_v2,webp_m6,ms_ssim,8.095145340253286,True
129,text_sharp_edges,n148i_v2,webp_m6,ms_ssim,0.2459750750583689,True
130,natural_landscapes,n148i_v2,webp_m6,ms_ssim,-10.367819842071146,True
1,historical_portraits,jpeg_turbo,webp_m6,ms_ssim,15.079231012336326,True
2,historical_portraits,jpeg_turbo,webp_m6,ms_ssim,18.0954221775518,True
3,historical_portraits,jpeg_turbo,webp_m6,ms_ssim,20.951378122362918,True
4,historical_portraits,jpeg_turbo,webp_m6,ms_ssim,9.704080597065335,True
5,historical_portraits,jpeg_turbo,webp_m6,ms_ssim,20.709575471514686,True
6,historical_portraits,jpeg_turbo,webp_m6,ms_ssim,18.436631655145842,True
7,historical_portraits,jpeg_turbo,webp_m6,ms_ssim,45.38214871087067,True
8,historical_portraits,jpeg_turbo,webp_m6,ms_ssim,23.58686831444894,True
9,historical_portraits,jpeg_turbo,webp_m6,ms_ssim,27.109007248153148,True
10,historical_portraits,jpeg_turbo,webp_m6,ms_ssim,5.653915441201174,True
11,historical_portraits,jpeg_turbo,webp_m6,ms_ssim,35.049185514701776,True
12,historical_portraits,jpeg_turbo,webp_m6,ms_ssim,80.19169933117745,True
13,historical_portraits,jpeg_turbo,webp_m6,ms_ssim,30.025324516947038,True
14,historical_portraits,jpeg_turbo,webp_m6,ms_ssim,30.11823693832485,True
15,historical_portraits,jpeg_turbo,webp_m6,ms_ssim,79.23945937472867,True
16,natural_landscapes,jpeg_turbo,webp_m6,ms_ssim,21.99480059302592,True
17,natural_landscapes,jpeg_turbo,webp_m6,ms_ssim,9.790408273337903,True
18,natural_landscapes,jpeg_turbo,webp_m6,ms_ssim,11.26231403830953,True
19,natural_landscapes,jpeg_turbo,webp_m6,ms_ssim,9.69300051559705,True
20,natural_landscapes,jpeg_turbo,webp_m6,ms_ssim,12.923282787494728,True
21,natural_landscapes,jpeg_turbo,webp_m6,ms_ssim,18.269020581479612,True
22,natural_landscapes,jpeg_turbo,webp_m6,ms_ssim,13.364460754146123,True
23,natural_landscapes,jpeg_turbo,webp_m6,ms_ssim,24.655271991813564,True
24,natural_landscapes,jpeg_turbo,webp_m6,ms_ssim,14.84029900653885,True
25,natural_landscapes,jpeg_turbo,webp_m6,ms_ssim,31.21004085019208,True
26,natural_landscapes,jpeg_turbo,webp_m6,ms_ssim,19.795210639679016,True
27,natural_landscapes,jpeg_turbo,webp_m6,ms_ssim,15.981199312135196,True
28,natural_landscapes,jpeg_turbo,webp_m6,ms_ssim,40.3118859839904,True
29,natural_landscapes,jpeg_turbo,webp_m6,ms_ssim,14.751105577683688,True
30,natural_landscapes,jpeg_turbo,webp_m6,ms_ssim,15.465117910891735,True
31,urban_architecture,jpeg_turbo,webp_m6,ms_ssim,34.792139517372945,True
32,urban_architecture,jpeg_turbo,webp_m6,ms_ssim,9.202707496020036,True
33,urban_architecture,jpeg_turbo,webp_m6,ms_ssim,14.114920518413676,True
34,urban_architecture,jpeg_turbo,webp_m6,ms_ssim,31.880640476907153,True
35,urban_architecture,jpeg_turbo,webp_m6,ms_ssim,30.300333054303042,True
36,urban_architecture,jpeg_turbo,webp_m6,ms_ssim,42.47640319721477,True
37,urban_architecture,jpeg_turbo,webp_m6,ms_ssim,30.813550712323412,True
38,urban_architecture,jpeg_turbo,webp_m6,ms_ssim,25.773630099906917,True
39,urban_architecture,jpeg_turbo,webp_m6,ms_ssim,22.234380387522947,True
40,urban_architecture,jpeg_turbo,webp_m6,ms_ssim,18.76360056045241,True
41,urban_architecture,jpeg_turbo,webp_m6,ms_ssim,44.324575875614734,True
42,urban_architecture,jpeg_turbo,webp_m6,ms_ssim,34.065338974998284,True
43,urban_architecture,jpeg_turbo,webp_m6,ms_ssim,60.430607034055896,True
44,urban_architecture,jpeg_turbo,webp_m6,ms_ssim,19.75878463604117,True
45,urban_architecture,jpeg_turbo,webp_m6,ms_ssim,20.397085671272276,True
46,high_frequency_textures,jpeg_turbo,webp_m6,ms_ssim,-0.06561388429632276,True
47,high_frequency_textures,jpeg_turbo,webp_m6,ms_ssim,13.41910008238585,True
48,high_frequency_textures,jpeg_turbo,webp_m6,ms_ssim,2.4446920277548356,True
49,high_frequency_textures,jpeg_turbo,webp_m6,ms_ssim,7.4006675562386715,True
50,high_frequency_textures,jpeg_turbo,webp_m6,ms_ssim,4.4544856437340075,True
51,high_frequency_textures,jpeg_turbo,webp_m6,ms_ssim,5.308041636867156,True
52,high_frequency_textures,jpeg_turbo,webp_m6,ms_ssim,18.511818998387742,True
53,high_frequency_textures,jpeg_turbo,webp_m6,ms_ssim,14.470552800138247,True
54,high_frequency_textures,jpeg_turbo,webp_m6,ms_ssim,14.232427780006574,True
55,high_frequency_textures,jpeg_turbo,webp_m6,ms_ssim,14.394358888357605,True
56,high_frequency_textures,jpeg_turbo,webp_m6,ms_ssim,6.6768556475143015,True
57,high_frequency_textures,jpeg_turbo,webp_m6,ms_ssim,3.491811116862542,True
58,high_frequency_textures,jpeg_turbo,webp_m6,ms_ssim,23.17796641733585,True
59,high_frequency_textures,jpeg_turbo,webp_m6,ms_ssim,24.43618452053751,True
60,high_frequency_textures,jpeg_turbo,webp_m6,ms_ssim,25.66380551317813,True
61,smooth_surfaces_gradients,jpeg_turbo,webp_m6,ms_ssim,37.58753615387078,True
62,smooth_surfaces_gradients,jpeg_turbo,webp_m6,ms_ssim,44.28190102085061,True
63,smooth_surfaces_gradients,jpeg_turbo,webp_m6,ms_ssim,36.054460161516076,True
64,smooth_surfaces_gradients,jpeg_turbo,webp_m6,ms_ssim,26.69384094032654,True
65,smooth_surfaces_gradients,jpeg_turbo,webp_m6,ms_ssim,17.505191485212034,True
66,smooth_surfaces_gradients,jpeg_turbo,webp_m6,ms_ssim,5.742635019623221,True
67,smooth_surfaces_gradients,jpeg_turbo,webp_m6,ms_ssim,10.34802863390536,True
68,smooth_surfaces_gradients,jpeg_turbo,webp_m6,ms_ssim,33.45526741119731,True
69,smooth_surfaces_gradients,jpeg_turbo,webp_m6,ms_ssim,11.14914595565082,True
70,smooth_surfaces_gradients,jpeg_turbo,webp_m6,ms_ssim,20.739885521170145,True
71,smooth_surfaces_gradients,jpeg_turbo,webp_m6,ms_ssim,71.52677264323017,True
72,smooth_surfaces_gradients,jpeg_turbo,webp_m6,ms_ssim,15.389765252188248,True
73,smooth_surfaces_gradients,jpeg_turbo,webp_m6,ms_ssim,103.42675812424464,True
74,smooth_surfaces_gradients,jpeg_turbo,webp_m6,ms_ssim,60.56997314971409,True
75,smooth_surfaces_gradients,jpeg_turbo,webp_m6,ms_ssim,62.65252674047257,True
76,fine_detail,jpeg_turbo,webp_m6,ms_ssim,36.223707173943055,True
77,fine_detail,jpeg_turbo,webp_m6,ms_ssim,26.296570925873297,True
78,fine_detail,jpeg_turbo,webp_m6,ms_ssim,22.375905887959256,True
79,fine_detail,jpeg_turbo,webp_m6,ms_ssim,23.642135434037105,True
80,fine_detail,jpeg_turbo,webp_m6,ms_ssim,9.355578682253407,True
81,fine_detail,jpeg_turbo,webp_m6,ms_ssim,11.940169041390746,True
82,fine_detail,jpeg_turbo,webp_m6,ms_ssim,14.232820853895634,True
83,fine_detail,jpeg_turbo,webp_m6,ms_ssim,42.70146551538237,True
84,fine_detail,jpeg_turbo,webp_m6,ms_ssim,34.22896736968602,True
85,fine_detail,jpeg_turbo,webp_m6,ms_ssim,33.02913822384532,True
86,fine_detail,jpeg_turbo,webp_m6,ms_ssim,35.16544430443216,True
87,fine_detail,jpeg_turbo,webp_m6,ms_ssim,29.423639748220243,True
88,fine_detail,jpeg_turbo,webp_m6,ms_ssim,44.27699287131499,True
89,fine_detail,jpeg_turbo,webp_m6,ms_ssim,28.028900035856672,True
90,fine_detail,jpeg_turbo,webp_m6,ms_ssim,43.071578252266775,True
91,text_sharp_edges,jpeg_turbo,webp_m6,ms_ssim,127.12370803048584,True
92,text_sharp_edges,jpeg_turbo,webp_m6,ms_ssim,22.7470752917325,True
93,text_sharp_edges,jpeg_turbo,webp_m6,ms_ssim,143.04565906900336,True
94,text_sharp_edges,jpeg_turbo,webp_m6,ms_ssim,39.8650415539326,True
95,text_sharp_edges,jpeg_turbo,webp_m6,ms_ssim,92.05441160422629,True
96,text_sharp_edges,jpeg_turbo,webp_m6,ms_ssim,24.689747516883997,True
97,text_sharp_edges,jpeg_turbo,webp_m6,ms_ssim,101.38887518128774,True
98,text_sharp_edges,jpeg_turbo,webp_m6,ms_ssim,101.48964474914112,True
99,text_sharp_edges,jpeg_turbo,webp_m6,ms_ssim,62.52492048422125,True
100,text_sharp_edges,jpeg_turbo,webp_m6,ms_ssim,149.02763872890873,True
101,text_sharp_edges,jpeg_turbo,webp_m6,ms_ssim,79.61284647867114,True
102,text_sharp_edges,jpeg_turbo,webp_m6,ms_ssim,37.835755804232065,True
103,text_sharp_edges,jpeg_turbo,webp_m6,ms_ssim,42.082613831295504,True
104,text_sharp_edges,jpeg_turbo,webp_m6,ms_ssim,47.774982185550165,True
105,text_sharp_edges,jpeg_turbo,webp_m6,ms_ssim,25.547648008957502,True
106,saturated_desaturated_colors,jpeg_turbo,webp_m6,ms_ssim,47.323404819112255,True
107,saturated_desaturated_colors,jpeg_turbo,webp_m6,ms_ssim,1.94793809124445,True
108,saturated_desaturated_colors,jpeg_turbo,webp_m6,ms_ssim,35.469659169237325,True
109,saturated_desaturated_colors,jpeg_turbo,webp_m6,ms_ssim,61.46742097552811,True
110,saturated_desaturated_colors,jpeg_turbo,webp_m6,ms_ssim,72.01401590303573,True
111,saturated_desaturated_colors,jpeg_turbo,webp_m6,ms_ssim,80.59982129271854,True
112,saturated_desaturated_colors,jpeg_turbo,webp_m6,ms_ssim,17.77754205204023,True
113,saturated_desaturated_colors,jpeg_turbo,webp_m6,ms_ssim,40.56167146134233,True
114,saturated_desaturated_colors,jpeg_turbo,webp_m6,ms_ssim,27.019109448324798,True
115,saturated_desaturated_colors,jpeg_turbo,webp_m6,ms_ssim,14.396765326847504,True
116,saturated_desaturated_colors,jpeg_turbo,webp_m6,ms_ssim,33.40840224219128,True
117,saturated_desaturated_colors,jpeg_turbo,webp_m6,ms_ssim,106.18077704048052,True
118,saturated_desaturated_colors,jpeg_turbo,webp_m6,ms_ssim,61.05054177211986,True
119,saturated_desaturated_colors,jpeg_turbo,webp_m6,ms_ssim,38.50725756201771,True
120,saturated_desaturated_colors,jpeg_turbo,webp_m6,ms_ssim,44.00737691090728,True
121,smooth_surfaces_gradients,jpeg_turbo,webp_m6,ms_ssim,30.5319646734699,True
122,urban_architecture,jpeg_turbo,webp_m6,ms_ssim,31.098235521343142,True
123,smooth_surfaces_gradients,jpeg_turbo,webp_m6,ms_ssim,40.908978090215165,True
124,urban_architecture,jpeg_turbo,webp_m6,ms_ssim,19.330719009161967,True
125,fine_detail,jpeg_turbo,webp_m6,ms_ssim,22.737637137456534,True
126,natural_landscapes,jpeg_turbo,webp_m6,ms_ssim,12.08408030101129,True
127,urban_architecture,jpeg_turbo,webp_m6,ms_ssim,13.967528882802238,True
128,text_sharp_edges,jpeg_turbo,webp_m6,ms_ssim,43.828156929281256,True
129,text_sharp_edges,jpeg_turbo,webp_m6,ms_ssim,22.731451417772107,True
130,natural_landscapes,jpeg_turbo,webp_m6,ms_ssim,8.635393373356436,True
1,historical_portraits,webp_m4,webp_m6,ms_ssim,4.69241600869168,True
2,historical_portraits,webp_m4,webp_m6,ms_ssim,2.501101956959806,True
3,historical_portraits,webp_m4,webp_m6,ms_ssim,3.438579311740231,True
4,historical_portraits,webp_m4,webp_m6,ms_ssim,6.332520151696208,True
5,historical_portraits,webp_m4,webp_m6,ms_ssim,5.657347517342992,True
6,historical_portraits,webp_m4,webp_m6,ms_ssim,4.349445598228452,True
7,historical_portraits,webp_m4,webp_m6,ms_ssim,4.550812606606303,True
8,historical_portraits,webp_m4,webp_m6,ms_ssim,3.183150646767774,True
9,historical_portraits,webp_m4,webp_m6,ms_ssim,4.188756259326665,True
10,historical_portraits,webp_m4,webp_m6,ms_ssim,3.196911477998543,True
11,historical_portraits,webp_m4,webp_m6,ms_ssim,5.463419946540893,True
12,historical_portraits,webp_m4,webp_m6,ms_ssim,2.575939705885588,True
13,historical_portraits,webp_m4,webp_m6,ms_ssim,5.581996265263278,True
14,historical_portraits,webp_m4,webp_m6,ms_ssim,7.018482639595125,True
15,historical_portraits,webp_m4,webp_m6,ms_ssim,2.04514744985842,True
16,natural_landscapes,webp_m4,webp_m6,ms_ssim,4.059145375537843,True
17,natural_landscapes,webp_m4,webp_m6,ms_ssim,4.307543406261738,True
18,natural_landscapes,webp_m4,webp_m6,ms_ssim,5.05439467040838,True
19,natural_landscapes,webp_m4,webp_m6,ms_ssim,4.11083875688254,True
20,natural_landscapes,webp_m4,webp_m6,ms_ssim,3.090090649112409,True
21,natural_landscapes,webp_m4,webp_m6,ms_ssim,4.572617265429413,True
22,natural_landscapes,webp_m4,webp_m6,ms_ssim,4.227258970882586,True
23,natural_landscapes,webp_m4,webp_m6,ms_ssim,1.6744791324537767,True
24,natural_landscapes,webp_m4,webp_m6,ms_ssim,4.279630513878252,True
25,natural_landscapes,webp_m4,webp_m6,ms_ssim,3.9164539665819564,True
26,natural_landscapes,webp_m4,webp_m6,ms_ssim,3.7577340087049382,True
27,natural_landscapes,webp_m4,webp_m6,ms_ssim,4.659648964957408,True
28,natural_landscapes,webp_m4,webp_m6,ms_ssim,2.938402765843584,True
29,natural_landscapes,webp_m4,webp_m6,ms_ssim,4.216445220547094,True
30,natural_landscapes,webp_m4,webp_m6,ms_ssim,3.2829002395305507,True
31,urban_architecture,webp_m4,webp_m6,ms_ssim,2.968237128202489,True
32,urban_architecture,webp_m4,webp_m6,ms_ssim,4.963693902498911,True
33,urban_architecture,webp_m4,webp_m6,ms_ssim,6.0294969288695155,True
34,urban_architecture,webp_m4,webp_m6,ms_ssim,5.297505699933547,True
35,urban_architecture,webp_m4,webp_m6,ms_ssim,3.226690799624232,True
36,urban_architecture,webp_m4,webp_m6,ms_ssim,2.9836153158089296,True
37,urban_architecture,webp_m4,webp_m6,ms_ssim,2.602203796069924,True
38,urban_architecture,webp_m4,webp_m6,ms_ssim,4.725001796020711,True
39,urban_architecture,webp_m4,webp_m6,ms_ssim,3.297454427651192,True
40,urban_architecture,webp_m4,webp_m6,ms_ssim,3.290269067586271,True
41,urban_architecture,webp_m4,webp_m6,ms_ssim,4.187597364122042,True
42,urban_architecture,webp_m4,webp_m6,ms_ssim,3.369209796858885,True
43,urban_architecture,webp_m4,webp_m6,ms_ssim,2.116529531713396,True
44,urban_architecture,webp_m4,webp_m6,ms_ssim,2.1905953939328926,True
45,urban_architecture,webp_m4,webp_m6,ms_ssim,4.342493923953272,True
46,high_frequency_textures,webp_m4,webp_m6,ms_ssim,5.062692586436657,True
47,high_frequency_textures,webp_m4,webp_m6,ms_ssim,2.534556437608604,True
48,high_frequency_textures,webp_m4,webp_m6,ms_ssim,4.64212811576985,True
49,high_frequency_textures,webp_m4,webp_m6,ms_ssim,4.831612578550515,True
50,high_frequency_textures,webp_m4,webp_m6,ms_ssim,5.078993490359074,True
51,high_frequency_textures,webp_m4,webp_m6,ms_ssim,3.8484460106825047,True
52,high_frequency_textures,webp_m4,webp_m6,ms_ssim,2.9389871460132833,True
53,high_frequency_textures,webp_m4,webp_m6,ms_ssim,3.581607415840393,True
54,high_frequency_textures,webp_m4,webp_m6,ms_ssim,3.0861341732902448,True
55,high_frequency_textures,webp_m4,webp_m6,ms_ssim,3.4353445372044877,True
56,high_frequency_textures,webp_m4,webp_m6,ms_ssim,4.641100864402814,True
57,high_frequency_textures,webp_m4,webp_m6,ms_ssim,6.703029284069739,True
58,high_frequency_textures,webp_m4,webp_m6,ms_ssim,2.9748737841475137,True
59,high_frequency_textures,webp_m4,webp_m6,ms_ssim,4.232638836391378,True
60,high_frequency_textures,webp_m4,webp_m6,ms_ssim,4.196421911534487,True
61,smooth_surfaces_gradients,webp_m4,webp_m6,ms_ssim,1.9283790424187153,True
62,smooth_surfaces_gradients,webp_m4,webp_m6,ms_ssim,2.206810118099689,True
63,smooth_surfaces_gradients,webp_m4,webp_m6,ms_ssim,3.9771350371081704,True
64,smooth_surfaces_gradients,webp_m4,webp_m6,ms_ssim,4.928368227314195,True
65,smooth_surfaces_gradients,webp_m4,webp_m6,ms_ssim,4.403653429499599,True
66,smooth_surfaces_gradients,webp_m4,webp_m6,ms_ssim,5.665296031694944,True
67,smooth_surfaces_gradients,webp_m4,webp_m6,ms_ssim,5.678413269090266,True
68,smooth_surfaces_gradients,webp_m4,webp_m6,ms_ssim,3.7245288976708313,True
69,smooth_surfaces_gradients,webp_m4,webp_m6,ms_ssim,4.898461775428098,True
70,smooth_surfaces_gradients,webp_m4,webp_m6,ms_ssim,4.443163902826708,True
71,smooth_surfaces_gradients,webp_m4,webp_m6,ms_ssim,4.039601635701051,True
72,smooth_surfaces_gradients,webp_m4,webp_m6,ms_ssim,3.6606262844934845,True
73,smooth_surfaces_gradients,webp_m4,webp_m6,ms_ssim,1.776842176868132,True
74,smooth_surfaces_gradients,webp_m4,webp_m6,ms_ssim,4.305846097471955,True
75,smooth_surfaces_gradients,webp_m4,webp_m6,ms_ssim,3.3458051085426987,True
76,fine_detail,webp_m4,webp_m6,ms_ssim,4.504783471230578,True
77,fine_detail,webp_m4,webp_m6,ms_ssim,4.458883664849567,True
78,fine_detail,webp_m4,webp_m6,ms_ssim,3.7030462792168706,True
79,fine_detail,webp_m4,webp_m6,ms_ssim,3.096276150513644,True
80,fine_detail,webp_m4,webp_m6,ms_ssim,4.498110672287758,True
81,fine_detail,webp_m4,webp_m6,ms_ssim,4.315241931200475,True
82,fine_detail,webp_m4,webp_m6,ms_ssim,4.400888466007857,True
83,fine_detail,webp_m4,webp_m6,ms_ssim,2.772473334872405,True
84,fine_detail,webp_m4,webp_m6,ms_ssim,3.791304649429894,True
85,fine_detail,webp_m4,webp_m6,ms_ssim,3.2058773029004284,True
86,fine_detail,webp_m4,webp_m6,ms_ssim,5.534276227370083,True
87,fine_detail,webp_m4,webp_m6,ms_ssim,3.1638898922644154,True
88,fine_detail,webp_m4,webp_m6,ms_ssim,2.4328976942810554,True
89,fine_detail,webp_m4,webp_m6,ms_ssim,4.836421327947726,True
90,fine_detail,webp_m4,webp_m6,ms_ssim,3.32493666639464,True
91,text_sharp_edges,webp_m4,webp_m6,ms_ssim,2.8315810239038397,True
92,text_sharp_edges,webp_m4,webp_m6,ms_ssim,5.319512858052922,True
93,text_sharp_edges,webp_m4,webp_m6,ms_ssim,3.238701777806585,True
94,text_sharp_edges,webp_m4,webp_m6,ms_ssim,3.2311511994306485,True
95,text_sharp_edges,webp_m4,webp_m6,ms_ssim,2.983759027331634,True
96,text_sharp_edges,webp_m4,webp_m6,ms_ssim,2.4520019860670317,True
97,text_sharp_edges,webp_m4,webp_m6,ms_ssim,2.054464170607173,True
98,text_sharp_edges,webp_m4,webp_m6,ms_ssim,3.614898491386831,True
99,text_sharp_edges,webp_m4,webp_m6,ms_ssim,0.24008759534690505,True
100,text_sharp_edges,webp_m4,webp_m6,ms_ssim,1.749354493664601,True
101,text_sharp_edges,webp_m4,webp_m6,ms_ssim,3.66758251702064,True
102,text_sharp_edges,webp_m4,webp_m6,ms_ssim,4.058298232462687,True
103,text_sharp_edges,webp_m4,webp_m6,ms_ssim,2.5301398130775477,True
104,text_sharp_edges,webp_m4,webp_m6,ms_ssim,3.445905119851145,True
105,text_sharp_edges,webp_m4,webp_m6,ms_ssim,3.048264929167055,True
106,saturated_desaturated_colors,webp_m4,webp_m6,ms_ssim,2.0419829615125007,True
107,saturated_desaturated_colors,webp_m4,webp_m6,ms_ssim,7.034537940020846,True
108,saturated_desaturated_colors,webp_m4,webp_m6,ms_ssim,3.693029900655298,True
109,saturated_desaturated_colors,webp_m4,webp_m6,ms_ssim,4.750824083460636,True
110,saturated_desaturated_colors,webp_m4,webp_m6,ms_ssim,5.264078368443892,True
111,saturated_desaturated_colors,webp_m4,webp_m6,ms_ssim,2.903340220015993,True
112,saturated_desaturated_colors,webp_m4,webp_m6,ms_ssim,4.1185637534975506,True
113,saturated_desaturated_colors,webp_m4,webp_m6,ms_ssim,2.0922005936488075,True
114,saturated_desaturated_colors,webp_m4,webp_m6,ms_ssim,4.030829967446903,True
115,saturated_desaturated_colors,webp_m4,webp_m6,ms_ssim,4.72418703261126,True
116,saturated_desaturated_colors,webp_m4,webp_m6,ms_ssim,4.118133044264427,True
117,saturated_desaturated_colors,webp_m4,webp_m6,ms_ssim,1.9065654349824657,True
118,saturated_desaturated_colors,webp_m4,webp_m6,ms_ssim,2.3558017042698554,True
119,saturated_desaturated_colors,webp_m4,webp_m6,ms_ssim,2.511431568166933,True
120,saturated_desaturated_colors,webp_m4,webp_m6,ms_ssim,1.8634326267165102,True
121,smooth_surfaces_gradients,webp_m4,webp_m6,ms_ssim,4.8483512379356775,True
122,urban_architecture,webp_m4,webp_m6,ms_ssim,3.9073277116053573,True
123,smooth_surfaces_gradients,webp_m4,webp_m6,ms_ssim,4.225802043334248,True
124,urban_architecture,webp_m4,webp_m6,ms_ssim,4.469245453775761,True
125,fine_detail,webp_m4,webp_m6,ms_ssim,2.664732389486857,True
126,natural_landscapes,webp_m4,webp_m6,ms_ssim,4.052171905664714,True
127,urban_architecture,webp_m4,webp_m6,ms_ssim,5.815499287987769,True
128,text_sharp_edges,webp_m4,webp_m6,ms_ssim,4.3716106695052215,True
129,text_sharp_edges,webp_m4,webp_m6,ms_ssim,1.988696456108019,True
130,natural_landscapes,webp_m4,webp_m6,ms_ssim,6.58820510085163,True
1,historical_portraits,webp_m6_historical,webp_m6,ms_ssim,0.0,True
2,historical_portraits,webp_m6_historical,webp_m6,ms_ssim,0.0,True
3,historical_portraits,webp_m6_historical,webp_m6,ms_ssim,0.0,True
4,historical_portraits,webp_m6_historical,webp_m6,ms_ssim,0.0,True
5,historical_portraits,webp_m6_historical,webp_m6,ms_ssim,0.0,True
6,historical_portraits,webp_m6_historical,webp_m6,ms_ssim,0.0,True
7,historical_portraits,webp_m6_historical,webp_m6,ms_ssim,0.0,True
8,historical_portraits,webp_m6_historical,webp_m6,ms_ssim,0.0,True
9,historical_portraits,webp_m6_historical,webp_m6,ms_ssim,0.0,True
10,historical_portraits,webp_m6_historical,webp_m6,ms_ssim,0.0,True
11,historical_portraits,webp_m6_historical,webp_m6,ms_ssim,0.0,True
12,historical_portraits,webp_m6_historical,webp_m6,ms_ssim,0.0,True
13,historical_portraits,webp_m6_historical,webp_m6,ms_ssim,0.0,True
14,historical_portraits,webp_m6_historical,webp_m6,ms_ssim,0.0,True
15,historical_portraits,webp_m6_historical,webp_m6,ms_ssim,0.0,True
16,natural_landscapes,webp_m6_historical,webp_m6,ms_ssim,0.0,True
17,natural_landscapes,webp_m6_historical,webp_m6,ms_ssim,0.0,True
18,natural_landscapes,webp_m6_historical,webp_m6,ms_ssim,0.0,True
19,natural_landscapes,webp_m6_historical,webp_m6,ms_ssim,0.0,True
20,natural_landscapes,webp_m6_historical,webp_m6,ms_ssim,0.0,True
21,natural_landscapes,webp_m6_historical,webp_m6,ms_ssim,0.0,True
22,natural_landscapes,webp_m6_historical,webp_m6,ms_ssim,0.0,True
23,natural_landscapes,webp_m6_historical,webp_m6,ms_ssim,0.0,True
24,natural_landscapes,webp_m6_historical,webp_m6,ms_ssim,0.0,True
25,natural_landscapes,webp_m6_historical,webp_m6,ms_ssim,0.0,True
26,natural_landscapes,webp_m6_historical,webp_m6,ms_ssim,0.0,True
27,natural_landscapes,webp_m6_historical,webp_m6,ms_ssim,0.0,True
28,natural_landscapes,webp_m6_historical,webp_m6,ms_ssim,0.0,True
29,natural_landscapes,webp_m6_historical,webp_m6,ms_ssim,0.0,True
30,natural_landscapes,webp_m6_historical,webp_m6,ms_ssim,0.0,True
31,urban_architecture,webp_m6_historical,webp_m6,ms_ssim,0.0,True
32,urban_architecture,webp_m6_historical,webp_m6,ms_ssim,0.0,True
33,urban_architecture,webp_m6_historical,webp_m6,ms_ssim,0.0,True
34,urban_architecture,webp_m6_historical,webp_m6,ms_ssim,0.0,True
35,urban_architecture,webp_m6_historical,webp_m6,ms_ssim,0.0,True
36,urban_architecture,webp_m6_historical,webp_m6,ms_ssim,0.0,True
37,urban_architecture,webp_m6_historical,webp_m6,ms_ssim,0.0,True
38,urban_architecture,webp_m6_historical,webp_m6,ms_ssim,0.0,True
39,urban_architecture,webp_m6_historical,webp_m6,ms_ssim,0.0,True
40,urban_architecture,webp_m6_historical,webp_m6,ms_ssim,0.0,True
41,urban_architecture,webp_m6_historical,webp_m6,ms_ssim,0.0,True
42,urban_architecture,webp_m6_historical,webp_m6,ms_ssim,0.0,True
43,urban_architecture,webp_m6_historical,webp_m6,ms_ssim,0.0,True
44,urban_architecture,webp_m6_historical,webp_m6,ms_ssim,0.0,True
45,urban_architecture,webp_m6_historical,webp_m6,ms_ssim,0.0,True
46,high_frequency_textures,webp_m6_historical,webp_m6,ms_ssim,0.0,True
47,high_frequency_textures,webp_m6_historical,webp_m6,ms_ssim,0.0,True
48,high_frequency_textures,webp_m6_historical,webp_m6,ms_ssim,0.0,True
49,high_frequency_textures,webp_m6_historical,webp_m6,ms_ssim,0.0,True
50,high_frequency_textures,webp_m6_historical,webp_m6,ms_ssim,0.0,True
51,high_frequency_textures,webp_m6_historical,webp_m6,ms_ssim,0.0,True
52,high_frequency_textures,webp_m6_historical,webp_m6,ms_ssim,0.0,True
53,high_frequency_textures,webp_m6_historical,webp_m6,ms_ssim,0.0,True
54,high_frequency_textures,webp_m6_historical,webp_m6,ms_ssim,0.0,True
55,high_frequency_textures,webp_m6_historical,webp_m6,ms_ssim,0.0,True
56,high_frequency_textures,webp_m6_historical,webp_m6,ms_ssim,0.0,True
57,high_frequency_textures,webp_m6_historical,webp_m6,ms_ssim,0.0,True
58,high_frequency_textures,webp_m6_historical,webp_m6,ms_ssim,0.0,True
59,high_frequency_textures,webp_m6_historical,webp_m6,ms_ssim,0.0,True
60,high_frequency_textures,webp_m6_historical,webp_m6,ms_ssim,0.0,True
61,smooth_surfaces_gradients,webp_m6_historical,webp_m6,ms_ssim,0.0,True
62,smooth_surfaces_gradients,webp_m6_historical,webp_m6,ms_ssim,0.0,True
63,smooth_surfaces_gradients,webp_m6_historical,webp_m6,ms_ssim,0.0,True
64,smooth_surfaces_gradients,webp_m6_historical,webp_m6,ms_ssim,0.0,True
65,smooth_surfaces_gradients,webp_m6_historical,webp_m6,ms_ssim,0.0,True
66,smooth_surfaces_gradients,webp_m6_historical,webp_m6,ms_ssim,0.0,True
67,smooth_surfaces_gradients,webp_m6_historical,webp_m6,ms_ssim,0.0,True
68,smooth_surfaces_gradients,webp_m6_historical,webp_m6,ms_ssim,0.0,True
69,smooth_surfaces_gradients,webp_m6_historical,webp_m6,ms_ssim,0.0,True
70,smooth_surfaces_gradients,webp_m6_historical,webp_m6,ms_ssim,0.0,True
71,smooth_surfaces_gradients,webp_m6_historical,webp_m6,ms_ssim,0.0,True
72,smooth_surfaces_gradients,webp_m6_historical,webp_m6,ms_ssim,0.0,True
73,smooth_surfaces_gradients,webp_m6_historical,webp_m6,ms_ssim,0.0,True
74,smooth_surfaces_gradients,webp_m6_historical,webp_m6,ms_ssim,0.0,True
75,smooth_surfaces_gradients,webp_m6_historical,webp_m6,ms_ssim,0.0,True
76,fine_detail,webp_m6_historical,webp_m6,ms_ssim,0.0,True
77,fine_detail,webp_m6_historical,webp_m6,ms_ssim,0.0,True
78,fine_detail,webp_m6_historical,webp_m6,ms_ssim,0.0,True
79,fine_detail,webp_m6_historical,webp_m6,ms_ssim,0.0,True
80,fine_detail,webp_m6_historical,webp_m6,ms_ssim,0.0,True
81,fine_detail,webp_m6_historical,webp_m6,ms_ssim,0.0,True
82,fine_detail,webp_m6_historical,webp_m6,ms_ssim,0.0,True
83,fine_detail,webp_m6_historical,webp_m6,ms_ssim,0.0,True
84,fine_detail,webp_m6_historical,webp_m6,ms_ssim,0.0,True
85,fine_detail,webp_m6_historical,webp_m6,ms_ssim,0.0,True
86,fine_detail,webp_m6_historical,webp_m6,ms_ssim,0.0,True
87,fine_detail,webp_m6_historical,webp_m6,ms_ssim,0.0,True
88,fine_detail,webp_m6_historical,webp_m6,ms_ssim,0.0,True
89,fine_detail,webp_m6_historical,webp_m6,ms_ssim,0.0,True
90,fine_detail,webp_m6_historical,webp_m6,ms_ssim,0.0,True
91,text_sharp_edges,webp_m6_historical,webp_m6,ms_ssim,0.0,True
92,text_sharp_edges,webp_m6_historical,webp_m6,ms_ssim,0.0,True
93,text_sharp_edges,webp_m6_historical,webp_m6,ms_ssim,0.0,True
94,text_sharp_edges,webp_m6_historical,webp_m6,ms_ssim,0.0,True
95,text_sharp_edges,webp_m6_historical,webp_m6,ms_ssim,0.0,True
96,text_sharp_edges,webp_m6_historical,webp_m6,ms_ssim,0.0,True
97,text_sharp_edges,webp_m6_historical,webp_m6,ms_ssim,0.0,True
98,text_sharp_edges,webp_m6_historical,webp_m6,ms_ssim,0.0,True
99,text_sharp_edges,webp_m6_historical,webp_m6,ms_ssim,0.0,True
100,text_sharp_edges,webp_m6_historical,webp_m6,ms_ssim,0.0,True
101,text_sharp_edges,webp_m6_historical,webp_m6,ms_ssim,0.0,True
102,text_sharp_edges,webp_m6_historical,webp_m6,ms_ssim,0.0,True
103,text_sharp_edges,webp_m6_historical,webp_m6,ms_ssim,0.0,True
104,text_sharp_edges,webp_m6_historical,webp_m6,ms_ssim,0.0,True
105,text_sharp_edges,webp_m6_historical,webp_m6,ms_ssim,0.0,True
106,saturated_desaturated_colors,webp_m6_historical,webp_m6,ms_ssim,0.0,True
107,saturated_desaturated_colors,webp_m6_historical,webp_m6,ms_ssim,0.0,True
108,saturated_desaturated_colors,webp_m6_historical,webp_m6,ms_ssim,0.0,True
109,saturated_desaturated_colors,webp_m6_historical,webp_m6,ms_ssim,0.0,True
110,saturated_desaturated_colors,webp_m6_historical,webp_m6,ms_ssim,0.0,True
111,saturated_desaturated_colors,webp_m6_historical,webp_m6,ms_ssim,0.0,True
112,saturated_desaturated_colors,webp_m6_historical,webp_m6,ms_ssim,0.0,True
113,saturated_desaturated_colors,webp_m6_historical,webp_m6,ms_ssim,0.0,True
114,saturated_desaturated_colors,webp_m6_historical,webp_m6,ms_ssim,0.0,True
115,saturated_desaturated_colors,webp_m6_historical,webp_m6,ms_ssim,0.0,True
116,saturated_desaturated_colors,webp_m6_historical,webp_m6,ms_ssim,0.0,True
117,saturated_desaturated_colors,webp_m6_historical,webp_m6,ms_ssim,0.0,True
118,saturated_desaturated_colors,webp_m6_historical,webp_m6,ms_ssim,0.0,True
119,saturated_desaturated_colors,webp_m6_historical,webp_m6,ms_ssim,0.0,True
120,saturated_desaturated_colors,webp_m6_historical,webp_m6,ms_ssim,0.0,True
121,smooth_surfaces_gradients,webp_m6_historical,webp_m6,ms_ssim,0.0,True
122,urban_architecture,webp_m6_historical,webp_m6,ms_ssim,0.0,True
123,smooth_surfaces_gradients,webp_m6_historical,webp_m6,ms_ssim,0.0,True
124,urban_architecture,webp_m6_historical,webp_m6,ms_ssim,0.0,True
125,fine_detail,webp_m6_historical,webp_m6,ms_ssim,0.0,True
126,natural_landscapes,webp_m6_historical,webp_m6,ms_ssim,0.0,True
127,urban_architecture,webp_m6_historical,webp_m6,ms_ssim,0.0,True
128,text_sharp_edges,webp_m6_historical,webp_m6,ms_ssim,0.0,True
129,text_sharp_edges,webp_m6_historical,webp_m6,ms_ssim,0.0,True
130,natural_landscapes,webp_m6_historical,webp_m6,ms_ssim,0.0,True
1,historical_portraits,jxl_e3,webp_m6,ms_ssim,-1.7230777320820234,True
2,historical_portraits,jxl_e3,webp_m6,ms_ssim,-2.3034576562646736,True
3,historical_portraits,jxl_e3,webp_m6,ms_ssim,-8.306590027938244,True
4,historical_portraits,jxl_e3,webp_m6,ms_ssim,-9.68887848961021,True
5,historical_portraits,jxl_e3,webp_m6,ms_ssim,-2.2138488244654475,True
6,historical_portraits,jxl_e3,webp_m6,ms_ssim,-2.6661941294682023,True
7,historical_portraits,jxl_e3,webp_m6,ms_ssim,-7.688193162214096,True
8,historical_portraits,jxl_e3,webp_m6,ms_ssim,-8.56840505645754,True
9,historical_portraits,jxl_e3,webp_m6,ms_ssim,1.1112947191053824,True
10,historical_portraits,jxl_e3,webp_m6,ms_ssim,-6.354408998936645,True
11,historical_portraits,jxl_e3,webp_m6,ms_ssim,6.164446845823357,True
12,historical_portraits,jxl_e3,webp_m6,ms_ssim,-4.649716412914562,True
13,historical_portraits,jxl_e3,webp_m6,ms_ssim,1.3066136800328643,True
14,historical_portraits,jxl_e3,webp_m6,ms_ssim,-10.480360569827695,True
15,historical_portraits,jxl_e3,webp_m6,ms_ssim,35.0510392331439,True
16,natural_landscapes,jxl_e3,webp_m6,ms_ssim,7.1418694446933495,True
17,natural_landscapes,jxl_e3,webp_m6,ms_ssim,-1.1866246168815264,True
18,natural_landscapes,jxl_e3,webp_m6,ms_ssim,-1.1908039271906312,True
19,natural_landscapes,jxl_e3,webp_m6,ms_ssim,-3.0779444519631105,True
20,natural_landscapes,jxl_e3,webp_m6,ms_ssim,2.0397981580154045,True
21,natural_landscapes,jxl_e3,webp_m6,ms_ssim,0.015330265695756573,True
22,natural_landscapes,jxl_e3,webp_m6,ms_ssim,-4.330434240860114,True
23,natural_landscapes,jxl_e3,webp_m6,ms_ssim,-0.5161260646503241,True
24,natural_landscapes,jxl_e3,webp_m6,ms_ssim,-4.53374862278878,True
25,natural_landscapes,jxl_e3,webp_m6,ms_ssim,-6.010839969389636,True
26,natural_landscapes,jxl_e3,webp_m6,ms_ssim,2.107504740998767,True
27,natural_landscapes,jxl_e3,webp_m6,ms_ssim,-0.038131156502996255,True
28,natural_landscapes,jxl_e3,webp_m6,ms_ssim,3.8853522751252534,True
29,natural_landscapes,jxl_e3,webp_m6,ms_ssim,-0.4579927192307598,True
30,natural_landscapes,jxl_e3,webp_m6,ms_ssim,5.905950177825048,True
31,urban_architecture,jxl_e3,webp_m6,ms_ssim,16.88893694389153,True
32,urban_architecture,jxl_e3,webp_m6,ms_ssim,-0.2908304335798251,True
33,urban_architecture,jxl_e3,webp_m6,ms_ssim,-0.7534914980882879,True
34,urban_architecture,jxl_e3,webp_m6,ms_ssim,24.265133707232756,True
35,urban_architecture,jxl_e3,webp_m6,ms_ssim,5.661739421906087,True
36,urban_architecture,jxl_e3,webp_m6,ms_ssim,12.666871912704236,True
37,urban_architecture,jxl_e3,webp_m6,ms_ssim,-1.3953266128093111,True
38,urban_architecture,jxl_e3,webp_m6,ms_ssim,4.608233017187158,True
39,urban_architecture,jxl_e3,webp_m6,ms_ssim,-4.343441339712884,True
40,urban_architecture,jxl_e3,webp_m6,ms_ssim,1.622159649315047,True
41,urban_architecture,jxl_e3,webp_m6,ms_ssim,13.846707165256756,True
42,urban_architecture,jxl_e3,webp_m6,ms_ssim,6.057516210585634,True
43,urban_architecture,jxl_e3,webp_m6,ms_ssim,8.726502401297331,True
44,urban_architecture,jxl_e3,webp_m6,ms_ssim,0.2476422451521021,True
45,urban_architecture,jxl_e3,webp_m6,ms_ssim,-0.6269677342412572,True
46,high_frequency_textures,jxl_e3,webp_m6,ms_ssim,-6.808549908063311,True
47,high_frequency_textures,jxl_e3,webp_m6,ms_ssim,-0.2165616698719619,True
48,high_frequency_textures,jxl_e3,webp_m6,ms_ssim,-3.3966570435737142,True
49,high_frequency_textures,jxl_e3,webp_m6,ms_ssim,-8.24352644524896,True
50,high_frequency_textures,jxl_e3,webp_m6,ms_ssim,-11.16931660555105,True
51,high_frequency_textures,jxl_e3,webp_m6,ms_ssim,-18.150340525058773,True
52,high_frequency_textures,jxl_e3,webp_m6,ms_ssim,-12.123295481333663,True
53,high_frequency_textures,jxl_e3,webp_m6,ms_ssim,-8.309956946307185,True
54,high_frequency_textures,jxl_e3,webp_m6,ms_ssim,-11.523048392725688,True
55,high_frequency_textures,jxl_e3,webp_m6,ms_ssim,-13.494150673491589,True
56,high_frequency_textures,jxl_e3,webp_m6,ms_ssim,-17.761841814328704,True
57,high_frequency_textures,jxl_e3,webp_m6,ms_ssim,-14.43320872881384,True
58,high_frequency_textures,jxl_e3,webp_m6,ms_ssim,11.655679839901545,True
59,high_frequency_textures,jxl_e3,webp_m6,ms_ssim,21.51128360453429,True
60,high_frequency_textures,jxl_e3,webp_m6,ms_ssim,20.36073873268336,True
61,smooth_surfaces_gradients,jxl_e3,webp_m6,ms_ssim,-2.989925559079043,True
62,smooth_surfaces_gradients,jxl_e3,webp_m6,ms_ssim,-7.792623340600535,True
63,smooth_surfaces_gradients,jxl_e3,webp_m6,ms_ssim,3.5593465034130745,True
64,smooth_surfaces_gradients,jxl_e3,webp_m6,ms_ssim,31.03487907131659,True
65,smooth_surfaces_gradients,jxl_e3,webp_m6,ms_ssim,-6.6023666864989945,True
66,smooth_surfaces_gradients,jxl_e3,webp_m6,ms_ssim,-9.241119087422922,True
67,smooth_surfaces_gradients,jxl_e3,webp_m6,ms_ssim,-11.32574144133287,True
68,smooth_surfaces_gradients,jxl_e3,webp_m6,ms_ssim,-7.554435807560134,True
69,smooth_surfaces_gradients,jxl_e3,webp_m6,ms_ssim,-14.620274237163411,True
70,smooth_surfaces_gradients,jxl_e3,webp_m6,ms_ssim,-15.206446110550619,True
71,smooth_surfaces_gradients,jxl_e3,webp_m6,ms_ssim,114.1850295941873,True
72,smooth_surfaces_gradients,jxl_e3,webp_m6,ms_ssim,-5.566998739564677,True
73,smooth_surfaces_gradients,jxl_e3,webp_m6,ms_ssim,16.052372140748616,True
74,smooth_surfaces_gradients,jxl_e3,webp_m6,ms_ssim,0.1056049645454138,True
75,smooth_surfaces_gradients,jxl_e3,webp_m6,ms_ssim,-4.949559362396139,True
76,fine_detail,jxl_e3,webp_m6,ms_ssim,54.06235168539251,True
77,fine_detail,jxl_e3,webp_m6,ms_ssim,14.429738900298062,True
78,fine_detail,jxl_e3,webp_m6,ms_ssim,11.544544359341247,True
79,fine_detail,jxl_e3,webp_m6,ms_ssim,12.555697249920916,True
80,fine_detail,jxl_e3,webp_m6,ms_ssim,-5.927339675764465,True
81,fine_detail,jxl_e3,webp_m6,ms_ssim,-3.519888200825805,True
82,fine_detail,jxl_e3,webp_m6,ms_ssim,-4.621212857616364,True
83,fine_detail,jxl_e3,webp_m6,ms_ssim,18.816515468545592,True
84,fine_detail,jxl_e3,webp_m6,ms_ssim,-14.264099660199726,True
85,fine_detail,jxl_e3,webp_m6,ms_ssim,12.322161355322248,True
86,fine_detail,jxl_e3,webp_m6,ms_ssim,-20.812743047101957,True
87,fine_detail,jxl_e3,webp_m6,ms_ssim,22.580216935125065,True
88,fine_detail,jxl_e3,webp_m6,ms_ssim,270.9467805657548,True
89,fine_detail,jxl_e3,webp_m6,ms_ssim,21.51131941144191,True
90,fine_detail,jxl_e3,webp_m6,ms_ssim,23.753068514362162,True
91,text_sharp_edges,jxl_e3,webp_m6,ms_ssim,57.4100686027051,True
92,text_sharp_edges,jxl_e3,webp_m6,ms_ssim,1.5631686958296642,True
93,text_sharp_edges,jxl_e3,webp_m6,ms_ssim,211.7124415058409,True
94,text_sharp_edges,jxl_e3,webp_m6,ms_ssim,3.0750163451819024,True
95,text_sharp_edges,jxl_e3,webp_m6,ms_ssim,49.764299511303236,True
96,text_sharp_edges,jxl_e3,webp_m6,ms_ssim,0.9091163826319137,True
97,text_sharp_edges,jxl_e3,webp_m6,ms_ssim,52.034951599244586,True
98,text_sharp_edges,jxl_e3,webp_m6,ms_ssim,22.467180265875463,True
99,text_sharp_edges,jxl_e3,webp_m6,ms_ssim,46.66122911025084,True
100,text_sharp_edges,jxl_e3,webp_m6,ms_ssim,71.51463823905519,True
101,text_sharp_edges,jxl_e3,webp_m6,ms_ssim,-6.5454122719457715,True
102,text_sharp_edges,jxl_e3,webp_m6,ms_ssim,16.312244757923523,True
103,text_sharp_edges,jxl_e3,webp_m6,ms_ssim,15.298370997531707,True
104,text_sharp_edges,jxl_e3,webp_m6,ms_ssim,12.439851226007438,True
105,text_sharp_edges,jxl_e3,webp_m6,ms_ssim,-0.543721990811108,True
106,saturated_desaturated_colors,jxl_e3,webp_m6,ms_ssim,36.847835258744624,True
107,saturated_desaturated_colors,jxl_e3,webp_m6,ms_ssim,3.8427521361717565,True
108,saturated_desaturated_colors,jxl_e3,webp_m6,ms_ssim,13.39324476945234,True
109,saturated_desaturated_colors,jxl_e3,webp_m6,ms_ssim,5.427983222498689,True
110,saturated_desaturated_colors,jxl_e3,webp_m6,ms_ssim,79.42524003809591,True
111,saturated_desaturated_colors,jxl_e3,webp_m6,ms_ssim,24.864864159861067,True
112,saturated_desaturated_colors,jxl_e3,webp_m6,ms_ssim,4.687022249472617,True
113,saturated_desaturated_colors,jxl_e3,webp_m6,ms_ssim,9.349603656298132,True
114,saturated_desaturated_colors,jxl_e3,webp_m6,ms_ssim,-5.518805010938033,True
115,saturated_desaturated_colors,jxl_e3,webp_m6,ms_ssim,-6.0008016718163475,True
116,saturated_desaturated_colors,jxl_e3,webp_m6,ms_ssim,-4.158796522564301,True
117,saturated_desaturated_colors,jxl_e3,webp_m6,ms_ssim,12.565953838769438,True
118,saturated_desaturated_colors,jxl_e3,webp_m6,ms_ssim,91.14614112524147,True
119,saturated_desaturated_colors,jxl_e3,webp_m6,ms_ssim,61.13612370934658,True
120,saturated_desaturated_colors,jxl_e3,webp_m6,ms_ssim,7.897931314518947,True
121,smooth_surfaces_gradients,jxl_e3,webp_m6,ms_ssim,3.5790023159384843,True
122,urban_architecture,jxl_e3,webp_m6,ms_ssim,7.148563216363146,True
123,smooth_surfaces_gradients,jxl_e3,webp_m6,ms_ssim,-7.7693800158290305,True
124,urban_architecture,jxl_e3,webp_m6,ms_ssim,-1.5080113875847179,True
125,fine_detail,jxl_e3,webp_m6,ms_ssim,8.394279046813935,True
126,natural_landscapes,jxl_e3,webp_m6,ms_ssim,-7.090537928332807,True
127,urban_architecture,jxl_e3,webp_m6,ms_ssim,-4.986010332784008,True
128,text_sharp_edges,jxl_e3,webp_m6,ms_ssim,30.52715485331341,True
129,text_sharp_edges,jxl_e3,webp_m6,ms_ssim,-3.023887112775492,True
130,natural_landscapes,jxl_e3,webp_m6,ms_ssim,-9.778437791278982,True
1,historical_portraits,jxl_e7,webp_m6,ms_ssim,-3.1595392081753326,True
2,historical_portraits,jxl_e7,webp_m6,ms_ssim,-13.430307868047064,True
3,historical_portraits,jxl_e7,webp_m6,ms_ssim,-18.546828119057544,True
4,historical_portraits,jxl_e7,webp_m6,ms_ssim,-10.157726203066508,True
5,historical_portraits,jxl_e7,webp_m6,ms_ssim,-5.019115408718111,True
6,historical_portraits,jxl_e7,webp_m6,ms_ssim,-11.199996560837688,True
7,historical_portraits,jxl_e7,webp_m6,ms_ssim,-1.8658056097635711,True
8,historical_portraits,jxl_e7,webp_m6,ms_ssim,-7.857782004662351,True
9,historical_portraits,jxl_e7,webp_m6,ms_ssim,-3.086066276098043,True
10,historical_portraits,jxl_e7,webp_m6,ms_ssim,-23.165106959559758,True
11,historical_portraits,jxl_e7,webp_m6,ms_ssim,1.7184732400251201,True
12,historical_portraits,jxl_e7,webp_m6,ms_ssim,-14.88400540990018,True
13,historical_portraits,jxl_e7,webp_m6,ms_ssim,0.8931271609230906,True
14,historical_portraits,jxl_e7,webp_m6,ms_ssim,-11.456411384849275,True
15,historical_portraits,jxl_e7,webp_m6,ms_ssim,10.228051042533126,True
16,natural_landscapes,jxl_e7,webp_m6,ms_ssim,2.48776724016615,True
17,natural_landscapes,jxl_e7,webp_m6,ms_ssim,-11.843387795274262,True
18,natural_landscapes,jxl_e7,webp_m6,ms_ssim,-6.717972840613928,True
19,natural_landscapes,jxl_e7,webp_m6,ms_ssim,-6.058956034859553,True
20,natural_landscapes,jxl_e7,webp_m6,ms_ssim,-4.5592227484510195,True
21,natural_landscapes,jxl_e7,webp_m6,ms_ssim,-2.448778536739049,True
22,natural_landscapes,jxl_e7,webp_m6,ms_ssim,-4.359164808412796,True
23,natural_landscapes,jxl_e7,webp_m6,ms_ssim,-8.681696488559798,True
24,natural_landscapes,jxl_e7,webp_m6,ms_ssim,-5.492764106796222,True
25,natural_landscapes,jxl_e7,webp_m6,ms_ssim,-13.89897981330488,True
26,natural_landscapes,jxl_e7,webp_m6,ms_ssim,17.026871469604398,True
27,natural_landscapes,jxl_e7,webp_m6,ms_ssim,2.1905513938720977,True
28,natural_landscapes,jxl_e7,webp_m6,ms_ssim,-2.9392340599512123,True
29,natural_landscapes,jxl_e7,webp_m6,ms_ssim,-5.284752797127257,True
30,natural_landscapes,jxl_e7,webp_m6,ms_ssim,-9.209944403598303,True
31,urban_architecture,jxl_e7,webp_m6,ms_ssim,11.03244195461308,True
32,urban_architecture,jxl_e7,webp_m6,ms_ssim,-5.746743925466269,True
33,urban_architecture,jxl_e7,webp_m6,ms_ssim,5.521103402791949,True
34,urban_architecture,jxl_e7,webp_m6,ms_ssim,51.5908756529887,True
35,urban_architecture,jxl_e7,webp_m6,ms_ssim,4.199326220680777,True
36,urban_architecture,jxl_e7,webp_m6,ms_ssim,5.973027356158922,True
37,urban_architecture,jxl_e7,webp_m6,ms_ssim,-2.6606347608088665,True
38,urban_architecture,jxl_e7,webp_m6,ms_ssim,2.3032218521472636,True
39,urban_architecture,jxl_e7,webp_m6,ms_ssim,-1.104753705261452,True
40,urban_architecture,jxl_e7,webp_m6,ms_ssim,2.0846031291766653,True
41,urban_architecture,jxl_e7,webp_m6,ms_ssim,9.85380634393489,True
42,urban_architecture,jxl_e7,webp_m6,ms_ssim,2.9876673298910417,True
43,urban_architecture,jxl_e7,webp_m6,ms_ssim,-8.743286749277402,True
44,urban_architecture,jxl_e7,webp_m6,ms_ssim,9.224753024795307,True
45,urban_architecture,jxl_e7,webp_m6,ms_ssim,1.957704259104287,True
46,high_frequency_textures,jxl_e7,webp_m6,ms_ssim,8.30223433315842,True
47,high_frequency_textures,jxl_e7,webp_m6,ms_ssim,-0.13499072780004395,True
48,high_frequency_textures,jxl_e7,webp_m6,ms_ssim,-0.8981606584302249,True
49,high_frequency_textures,jxl_e7,webp_m6,ms_ssim,-14.952987853448485,True
50,high_frequency_textures,jxl_e7,webp_m6,ms_ssim,-39.82529081555547,True
51,high_frequency_textures,jxl_e7,webp_m6,ms_ssim,-12.898160135149794,True
52,high_frequency_textures,jxl_e7,webp_m6,ms_ssim,-2.6843975040743318,True
53,high_frequency_textures,jxl_e7,webp_m6,ms_ssim,-3.4645983120028645,True
54,high_frequency_textures,jxl_e7,webp_m6,ms_ssim,-4.851857481843325,True
55,high_frequency_textures,jxl_e7,webp_m6,ms_ssim,-15.406315640020008,True
56,high_frequency_textures,jxl_e7,webp_m6,ms_ssim,-12.432849637738785,True
57,high_frequency_textures,jxl_e7,webp_m6,ms_ssim,-20.38086606615486,True
58,high_frequency_textures,jxl_e7,webp_m6,ms_ssim,15.162414815976689,True
59,high_frequency_textures,jxl_e7,webp_m6,ms_ssim,9.013496620721483,True
60,high_frequency_textures,jxl_e7,webp_m6,ms_ssim,18.241180480330478,True
61,smooth_surfaces_gradients,jxl_e7,webp_m6,ms_ssim,-8.220199975816033,True
62,smooth_surfaces_gradients,jxl_e7,webp_m6,ms_ssim,-13.777296016392759,True
63,smooth_surfaces_gradients,jxl_e7,webp_m6,ms_ssim,-8.313970207066868,True
64,smooth_surfaces_gradients,jxl_e7,webp_m6,ms_ssim,19.176317605844105,True
65,smooth_surfaces_gradients,jxl_e7,webp_m6,ms_ssim,-24.910976844688825,True
66,smooth_surfaces_gradients,jxl_e7,webp_m6,ms_ssim,-8.682050190779577,True
67,smooth_surfaces_gradients,jxl_e7,webp_m6,ms_ssim,-22.33880241660353,True
68,smooth_surfaces_gradients,jxl_e7,webp_m6,ms_ssim,-2.4014315002329867,True
69,smooth_surfaces_gradients,jxl_e7,webp_m6,ms_ssim,-19.70390449539614,True
70,smooth_surfaces_gradients,jxl_e7,webp_m6,ms_ssim,-19.776654488064903,True
71,smooth_surfaces_gradients,jxl_e7,webp_m6,ms_ssim,75.87333425315603,True
72,smooth_surfaces_gradients,jxl_e7,webp_m6,ms_ssim,-2.55474563300061,True
73,smooth_surfaces_gradients,jxl_e7,webp_m6,ms_ssim,-18.753356948228816,True
74,smooth_surfaces_gradients,jxl_e7,webp_m6,ms_ssim,-4.4623873329635355,True
75,smooth_surfaces_gradients,jxl_e7,webp_m6,ms_ssim,-35.13129402178197,True
76,fine_detail,jxl_e7,webp_m6,ms_ssim,21.50688685645821,True
77,fine_detail,jxl_e7,webp_m6,ms_ssim,26.56814645094443,True
78,fine_detail,jxl_e7,webp_m6,ms_ssim,17.08108399007582,True
79,fine_detail,jxl_e7,webp_m6,ms_ssim,22.386497031937868,True
80,fine_detail,jxl_e7,webp_m6,ms_ssim,-9.512602010937176,True
81,fine_detail,jxl_e7,webp_m6,ms_ssim,-3.144315224764671,True
82,fine_detail,jxl_e7,webp_m6,ms_ssim,-15.783740318806128,True
83,fine_detail,jxl_e7,webp_m6,ms_ssim,18.767860277086612,True
84,fine_detail,jxl_e7,webp_m6,ms_ssim,-1.9797155090844565,True
85,fine_detail,jxl_e7,webp_m6,ms_ssim,27.191220279555782,True
86,fine_detail,jxl_e7,webp_m6,ms_ssim,-13.080597427190243,True
87,fine_detail,jxl_e7,webp_m6,ms_ssim,24.955365274443174,True
88,fine_detail,jxl_e7,webp_m6,ms_ssim,42.717396088491455,True
89,fine_detail,jxl_e7,webp_m6,ms_ssim,39.194780589856705,True
90,fine_detail,jxl_e7,webp_m6,ms_ssim,9.76501614338494,True
91,text_sharp_edges,jxl_e7,webp_m6,ms_ssim,32.85517786319798,True
92,text_sharp_edges,jxl_e7,webp_m6,ms_ssim,2.4447303897233486,True
93,text_sharp_edges,jxl_e7,webp_m6,ms_ssim,188.46920703394346,True
94,text_sharp_edges,jxl_e7,webp_m6,ms_ssim,-2.5443875266833893,True
95,text_sharp_edges,jxl_e7,webp_m6,ms_ssim,17.62492935415967,True
96,text_sharp_edges,jxl_e7,webp_m6,ms_ssim,11.11985289500954,True
97,text_sharp_edges,jxl_e7,webp_m6,ms_ssim,17.93179146947894,True
98,text_sharp_edges,jxl_e7,webp_m6,ms_ssim,18.97118570930132,True
99,text_sharp_edges,jxl_e7,webp_m6,ms_ssim,24.001566044736002,True
100,text_sharp_edges,jxl_e7,webp_m6,ms_ssim,35.42536542138497,True
101,text_sharp_edges,jxl_e7,webp_m6,ms_ssim,-13.732771991496694,True
102,text_sharp_edges,jxl_e7,webp_m6,ms_ssim,4.21827318176955,True
103,text_sharp_edges,jxl_e7,webp_m6,ms_ssim,-5.743930365383198,True
104,text_sharp_edges,jxl_e7,webp_m6,ms_ssim,-4.0447960237111396,True
105,text_sharp_edges,jxl_e7,webp_m6,ms_ssim,-2.229468163778081,True
106,saturated_desaturated_colors,jxl_e7,webp_m6,ms_ssim,31.107375664860683,True
107,saturated_desaturated_colors,jxl_e7,webp_m6,ms_ssim,0.8938886828177228,True
108,saturated_desaturated_colors,jxl_e7,webp_m6,ms_ssim,15.363795925422853,True
109,saturated_desaturated_colors,jxl_e7,webp_m6,ms_ssim,-2.8892317148303426,True
110,saturated_desaturated_colors,jxl_e7,webp_m6,ms_ssim,23.184181205479646,True
111,saturated_desaturated_colors,jxl_e7,webp_m6,ms_ssim,20.357187006890463,True
112,saturated_desaturated_colors,jxl_e7,webp_m6,ms_ssim,-1.7843208744380723,True
113,saturated_desaturated_colors,jxl_e7,webp_m6,ms_ssim,1.7933330891802823,True
114,saturated_desaturated_colors,jxl_e7,webp_m6,ms_ssim,0.1542997000548052,True
115,saturated_desaturated_colors,jxl_e7,webp_m6,ms_ssim,-9.961930232812477,True
116,saturated_desaturated_colors,jxl_e7,webp_m6,ms_ssim,-5.131338261865315,True
117,saturated_desaturated_colors,jxl_e7,webp_m6,ms_ssim,-4.0842836487756,True
118,saturated_desaturated_colors,jxl_e7,webp_m6,ms_ssim,91.66582392472473,True
119,saturated_desaturated_colors,jxl_e7,webp_m6,ms_ssim,55.56010505565163,True
120,saturated_desaturated_colors,jxl_e7,webp_m6,ms_ssim,-1.9031296710165901,True
121,smooth_surfaces_gradients,jxl_e7,webp_m6,ms_ssim,-10.435427020779475,True
122,urban_architecture,jxl_e7,webp_m6,ms_ssim,1.3495906663303359,True
123,smooth_surfaces_gradients,jxl_e7,webp_m6,ms_ssim,-18.233780935028232,True
124,urban_architecture,jxl_e7,webp_m6,ms_ssim,-5.605139005407455,True
125,fine_detail,jxl_e7,webp_m6,ms_ssim,-2.173635486595993,True
126,natural_landscapes,jxl_e7,webp_m6,ms_ssim,-17.644103220006592,True
127,urban_architecture,jxl_e7,webp_m6,ms_ssim,-3.7247595062829375,True
128,text_sharp_edges,jxl_e7,webp_m6,ms_ssim,18.85173896872685,True
129,text_sharp_edges,jxl_e7,webp_m6,ms_ssim,2.8456799885440365,True
130,natural_landscapes,jxl_e7,webp_m6,ms_ssim,-12.034101885657911,True
1,historical_portraits,n148i_v2,n148i_v1,ms_ssim,-14.466588655184731,True
2,historical_portraits,n148i_v2,n148i_v1,ms_ssim,-25.730996167006882,True
3,historical_portraits,n148i_v2,n148i_v1,ms_ssim,-13.133328436192937,True
4,historical_portraits,n148i_v2,n148i_v1,ms_ssim,-13.316202395804522,True
5,historical_portraits,n148i_v2,n148i_v1,ms_ssim,-19.222057578643216,True
6,historical_portraits,n148i_v2,n148i_v1,ms_ssim,-19.092474860617735,True
7,historical_portraits,n148i_v2,n148i_v1,ms_ssim,-27.108508583269398,True
8,historical_portraits,n148i_v2,n148i_v1,ms_ssim,-22.913720099357704,True
9,historical_portraits,n148i_v2,n148i_v1,ms_ssim,-21.753438944768522,True
10,historical_portraits,n148i_v2,n148i_v1,ms_ssim,-18.015522714290398,True
11,historical_portraits,n148i_v2,n148i_v1,ms_ssim,-20.48672008735779,True
12,historical_portraits,n148i_v2,n148i_v1,ms_ssim,-40.42135006056018,True
13,historical_portraits,n148i_v2,n148i_v1,ms_ssim,-16.037731305458557,True
14,historical_portraits,n148i_v2,n148i_v1,ms_ssim,-26.9040483358448,True
15,historical_portraits,n148i_v2,n148i_v1,ms_ssim,-36.55607050859126,True
16,natural_landscapes,n148i_v2,n148i_v1,ms_ssim,-10.621992631811262,True
17,natural_landscapes,n148i_v2,n148i_v1,ms_ssim,-13.4987293709937,True
18,natural_landscapes,n148i_v2,n148i_v1,ms_ssim,-10.431044327028328,True
19,natural_landscapes,n148i_v2,n148i_v1,ms_ssim,-9.929542878575903,True
20,natural_landscapes,n148i_v2,n148i_v1,ms_ssim,-10.989894880823625,True
21,natural_landscapes,n148i_v2,n148i_v1,ms_ssim,-12.591338164027977,True
22,natural_landscapes,n148i_v2,n148i_v1,ms_ssim,-15.628173066714412,True
23,natural_landscapes,n148i_v2,n148i_v1,ms_ssim,-19.149777247461984,True
24,natural_landscapes,n148i_v2,n148i_v1,ms_ssim,-12.299692717883094,True
25,natural_landscapes,n148i_v2,n148i_v1,ms_ssim,-22.348464656200274,True
26,natural_landscapes,n148i_v2,n148i_v1,ms_ssim,-14.362513298926194,True
27,natural_landscapes,n148i_v2,n148i_v1,ms_ssim,-11.394911345671833,True
28,natural_landscapes,n148i_v2,n148i_v1,ms_ssim,-29.53709202948176,True
29,natural_landscapes,n148i_v2,n148i_v1,ms_ssim,-9.932108704776487,True
30,natural_landscapes,n148i_v2,n148i_v1,ms_ssim,-19.711978838570545,True
31,urban_architecture,n148i_v2,n148i_v1,ms_ssim,-19.20577933018045,True
32,urban_architecture,n148i_v2,n148i_v1,ms_ssim,-8.508975126375539,True
33,urban_architecture,n148i_v2,n148i_v1,ms_ssim,-14.297249668055178,True
34,urban_architecture,n148i_v2,n148i_v1,ms_ssim,-23.45494447512282,True
35,urban_architecture,n148i_v2,n148i_v1,ms_ssim,-23.599839859205208,True
36,urban_architecture,n148i_v2,n148i_v1,ms_ssim,-21.513303449259148,True
37,urban_architecture,n148i_v2,n148i_v1,ms_ssim,-28.26303801891318,True
38,urban_architecture,n148i_v2,n148i_v1,ms_ssim,-18.91465355794667,True
39,urban_architecture,n148i_v2,n148i_v1,ms_ssim,-18.69772545212973,True
40,urban_architecture,n148i_v2,n148i_v1,ms_ssim,-13.810522084017995,True
41,urban_architecture,n148i_v2,n148i_v1,ms_ssim,-23.892118560678067,True
42,urban_architecture,n148i_v2,n148i_v1,ms_ssim,-21.468035428354337,True
43,urban_architecture,n148i_v2,n148i_v1,ms_ssim,-32.995878687345225,True
44,urban_architecture,n148i_v2,n148i_v1,ms_ssim,-18.70100744851201,True
45,urban_architecture,n148i_v2,n148i_v1,ms_ssim,-18.244132746777485,True
46,high_frequency_textures,n148i_v2,n148i_v1,ms_ssim,-9.990390021097639,True
47,high_frequency_textures,n148i_v2,n148i_v1,ms_ssim,-12.50645435419575,True
48,high_frequency_textures,n148i_v2,n148i_v1,ms_ssim,-10.249817734154776,True
49,high_frequency_textures,n148i_v2,n148i_v1,ms_ssim,-10.833920275861608,True
50,high_frequency_textures,n148i_v2,n148i_v1,ms_ssim,-19.826004783585592,True
51,high_frequency_textures,n148i_v2,n148i_v1,ms_ssim,-8.784439568305736,True
52,high_frequency_textures,n148i_v2,n148i_v1,ms_ssim,-17.524587423398298,True
53,high_frequency_textures,n148i_v2,n148i_v1,ms_ssim,-16.63508969566829,True
54,high_frequency_textures,n148i_v2,n148i_v1,ms_ssim,-15.353876242813126,True
55,high_frequency_textures,n148i_v2,n148i_v1,ms_ssim,-21.264566945068896,True
56,high_frequency_textures,n148i_v2,n148i_v1,ms_ssim,-11.749782662564446,True
57,high_frequency_textures,n148i_v2,n148i_v1,ms_ssim,-14.01898361282824,True
58,high_frequency_textures,n148i_v2,n148i_v1,ms_ssim,-15.80981752136561,True
59,high_frequency_textures,n148i_v2,n148i_v1,ms_ssim,-20.50078014660427,True
60,high_frequency_textures,n148i_v2,n148i_v1,ms_ssim,-19.595881789675808,True
61,smooth_surfaces_gradients,n148i_v2,n148i_v1,ms_ssim,-27.618951342134146,True
62,smooth_surfaces_gradients,n148i_v2,n148i_v1,ms_ssim,-33.8531611442222,True
63,smooth_surfaces_gradients,n148i_v2,n148i_v1,ms_ssim,-29.416230623961447,True
64,smooth_surfaces_gradients,n148i_v2,n148i_v1,ms_ssim,-18.253929930743418,True
65,smooth_surfaces_gradients,n148i_v2,n148i_v1,ms_ssim,-17.645162058533835,True
66,smooth_surfaces_gradients,n148i_v2,n148i_v1,ms_ssim,-11.743474282865197,True
67,smooth_surfaces_gradients,n148i_v2,n148i_v1,ms_ssim,-13.076592386817698,True
68,smooth_surfaces_gradients,n148i_v2,n148i_v1,ms_ssim,-19.243828087256542,True
69,smooth_surfaces_gradients,n148i_v2,n148i_v1,ms_ssim,-18.138799128006134,True
70,smooth_surfaces_gradients,n148i_v2,n148i_v1,ms_ssim,-19.81307901623971,True
71,smooth_surfaces_gradients,n148i_v2,n148i_v1,ms_ssim,-35.83862952028547,True
72,smooth_surfaces_gradients,n148i_v2,n148i_v1,ms_ssim,-9.10163471220008,True
73,smooth_surfaces_gradients,n148i_v2,n148i_v1,ms_ssim,-56.95237501767607,True
74,smooth_surfaces_gradients,n148i_v2,n148i_v1,ms_ssim,-34.39029636803787,True
75,smooth_surfaces_gradients,n148i_v2,n148i_v1,ms_ssim,-35.32159442608263,True
76,fine_detail,n148i_v2,n148i_v1,ms_ssim,-24.51696494002309,True
77,fine_detail,n148i_v2,n148i_v1,ms_ssim,-19.65941017476621,True
78,fine_detail,n148i_v2,n148i_v1,ms_ssim,-13.30421415502202,True
79,fine_detail,n148i_v2,n148i_v1,ms_ssim,-18.918795355347683,True
80,fine_detail,n148i_v2,n148i_v1,ms_ssim,-9.9872399206679,True
81,fine_detail,n148i_v2,n148i_v1,ms_ssim,-12.053667381222278,True
82,fine_detail,n148i_v2,n148i_v1,ms_ssim,-14.853577823870767,True
83,fine_detail,n148i_v2,n148i_v1,ms_ssim,-25.47157722887009,True
84,fine_detail,n148i_v2,n148i_v1,ms_ssim,-38.74707397086395,True
85,fine_detail,n148i_v2,n148i_v1,ms_ssim,-24.30821598569356,True
86,fine_detail,n148i_v2,n148i_v1,ms_ssim,-24.56352763457573,True
87,fine_detail,n148i_v2,n148i_v1,ms_ssim,-19.972339762560544,True
88,fine_detail,n148i_v2,n148i_v1,ms_ssim,-40.36546633380244,True
89,fine_detail,n148i_v2,n148i_v1,ms_ssim,-30.29937725335695,True
90,fine_detail,n148i_v2,n148i_v1,ms_ssim,-27.972477174780984,True
91,text_sharp_edges,n148i_v2,n148i_v1,ms_ssim,-42.328337541923844,True
92,text_sharp_edges,n148i_v2,n148i_v1,ms_ssim,-17.309596869119147,True
93,text_sharp_edges,n148i_v2,n148i_v1,ms_ssim,-48.19236403091376,True
94,text_sharp_edges,n148i_v2,n148i_v1,ms_ssim,-29.668371129534687,True
95,text_sharp_edges,n148i_v2,n148i_v1,ms_ssim,-37.65887139055053,True
96,text_sharp_edges,n148i_v2,n148i_v1,ms_ssim,-17.018655704043894,True
97,text_sharp_edges,n148i_v2,n148i_v1,ms_ssim,-38.54891435232872,True
98,text_sharp_edges,n148i_v2,n148i_v1,ms_ssim,-33.935003143804934,True
99,text_sharp_edges,n148i_v2,n148i_v1,ms_ssim,-31.746237757320205,True
100,text_sharp_edges,n148i_v2,n148i_v1,ms_ssim,-42.312968832619525,True
101,text_sharp_edges,n148i_v2,n148i_v1,ms_ssim,-44.02046454643342,True
102,text_sharp_edges,n148i_v2,n148i_v1,ms_ssim,-21.37766646322796,True
103,text_sharp_edges,n148i_v2,n148i_v1,ms_ssim,-26.83267171846211,True
104,text_sharp_edges,n148i_v2,n148i_v1,ms_ssim,-29.048652568626,True
105,text_sharp_edges,n148i_v2,n148i_v1,ms_ssim,-19.65335255319446,True
106,saturated_desaturated_colors,n148i_v2,n148i_v1,ms_ssim,-34.70474767411049,True
107,saturated_desaturated_colors,n148i_v2,n148i_v1,ms_ssim,-12.594572048801266,True
108,saturated_desaturated_colors,n148i_v2,n148i_v1,ms_ssim,-24.07676017222593,True
109,saturated_desaturated_colors,n148i_v2,n148i_v1,ms_ssim,-29.61677916002008,True
110,saturated_desaturated_colors,n148i_v2,n148i_v1,ms_ssim,-32.44936819452866,True
111,saturated_desaturated_colors,n148i_v2,n148i_v1,ms_ssim,-30.55088464674838,True
112,saturated_desaturated_colors,n148i_v2,n148i_v1,ms_ssim,-16.764444512034427,True
113,saturated_desaturated_colors,n148i_v2,n148i_v1,ms_ssim,-27.164757070713243,True
114,saturated_desaturated_colors,n148i_v2,n148i_v1,ms_ssim,-18.88139224386841,True
115,saturated_desaturated_colors,n148i_v2,n148i_v1,ms_ssim,-15.432125538701879,True
116,saturated_desaturated_colors,n148i_v2,n148i_v1,ms_ssim,-22.24206867433791,True
117,saturated_desaturated_colors,n148i_v2,n148i_v1,ms_ssim,-43.513614563214674,True
118,saturated_desaturated_colors,n148i_v2,n148i_v1,ms_ssim,-38.72847144998399,True
119,saturated_desaturated_colors,n148i_v2,n148i_v1,ms_ssim,-31.543627665697514,True
120,saturated_desaturated_colors,n148i_v2,n148i_v1,ms_ssim,-34.959572828035746,True
121,smooth_surfaces_gradients,n148i_v2,n148i_v1,ms_ssim,-23.87315317233171,True
122,urban_architecture,n148i_v2,n148i_v1,ms_ssim,-18.861846598299582,True
123,smooth_surfaces_gradients,n148i_v2,n148i_v1,ms_ssim,-32.20672270121406,True
124,urban_architecture,n148i_v2,n148i_v1,ms_ssim,-13.438659635446504,True
125,fine_detail,n148i_v2,n148i_v1,ms_ssim,-15.260875575921117,True
126,natural_landscapes,n148i_v2,n148i_v1,ms_ssim,-17.055974678091378,True
127,urban_architecture,n148i_v2,n148i_v1,ms_ssim,-12.813858121223575,True
128,text_sharp_edges,n148i_v2,n148i_v1,ms_ssim,-23.800357427142416,True
129,text_sharp_edges,n148i_v2,n148i_v1,ms_ssim,-16.36789487896253,True
130,natural_landscapes,n148i_v2,n148i_v1,ms_ssim,-15.393000376918343,True
1,historical_portraits,n148i_v2,jpeg_turbo,ms_ssim,-15.699832133952308,True
2,historical_portraits,n148i_v2,jpeg_turbo,ms_ssim,-27.528386629766544,True
3,historical_portraits,n148i_v2,jpeg_turbo,ms_ssim,-13.957140123154431,True
4,historical_portraits,n148i_v2,jpeg_turbo,ms_ssim,-14.016992158278462,True
5,historical_portraits,n148i_v2,jpeg_turbo,ms_ssim,-20.356866943113914,True
6,historical_portraits,n148i_v2,jpeg_turbo,ms_ssim,-20.457539352298294,True
7,historical_portraits,n148i_v2,jpeg_turbo,ms_ssim,-27.995835199404084,True
8,historical_portraits,n148i_v2,jpeg_turbo,ms_ssim,-24.78114639734429,True
9,historical_portraits,n148i_v2,jpeg_turbo,ms_ssim,-22.583409731121627,True
10,historical_portraits,n148i_v2,jpeg_turbo,ms_ssim,-18.89760329076372,True
11,historical_portraits,n148i_v2,jpeg_turbo,ms_ssim,-22.746593825154537,True
12,historical_portraits,n148i_v2,jpeg_turbo,ms_ssim,-42.93765724480989,True
13,historical_portraits,n148i_v2,jpeg_turbo,ms_ssim,-17.684941153964672,True
14,historical_portraits,n148i_v2,jpeg_turbo,ms_ssim,-29.242902508921652,True
15,historical_portraits,n148i_v2,jpeg_turbo,ms_ssim,-36.81009389376532,True
16,natural_landscapes,n148i_v2,jpeg_turbo,ms_ssim,-12.316976332427142,True
17,natural_landscapes,n148i_v2,jpeg_turbo,ms_ssim,-14.561649866659465,True
18,natural_landscapes,n148i_v2,jpeg_turbo,ms_ssim,-12.500732503866052,True
19,natural_landscapes,n148i_v2,jpeg_turbo,ms_ssim,-12.15397225071001,True
20,natural_landscapes,n148i_v2,jpeg_turbo,ms_ssim,-11.904781928373465,True
21,natural_landscapes,n148i_v2,jpeg_turbo,ms_ssim,-15.139491292518926,True
22,natural_landscapes,n148i_v2,jpeg_turbo,ms_ssim,-17.313498360444758,True
23,natural_landscapes,n148i_v2,jpeg_turbo,ms_ssim,-19.739496857381134,True
24,natural_landscapes,n148i_v2,jpeg_turbo,ms_ssim,-15.180290953471099,True
25,natural_landscapes,n148i_v2,jpeg_turbo,ms_ssim,-25.991592082221626,True
26,natural_landscapes,n148i_v2,jpeg_turbo,ms_ssim,-15.520662061123168,True
27,natural_landscapes,n148i_v2,jpeg_turbo,ms_ssim,-12.802706923342267,True
28,natural_landscapes,n148i_v2,jpeg_turbo,ms_ssim,-32.10474337744081,True
29,natural_landscapes,n148i_v2,jpeg_turbo,ms_ssim,-11.334055507531993,True
30,natural_landscapes,n148i_v2,jpeg_turbo,ms_ssim,-21.7528309845219,True
31,urban_architecture,n148i_v2,jpeg_turbo,ms_ssim,-20.446601247835737,True
32,urban_architecture,n148i_v2,jpeg_turbo,ms_ssim,-9.645966463447076,True
33,urban_architecture,n148i_v2,jpeg_turbo,ms_ssim,-15.99982367369125,True
34,urban_architecture,n148i_v2,jpeg_turbo,ms_ssim,-24.90606781530891,True
35,urban_architecture,n148i_v2,jpeg_turbo,ms_ssim,-24.887562322075308,True
36,urban_architecture,n148i_v2,jpeg_turbo,ms_ssim,-22.908474892489174,True
37,urban_architecture,n148i_v2,jpeg_turbo,ms_ssim,-29.214918547209834,True
38,urban_architecture,n148i_v2,jpeg_turbo,ms_ssim,-20.10601168727213,True
39,urban_architecture,n148i_v2,jpeg_turbo,ms_ssim,-19.563194427164344,True
40,urban_architecture,n148i_v2,jpeg_turbo,ms_ssim,-14.963677644833307,True
41,urban_architecture,n148i_v2,jpeg_turbo,ms_ssim,-25.55785704986244,True
42,urban_architecture,n148i_v2,jpeg_turbo,ms_ssim,-22.484361250395956,True
43,urban_architecture,n148i_v2,jpeg_turbo,ms_ssim,-35.19220787471038,True
44,urban_architecture,n148i_v2,jpeg_turbo,ms_ssim,-19.161770418127254,True
45,urban_architecture,n148i_v2,jpeg_turbo,ms_ssim,-19.388694247394124,True
46,high_frequency_textures,n148i_v2,jpeg_turbo,ms_ssim,-11.031102814008353,True
47,high_frequency_textures,n148i_v2,jpeg_turbo,ms_ssim,-13.221857827299655,True
48,high_frequency_textures,n148i_v2,jpeg_turbo,ms_ssim,-11.007879267972188,True
49,high_frequency_textures,n148i_v2,jpeg_turbo,ms_ssim,-12.58859802661918,True
50,high_frequency_textures,n148i_v2,jpeg_turbo,ms_ssim,-20.690019258461,True
51,high_frequency_textures,n148i_v2,jpeg_turbo,ms_ssim,-9.902762745392856,True
52,high_frequency_textures,n148i_v2,jpeg_turbo,ms_ssim,-18.092491007960998,True
53,high_frequency_textures,n148i_v2,jpeg_turbo,ms_ssim,-17.263262311463833,True
54,high_frequency_textures,n148i_v2,jpeg_turbo,ms_ssim,-15.831060624219218,True
55,high_frequency_textures,n148i_v2,jpeg_turbo,ms_ssim,-22.60397771174347,True
56,high_frequency_textures,n148i_v2,jpeg_turbo,ms_ssim,-12.877211131152688,True
57,high_frequency_textures,n148i_v2,jpeg_turbo,ms_ssim,-14.869682284758445,True
58,high_frequency_textures,n148i_v2,jpeg_turbo,ms_ssim,-16.714191445889625,True
59,high_frequency_textures,n148i_v2,jpeg_turbo,ms_ssim,-21.883341131804755,True
60,high_frequency_textures,n148i_v2,jpeg_turbo,ms_ssim,-20.871555388996654,True
61,smooth_surfaces_gradients,n148i_v2,jpeg_turbo,ms_ssim,-31.404745618942332,True
62,smooth_surfaces_gradients,n148i_v2,jpeg_turbo,ms_ssim,-37.330050182318196,True
63,smooth_surfaces_gradients,n148i_v2,jpeg_turbo,ms_ssim,-31.20992684030961,True
64,smooth_surfaces_gradients,n148i_v2,jpeg_turbo,ms_ssim,-19.257062327567432,True
65,smooth_surfaces_gradients,n148i_v2,jpeg_turbo,ms_ssim,-19.071621230434953,True
66,smooth_surfaces_gradients,n148i_v2,jpeg_turbo,ms_ssim,-14.083902744518717,True
67,smooth_surfaces_gradients,n148i_v2,jpeg_turbo,ms_ssim,-14.936005809067964,True
68,smooth_surfaces_gradients,n148i_v2,jpeg_turbo,ms_ssim,-19.49168225903859,True
69,smooth_surfaces_gradients,n148i_v2,jpeg_turbo,ms_ssim,-21.032540458802305,True
70,smooth_surfaces_gradients,n148i_v2,jpeg_turbo,ms_ssim,-21.60381505030663,True
71,smooth_surfaces_gradients,n148i_v2,jpeg_turbo,ms_ssim,-38.37248642665491,True
72,smooth_surfaces_gradients,n148i_v2,jpeg_turbo,ms_ssim,-10.505039601857092,True
73,smooth_surfaces_gradients,n148i_v2,jpeg_turbo,ms_ssim,-62.48302953605194,True
74,smooth_surfaces_gradients,n148i_v2,jpeg_turbo,ms_ssim,-36.598494759716935,True
75,smooth_surfaces_gradients,n148i_v2,jpeg_turbo,ms_ssim,-39.96942038073136,True
76,fine_detail,n148i_v2,jpeg_turbo,ms_ssim,-26.22276402806615,True
77,fine_detail,n148i_v2,jpeg_turbo,ms_ssim,-20.492326191071243,True
78,fine_detail,n148i_v2,jpeg_turbo,ms_ssim,-14.152761553693649,True
79,fine_detail,n148i_v2,jpeg_turbo,ms_ssim,-19.54702409545448,True
80,fine_detail,n148i_v2,jpeg_turbo,ms_ssim,-10.98009000945892,True
81,fine_detail,n148i_v2,jpeg_turbo,ms_ssim,-14.20370196624392,True
82,fine_detail,n148i_v2,jpeg_turbo,ms_ssim,-16.4699167743364,True
83,fine_detail,n148i_v2,jpeg_turbo,ms_ssim,-26.515222048342125,True
84,fine_detail,n148i_v2,jpeg_turbo,ms_ssim,-39.55790661266689,True
85,fine_detail,n148i_v2,jpeg_turbo,ms_ssim,-24.740054480202666,True
86,fine_detail,n148i_v2,jpeg_turbo,ms_ssim,-25.890680030748335,True
87,fine_detail,n148i_v2,jpeg_turbo,ms_ssim,-20.6915951278966,True
88,fine_detail,n148i_v2,jpeg_turbo,ms_ssim,-42.119334552373566,True
89,fine_detail,n148i_v2,jpeg_turbo,ms_ssim,-30.742214820683543,True
90,fine_detail,n148i_v2,jpeg_turbo,ms_ssim,-29.088058841225063,True
91,text_sharp_edges,n148i_v2,jpeg_turbo,ms_ssim,-43.4453902159504,True
92,text_sharp_edges,n148i_v2,jpeg_turbo,ms_ssim,-18.735196047458025,True
93,text_sharp_edges,n148i_v2,jpeg_turbo,ms_ssim,-48.90198088330311,True
94,text_sharp_edges,n148i_v2,jpeg_turbo,ms_ssim,-30.756494148261627,True
95,text_sharp_edges,n148i_v2,jpeg_turbo,ms_ssim,-38.18262644090936,True
96,text_sharp_edges,n148i_v2,jpeg_turbo,ms_ssim,-18.32694032386343,True
97,text_sharp_edges,n148i_v2,jpeg_turbo,ms_ssim,-39.29072885372397,True
98,text_sharp_edges,n148i_v2,jpeg_turbo,ms_ssim,-35.71313664908591,True
99,text_sharp_edges,n148i_v2,jpeg_turbo,ms_ssim,-33.62137062927888,True
100,text_sharp_edges,n148i_v2,jpeg_turbo,ms_ssim,-43.721768011387,True
101,text_sharp_edges,n148i_v2,jpeg_turbo,ms_ssim,-45.848755028534825,True
102,text_sharp_edges,n148i_v2,jpeg_turbo,ms_ssim,-22.984784614743425,True
103,text_sharp_edges,n148i_v2,jpeg_turbo,ms_ssim,-28.986139344310725,True
104,text_sharp_edges,n148i_v2,jpeg_turbo,ms_ssim,-30.70870787172716,True
105,text_sharp_edges,n148i_v2,jpeg_turbo,ms_ssim,-20.98685134033674,True
106,saturated_desaturated_colors,n148i_v2,jpeg_turbo,ms_ssim,-36.77117255351321,True
107,saturated_desaturated_colors,n148i_v2,jpeg_turbo,ms_ssim,-13.382077949637383,True
108,saturated_desaturated_colors,n148i_v2,jpeg_turbo,ms_ssim,-25.247700015769283,True
109,saturated_desaturated_colors,n148i_v2,jpeg_turbo,ms_ssim,-33.317257258456,True
110,saturated_desaturated_colors,n148i_v2,jpeg_turbo,ms_ssim,-33.400928664182786,True
111,saturated_desaturated_colors,n148i_v2,jpeg_turbo,ms_ssim,-31.196698177553493,True
112,saturated_desaturated_colors,n148i_v2,jpeg_turbo,ms_ssim,-17.794018740882777,True
113,saturated_desaturated_colors,n148i_v2,jpeg_turbo,ms_ssim,-28.659954293094138,True
114,saturated_desaturated_colors,n148i_v2,jpeg_turbo,ms_ssim,-19.599108764286154,True
115,saturated_desaturated_colors,n148i_v2,jpeg_turbo,ms_ssim,-16.281672326850106,True
116,saturated_desaturated_colors,n148i_v2,jpeg_turbo,ms_ssim,-25.148982437856272,True
117,saturated_desaturated_colors,n148i_v2,jpeg_turbo,ms_ssim,-50.57595445490976,True
118,saturated_desaturated_colors,n148i_v2,jpeg_turbo,ms_ssim,-39.94179594850403,True
119,saturated_desaturated_colors,n148i_v2,jpeg_turbo,ms_ssim,-32.70973588200601,True
120,saturated_desaturated_colors,n148i_v2,jpeg_turbo,ms_ssim,-36.38584462082135,True
121,smooth_surfaces_gradients,n148i_v2,jpeg_turbo,ms_ssim,-26.125064423540433,True
122,urban_architecture,n148i_v2,jpeg_turbo,ms_ssim,-20.831269350487357,True
123,smooth_surfaces_gradients,n148i_v2,jpeg_turbo,ms_ssim,-35.23683390218556,True
124,urban_architecture,n148i_v2,jpeg_turbo,ms_ssim,-15.465039991195074,True
125,fine_detail,n148i_v2,jpeg_turbo,ms_ssim,-16.22710834499732,True
126,natural_landscapes,n148i_v2,jpeg_turbo,ms_ssim,-18.24366103223325,True
127,urban_architecture,n148i_v2,jpeg_turbo,ms_ssim,-14.028909956730196,True
128,text_sharp_edges,n148i_v2,jpeg_turbo,ms_ssim,-24.92645363133188,True
129,text_sharp_edges,n148i_v2,jpeg_turbo,ms_ssim,-17.123489010394888,True
130,natural_landscapes,n148i_v2,jpeg_turbo,ms_ssim,-16.7464122232995,True
1,historical_portraits,n148i_v2,webp_m4,ms_ssim,-7.247731029665838,True
2,historical_portraits,n148i_v2,webp_m4,ms_ssim,-15.629444437225647,True
3,historical_portraits,n148i_v2,webp_m4,ms_ssim,0.911578684881742,True
4,historical_portraits,n148i_v2,webp_m4,ms_ssim,-10.705883862472742,True
5,historical_portraits,n148i_v2,webp_m4,ms_ssim,-9.437544501741401,True
6,historical_portraits,n148i_v2,webp_m4,ms_ssim,-9.410816721919424,True
7,historical_portraits,n148i_v2,webp_m4,ms_ssim,-0.31361990651818106,True
8,historical_portraits,n148i_v2,webp_m4,ms_ssim,-9.657960885790773,True
9,historical_portraits,n148i_v2,webp_m4,ms_ssim,-4.548657108471954,True
10,historical_portraits,n148i_v2,webp_m4,ms_ssim,-17.64956572007871,True
11,historical_portraits,n148i_v2,webp_m4,ms_ssim,-0.7431466058224423,True
12,historical_portraits,n148i_v2,webp_m4,ms_ssim,0.2451689569059834,True
13,historical_portraits,n148i_v2,webp_m4,ms_ssim,2.642579663524458,True
14,historical_portraits,n148i_v2,webp_m4,ms_ssim,-15.172614899662873,True
15,historical_portraits,n148i_v2,webp_m4,ms_ssim,7.000799985398709,True
16,natural_landscapes,n148i_v2,webp_m4,ms_ssim,2.446551707011335,True
17,natural_landscapes,n148i_v2,webp_m4,ms_ssim,-10.04525790685664,True
18,natural_landscapes,n148i_v2,webp_m4,ms_ssim,-7.183304943023439,True
19,natural_landscapes,n148i_v2,webp_m4,ms_ssim,-7.002497737250302,True
20,natural_landscapes,n148i_v2,webp_m4,ms_ssim,-3.7542747905645046,True
21,natural_landscapes,n148i_v2,webp_m4,ms_ssim,-3.671637757588586,True
22,natural_landscapes,n148i_v2,webp_m4,ms_ssim,-9.92218577749554,True
23,natural_landscapes,n148i_v2,webp_m4,ms_ssim,-3.9385542911642424,True
24,natural_landscapes,n148i_v2,webp_m4,ms_ssim,-6.7580920823964385,True
25,natural_landscapes,n148i_v2,webp_m4,ms_ssim,-6.657367031365347,True
26,natural_landscapes,n148i_v2,webp_m4,ms_ssim,-3.444777112544428,True
27,natural_landscapes,n148i_v2,webp_m4,ms_ssim,-3.3848932337637305,True
28,natural_landscapes,n148i_v2,webp_m4,ms_ssim,-8.218178827622047,True
29,natural_landscapes,n148i_v2,webp_m4,ms_ssim,-2.1867343717028698,True
30,natural_landscapes,n148i_v2,webp_m4,ms_ssim,-12.524498034369092,True
31,urban_architecture,n148i_v2,webp_m4,ms_ssim,4.3141601956557585,True
32,urban_architecture,n148i_v2,webp_m4,ms_ssim,-4.623164294919347,True
33,urban_architecture,n148i_v2,webp_m4,ms_ssim,-8.020800608818568,True
34,urban_architecture,n148i_v2,webp_m4,ms_ssim,-5.677562402787628,True
35,urban_architecture,n148i_v2,webp_m4,ms_ssim,-5.191595543961802,True
36,urban_architecture,n148i_v2,webp_m4,ms_ssim,6.522084221625901,True
37,urban_architecture,n148i_v2,webp_m4,ms_ssim,-10.222649450904765,True
38,urban_architecture,n148i_v2,webp_m4,ms_ssim,-3.7549365615260677,True
39,urban_architecture,n148i_v2,webp_m4,ms_ssim,-4.679938619332646,True
40,urban_architecture,n148i_v2,webp_m4,ms_ssim,-2.304990863158929,True
41,urban_architecture,n148i_v2,webp_m4,ms_ssim,3.7293033738732717,True
42,urban_architecture,n148i_v2,webp_m4,ms_ssim,0.3287905544466341,True
43,urban_architecture,n148i_v2,webp_m4,ms_ssim,2.0005725412920228,True
44,urban_architecture,n148i_v2,webp_m4,ms_ssim,-7.211489048137876,True
45,urban_architecture,n148i_v2,webp_m4,ms_ssim,-6.902144260800758,True
46,high_frequency_textures,n148i_v2,webp_m4,ms_ssim,-15.715483013712838,True
47,high_frequency_textures,n148i_v2,webp_m4,ms_ssim,-6.619989760573808,True
48,high_frequency_textures,n148i_v2,webp_m4,ms_ssim,-13.259637349828724,True
49,high_frequency_textures,n148i_v2,webp_m4,ms_ssim,-10.906152017729653,True
50,high_frequency_textures,n148i_v2,webp_m4,ms_ssim,-20.946929891960806,True
51,high_frequency_textures,n148i_v2,webp_m4,ms_ssim,-8.407573719920236,True
52,high_frequency_textures,n148i_v2,webp_m4,ms_ssim,-5.980054914398902,True
53,high_frequency_textures,n148i_v2,webp_m4,ms_ssim,-8.667923921163645,True
54,high_frequency_textures,n148i_v2,webp_m4,ms_ssim,-8.770940875141864,True
55,high_frequency_textures,n148i_v2,webp_m4,ms_ssim,-14.910098395024885,True
56,high_frequency_textures,n148i_v2,webp_m4,ms_ssim,-11.230206988366831,True
57,high_frequency_textures,n148i_v2,webp_m4,ms_ssim,-18.982249809416817,True
58,high_frequency_textures,n148i_v2,webp_m4,ms_ssim,-1.082607845997463,True
59,high_frequency_textures,n148i_v2,webp_m4,ms_ssim,-7.037711516772671,True
60,high_frequency_textures,n148i_v2,webp_m4,ms_ssim,-4.319651230744936,True
61,smooth_surfaces_gradients,n148i_v2,webp_m4,ms_ssim,-7.036352675945756,True
62,smooth_surfaces_gradients,n148i_v2,webp_m4,ms_ssim,-12.180077990206751,True
63,smooth_surfaces_gradients,n148i_v2,webp_m4,ms_ssim,-10.358768751733926,True
64,smooth_surfaces_gradients,n148i_v2,webp_m4,ms_ssim,-2.7730964272208003,True
65,smooth_surfaces_gradients,n148i_v2,webp_m4,ms_ssim,-8.020335994448779,True
66,smooth_surfaces_gradients,n148i_v2,webp_m4,ms_ssim,-14.414370143669508,True
67,smooth_surfaces_gradients,n148i_v2,webp_m4,ms_ssim,-11.409508544977676,True
68,smooth_surfaces_gradients,n148i_v2,webp_m4,ms_ssim,0.4597945933707326,True
69,smooth_surfaces_gradients,n148i_v2,webp_m4,ms_ssim,-16.484772166406746,True
70,smooth_surfaces_gradients,n148i_v2,webp_m4,ms_ssim,-8.96821373138399,True
71,smooth_surfaces_gradients,n148i_v2,webp_m4,ms_ssim,4.36910500354224,True
72,smooth_surfaces_gradients,n148i_v2,webp_m4,ms_ssim,-0.8062852443520896,True
73,smooth_surfaces_gradients,n148i_v2,webp_m4,ms_ssim,-26.088752407692816,True
74,smooth_surfaces_gradients,n148i_v2,webp_m4,ms_ssim,-2.3223455669003967,True
75,smooth_surfaces_gradients,n148i_v2,webp_m4,ms_ssim,-4.603344389165942,True
76,fine_detail,n148i_v2,webp_m4,ms_ssim,-3.820805844983688,True
77,fine_detail,n148i_v2,webp_m4,ms_ssim,-3.837871116972169,True
78,fine_detail,n148i_v2,webp_m4,ms_ssim,0.416240890123154,True
79,fine_detail,n148i_v2,webp_m4,ms_ssim,-4.968420881143787,True
80,fine_detail,n148i_v2,webp_m4,ms_ssim,-6.683878958650746,True
81,fine_detail,n148i_v2,webp_m4,ms_ssim,-8.166838777047802,True
82,fine_detail,n148i_v2,webp_m4,ms_ssim,-9.32847839148847,True
83,fine_detail,n148i_v2,webp_m4,ms_ssim,1.994677296027536,True
84,fine_detail,n148i_v2,webp_m4,ms_ssim,-22.055876108950656,True
85,fine_detail,n148i_v2,webp_m4,ms_ssim,-3.5083183723350286,True
86,fine_detail,n148i_v2,webp_m4,ms_ssim,-5.353088367262149,True
87,fine_detail,n148i_v2,webp_m4,ms_ssim,-0.8976430282171544,True
88,fine_detail,n148i_v2,webp_m4,ms_ssim,-16.471110143628,True
89,fine_detail,n148i_v2,webp_m4,ms_ssim,-15.518341273040036,True
90,fine_detail,n148i_v2,webp_m4,ms_ssim,-2.1221175996393504,True
91,text_sharp_edges,n148i_v2,webp_m4,ms_ssim,21.468849383805022,True
92,text_sharp_edges,n148i_v2,webp_m4,ms_ssim,-4.928233276487271,True
93,text_sharp_edges,n148i_v2,webp_m4,ms_ssim,14.208393727145708,True
94,text_sharp_edges,n148i_v2,webp_m4,ms_ssim,-5.482156743962907,True
95,text_sharp_edges,n148i_v2,webp_m4,ms_ssim,12.214413997351903,True
96,text_sharp_edges,n148i_v2,webp_m4,ms_ssim,-1.6511763737233176,True
97,text_sharp_edges,n148i_v2,webp_m4,ms_ssim,13.11001049918341,True
98,text_sharp_edges,n148i_v2,webp_m4,ms_ssim,19.38337879338885,True
99,text_sharp_edges,n148i_v2,webp_m4,ms_ssim,7.8809560083776375,True
100,text_sharp_edges,n148i_v2,webp_m4,ms_ssim,35.23503987169523,True
101,text_sharp_edges,n148i_v2,webp_m4,ms_ssim,-6.34163614526142,True
102,text_sharp_edges,n148i_v2,webp_m4,ms_ssim,2.083170250209343,True
103,text_sharp_edges,n148i_v2,webp_m4,ms_ssim,0.3677311737566358,True
104,text_sharp_edges,n148i_v2,webp_m4,ms_ssim,-0.018755496163691543,True
105,text_sharp_edges,n148i_v2,webp_m4,ms_ssim,-3.36856596769336,True
106,saturated_desaturated_colors,n148i_v2,webp_m4,ms_ssim,-8.339227524747805,True
107,saturated_desaturated_colors,n148i_v2,webp_m4,ms_ssim,-17.45131914767869,True
108,saturated_desaturated_colors,n148i_v2,webp_m4,ms_ssim,-2.290147624526717,True
109,saturated_desaturated_colors,n148i_v2,webp_m4,ms_ssim,3.544611067707759,True
110,saturated_desaturated_colors,n148i_v2,webp_m4,ms_ssim,11.682519905197797,True
111,saturated_desaturated_colors,n148i_v2,webp_m4,ms_ssim,17.093720642318445,True
112,saturated_desaturated_colors,n148i_v2,webp_m4,ms_ssim,-6.96548801403154,True
113,saturated_desaturated_colors,n148i_v2,webp_m4,ms_ssim,-1.3535776246254239,True
114,saturated_desaturated_colors,n148i_v2,webp_m4,ms_ssim,-2.5860562905511975,True
115,saturated_desaturated_colors,n148i_v2,webp_m4,ms_ssim,-8.920176022142556,True
116,saturated_desaturated_colors,n148i_v2,webp_m4,ms_ssim,-4.6782351447323345,True
117,saturated_desaturated_colors,n148i_v2,webp_m4,ms_ssim,6.600021993676486,True
118,saturated_desaturated_colors,n148i_v2,webp_m4,ms_ssim,-5.031367499905636,True
119,saturated_desaturated_colors,n148i_v2,webp_m4,ms_ssim,-9.062739038794088,True
120,saturated_desaturated_colors,n148i_v2,webp_m4,ms_ssim,-10.014269187151381,True
121,smooth_surfaces_gradients,n148i_v2,webp_m4,ms_ssim,-8.115619486067205,True
122,urban_architecture,n148i_v2,webp_m4,ms_ssim,0.14515203644376307,True
123,smooth_surfaces_gradients,n148i_v2,webp_m4,ms_ssim,-11.590868133171217,True
124,urban_architecture,n148i_v2,webp_m4,ms_ssim,-3.436375225667765,True
125,fine_detail,n148i_v2,webp_m4,ms_ssim,-0.11341184348647726,True
126,natural_landscapes,n148i_v2,webp_m4,ms_ssim,-11.779423800711875,True
127,urban_architecture,n148i_v2,webp_m4,ms_ssim,-7.389756771977629,True
128,text_sharp_edges,n148i_v2,webp_m4,ms_ssim,3.3971258790246317,True
129,text_sharp_edges,n148i_v2,webp_m4,ms_ssim,-1.7019705580752609,True
130,natural_landscapes,n148i_v2,webp_m4,ms_ssim,-15.53042753317293,True
1,historical_portraits,n148i_v2,webp_m6_historical,ms_ssim,-2.90896236022391,True
2,historical_portraits,n148i_v2,webp_m6_historical,ms_ssim,-13.534823898891391,True
3,historical_portraits,n148i_v2,webp_m6_historical,ms_ssim,4.503096462752065,True
4,historical_portraits,n148i_v2,webp_m6_historical,ms_ssim,-5.469829004592142,True
5,historical_portraits,n148i_v2,webp_m6_historical,ms_ssim,-4.42719168213711,True
6,historical_portraits,n148i_v2,webp_m6_historical,ms_ssim,-5.47886089628169,True
7,historical_portraits,n148i_v2,webp_m6_historical,ms_ssim,4.325627796677822,True
8,historical_portraits,n148i_v2,webp_m6_historical,ms_ssim,-6.645837325914938,True
9,historical_portraits,n148i_v2,webp_m6_historical,ms_ssim,-0.6150254925928023,True
10,historical_portraits,n148i_v2,webp_m6_historical,ms_ssim,-15.040259544779621,True
11,historical_portraits,n148i_v2,webp_m6_historical,ms_ssim,4.642145308949286,True
12,historical_portraits,n148i_v2,webp_m6_historical,ms_ssim,3.173063818601052,True
13,historical_portraits,n148i_v2,webp_m6_historical,ms_ssim,8.64898138165251,True
14,historical_portraits,n148i_v2,webp_m6_historical,ms_ssim,-8.933030417591114,True
15,historical_portraits,n148i_v2,webp_m6_historical,ms_ssim,9.141196551288555,True
16,natural_landscapes,n148i_v2,webp_m6_historical,ms_ssim,6.771036797227792,True
17,natural_landscapes,n148i_v2,webp_m6_historical,ms_ssim,-6.182735639047343,True
18,natural_landscapes,n148i_v2,webp_m6_historical,ms_ssim,-2.5081723272992185,True
19,natural_landscapes,n148i_v2,webp_m6_historical,ms_ssim,-3.129397536321632,True
20,natural_landscapes,n148i_v2,webp_m6_historical,ms_ssim,-0.8554756666873442,True
21,natural_landscapes,n148i_v2,webp_m6_historical,ms_ssim,0.8639985909914438,True
22,natural_landscapes,n148i_v2,webp_m6_historical,ms_ssim,-6.163671655354652,True
23,natural_landscapes,n148i_v2,webp_m6_historical,ms_ssim,-2.2999618924790632,True
24,natural_landscapes,n148i_v2,webp_m6_historical,ms_ssim,-2.887535089837734,True
25,natural_landscapes,n148i_v2,webp_m6_historical,ms_ssim,-2.946850467773998,True
26,natural_landscapes,n148i_v2,webp_m6_historical,ms_ssim,0.13550631133969482,True
27,natural_landscapes,n148i_v2,webp_m6_historical,ms_ssim,1.18660386214553,True
28,natural_landscapes,n148i_v2,webp_m6_historical,ms_ssim,-5.48509144174777,True
29,natural_landscapes,n148i_v2,webp_m6_historical,ms_ssim,2.100699902326686,True
30,natural_landscapes,n148i_v2,webp_m6_historical,ms_ssim,-9.630812649158093,True
31,urban_architecture,n148i_v2,webp_m6_historical,ms_ssim,7.527410233149356,True
32,urban_architecture,n148i_v2,webp_m6_historical,ms_ssim,0.3860497220484316,True
33,urban_architecture,n148i_v2,webp_m6_historical,ms_ssim,-2.5366951459648623,True
34,urban_architecture,n148i_v2,webp_m6_historical,ms_ssim,-0.6442906587109554,True
35,urban_architecture,n148i_v2,webp_m6_historical,ms_ssim,-2.1116359061227885,True
36,urban_architecture,n148i_v2,webp_m6_historical,ms_ssim,9.769021719590686,True
37,urban_architecture,n148i_v2,webp_m6_historical,ms_ssim,-7.886375697615911,True
38,urban_architecture,n148i_v2,webp_m6_historical,ms_ssim,0.7208910885736275,True
39,urban_architecture,n148i_v2,webp_m6_historical,ms_ssim,-1.5644188268878034,True
40,urban_architecture,n148i_v2,webp_m6_historical,ms_ssim,0.9164280065177222,True
41,urban_architecture,n148i_v2,webp_m6_historical,ms_ssim,8.148248421060478,True
42,urban_architecture,n148i_v2,webp_m6_historical,ms_ssim,3.7366038571794657,True
43,urban_architecture,n148i_v2,webp_m6_historical,ms_ssim,4.067602100155776,True
44,urban_architecture,n148i_v2,webp_m6_historical,ms_ssim,-5.118932941748222,True
45,urban_architecture,n148i_v2,webp_m6_historical,ms_ssim,-2.89400877342465,True
46,high_frequency_textures,n148i_v2,webp_m6_historical,ms_ssim,-11.552867130745359,True
47,high_frequency_textures,n148i_v2,webp_m6_historical,ms_ssim,-4.226071250121866,True
48,high_frequency_textures,n148i_v2,webp_m6_historical,ms_ssim,-9.211839455958692,True
49,high_frequency_textures,n148i_v2,webp_m6_historical,ms_ssim,-6.715939533472682,True
50,high_frequency_textures,n148i_v2,webp_m6_historical,ms_ssim,-16.96668100207751,True
51,high_frequency_textures,n148i_v2,webp_m6_historical,ms_ssim,-5.0316551954984305,True
52,high_frequency_textures,n148i_v2,webp_m6_historical,ms_ssim,-3.262030306929753,True
53,high_frequency_textures,n148i_v2,webp_m6_historical,ms_ssim,-5.467032508450719,True
54,high_frequency_textures,n148i_v2,webp_m6_historical,ms_ssim,-5.743441840265373,True
55,high_frequency_textures,n148i_v2,webp_m6_historical,ms_ssim,-12.124774854350962,True
56,high_frequency_textures,n148i_v2,webp_m6_historical,ms_ssim,-7.620162062923552,True
57,high_frequency_textures,n148i_v2,webp_m6_historical,ms_ssim,-13.591027361376284,True
58,high_frequency_textures,n148i_v2,webp_m6_historical,ms_ssim,1.9146748827860494,True
59,high_frequency_textures,n148i_v2,webp_m6_historical,ms_ssim,-3.1017016703219213,True
60,high_frequency_textures,n148i_v2,webp_m6_historical,ms_ssim,-0.303407151843349,True
61,smooth_surfaces_gradients,n148i_v2,webp_m6_historical,ms_ssim,-5.296638809856924,True
62,smooth_surfaces_gradients,n148i_v2,webp_m6_historical,ms_ssim,-10.275613116754256,True
63,smooth_surfaces_gradients,n148i_v2,webp_m6_historical,ms_ssim,-6.7474431103411225,True
64,smooth_surfaces_gradients,n148i_v2,webp_m6_historical,ms_ssim,2.2150588771476576,True
65,smooth_surfaces_gradients,n148i_v2,webp_m6_historical,ms_ssim,-3.861962345770731,True
66,smooth_surfaces_gradients,n148i_v2,webp_m6_historical,ms_ssim,-9.601090445601068,True
67,smooth_surfaces_gradients,n148i_v2,webp_m6_historical,ms_ssim,-6.46332295051849,True
68,smooth_surfaces_gradients,n148i_v2,webp_m6_historical,ms_ssim,4.206367730892668,True
69,smooth_surfaces_gradients,n148i_v2,webp_m6_historical,ms_ssim,-12.375107610023639,True
70,smooth_surfaces_gradients,n148i_v2,webp_m6_historical,ms_ssim,-4.9065478260872375,True
71,smooth_surfaces_gradients,n148i_v2,webp_m6_historical,ms_ssim,8.561646374114895,True
72,smooth_surfaces_gradients,n148i_v2,webp_m6_historical,ms_ssim,2.8951222648625485,True
73,smooth_surfaces_gradients,n148i_v2,webp_m6_historical,ms_ssim,-24.68859543627501,True
74,smooth_surfaces_gradients,n148i_v2,webp_m6_historical,ms_ssim,2.1178262160522987,True
75,smooth_surfaces_gradients,n148i_v2,webp_m6_historical,ms_ssim,-1.1298222580889528,True
76,fine_detail,n148i_v2,webp_m6_historical,ms_ssim,0.46883464371942907,True
77,fine_detail,n148i_v2,webp_m6_historical,ms_ssim,0.39964786828554644,True
78,fine_detail,n148i_v2,webp_m6_historical,ms_ssim,4.217961425909045,True
79,fine_detail,n148i_v2,webp_m6_historical,ms_ssim,-1.9898593383524288,True
80,fine_detail,n148i_v2,webp_m6_historical,ms_ssim,-2.4838766010317315,True
81,fine_detail,n148i_v2,webp_m6_historical,ms_ssim,-4.236583259429061,True
82,fine_detail,n148i_v2,webp_m6_historical,ms_ssim,-5.347035213201967,True
83,fine_detail,n148i_v2,webp_m6_historical,ms_ssim,4.973686455790127,True
84,fine_detail,n148i_v2,webp_m6_historical,ms_ssim,-19.073880693894306,True
85,fine_detail,n148i_v2,webp_m6_historical,ms_ssim,-0.27543434848301684,True
86,fine_detail,n148i_v2,webp_m6_historical,ms_ssim,-0.12150128704553342,True
87,fine_detail,n148i_v2,webp_m6_historical,ms_ssim,2.153768103300502,True
88,fine_detail,n148i_v2,webp_m6_historical,ms_ssim,-14.252107885139775,True
89,fine_detail,n148i_v2,webp_m6_historical,ms_ssim,-11.625120962765468,True
90,fine_detail,n148i_v2,webp_m6_historical,ms_ssim,1.1156336503655107,True
91,text_sharp_edges,n148i_v2,webp_m6_historical,ms_ssim,24.90028917663465,True
92,text_sharp_edges,n148i_v2,webp_m6_historical,ms_ssim,0.10855723577347653,True
93,text_sharp_edges,n148i_v2,webp_m6_historical,ms_ssim,18.784163445441536,True
94,text_sharp_edges,n148i_v2,webp_m6_historical,ms_ssim,-2.532683459171814,True
95,text_sharp_edges,n148i_v2,webp_m6_historical,ms_ssim,15.489684511327773,True
96,text_sharp_edges,n148i_v2,webp_m6_historical,ms_ssim,0.7333833554740377,True
97,text_sharp_edges,n148i_v2,webp_m6_historical,ms_ssim,15.473370303393752,True
98,text_sharp_edges,n148i_v2,webp_m6_historical,ms_ssim,23.83391550244669,True
99,text_sharp_edges,n148i_v2,webp_m6_historical,ms_ssim,8.230179776753,True
100,text_sharp_edges,n148i_v2,webp_m6_historical,ms_ssim,37.65085850722245,True
101,text_sharp_edges,n148i_v2,webp_m6_historical,ms_ssim,-2.9022310952285135,True
102,text_sharp_edges,n148i_v2,webp_m6_historical,ms_ssim,6.2430492855770625,True
103,text_sharp_edges,n148i_v2,webp_m6_historical,ms_ssim,2.9913083926773387,True
104,text_sharp_edges,n148i_v2,webp_m6_historical,ms_ssim,3.4437970323660805,True
105,text_sharp_edges,n148i_v2,webp_m6_historical,ms_ssim,-0.4292260040427154,True
106,saturated_desaturated_colors,n148i_v2,webp_m6_historical,ms_ssim,-6.469216934726196,True
107,saturated_desaturated_colors,n148i_v2,webp_m6_historical,ms_ssim,-11.888043124774239,True
108,saturated_desaturated_colors,n148i_v2,webp_m6_historical,ms_ssim,1.3881529549988114,True
109,saturated_desaturated_colors,n148i_v2,webp_m6_historical,ms_ssim,9.01617846045919,True
110,saturated_desaturated_colors,n148i_v2,webp_m6_historical,ms_ssim,17.413955336384014,True
111,saturated_desaturated_colors,n148i_v2,webp_m6_historical,ms_ssim,20.519291777308133,True
112,saturated_desaturated_colors,n148i_v2,webp_m6_historical,ms_ssim,-3.1483746257247924,True
113,saturated_desaturated_colors,n148i_v2,webp_m6_historical,ms_ssim,0.7713701435015485,True
114,saturated_desaturated_colors,n148i_v2,webp_m6_historical,ms_ssim,1.311548787725747,True
115,saturated_desaturated_colors,n148i_v2,webp_m6_historical,ms_ssim,-4.699365210958472,True
116,saturated_desaturated_colors,n148i_v2,webp_m6_historical,ms_ssim,-0.7195528818291885,True
117,saturated_desaturated_colors,n148i_v2,webp_m6_historical,ms_ssim,9.543397599845882,True
118,saturated_desaturated_colors,n148i_v2,webp_m6_historical,ms_ssim,-2.793695126217177,True
119,saturated_desaturated_colors,n148i_v2,webp_m6_historical,ms_ssim,-6.787389423300216,True
120,saturated_desaturated_colors,n148i_v2,webp_m6_historical,ms_ssim,-8.336407134764768,True
121,smooth_surfaces_gradients,n148i_v2,webp_m6_historical,ms_ssim,-3.6486200094344334,True
122,urban_architecture,n148i_v2,webp_m6_historical,ms_ssim,4.225245356349627,True
123,smooth_surfaces_gradients,n148i_v2,webp_m6_historical,ms_ssim,-7.916499658885268,True
124,urban_architecture,n148i_v2,webp_m6_historical,ms_ssim,0.855462715912414,True
125,fine_detail,n148i_v2,webp_m6_historical,ms_ssim,2.6107223602531926,True
126,natural_landscapes,n148i_v2,webp_m6_historical,ms_ssim,-8.099672016928894,True
127,urban_architecture,n148i_v2,webp_m6_historical,ms_ssim,-1.9841048116419402,True
128,text_sharp_edges,n148i_v2,webp_m6_historical,ms_ssim,8.095145340253286,True
129,text_sharp_edges,n148i_v2,webp_m6_historical,ms_ssim,0.2459750750583689,True
130,natural_landscapes,n148i_v2,webp_m6_historical,ms_ssim,-10.367819842071146,True
1,historical_portraits,n148i_v2,jxl_e3,ms_ssim,-1.718393854691136,True
2,historical_portraits,n148i_v2,jxl_e3,ms_ssim,-11.894462225858938,True
3,historical_portraits,n148i_v2,jxl_e3,ms_ssim,13.77720036493395,True
4,historical_portraits,n148i_v2,jxl_e3,ms_ssim,-0.9591521983806639,True
5,historical_portraits,n148i_v2,jxl_e3,ms_ssim,-3.4395753181746813,True
6,historical_portraits,n148i_v2,jxl_e3,ms_ssim,-3.5096172485656774,True
7,historical_portraits,n148i_v2,jxl_e3,ms_ssim,12.838322169856408,True
8,historical_portraits,n148i_v2,jxl_e3,ms_ssim,1.4355060001270292,True
9,historical_portraits,n148i_v2,jxl_e3,ms_ssim,-3.7048944744106693,True
10,historical_portraits,n148i_v2,jxl_e3,ms_ssim,-10.9266386529009,True
11,historical_portraits,n148i_v2,jxl_e3,ms_ssim,-1.1594348041155889,True
12,historical_portraits,n148i_v2,jxl_e3,ms_ssim,9.936674303527294,True
13,historical_portraits,n148i_v2,jxl_e3,ms_ssim,6.877768823812658,True
14,historical_portraits,n148i_v2,jxl_e3,ms_ssim,2.726841887230691,True
15,historical_portraits,n148i_v2,jxl_e3,ms_ssim,-15.952638639537575,True
16,natural_landscapes,n148i_v2,jxl_e3,ms_ssim,-1.521735252220402,True
17,natural_landscapes,n148i_v2,jxl_e3,ms_ssim,-5.309841503649704,True
18,natural_landscapes,n148i_v2,jxl_e3,ms_ssim,-2.416576066987186,True
19,natural_landscapes,n148i_v2,jxl_e3,ms_ssim,-0.3549372080203894,True
20,natural_landscapes,n148i_v2,jxl_e3,ms_ssim,-2.0845826063435657,True
21,natural_landscapes,n148i_v2,jxl_e3,ms_ssim,0.5576642109083041,True
22,natural_landscapes,n148i_v2,jxl_e3,ms_ssim,-1.513723610704465,True
23,natural_landscapes,n148i_v2,jxl_e3,ms_ssim,-0.28309305088711767,True
24,natural_landscapes,n148i_v2,jxl_e3,ms_ssim,-0.07060855252449816,True
25,natural_landscapes,n148i_v2,jxl_e3,ms_ssim,3.085518283411659,True
26,natural_landscapes,n148i_v2,jxl_e3,ms_ssim,-1.3774996730037015,True
27,natural_landscapes,n148i_v2,jxl_e3,ms_ssim,1.4462584373650111,True
28,natural_landscapes,n148i_v2,jxl_e3,ms_ssim,-9.201118439421585,True
29,natural_landscapes,n148i_v2,jxl_e3,ms_ssim,1.5783195850666454,True
30,natural_landscapes,n148i_v2,jxl_e3,ms_ssim,-14.90783113893216,True
31,urban_architecture,n148i_v2,jxl_e3,ms_ssim,-6.879404033172543,True
32,urban_architecture,n148i_v2,jxl_e3,ms_ssim,0.899839690214721,True
33,urban_architecture,n148i_v2,jxl_e3,ms_ssim,-2.0771297015568346,True
34,urban_architecture,n148i_v2,jxl_e3,ms_ssim,-20.848550037766156,True
35,urban_architecture,n148i_v2,jxl_e3,ms_ssim,-7.7690540472543645,True
36,urban_architecture,n148i_v2,jxl_e3,ms_ssim,-1.6767424689926758,True
37,urban_architecture,n148i_v2,jxl_e3,ms_ssim,-6.995285897215431,True
38,urban_architecture,n148i_v2,jxl_e3,ms_ssim,-6.4384434933722705,True
39,urban_architecture,n148i_v2,jxl_e3,ms_ssim,2.1263934166043885,True
40,urban_architecture,n148i_v2,jxl_e3,ms_ssim,-0.704112834849846,True
41,urban_architecture,n148i_v2,jxl_e3,ms_ssim,-5.1009367780691655,True
42,urban_architecture,n148i_v2,jxl_e3,ms_ssim,-2.060795771890289,True
43,urban_architecture,n148i_v2,jxl_e3,ms_ssim,-4.8267896561789865,True
44,urban_architecture,n148i_v2,jxl_e3,ms_ssim,-3.964493243402867,True
45,urban_architecture,n148i_v2,jxl_e3,ms_ssim,-4.060529754001441,True
46,high_frequency_textures,n148i_v2,jxl_e3,ms_ssim,-7.22716131234683,True
47,high_frequency_textures,n148i_v2,jxl_e3,ms_ssim,1.6504101008009364,True
48,high_frequency_textures,n148i_v2,jxl_e3,ms_ssim,-6.134736534304663,True
49,high_frequency_textures,n148i_v2,jxl_e3,ms_ssim,-3.515559333491758,True
50,high_frequency_textures,n148i_v2,jxl_e3,ms_ssim,-6.995377772224575,True
51,high_frequency_textures,n148i_v2,jxl_e3,ms_ssim,11.64748591364917,True
52,high_frequency_textures,n148i_v2,jxl_e3,ms_ssim,7.76447658357049,True
53,high_frequency_textures,n148i_v2,jxl_e3,ms_ssim,1.5041054525384734,True
54,high_frequency_textures,n148i_v2,jxl_e3,ms_ssim,6.5074712101749865,True
55,high_frequency_textures,n148i_v2,jxl_e3,ms_ssim,-0.004714956530882386,True
56,high_frequency_textures,n148i_v2,jxl_e3,ms_ssim,5.836454497322174,True
57,high_frequency_textures,n148i_v2,jxl_e3,ms_ssim,-2.9354688426492026,True
58,high_frequency_textures,n148i_v2,jxl_e3,ms_ssim,-7.612797454418018,True
59,high_frequency_textures,n148i_v2,jxl_e3,ms_ssim,-20.39096054707905,True
60,high_frequency_textures,n148i_v2,jxl_e3,ms_ssim,-18.073306934315347,True
61,smooth_surfaces_gradients,n148i_v2,jxl_e3,ms_ssim,-2.234285941191616,True
62,smooth_surfaces_gradients,n148i_v2,jxl_e3,ms_ssim,-2.640061256627857,True
63,smooth_surfaces_gradients,n148i_v2,jxl_e3,ms_ssim,-10.184144451641385,True
64,smooth_surfaces_gradients,n148i_v2,jxl_e3,ms_ssim,-21.19232936026283,True
65,smooth_surfaces_gradients,n148i_v2,jxl_e3,ms_ssim,2.9537798806511306,True
66,smooth_surfaces_gradients,n148i_v2,jxl_e3,ms_ssim,-0.3924163879798104,True
67,smooth_surfaces_gradients,n148i_v2,jxl_e3,ms_ssim,4.6938805013678975,True
68,smooth_surfaces_gradients,n148i_v2,jxl_e3,ms_ssim,11.366277913176702,True
69,smooth_surfaces_gradients,n148i_v2,jxl_e3,ms_ssim,1.1135435073323707,True
70,smooth_surfaces_gradients,n148i_v2,jxl_e3,ms_ssim,10.001299983083944,True
71,smooth_surfaces_gradients,n148i_v2,jxl_e3,ms_ssim,-50.009492527296274,True
72,smooth_surfaces_gradients,n148i_v2,jxl_e3,ms_ssim,9.684126065279731,True
73,smooth_surfaces_gradients,n148i_v2,jxl_e3,ms_ssim,-33.98704475301961,True
74,smooth_surfaces_gradients,n148i_v2,jxl_e3,ms_ssim,2.2139139120679774,True
75,smooth_surfaces_gradients,n148i_v2,jxl_e3,ms_ssim,4.326320792496929,True
76,fine_detail,n148i_v2,jxl_e3,ms_ssim,-31.371312635406134,True
77,fine_detail,n148i_v2,jxl_e3,ms_ssim,-12.847480109172704,True
78,fine_detail,n148i_v2,jxl_e3,ms_ssim,-7.1744535434946854,True
79,fine_detail,n148i_v2,jxl_e3,ms_ssim,-11.294921877436115,True
80,fine_detail,n148i_v2,jxl_e3,ms_ssim,2.40760893706784,True
81,fine_detail,n148i_v2,jxl_e3,ms_ssim,-3.170822570099674,True
82,fine_detail,n148i_v2,jxl_e3,ms_ssim,-2.511553295476343,True
83,fine_detail,n148i_v2,jxl_e3,ms_ssim,-10.976894159148321,True
84,fine_detail,n148i_v2,jxl_e3,ms_ssim,-4.86421866954373,True
85,fine_detail,n148i_v2,jxl_e3,ms_ssim,-10.511392791195052,True
86,fine_detail,n148i_v2,jxl_e3,ms_ssim,23.48534516496268,True
87,fine_detail,n148i_v2,jxl_e3,ms_ssim,-15.405981812115922,True
88,fine_detail,n148i_v2,jxl_e3,ms_ssim,-72.81090461320285,True
89,fine_detail,n148i_v2,jxl_e3,ms_ssim,-27.07364934275859,True
90,fine_detail,n148i_v2,jxl_e3,ms_ssim,-16.91712423424804,True
91,text_sharp_edges,n148i_v2,jxl_e3,ms_ssim,-16.14805532884572,True
92,text_sharp_edges,n148i_v2,jxl_e3,ms_ssim,-2.6756992597430918,True
93,text_sharp_edges,n148i_v2,jxl_e3,ms_ssim,-55.53554398256808,True
94,text_sharp_edges,n148i_v2,jxl_e3,ms_ssim,-5.340792853952103,True
95,text_sharp_edges,n148i_v2,jxl_e3,ms_ssim,-17.33571075547433,True
96,text_sharp_edges,n148i_v2,jxl_e3,ms_ssim,-1.923820108799923,True
97,text_sharp_edges,n148i_v2,jxl_e3,ms_ssim,-17.265911177109427,True
98,text_sharp_edges,n148i_v2,jxl_e3,ms_ssim,3.280935192463841,True
99,text_sharp_edges,n148i_v2,jxl_e3,ms_ssim,-24.863308055825918,True
100,text_sharp_edges,n148i_v2,jxl_e3,ms_ssim,-14.661963943219924,True
101,text_sharp_edges,n148i_v2,jxl_e3,ms_ssim,5.525553366833402,True
102,text_sharp_edges,n148i_v2,jxl_e3,ms_ssim,-7.47507782201845,True
103,text_sharp_edges,n148i_v2,jxl_e3,ms_ssim,-9.897815881027173,True
104,text_sharp_edges,n148i_v2,jxl_e3,ms_ssim,-7.930856896578953,True
105,text_sharp_edges,n148i_v2,jxl_e3,ms_ssim,-0.052492073537868666,True
106,saturated_desaturated_colors,n148i_v2,jxl_e3,ms_ssim,-30.246096998507955,True
107,saturated_desaturated_colors,n148i_v2,jxl_e3,ms_ssim,-13.083215854415153,True
108,saturated_desaturated_colors,n148i_v2,jxl_e3,ms_ssim,-11.57777350078396,True
109,saturated_desaturated_colors,n148i_v2,jxl_e3,ms_ssim,2.701895075660654,True
110,saturated_desaturated_colors,n148i_v2,jxl_e3,ms_ssim,-28.013025762790743,True
111,saturated_desaturated_colors,n148i_v2,jxl_e3,ms_ssim,-2.7083407661958714,True
112,saturated_desaturated_colors,n148i_v2,jxl_e3,ms_ssim,-8.474669006994773,True
113,saturated_desaturated_colors,n148i_v2,jxl_e3,ms_ssim,-7.322414851243842,True
114,saturated_desaturated_colors,n148i_v2,jxl_e3,ms_ssim,6.4376922510852586,True
115,saturated_desaturated_colors,n148i_v2,jxl_e3,ms_ssim,-1.0285129823345396,True
116,saturated_desaturated_colors,n148i_v2,jxl_e3,ms_ssim,3.5399201455152296,True
117,saturated_desaturated_colors,n148i_v2,jxl_e3,ms_ssim,-3.4710100398004595,True
118,saturated_desaturated_colors,n148i_v2,jxl_e3,ms_ssim,-48.31616498358776,True
119,saturated_desaturated_colors,n148i_v2,jxl_e3,ms_ssim,-40.818098267893,True
120,saturated_desaturated_colors,n148i_v2,jxl_e3,ms_ssim,-14.651927250984242,True
121,smooth_surfaces_gradients,n148i_v2,jxl_e3,ms_ssim,-7.699752776300706,True
122,urban_architecture,n148i_v2,jxl_e3,ms_ssim,-2.142092329161638,True
123,smooth_surfaces_gradients,n148i_v2,jxl_e3,ms_ssim,-2.5399090059715523,True
124,urban_architecture,n148i_v2,jxl_e3,ms_ssim,1.5687550711740217,True
125,fine_detail,n148i_v2,jxl_e3,ms_ssim,-3.424830740195506,True
126,natural_landscapes,n148i_v2,jxl_e3,ms_ssim,-1.3725268545412228,True
127,urban_architecture,n148i_v2,jxl_e3,ms_ssim,1.7744756969226172,True
128,text_sharp_edges,n148i_v2,jxl_e3,ms_ssim,-17.585755294041938,True
129,text_sharp_edges,n148i_v2,jxl_e3,ms_ssim,3.6225467994270844,True
130,natural_landscapes,n148i_v2,jxl_e3,ms_ssim,-6.890633005037472,True
1,historical_portraits,n148i_v2,jxl_e7,ms_ssim,2.9764521764964247,True
2,historical_portraits,n148i_v2,jxl_e7,ms_ssim,0.1742118115361846,True
3,historical_portraits,n148i_v2,jxl_e7,ms_ssim,27.78622320250421,True
4,historical_portraits,n148i_v2,jxl_e7,ms_ssim,7.007051700270273,True
5,historical_portraits,n148i_v2,jxl_e7,ms_ssim,-1.282801992252236,True
6,historical_portraits,n148i_v2,jxl_e7,ms_ssim,5.9082353065115,True
7,historical_portraits,n148i_v2,jxl_e7,ms_ssim,4.6705194979997255,True
8,historical_portraits,n148i_v2,jxl_e7,ms_ssim,0.814630398591909,True
9,historical_portraits,n148i_v2,jxl_e7,ms_ssim,1.8133234025644596,True
10,historical_portraits,n148i_v2,jxl_e7,ms_ssim,9.168933178801097,True
11,historical_portraits,n148i_v2,jxl_e7,ms_ssim,2.7487611437540638,True
12,historical_portraits,n148i_v2,jxl_e7,ms_ssim,19.77516301768578,True
13,historical_portraits,n148i_v2,jxl_e7,ms_ssim,6.21534838208242,True
14,historical_portraits,n148i_v2,jxl_e7,ms_ssim,4.034329225904143,True
15,historical_portraits,n148i_v2,jxl_e7,ms_ssim,3.5253236730880655,True
16,natural_landscapes,n148i_v2,jxl_e7,ms_ssim,4.601644681806238,True
17,natural_landscapes,n148i_v2,jxl_e7,ms_ssim,7.397812120403535,True
18,natural_landscapes,n148i_v2,jxl_e7,ms_ssim,2.8319720852420405,True
19,natural_landscapes,n148i_v2,jxl_e7,ms_ssim,1.6089612303458622,True
20,natural_landscapes,n148i_v2,jxl_e7,ms_ssim,5.7558543194670575,True
21,natural_landscapes,n148i_v2,jxl_e7,ms_ssim,2.8075236416258864,True
22,natural_landscapes,n148i_v2,jxl_e7,ms_ssim,0.03665899136198192,True
23,natural_landscapes,n148i_v2,jxl_e7,ms_ssim,7.222001794120225,True
24,natural_landscapes,n148i_v2,jxl_e7,ms_ssim,0.2398312667041047,True
25,natural_landscapes,n148i_v2,jxl_e7,ms_ssim,12.789581836624532,True
26,natural_landscapes,n148i_v2,jxl_e7,ms_ssim,-12.662323698674804,True
27,natural_landscapes,n148i_v2,jxl_e7,ms_ssim,0.45512694369855833,True
28,natural_landscapes,n148i_v2,jxl_e7,ms_ssim,-3.3565645073144856,True
29,natural_landscapes,n148i_v2,jxl_e7,ms_ssim,8.711536750010684,True
30,natural_landscapes,n148i_v2,jxl_e7,ms_ssim,-0.9367960672968079,True
31,urban_architecture,n148i_v2,jxl_e7,ms_ssim,-3.32878119199731,True
32,urban_architecture,n148i_v2,jxl_e7,ms_ssim,5.573266338535765,True
33,urban_architecture,n148i_v2,jxl_e7,ms_ssim,-7.961723340000059,True
34,urban_architecture,n148i_v2,jxl_e7,ms_ssim,-32.88493838347642,True
35,urban_architecture,n148i_v2,jxl_e7,ms_ssim,-5.497785729140913,True
36,urban_architecture,n148i_v2,jxl_e7,ms_ssim,1.873723432481622,True
37,urban_architecture,n148i_v2,jxl_e7,ms_ssim,-5.090414220412731,True
38,urban_architecture,n148i_v2,jxl_e7,ms_ssim,-1.482119419796657,True
39,urban_architecture,n148i_v2,jxl_e7,ms_ssim,0.18200375773802513,True
40,urban_architecture,n148i_v2,jxl_e7,ms_ssim,-0.2566222556318998,True
41,urban_architecture,n148i_v2,jxl_e7,ms_ssim,-1.4252078274492375,True
42,urban_architecture,n148i_v2,jxl_e7,ms_ssim,-0.30490710931661,True
43,urban_architecture,n148i_v2,jxl_e7,ms_ssim,13.898945973408882,True
44,urban_architecture,n148i_v2,jxl_e7,ms_ssim,-11.51949911320298,True
45,urban_architecture,n148i_v2,jxl_e7,ms_ssim,-3.450144826931778,True
46,high_frequency_textures,n148i_v2,jxl_e7,ms_ssim,-10.14333225980275,True
47,high_frequency_textures,n148i_v2,jxl_e7,ms_ssim,3.3184040003068516,True
48,high_frequency_textures,n148i_v2,jxl_e7,ms_ssim,-2.3013314362783976,True
49,high_frequency_textures,n148i_v2,jxl_e7,ms_ssim,7.911218383594498,True
50,high_frequency_textures,n148i_v2,jxl_e7,ms_ssim,52.69114468934573,True
51,high_frequency_textures,n148i_v2,jxl_e7,ms_ssim,12.387478794404917,True
52,high_frequency_textures,n148i_v2,jxl_e7,ms_ssim,1.2559615294444049,True
53,high_frequency_textures,n148i_v2,jxl_e7,ms_ssim,1.0434390132531446,True
54,high_frequency_textures,n148i_v2,jxl_e7,ms_ssim,1.7750685960724155,True
55,high_frequency_textures,n148i_v2,jxl_e7,ms_ssim,0.7791988922531967,True
56,high_frequency_textures,n148i_v2,jxl_e7,ms_ssim,8.618043282986388,True
57,high_frequency_textures,n148i_v2,jxl_e7,ms_ssim,8.733399847660417,True
58,high_frequency_textures,n148i_v2,jxl_e7,ms_ssim,-9.31031166041687,True
59,high_frequency_textures,n148i_v2,jxl_e7,ms_ssim,-11.136162682289608,True
60,high_frequency_textures,n148i_v2,jxl_e7,ms_ssim,-16.404645768446493,True
61,smooth_surfaces_gradients,n148i_v2,jxl_e7,ms_ssim,2.371698274592293,True
62,smooth_surfaces_gradients,n148i_v2,jxl_e7,ms_ssim,2.452691153222375,True
63,smooth_surfaces_gradients,n148i_v2,jxl_e7,ms_ssim,1.4708461554217234,True
64,smooth_surfaces_gradients,n148i_v2,jxl_e7,ms_ssim,-10.32402067884146,True
65,smooth_surfaces_gradients,n148i_v2,jxl_e7,ms_ssim,26.96807448754366,True
66,smooth_surfaces_gradients,n148i_v2,jxl_e7,ms_ssim,-1.1202867388573234,True
67,smooth_surfaces_gradients,n148i_v2,jxl_e7,ms_ssim,19.760749921430087,True
68,smooth_surfaces_gradients,n148i_v2,jxl_e7,ms_ssim,6.64091649381271,True
69,smooth_surfaces_gradients,n148i_v2,jxl_e7,ms_ssim,7.144199127482631,True
70,smooth_surfaces_gradients,n148i_v2,jxl_e7,ms_ssim,17.944988532602824,True
71,smooth_surfaces_gradients,n148i_v2,jxl_e7,ms_ssim,-35.74653462507179,True
72,smooth_surfaces_gradients,n148i_v2,jxl_e7,ms_ssim,8.183108216199454,True
73,smooth_surfaces_gradients,n148i_v2,jxl_e7,ms_ssim,-8.023301255203874,True
74,smooth_surfaces_gradients,n148i_v2,jxl_e7,ms_ssim,6.171299832032107,True
75,smooth_surfaces_gradients,n148i_v2,jxl_e7,ms_ssim,42.12548301428718,True
76,fine_detail,n148i_v2,jxl_e7,ms_ssim,-14.67084138286685,True
77,fine_detail,n148i_v2,jxl_e7,ms_ssim,-19.416801998772716,True
78,fine_detail,n148i_v2,jxl_e7,ms_ssim,-7.221657288583716,True
79,fine_detail,n148i_v2,jxl_e7,ms_ssim,-16.473792279877173,True
80,fine_detail,n148i_v2,jxl_e7,ms_ssim,7.831450253991568,True
81,fine_detail,n148i_v2,jxl_e7,ms_ssim,-2.695438656703486,True
82,fine_detail,n148i_v2,jxl_e7,ms_ssim,11.812875661921263,True
83,fine_detail,n148i_v2,jxl_e7,ms_ssim,-11.199260654761932,True
84,fine_detail,n148i_v2,jxl_e7,ms_ssim,-16.486682875361335,True
85,fine_detail,n148i_v2,jxl_e7,ms_ssim,-21.651545415657168,True
86,fine_detail,n148i_v2,jxl_e7,ms_ssim,10.69659158328189,True
87,fine_detail,n148i_v2,jxl_e7,ms_ssim,-16.948865344106224,True
88,fine_detail,n148i_v2,jxl_e7,ms_ssim,-31.82426449532798,True
89,fine_detail,n148i_v2,jxl_e7,ms_ssim,-35.687651955405286,True
90,fine_detail,n148i_v2,jxl_e7,ms_ssim,-6.9491772413235235,True
91,text_sharp_edges,n148i_v2,jxl_e7,ms_ssim,-6.442646689479393,True
92,text_sharp_edges,n148i_v2,jxl_e7,ms_ssim,-3.118744454831679,True
93,text_sharp_edges,n148i_v2,jxl_e7,ms_ssim,-54.27287129996764,True
94,text_sharp_edges,n148i_v2,jxl_e7,ms_ssim,-0.5848847355427234,True
95,text_sharp_edges,n148i_v2,jxl_e7,ms_ssim,-0.17683297161925626,True
96,text_sharp_edges,n148i_v2,jxl_e7,ms_ssim,-10.208472933668645,True
97,text_sharp_edges,n148i_v2,jxl_e7,ms_ssim,-0.014669388345567302,True
98,text_sharp_edges,n148i_v2,jxl_e7,ms_ssim,1.8987472336185363,True
99,text_sharp_edges,n148i_v2,jxl_e7,ms_ssim,-14.518856605198028,True
100,text_sharp_edges,n148i_v2,jxl_e7,ms_ssim,-3.9734181468859875,True
101,text_sharp_edges,n148i_v2,jxl_e7,ms_ssim,14.73404444487667,True
102,text_sharp_edges,n148i_v2,jxl_e7,ms_ssim,1.931515284894414,True
103,text_sharp_edges,n148i_v2,jxl_e7,ms_ssim,9.11192724109442,True
104,text_sharp_edges,n148i_v2,jxl_e7,ms_ssim,7.575038604643658,True
105,text_sharp_edges,n148i_v2,jxl_e7,ms_ssim,1.54462055265141,True
106,saturated_desaturated_colors,n148i_v2,jxl_e7,ms_ssim,-27.29277079946778,True
107,saturated_desaturated_colors,n148i_v2,jxl_e7,ms_ssim,-10.677778437841534,True
108,saturated_desaturated_colors,n148i_v2,jxl_e7,ms_ssim,-11.113012380232645,True
109,saturated_desaturated_colors,n148i_v2,jxl_e7,ms_ssim,11.969060288249555,True
110,saturated_desaturated_colors,n148i_v2,jxl_e7,ms_ssim,-3.398892548346766,True
111,saturated_desaturated_colors,n148i_v2,jxl_e7,ms_ssim,1.3093547814373885,True
112,saturated_desaturated_colors,n148i_v2,jxl_e7,ms_ssim,-0.44928660151244415,True
113,saturated_desaturated_colors,n148i_v2,jxl_e7,ms_ssim,-1.2032176958094776,True
114,saturated_desaturated_colors,n148i_v2,jxl_e7,ms_ssim,1.5698264798375883,True
115,saturated_desaturated_colors,n148i_v2,jxl_e7,ms_ssim,6.901067835378982,True
116,saturated_desaturated_colors,n148i_v2,jxl_e7,ms_ssim,5.067212569459811,True
117,saturated_desaturated_colors,n148i_v2,jxl_e7,ms_ssim,6.622004204785359,True
118,saturated_desaturated_colors,n148i_v2,jxl_e7,ms_ssim,-48.11121408882711,True
119,saturated_desaturated_colors,n148i_v2,jxl_e7,ms_ssim,-37.8460111657962,True
120,saturated_desaturated_colors,n148i_v2,jxl_e7,ms_ssim,-5.666450722305627,True
121,smooth_surfaces_gradients,n148i_v2,jxl_e7,ms_ssim,7.873947031679163,True
122,urban_architecture,n148i_v2,jxl_e7,ms_ssim,1.439432429586085,True
123,smooth_surfaces_gradients,n148i_v2,jxl_e7,ms_ssim,12.67416792450009,True
124,urban_architecture,n148i_v2,jxl_e7,ms_ssim,5.624692509412155,True
125,fine_detail,n148i_v2,jxl_e7,ms_ssim,4.813453213876695,True
126,natural_landscapes,n148i_v2,jxl_e7,ms_ssim,11.585138335721501,True
127,urban_architecture,n148i_v2,jxl_e7,ms_ssim,0.36360292070909406,True
128,text_sharp_edges,n148i_v2,jxl_e7,ms_ssim,-9.890230381051468,True
129,text_sharp_edges,n148i_v2,jxl_e7,ms_ssim,-1.7540698199764448,True
130,natural_landscapes,n148i_v2,jxl_e7,ms_ssim,-0.09172988108824276,True
1,historical_portraits,n148i_v1,webp_m6,ssimulacra2,11.428666688214651,True
2,historical_portraits,n148i_v1,webp_m6,ssimulacra2,31.405753622878564,True
3,historical_portraits,n148i_v1,webp_m6,ssimulacra2,27.565457816963356,True
4,historical_portraits,n148i_v1,webp_m6,ssimulacra2,-1.6570882912025686,True
5,historical_portraits,n148i_v1,webp_m6,ssimulacra2,14.801231338702593,True
6,historical_portraits,n148i_v1,webp_m6,ssimulacra2,19.01656098424789,True
7,historical_portraits,n148i_v1,webp_m6,ssimulacra2,25.9146626545804,True
8,historical_portraits,n148i_v1,webp_m6,ssimulacra2,27.69538785358201,True
9,historical_portraits,n148i_v1,webp_m6,ssimulacra2,17.773260048138305,True
10,historical_portraits,n148i_v1,webp_m6,ssimulacra2,7.2761606723931616,True
11,historical_portraits,n148i_v1,webp_m6,ssimulacra2,33.48148227837338,True
12,historical_portraits,n148i_v1,webp_m6,ssimulacra2,75.52390630902501,True
13,historical_portraits,n148i_v1,webp_m6,ssimulacra2,23.10270238164851,True
14,historical_portraits,n148i_v1,webp_m6,ssimulacra2,62.7339203433694,True
15,historical_portraits,n148i_v1,webp_m6,ssimulacra2,75.14851189380629,True
16,natural_landscapes,n148i_v1,webp_m6,ssimulacra2,19.38746943447347,True
17,natural_landscapes,n148i_v1,webp_m6,ssimulacra2,11.387036270113505,True
18,natural_landscapes,n148i_v1,webp_m6,ssimulacra2,21.605988411782917,True
19,natural_landscapes,n148i_v1,webp_m6,ssimulacra2,19.783196443218685,True
20,natural_landscapes,n148i_v1,webp_m6,ssimulacra2,8.77970689833283,True
21,natural_landscapes,n148i_v1,webp_m6,ssimulacra2,20.645551594291867,True
22,natural_landscapes,n148i_v1,webp_m6,ssimulacra2,3.1277216791147033,True
23,natural_landscapes,n148i_v1,webp_m6,ssimulacra2,24.490108570335643,True
24,natural_landscapes,n148i_v1,webp_m6,ssimulacra2,6.931393647084572,True
25,natural_landscapes,n148i_v1,webp_m6,ssimulacra2,25.45530040395052,True
26,natural_landscapes,n148i_v1,webp_m6,ssimulacra2,7.5721833309799536,True
27,natural_landscapes,n148i_v1,webp_m6,ssimulacra2,13.255278586657514,True
28,natural_landscapes,n148i_v1,webp_m6,ssimulacra2,47.038566845619286,True
29,natural_landscapes,n148i_v1,webp_m6,ssimulacra2,11.881111201592454,True
30,natural_landscapes,n148i_v1,webp_m6,ssimulacra2,14.20452884656318,True
31,urban_architecture,n148i_v1,webp_m6,ssimulacra2,28.830340047542833,True
32,urban_architecture,n148i_v1,webp_m6,ssimulacra2,16.722542068791956,True
33,urban_architecture,n148i_v1,webp_m6,ssimulacra2,19.29077439453346,True
34,urban_architecture,n148i_v1,webp_m6,ssimulacra2,33.453105016287154,True
35,urban_architecture,n148i_v1,webp_m6,ssimulacra2,25.32323809232906,True
36,urban_architecture,n148i_v1,webp_m6,ssimulacra2,33.69795386133028,True
37,urban_architecture,n148i_v1,webp_m6,ssimulacra2,16.978071217110546,True
38,urban_architecture,n148i_v1,webp_m6,ssimulacra2,25.13705794638499,True
39,urban_architecture,n148i_v1,webp_m6,ssimulacra2,18.677577125928725,True
40,urban_architecture,n148i_v1,webp_m6,ssimulacra2,9.812848323569746,True
41,urban_architecture,n148i_v1,webp_m6,ssimulacra2,32.494551986837486,True
42,urban_architecture,n148i_v1,webp_m6,ssimulacra2,31.262171930936212,True
43,urban_architecture,n148i_v1,webp_m6,ssimulacra2,42.40163908457744,True
44,urban_architecture,n148i_v1,webp_m6,ssimulacra2,14.158111404692008,True
45,urban_architecture,n148i_v1,webp_m6,ssimulacra2,6.383866050595444,True
46,high_frequency_textures,n148i_v1,webp_m6,ssimulacra2,-14.112625423371295,True
47,high_frequency_textures,n148i_v1,webp_m6,ssimulacra2,4.378701558747999,True
48,high_frequency_textures,n148i_v1,webp_m6,ssimulacra2,-6.06780796626234,True
49,high_frequency_textures,n148i_v1,webp_m6,ssimulacra2,4.426213836323001,True
50,high_frequency_textures,n148i_v1,webp_m6,ssimulacra2,-5.985935980614309,True
51,high_frequency_textures,n148i_v1,webp_m6,ssimulacra2,-7.537074634832075,True
52,high_frequency_textures,n148i_v1,webp_m6,ssimulacra2,10.631704041413448,True
53,high_frequency_textures,n148i_v1,webp_m6,ssimulacra2,2.97465003351729,True
54,high_frequency_textures,n148i_v1,webp_m6,ssimulacra2,1.1853719388489559,True
55,high_frequency_textures,n148i_v1,webp_m6,ssimulacra2,-5.310173995181144,True
56,high_frequency_textures,n148i_v1,webp_m6,ssimulacra2,-9.663201066190085,True
57,high_frequency_textures,n148i_v1,webp_m6,ssimulacra2,-5.961575952059295,True
58,high_frequency_textures,n148i_v1,webp_m6,ssimulacra2,20.750618224361126,True
59,high_frequency_textures,n148i_v1,webp_m6,ssimulacra2,20.47159923073192,True
60,high_frequency_textures,n148i_v1,webp_m6,ssimulacra2,18.866126663282223,True
61,smooth_surfaces_gradients,n148i_v1,webp_m6,ssimulacra2,48.87494754301345,True
62,smooth_surfaces_gradients,n148i_v1,webp_m6,ssimulacra2,55.413315030927166,True
63,smooth_surfaces_gradients,n148i_v1,webp_m6,ssimulacra2,48.751539176445306,True
64,smooth_surfaces_gradients,n148i_v1,webp_m6,ssimulacra2,22.447938568965785,True
65,smooth_surfaces_gradients,n148i_v1,webp_m6,ssimulacra2,20.20602009954051,True
66,smooth_surfaces_gradients,n148i_v1,webp_m6,ssimulacra2,10.071059348344535,True
67,smooth_surfaces_gradients,n148i_v1,webp_m6,ssimulacra2,8.771840783518225,True
68,smooth_surfaces_gradients,n148i_v1,webp_m6,ssimulacra2,31.118669543615663,True
69,smooth_surfaces_gradients,n148i_v1,webp_m6,ssimulacra2,12.012398117367095,True
70,smooth_surfaces_gradients,n148i_v1,webp_m6,ssimulacra2,15.743563524996018,True
71,smooth_surfaces_gradients,n148i_v1,webp_m6,ssimulacra2,36.132864741001704,True
72,smooth_surfaces_gradients,n148i_v1,webp_m6,ssimulacra2,10.515682802156757,True
73,smooth_surfaces_gradients,n148i_v1,webp_m6,ssimulacra2,85.80510999881446,True
74,smooth_surfaces_gradients,n148i_v1,webp_m6,ssimulacra2,64.39960469263465,True
75,smooth_surfaces_gradients,n148i_v1,webp_m6,ssimulacra2,67.08583252238122,True
76,fine_detail,n148i_v1,webp_m6,ssimulacra2,36.15648975500121,True
77,fine_detail,n148i_v1,webp_m6,ssimulacra2,14.362271364837875,True
78,fine_detail,n148i_v1,webp_m6,ssimulacra2,16.13541326947143,True
79,fine_detail,n148i_v1,webp_m6,ssimulacra2,13.718639864434778,True
80,fine_detail,n148i_v1,webp_m6,ssimulacra2,3.4717389927381825,True
81,fine_detail,n148i_v1,webp_m6,ssimulacra2,5.363449957820632,True
82,fine_detail,n148i_v1,webp_m6,ssimulacra2,10.76013274416454,True
83,fine_detail,n148i_v1,webp_m6,ssimulacra2,41.9031804953244,True
84,fine_detail,n148i_v1,webp_m6,ssimulacra2,-6.922092728756302,True
85,fine_detail,n148i_v1,webp_m6,ssimulacra2,17.219942265798128,True
86,fine_detail,n148i_v1,webp_m6,ssimulacra2,8.886107396062414,True
87,fine_detail,n148i_v1,webp_m6,ssimulacra2,24.13013460122524,True
88,fine_detail,n148i_v1,webp_m6,ssimulacra2,41.59475515539124,True
89,fine_detail,n148i_v1,webp_m6,ssimulacra2,13.645854315785133,True
90,fine_detail,n148i_v1,webp_m6,ssimulacra2,29.762287947235343,True
91,text_sharp_edges,n148i_v1,webp_m6,ssimulacra2,112.42848614252496,True
92,text_sharp_edges,n148i_v1,webp_m6,ssimulacra2,18.38614876751159,True
93,text_sharp_edges,n148i_v1,webp_m6,ssimulacra2,127.40778020379615,True
94,text_sharp_edges,n148i_v1,webp_m6,ssimulacra2,33.52162665581622,True
95,text_sharp_edges,n148i_v1,webp_m6,ssimulacra2,82.6032723894871,True
96,text_sharp_edges,n148i_v1,webp_m6,ssimulacra2,17.56710024474406,True
97,text_sharp_edges,n148i_v1,webp_m6,ssimulacra2,87.3525085946635,True
98,text_sharp_edges,n148i_v1,webp_m6,ssimulacra2,91.00739262549607,True
99,text_sharp_edges,n148i_v1,webp_m6,ssimulacra2,76.77508679492422,True
100,text_sharp_edges,n148i_v1,webp_m6,ssimulacra2,116.82399131827977,True
101,text_sharp_edges,n148i_v1,webp_m6,ssimulacra2,64.24262851241029,True
102,text_sharp_edges,n148i_v1,webp_m6,ssimulacra2,40.189078732382264,True
103,text_sharp_edges,n148i_v1,webp_m6,ssimulacra2,51.96492007109299,True
104,text_sharp_edges,n148i_v1,webp_m6,ssimulacra2,52.688055442805634,True
105,text_sharp_edges,n148i_v1,webp_m6,ssimulacra2,19.557021069431045,True
106,saturated_desaturated_colors,n148i_v1,webp_m6,ssimulacra2,22.13008028915684,True
107,saturated_desaturated_colors,n148i_v1,webp_m6,ssimulacra2,-5.34454054625868,True
108,saturated_desaturated_colors,n148i_v1,webp_m6,ssimulacra2,22.37322466763856,True
109,saturated_desaturated_colors,n148i_v1,webp_m6,ssimulacra2,58.93430073201047,True
110,saturated_desaturated_colors,n148i_v1,webp_m6,ssimulacra2,60.52265263515031,True
111,saturated_desaturated_colors,n148i_v1,webp_m6,ssimulacra2,64.13945990160637,True
112,saturated_desaturated_colors,n148i_v1,webp_m6,ssimulacra2,15.125532086129233,True
113,saturated_desaturated_colors,n148i_v1,webp_m6,ssimulacra2,26.136383232415827,True
114,saturated_desaturated_colors,n148i_v1,webp_m6,ssimulacra2,19.94475905222679,True
115,saturated_desaturated_colors,n148i_v1,webp_m6,ssimulacra2,6.870801773992796,True
116,saturated_desaturated_colors,n148i_v1,webp_m6,ssimulacra2,41.59726569758067,True
117,saturated_desaturated_colors,n148i_v1,webp_m6,ssimulacra2,112.99378402014652,True
118,saturated_desaturated_colors,n148i_v1,webp_m6,ssimulacra2,36.550392628953986,True
119,saturated_desaturated_colors,n148i_v1,webp_m6,ssimulacra2,35.011349961404605,True
120,saturated_desaturated_colors,n148i_v1,webp_m6,ssimulacra2,21.89716049577568,True
121,smooth_surfaces_gradients,n148i_v1,webp_m6,ssimulacra2,36.34404589995539,True
122,urban_architecture,n148i_v1,webp_m6,ssimulacra2,29.84266268569,True
123,smooth_surfaces_gradients,n148i_v1,webp_m6,ssimulacra2,30.106928425808622,True
124,urban_architecture,n148i_v1,webp_m6,ssimulacra2,19.59202714411843,True
125,fine_detail,n148i_v1,webp_m6,ssimulacra2,29.01548563728218,True
126,natural_landscapes,n148i_v1,webp_m6,ssimulacra2,16.90722718330249,True
127,urban_architecture,n148i_v1,webp_m6,ssimulacra2,13.660604237996044,True
128,text_sharp_edges,n148i_v1,webp_m6,ssimulacra2,45.59188972479118,True
129,text_sharp_edges,n148i_v1,webp_m6,ssimulacra2,15.424439264295774,True
130,natural_landscapes,n148i_v1,webp_m6,ssimulacra2,-0.7790162226463782,True
1,historical_portraits,n148i_v2,webp_m6,ssimulacra2,0.01533180521116062,True
2,historical_portraits,n148i_v2,webp_m6,ssimulacra2,-17.34910389950466,True
3,historical_portraits,n148i_v2,webp_m6,ssimulacra2,4.290984259277586,True
4,historical_portraits,n148i_v2,webp_m6,ssimulacra2,-3.247403622797984,True
5,historical_portraits,n148i_v2,webp_m6,ssimulacra2,-5.629465327989392,True
6,historical_portraits,n148i_v2,webp_m6,ssimulacra2,-6.73058174045752,True
7,historical_portraits,n148i_v2,webp_m6,ssimulacra2,1.7779129649372338,True
8,historical_portraits,n148i_v2,webp_m6,ssimulacra2,-4.753014498638675,True
9,historical_portraits,n148i_v2,webp_m6,ssimulacra2,-2.086435375897966,True
10,historical_portraits,n148i_v2,webp_m6,ssimulacra2,-22.702873376901266,True
11,historical_portraits,n148i_v2,webp_m6,ssimulacra2,-2.166323931309533,True
12,historical_portraits,n148i_v2,webp_m6,ssimulacra2,5.929773494286605,True
13,historical_portraits,n148i_v2,webp_m6,ssimulacra2,8.499731347219086,True
14,historical_portraits,n148i_v2,webp_m6,ssimulacra2,-6.196520316648546,True
15,historical_portraits,n148i_v2,webp_m6,ssimulacra2,9.853278351049255,True
16,natural_landscapes,n148i_v2,webp_m6,ssimulacra2,4.17695377207965,True
17,natural_landscapes,n148i_v2,webp_m6,ssimulacra2,-6.605810157149494,True
18,natural_landscapes,n148i_v2,webp_m6,ssimulacra2,-2.4555934582589756,True
19,natural_landscapes,n148i_v2,webp_m6,ssimulacra2,-4.578743000329344,True
20,natural_landscapes,n148i_v2,webp_m6,ssimulacra2,-2.868799776662856,True
21,natural_landscapes,n148i_v2,webp_m6,ssimulacra2,-1.87307047644385,True
22,natural_landscapes,n148i_v2,webp_m6,ssimulacra2,-3.747268990372743,True
23,natural_landscapes,n148i_v2,webp_m6,ssimulacra2,-3.9092960594173,True
24,natural_landscapes,n148i_v2,webp_m6,ssimulacra2,-6.148187736082789,True
25,natural_landscapes,n148i_v2,webp_m6,ssimulacra2,-4.571639827600505,True
26,natural_landscapes,n148i_v2,webp_m6,ssimulacra2,2.486410532048633,True
27,natural_landscapes,n148i_v2,webp_m6,ssimulacra2,4.16369980581448,True
28,natural_landscapes,n148i_v2,webp_m6,ssimulacra2,-7.334614600683887,True
29,natural_landscapes,n148i_v2,webp_m6,ssimulacra2,0.06299764352324377,True
30,natural_landscapes,n148i_v2,webp_m6,ssimulacra2,-15.52060014722807,True
31,urban_architecture,n148i_v2,webp_m6,ssimulacra2,-1.4763100284644781,True
32,urban_architecture,n148i_v2,webp_m6,ssimulacra2,-0.23720942299472192,True
33,urban_architecture,n148i_v2,webp_m6,ssimulacra2,-2.0226804055426983,True
34,urban_architecture,n148i_v2,webp_m6,ssimulacra2,0.027472041944065495,True
35,urban_architecture,n148i_v2,webp_m6,ssimulacra2,-6.070811565388889,True
36,urban_architecture,n148i_v2,webp_m6,ssimulacra2,2.325274063325322,True
37,urban_architecture,n148i_v2,webp_m6,ssimulacra2,-1.9716264786276971,True
38,urban_architecture,n148i_v2,webp_m6,ssimulacra2,0.2798657492029122,True
39,urban_architecture,n148i_v2,webp_m6,ssimulacra2,-2.789131973051162,True
40,urban_architecture,n148i_v2,webp_m6,ssimulacra2,1.7062538850585396,True
41,urban_architecture,n148i_v2,webp_m6,ssimulacra2,0.8667156552200073,True
42,urban_architecture,n148i_v2,webp_m6,ssimulacra2,-1.3399197230974491,True
43,urban_architecture,n148i_v2,webp_m6,ssimulacra2,-6.394985976584799,True
44,urban_architecture,n148i_v2,webp_m6,ssimulacra2,-5.7352016624863555,True
45,urban_architecture,n148i_v2,webp_m6,ssimulacra2,-9.202941622597127,True
46,high_frequency_textures,n148i_v2,webp_m6,ssimulacra2,1.2274524798995268,True
47,high_frequency_textures,n148i_v2,webp_m6,ssimulacra2,5.176327389221935,True
48,high_frequency_textures,n148i_v2,webp_m6,ssimulacra2,2.422103197218539,True
49,high_frequency_textures,n148i_v2,webp_m6,ssimulacra2,-3.562722022558651,True
50,high_frequency_textures,n148i_v2,webp_m6,ssimulacra2,-5.7571839899768555,True
51,high_frequency_textures,n148i_v2,webp_m6,ssimulacra2,1.4270369076666123,True
52,high_frequency_textures,n148i_v2,webp_m6,ssimulacra2,-0.7701371619580732,True
53,high_frequency_textures,n148i_v2,webp_m6,ssimulacra2,-5.424763576316094,True
54,high_frequency_textures,n148i_v2,webp_m6,ssimulacra2,-7.689237238728063,True
55,high_frequency_textures,n148i_v2,webp_m6,ssimulacra2,-18.090070972999918,True
56,high_frequency_textures,n148i_v2,webp_m6,ssimulacra2,-3.1467599735535035,True
57,high_frequency_textures,n148i_v2,webp_m6,ssimulacra2,-9.231127531626093,True
58,high_frequency_textures,n148i_v2,webp_m6,ssimulacra2,-0.8426112191732948,True
59,high_frequency_textures,n148i_v2,webp_m6,ssimulacra2,-9.759718002683526,True
60,high_frequency_textures,n148i_v2,webp_m6,ssimulacra2,-5.138365780141118,True
61,smooth_surfaces_gradients,n148i_v2,webp_m6,ssimulacra2,-7.777204495258161,True
62,smooth_surfaces_gradients,n148i_v2,webp_m6,ssimulacra2,-10.185099561703726,True
63,smooth_surfaces_gradients,n148i_v2,webp_m6,ssimulacra2,-7.8776766253132795,True
64,smooth_surfaces_gradients,n148i_v2,webp_m6,ssimulacra2,-3.383851300838936,True
65,smooth_surfaces_gradients,n148i_v2,webp_m6,ssimulacra2,-3.520532666277121,True
66,smooth_surfaces_gradients,n148i_v2,webp_m6,ssimulacra2,-10.901922678267251,True
67,smooth_surfaces_gradients,n148i_v2,webp_m6,ssimulacra2,-8.231711584262424,True
68,smooth_surfaces_gradients,n148i_v2,webp_m6,ssimulacra2,8.196702982895744,True
69,smooth_surfaces_gradients,n148i_v2,webp_m6,ssimulacra2,-11.939255042858898,True
70,smooth_surfaces_gradients,n148i_v2,webp_m6,ssimulacra2,-1.916255571278458,True
71,smooth_surfaces_gradients,n148i_v2,webp_m6,ssimulacra2,-2.597867901200812,True
72,smooth_surfaces_gradients,n148i_v2,webp_m6,ssimulacra2,3.1809368826173134,True
73,smooth_surfaces_gradients,n148i_v2,webp_m6,ssimulacra2,-29.810961177858296,True
74,smooth_surfaces_gradients,n148i_v2,webp_m6,ssimulacra2,-3.783162446918531,True
75,smooth_surfaces_gradients,n148i_v2,webp_m6,ssimulacra2,-2.272297304635551,True
76,fine_detail,n148i_v2,webp_m6,ssimulacra2,-1.076007518251687,True
77,fine_detail,n148i_v2,webp_m6,ssimulacra2,0.5395548383649418,True
78,fine_detail,n148i_v2,webp_m6,ssimulacra2,3.642966396398295,True
79,fine_detail,n148i_v2,webp_m6,ssimulacra2,0.3824610280318552,True
80,fine_detail,n148i_v2,webp_m6,ssimulacra2,-6.040657572610375,True
81,fine_detail,n148i_v2,webp_m6,ssimulacra2,-7.711889716580911,True
82,fine_detail,n148i_v2,webp_m6,ssimulacra2,-5.906926927441747,True
83,fine_detail,n148i_v2,webp_m6,ssimulacra2,2.972776771963037,True
84,fine_detail,n148i_v2,webp_m6,ssimulacra2,-10.808241124736284,True
85,fine_detail,n148i_v2,webp_m6,ssimulacra2,-2.1764892686189197,True
86,fine_detail,n148i_v2,webp_m6,ssimulacra2,4.634258309419148,True
87,fine_detail,n148i_v2,webp_m6,ssimulacra2,-0.9409053760872532,True
88,fine_detail,n148i_v2,webp_m6,ssimulacra2,-13.016879787372293,True
89,fine_detail,n148i_v2,webp_m6,ssimulacra2,-5.473728385759157,True
90,fine_detail,n148i_v2,webp_m6,ssimulacra2,-7.799622623399694,True
91,text_sharp_edges,n148i_v2,webp_m6,ssimulacra2,17.355837881237424,True
92,text_sharp_edges,n148i_v2,webp_m6,ssimulacra2,2.50798304059181,True
93,text_sharp_edges,n148i_v2,webp_m6,ssimulacra2,16.327127296319244,True
94,text_sharp_edges,n148i_v2,webp_m6,ssimulacra2,-6.734287395253058,True
95,text_sharp_edges,n148i_v2,webp_m6,ssimulacra2,16.112756604552825,True
96,text_sharp_edges,n148i_v2,webp_m6,ssimulacra2,2.7034307847033423,True
97,text_sharp_edges,n148i_v2,webp_m6,ssimulacra2,11.578539696674795,True
98,text_sharp_edges,n148i_v2,webp_m6,ssimulacra2,21.1682719621296,True
99,text_sharp_edges,n148i_v2,webp_m6,ssimulacra2,-5.650594323398028,True
100,text_sharp_edges,n148i_v2,webp_m6,ssimulacra2,18.363632743072422,True
101,text_sharp_edges,n148i_v2,webp_m6,ssimulacra2,-5.247557569547478,True
102,text_sharp_edges,n148i_v2,webp_m6,ssimulacra2,4.525344437947432,True
103,text_sharp_edges,n148i_v2,webp_m6,ssimulacra2,-0.8859895007173213,True
104,text_sharp_edges,n148i_v2,webp_m6,ssimulacra2,1.969764565721288,True
105,text_sharp_edges,n148i_v2,webp_m6,ssimulacra2,-4.356006062991236,True
106,saturated_desaturated_colors,n148i_v2,webp_m6,ssimulacra2,-11.235389462193691,True
107,saturated_desaturated_colors,n148i_v2,webp_m6,ssimulacra2,-10.571503945182092,True
108,saturated_desaturated_colors,n148i_v2,webp_m6,ssimulacra2,-3.1766061513954225,True
109,saturated_desaturated_colors,n148i_v2,webp_m6,ssimulacra2,9.722947206947863,True
110,saturated_desaturated_colors,n148i_v2,webp_m6,ssimulacra2,2.9261288123333173,True
111,saturated_desaturated_colors,n148i_v2,webp_m6,ssimulacra2,16.819850750934307,True
112,saturated_desaturated_colors,n148i_v2,webp_m6,ssimulacra2,-8.735237577005028,True
113,saturated_desaturated_colors,n148i_v2,webp_m6,ssimulacra2,-1.5735612798147725,True
114,saturated_desaturated_colors,n148i_v2,webp_m6,ssimulacra2,-0.9677072117670105,True
115,saturated_desaturated_colors,n148i_v2,webp_m6,ssimulacra2,-2.8524469660374585,True
116,saturated_desaturated_colors,n148i_v2,webp_m6,ssimulacra2,-10.773763276954018,True
117,saturated_desaturated_colors,n148i_v2,webp_m6,ssimulacra2,4.404581240822769,True
118,saturated_desaturated_colors,n148i_v2,webp_m6,ssimulacra2,-8.30487234402002,True
119,saturated_desaturated_colors,n148i_v2,webp_m6,ssimulacra2,-5.3997751408443655,True
120,saturated_desaturated_colors,n148i_v2,webp_m6,ssimulacra2,-12.870440555782615,True
121,smooth_surfaces_gradients,n148i_v2,webp_m6,ssimulacra2,-7.221623072514505,True
122,urban_architecture,n148i_v2,webp_m6,ssimulacra2,0.44178922796145326,True
123,smooth_surfaces_gradients,n148i_v2,webp_m6,ssimulacra2,-10.25482595155065,True
124,urban_architecture,n148i_v2,webp_m6,ssimulacra2,-1.968301247440618,True
125,fine_detail,n148i_v2,webp_m6,ssimulacra2,1.918827176872906,True
126,natural_landscapes,n148i_v2,webp_m6,ssimulacra2,-10.12592609757943,True
127,urban_architecture,n148i_v2,webp_m6,ssimulacra2,-3.3201643715958795,True
128,text_sharp_edges,n148i_v2,webp_m6,ssimulacra2,0.5360661929759702,True
129,text_sharp_edges,n148i_v2,webp_m6,ssimulacra2,1.4146717775973094,True
130,natural_landscapes,n148i_v2,webp_m6,ssimulacra2,-5.381093212321042,True
1,historical_portraits,jpeg_turbo,webp_m6,ssimulacra2,12.958491462044863,True
2,historical_portraits,jpeg_turbo,webp_m6,ssimulacra2,35.25833213316816,True
3,historical_portraits,jpeg_turbo,webp_m6,ssimulacra2,29.29849559430504,True
4,historical_portraits,jpeg_turbo,webp_m6,ssimulacra2,-0.6066750418635247,True
5,historical_portraits,jpeg_turbo,webp_m6,ssimulacra2,16.4559698204803,True
6,historical_portraits,jpeg_turbo,webp_m6,ssimulacra2,20.890073043505186,True
7,historical_portraits,jpeg_turbo,webp_m6,ssimulacra2,27.354952684510646,True
8,historical_portraits,jpeg_turbo,webp_m6,ssimulacra2,30.974195778167424,True
9,historical_portraits,jpeg_turbo,webp_m6,ssimulacra2,19.03920448054408,True
10,historical_portraits,jpeg_turbo,webp_m6,ssimulacra2,8.51499361530632,True
11,historical_portraits,jpeg_turbo,webp_m6,ssimulacra2,34.30363327765713,True
12,historical_portraits,jpeg_turbo,webp_m6,ssimulacra2,83.56940234421775,True
13,historical_portraits,jpeg_turbo,webp_m6,ssimulacra2,25.56317866623985,True
14,historical_portraits,jpeg_turbo,webp_m6,ssimulacra2,67.70231817461105,True
15,historical_portraits,jpeg_turbo,webp_m6,ssimulacra2,75.44138039960609,True
16,natural_landscapes,jpeg_turbo,webp_m6,ssimulacra2,21.627141170464736,True
17,natural_landscapes,jpeg_turbo,webp_m6,ssimulacra2,12.812623239872622,True
18,natural_landscapes,jpeg_turbo,webp_m6,ssimulacra2,24.24290441675938,True
19,natural_landscapes,jpeg_turbo,webp_m6,ssimulacra2,22.57282576980191,True
20,natural_landscapes,jpeg_turbo,webp_m6,ssimulacra2,9.772372232231197,True
21,natural_landscapes,jpeg_turbo,webp_m6,ssimulacra2,24.843433873069554,True
22,natural_landscapes,jpeg_turbo,webp_m6,ssimulacra2,5.283858430252186,True
23,natural_landscapes,jpeg_turbo,webp_m6,ssimulacra2,24.75667690886212,True
24,natural_landscapes,jpeg_turbo,webp_m6,ssimulacra2,10.187039879920402,True
25,natural_landscapes,jpeg_turbo,webp_m6,ssimulacra2,31.906081442115088,True
26,natural_landscapes,jpeg_turbo,webp_m6,ssimulacra2,8.549254821366148,True
27,natural_landscapes,jpeg_turbo,webp_m6,ssimulacra2,14.687488327526665,True
28,natural_landscapes,jpeg_turbo,webp_m6,ssimulacra2,52.53615886067724,True
29,natural_landscapes,jpeg_turbo,webp_m6,ssimulacra2,13.596269558441909,True
30,natural_landscapes,jpeg_turbo,webp_m6,ssimulacra2,17.323364494568104,True
31,urban_architecture,jpeg_turbo,webp_m6,ssimulacra2,30.554405051244473,True
32,urban_architecture,jpeg_turbo,webp_m6,ssimulacra2,18.31489399004871,True
33,urban_architecture,jpeg_turbo,webp_m6,ssimulacra2,22.91161929965493,True
34,urban_architecture,jpeg_turbo,webp_m6,ssimulacra2,36.70589861163482,True
35,urban_architecture,jpeg_turbo,webp_m6,ssimulacra2,27.305646765382228,True
36,urban_architecture,jpeg_turbo,webp_m6,ssimulacra2,35.395337826116055,True
37,urban_architecture,jpeg_turbo,webp_m6,ssimulacra2,18.450732897376643,True
38,urban_architecture,jpeg_turbo,webp_m6,ssimulacra2,26.039743724495423,True
39,urban_architecture,jpeg_turbo,webp_m6,ssimulacra2,20.12107908448366,True
40,urban_architecture,jpeg_turbo,webp_m6,ssimulacra2,11.075632804499747,True
41,urban_architecture,jpeg_turbo,webp_m6,ssimulacra2,35.50141348485079,True
42,urban_architecture,jpeg_turbo,webp_m6,ssimulacra2,32.916010290009034,True
43,urban_architecture,jpeg_turbo,webp_m6,ssimulacra2,45.46737697244636,True
44,urban_architecture,jpeg_turbo,webp_m6,ssimulacra2,14.516647231002722,True
45,urban_architecture,jpeg_turbo,webp_m6,ssimulacra2,7.924955887189955,True
46,high_frequency_textures,jpeg_turbo,webp_m6,ssimulacra2,-12.951435261493948,True
47,high_frequency_textures,jpeg_turbo,webp_m6,ssimulacra2,5.2151056901491355,True
48,high_frequency_textures,jpeg_turbo,webp_m6,ssimulacra2,-5.184252364469632,True
49,high_frequency_textures,jpeg_turbo,webp_m6,ssimulacra2,6.5848396646623675,True
50,high_frequency_textures,jpeg_turbo,webp_m6,ssimulacra2,-4.790408406039237,True
51,high_frequency_textures,jpeg_turbo,webp_m6,ssimulacra2,-6.57969993009403,True
52,high_frequency_textures,jpeg_turbo,webp_m6,ssimulacra2,11.214759022295118,True
53,high_frequency_textures,jpeg_turbo,webp_m6,ssimulacra2,3.6170546807973825,True
54,high_frequency_textures,jpeg_turbo,webp_m6,ssimulacra2,1.833309754111312,True
55,high_frequency_textures,jpeg_turbo,webp_m6,ssimulacra2,-3.0833485670149985,True
56,high_frequency_textures,jpeg_turbo,webp_m6,ssimulacra2,-8.806941174317817,True
57,high_frequency_textures,jpeg_turbo,webp_m6,ssimulacra2,-5.224570797156236,True
58,high_frequency_textures,jpeg_turbo,webp_m6,ssimulacra2,22.228854847893764,True
59,high_frequency_textures,jpeg_turbo,webp_m6,ssimulacra2,22.468483445230582,True
60,high_frequency_textures,jpeg_turbo,webp_m6,ssimulacra2,21.000213580135263,True
61,smooth_surfaces_gradients,jpeg_turbo,webp_m6,ssimulacra2,58.96522025819546,True
62,smooth_surfaces_gradients,jpeg_turbo,webp_m6,ssimulacra2,64.81958533788759,True
63,smooth_surfaces_gradients,jpeg_turbo,webp_m6,ssimulacra2,51.875544603614586,True
64,smooth_surfaces_gradients,jpeg_turbo,webp_m6,ssimulacra2,23.783918186627773,True
65,smooth_surfaces_gradients,jpeg_turbo,webp_m6,ssimulacra2,22.282527050080624,True
66,smooth_surfaces_gradients,jpeg_turbo,webp_m6,ssimulacra2,12.962565098489254,True
67,smooth_surfaces_gradients,jpeg_turbo,webp_m6,ssimulacra2,10.958943752961957,True
68,smooth_surfaces_gradients,jpeg_turbo,webp_m6,ssimulacra2,31.457172701246662,True
69,smooth_surfaces_gradients,jpeg_turbo,webp_m6,ssimulacra2,16.182831780856887,True
70,smooth_surfaces_gradients,jpeg_turbo,webp_m6,ssimulacra2,18.070855673829776,True
71,smooth_surfaces_gradients,jpeg_turbo,webp_m6,ssimulacra2,44.44280660129463,True
72,smooth_surfaces_gradients,jpeg_turbo,webp_m6,ssimulacra2,12.071919703512979,True
73,smooth_surfaces_gradients,jpeg_turbo,webp_m6,ssimulacra2,111.66295053910301,True
74,smooth_surfaces_gradients,jpeg_turbo,webp_m6,ssimulacra2,69.18067519829548,True
75,smooth_surfaces_gradients,jpeg_turbo,webp_m6,ssimulacra2,79.77797339919677,True
76,fine_detail,jpeg_turbo,webp_m6,ssimulacra2,38.29751009219082,True
77,fine_detail,jpeg_turbo,webp_m6,ssimulacra2,14.84693150162033,True
78,fine_detail,jpeg_turbo,webp_m6,ssimulacra2,17.03964258437456,True
79,fine_detail,jpeg_turbo,webp_m6,ssimulacra2,14.61283183532105,True
80,fine_detail,jpeg_turbo,webp_m6,ssimulacra2,4.897880944015842,True
81,fine_detail,jpeg_turbo,webp_m6,ssimulacra2,8.035693379360831,True
82,fine_detail,jpeg_turbo,webp_m6,ssimulacra2,12.609933730816358,True
83,fine_detail,jpeg_turbo,webp_m6,ssimulacra2,43.85420161529798,True
84,fine_detail,jpeg_turbo,webp_m6,ssimulacra2,-5.724718861524014,True
85,fine_detail,jpeg_turbo,webp_m6,ssimulacra2,17.998401062312496,True
86,fine_detail,jpeg_turbo,webp_m6,ssimulacra2,10.687825452832378,True
87,fine_detail,jpeg_turbo,webp_m6,ssimulacra2,25.15228883478937,True
88,fine_detail,jpeg_turbo,webp_m6,ssimulacra2,45.470145340004755,True
89,fine_detail,jpeg_turbo,webp_m6,ssimulacra2,13.842915551223234,True
90,fine_detail,jpeg_turbo,webp_m6,ssimulacra2,32.08166461217283,True
91,text_sharp_edges,jpeg_turbo,webp_m6,ssimulacra2,115.30083897217187,True
92,text_sharp_edges,jpeg_turbo,webp_m6,ssimulacra2,20.621962705516374,True
93,text_sharp_edges,jpeg_turbo,webp_m6,ssimulacra2,128.5760058705248,True
94,text_sharp_edges,jpeg_turbo,webp_m6,ssimulacra2,35.217765480189286,True
95,text_sharp_edges,jpeg_turbo,webp_m6,ssimulacra2,83.83751290398311,True
96,text_sharp_edges,jpeg_turbo,webp_m6,ssimulacra2,20.135530340793228,True
97,text_sharp_edges,jpeg_turbo,webp_m6,ssimulacra2,89.58765585249841,True
98,text_sharp_edges,jpeg_turbo,webp_m6,ssimulacra2,93.63051839776426,True
99,text_sharp_edges,jpeg_turbo,webp_m6,ssimulacra2,84.01494079147629,True
100,text_sharp_edges,jpeg_turbo,webp_m6,ssimulacra2,122.23357325151821,True
101,text_sharp_edges,jpeg_turbo,webp_m6,ssimulacra2,68.88296318700509,True
102,text_sharp_edges,jpeg_turbo,webp_m6,ssimulacra2,43.34857723875321,True
103,text_sharp_edges,jpeg_turbo,webp_m6,ssimulacra2,55.889547214677116,True
104,text_sharp_edges,jpeg_turbo,webp_m6,ssimulacra2,55.89285387001945,True
105,text_sharp_edges,jpeg_turbo,webp_m6,ssimulacra2,22.4234684621176,True
106,saturated_desaturated_colors,jpeg_turbo,webp_m6,ssimulacra2,25.476363713088013,True
107,saturated_desaturated_colors,jpeg_turbo,webp_m6,ssimulacra2,-4.685063975077486,True
108,saturated_desaturated_colors,jpeg_turbo,webp_m6,ssimulacra2,24.015131320013296,True
109,saturated_desaturated_colors,jpeg_turbo,webp_m6,ssimulacra2,67.19375475205176,True
110,saturated_desaturated_colors,jpeg_turbo,webp_m6,ssimulacra2,61.647157548478624,True
111,saturated_desaturated_colors,jpeg_turbo,webp_m6,ssimulacra2,65.3740041599517,True
112,saturated_desaturated_colors,jpeg_turbo,webp_m6,ssimulacra2,16.602847879050376,True
113,saturated_desaturated_colors,jpeg_turbo,webp_m6,ssimulacra2,28.264797880619085,True
114,saturated_desaturated_colors,jpeg_turbo,webp_m6,ssimulacra2,20.850077920761613,True
115,saturated_desaturated_colors,jpeg_turbo,webp_m6,ssimulacra2,7.952215241419092,True
116,saturated_desaturated_colors,jpeg_turbo,webp_m6,ssimulacra2,47.21202359692287,True
117,saturated_desaturated_colors,jpeg_turbo,webp_m6,ssimulacra2,141.02066845110284,True
118,saturated_desaturated_colors,jpeg_turbo,webp_m6,ssimulacra2,39.28979320942945,True
119,saturated_desaturated_colors,jpeg_turbo,webp_m6,ssimulacra2,38.142709995057736,True
120,saturated_desaturated_colors,jpeg_turbo,webp_m6,ssimulacra2,23.448643069979802,True
121,smooth_surfaces_gradients,jpeg_turbo,webp_m6,ssimulacra2,40.2175391215098,True
122,urban_architecture,jpeg_turbo,webp_m6,ssimulacra2,32.82441239220972,True
123,smooth_surfaces_gradients,jpeg_turbo,webp_m6,ssimulacra2,35.8477905025054,True
124,urban_architecture,jpeg_turbo,webp_m6,ssimulacra2,21.80119779217764,True
125,fine_detail,jpeg_turbo,webp_m6,ssimulacra2,30.081975752965295,True
126,natural_landscapes,jpeg_turbo,webp_m6,ssimulacra2,18.33768632961752,True
127,urban_architecture,jpeg_turbo,webp_m6,ssimulacra2,15.20588884003522,True
128,text_sharp_edges,jpeg_turbo,webp_m6,ssimulacra2,47.716293921989994,True
129,text_sharp_edges,jpeg_turbo,webp_m6,ssimulacra2,16.298415905695517,True
130,natural_landscapes,jpeg_turbo,webp_m6,ssimulacra2,0.8599732139525917,True
1,historical_portraits,webp_m4,webp_m6,ssimulacra2,5.052973770395752,True
2,historical_portraits,webp_m4,webp_m6,ssimulacra2,3.7475219628596346,True
3,historical_portraits,webp_m4,webp_m6,ssimulacra2,3.6501786033272365,True
4,historical_portraits,webp_m4,webp_m6,ssimulacra2,8.610551933089017,True
5,historical_portraits,webp_m4,webp_m6,ssimulacra2,10.325467000602394,True
6,historical_portraits,webp_m4,webp_m6,ssimulacra2,5.6144903534771196,True
7,historical_portraits,webp_m4,webp_m6,ssimulacra2,5.469971406554208,True
8,historical_portraits,webp_m4,webp_m6,ssimulacra2,3.10341474771727,True
9,historical_portraits,webp_m4,webp_m6,ssimulacra2,5.362612956384827,True
10,historical_portraits,webp_m4,webp_m6,ssimulacra2,6.173589978376226,True
11,historical_portraits,webp_m4,webp_m6,ssimulacra2,7.8602271038060945,True
12,historical_portraits,webp_m4,webp_m6,ssimulacra2,1.6169366479721559,True
13,historical_portraits,webp_m4,webp_m6,ssimulacra2,9.86663375220429,True
14,historical_portraits,webp_m4,webp_m6,ssimulacra2,6.706743150258632,True
15,historical_portraits,webp_m4,webp_m6,ssimulacra2,-1.0013101398685387,True
16,natural_landscapes,webp_m4,webp_m6,ssimulacra2,4.378812322134373,True
17,natural_landscapes,webp_m4,webp_m6,ssimulacra2,4.203839362817119,True
18,natural_landscapes,webp_m4,webp_m6,ssimulacra2,8.057313572195346,True
19,natural_landscapes,webp_m4,webp_m6,ssimulacra2,7.137880765361149,True
20,natural_landscapes,webp_m4,webp_m6,ssimulacra2,2.7479469174637616,True
21,natural_landscapes,webp_m4,webp_m6,ssimulacra2,5.578638574074968,True
22,natural_landscapes,webp_m4,webp_m6,ssimulacra2,4.571519144167691,True
23,natural_landscapes,webp_m4,webp_m6,ssimulacra2,2.0145805472880918,True
24,natural_landscapes,webp_m4,webp_m6,ssimulacra2,6.020857074116992,True
25,natural_landscapes,webp_m4,webp_m6,ssimulacra2,4.042617012601357,True
26,natural_landscapes,webp_m4,webp_m6,ssimulacra2,4.136335879111841,True
27,natural_landscapes,webp_m4,webp_m6,ssimulacra2,5.534317401893296,True
28,natural_landscapes,webp_m4,webp_m6,ssimulacra2,2.9312621642010095,True
29,natural_landscapes,webp_m4,webp_m6,ssimulacra2,6.0209554814780075,True
30,natural_landscapes,webp_m4,webp_m6,ssimulacra2,0.9620141256926562,True
31,urban_architecture,webp_m4,webp_m6,ssimulacra2,3.429196011953506,True
32,urban_architecture,webp_m4,webp_m6,ssimulacra2,8.206904997152954,True
33,urban_architecture,webp_m4,webp_m6,ssimulacra2,10.9708770608967,True
34,urban_architecture,webp_m4,webp_m6,ssimulacra2,8.69689078162219,True
35,urban_architecture,webp_m4,webp_m6,ssimulacra2,3.54676657284978,True
36,urban_architecture,webp_m4,webp_m6,ssimulacra2,3.2593323360454507,True
37,urban_architecture,webp_m4,webp_m6,ssimulacra2,2.6183144617468956,True
38,urban_architecture,webp_m4,webp_m6,ssimulacra2,4.892154518219161,True
39,urban_architecture,webp_m4,webp_m6,ssimulacra2,3.6347353726133402,True
40,urban_architecture,webp_m4,webp_m6,ssimulacra2,5.237730127651052,True
41,urban_architecture,webp_m4,webp_m6,ssimulacra2,4.699497680859643,True
42,urban_architecture,webp_m4,webp_m6,ssimulacra2,3.731019912062128,True
43,urban_architecture,webp_m4,webp_m6,ssimulacra2,-1.1864058853383708,True
44,urban_architecture,webp_m4,webp_m6,ssimulacra2,1.1089946834812903,True
45,urban_architecture,webp_m4,webp_m6,ssimulacra2,2.107288164933485,True
46,high_frequency_textures,webp_m4,webp_m6,ssimulacra2,5.90678517362957,True
47,high_frequency_textures,webp_m4,webp_m6,ssimulacra2,3.2866953541708765,True
48,high_frequency_textures,webp_m4,webp_m6,ssimulacra2,5.472075566271584,True
49,high_frequency_textures,webp_m4,webp_m6,ssimulacra2,9.498581258035511,True
50,high_frequency_textures,webp_m4,webp_m6,ssimulacra2,7.140165597385151,True
51,high_frequency_textures,webp_m4,webp_m6,ssimulacra2,5.288721165968369,True
52,high_frequency_textures,webp_m4,webp_m6,ssimulacra2,2.790803693216626,True
53,high_frequency_textures,webp_m4,webp_m6,ssimulacra2,4.26780789521668,True
54,high_frequency_textures,webp_m4,webp_m6,ssimulacra2,2.6877782334211453,True
55,high_frequency_textures,webp_m4,webp_m6,ssimulacra2,5.046481672065761,True
56,high_frequency_textures,webp_m4,webp_m6,ssimulacra2,6.250264383255599,True
57,high_frequency_textures,webp_m4,webp_m6,ssimulacra2,12.059445873660701,True
58,high_frequency_textures,webp_m4,webp_m6,ssimulacra2,3.921550114861372,True
59,high_frequency_textures,webp_m4,webp_m6,ssimulacra2,6.709965490535774,True
60,high_frequency_textures,webp_m4,webp_m6,ssimulacra2,6.728482901268107,True
61,smooth_surfaces_gradients,webp_m4,webp_m6,ssimulacra2,2.8958892344995935,True
62,smooth_surfaces_gradients,webp_m4,webp_m6,ssimulacra2,2.8491845660439052,True
63,smooth_surfaces_gradients,webp_m4,webp_m6,ssimulacra2,3.2072189756588543,True
64,smooth_surfaces_gradients,webp_m4,webp_m6,ssimulacra2,6.88104210875089,True
65,smooth_surfaces_gradients,webp_m4,webp_m6,ssimulacra2,4.50442866505667,True
66,smooth_surfaces_gradients,webp_m4,webp_m6,ssimulacra2,9.348922397688696,True
67,smooth_surfaces_gradients,webp_m4,webp_m6,ssimulacra2,10.215000376055826,True
68,smooth_surfaces_gradients,webp_m4,webp_m6,ssimulacra2,3.950624343457987,True
69,smooth_surfaces_gradients,webp_m4,webp_m6,ssimulacra2,9.238790779383276,True
70,smooth_surfaces_gradients,webp_m4,webp_m6,ssimulacra2,5.36242658258681,True
71,smooth_surfaces_gradients,webp_m4,webp_m6,ssimulacra2,0.805147979904075,True
72,smooth_surfaces_gradients,webp_m4,webp_m6,ssimulacra2,3.210801114611672,True
73,smooth_surfaces_gradients,webp_m4,webp_m6,ssimulacra2,1.5656554618802554,True
74,smooth_surfaces_gradients,webp_m4,webp_m6,ssimulacra2,4.498537461912688,True
75,smooth_surfaces_gradients,webp_m4,webp_m6,ssimulacra2,3.3719331032369793,True
76,fine_detail,webp_m4,webp_m6,ssimulacra2,5.57639842990747,True
77,fine_detail,webp_m4,webp_m6,ssimulacra2,5.941042619592829,True
78,fine_detail,webp_m4,webp_m6,ssimulacra2,5.5590470107188095,True
79,fine_detail,webp_m4,webp_m6,ssimulacra2,4.051821258109567,True
80,fine_detail,webp_m4,webp_m6,ssimulacra2,5.3361788689610945,True
81,fine_detail,webp_m4,webp_m6,ssimulacra2,5.171900237854943,True
82,fine_detail,webp_m4,webp_m6,ssimulacra2,6.784286351927715,True
83,fine_detail,webp_m4,webp_m6,ssimulacra2,4.168880853768631,True
84,fine_detail,webp_m4,webp_m6,ssimulacra2,6.340708281963781,True
85,fine_detail,webp_m4,webp_m6,ssimulacra2,2.1805886275516384,True
86,fine_detail,webp_m4,webp_m6,ssimulacra2,6.711947135688967,True
87,fine_detail,webp_m4,webp_m6,ssimulacra2,2.3764436387268217,True
88,fine_detail,webp_m4,webp_m6,ssimulacra2,2.708841293511788,True
89,fine_detail,webp_m4,webp_m6,ssimulacra2,5.60165916315809,True
90,fine_detail,webp_m4,webp_m6,ssimulacra2,3.190435270770764,True
91,text_sharp_edges,webp_m4,webp_m6,ssimulacra2,3.609532800294568,True
92,text_sharp_edges,webp_m4,webp_m6,ssimulacra2,8.318601830427497,True
93,text_sharp_edges,webp_m4,webp_m6,ssimulacra2,2.006099742338785,True
94,text_sharp_edges,webp_m4,webp_m6,ssimulacra2,2.1554926934597374,True
95,text_sharp_edges,webp_m4,webp_m6,ssimulacra2,1.7050599753585693,True
96,text_sharp_edges,webp_m4,webp_m6,ssimulacra2,3.7944932606196025,True
97,text_sharp_edges,webp_m4,webp_m6,ssimulacra2,0.954711513854023,True
98,text_sharp_edges,webp_m4,webp_m6,ssimulacra2,3.7668112862694336,True
99,text_sharp_edges,webp_m4,webp_m6,ssimulacra2,-3.259485646522764,True
100,text_sharp_edges,webp_m4,webp_m6,ssimulacra2,3.026998009685,True
101,text_sharp_edges,webp_m4,webp_m6,ssimulacra2,13.823627939632699,True
102,text_sharp_edges,webp_m4,webp_m6,ssimulacra2,6.545230929889945,True
103,text_sharp_edges,webp_m4,webp_m6,ssimulacra2,1.3273069070880883,True
104,text_sharp_edges,webp_m4,webp_m6,ssimulacra2,3.6214373905600006,True
105,text_sharp_edges,webp_m4,webp_m6,ssimulacra2,4.616754318924987,True
106,saturated_desaturated_colors,webp_m4,webp_m6,ssimulacra2,1.7291745172487438,True
107,saturated_desaturated_colors,webp_m4,webp_m6,ssimulacra2,9.516207451405577,True
108,saturated_desaturated_colors,webp_m4,webp_m6,ssimulacra2,2.445208473328031,True
109,saturated_desaturated_colors,webp_m4,webp_m6,ssimulacra2,6.984276212172835,True
110,saturated_desaturated_colors,webp_m4,webp_m6,ssimulacra2,4.512136075403594,True
111,saturated_desaturated_colors,webp_m4,webp_m6,ssimulacra2,1.5013036737979712,True
112,saturated_desaturated_colors,webp_m4,webp_m6,ssimulacra2,4.51930708666477,True
113,saturated_desaturated_colors,webp_m4,webp_m6,ssimulacra2,3.2528962159816155,True
114,saturated_desaturated_colors,webp_m4,webp_m6,ssimulacra2,4.1745194920925766,True
115,saturated_desaturated_colors,webp_m4,webp_m6,ssimulacra2,7.2069342426842375,True
116,saturated_desaturated_colors,webp_m4,webp_m6,ssimulacra2,4.478673763732699,True
117,saturated_desaturated_colors,webp_m4,webp_m6,ssimulacra2,3.9015765696595928,True
118,saturated_desaturated_colors,webp_m4,webp_m6,ssimulacra2,2.5080362882986096,True
119,saturated_desaturated_colors,webp_m4,webp_m6,ssimulacra2,3.583110107514753,True
120,saturated_desaturated_colors,webp_m4,webp_m6,ssimulacra2,1.3906415339991485,True
121,smooth_surfaces_gradients,webp_m4,webp_m6,ssimulacra2,5.003999409163717,True
122,urban_architecture,webp_m4,webp_m6,ssimulacra2,1.627443489543734,True
123,smooth_surfaces_gradients,webp_m4,webp_m6,ssimulacra2,5.793494057123505,True
124,urban_architecture,webp_m4,webp_m6,ssimulacra2,5.715032026891453,True
125,fine_detail,webp_m4,webp_m6,ssimulacra2,4.856202557157374,True
126,natural_landscapes,webp_m4,webp_m6,ssimulacra2,5.721516352325118,True
127,urban_architecture,webp_m4,webp_m6,ssimulacra2,7.618182289806064,True
128,text_sharp_edges,webp_m4,webp_m6,ssimulacra2,5.623799661255036,True
129,text_sharp_edges,webp_m4,webp_m6,ssimulacra2,1.626626804122533,True
130,natural_landscapes,webp_m4,webp_m6,ssimulacra2,10.040269191960704,True
1,historical_portraits,webp_m6_historical,webp_m6,ssimulacra2,0.0,True
2,historical_portraits,webp_m6_historical,webp_m6,ssimulacra2,0.0,True
3,historical_portraits,webp_m6_historical,webp_m6,ssimulacra2,0.0,True
4,historical_portraits,webp_m6_historical,webp_m6,ssimulacra2,0.0,True
5,historical_portraits,webp_m6_historical,webp_m6,ssimulacra2,0.0,True
6,historical_portraits,webp_m6_historical,webp_m6,ssimulacra2,0.0,True
7,historical_portraits,webp_m6_historical,webp_m6,ssimulacra2,0.0,True
8,historical_portraits,webp_m6_historical,webp_m6,ssimulacra2,0.0,True
9,historical_portraits,webp_m6_historical,webp_m6,ssimulacra2,0.0,True
10,historical_portraits,webp_m6_historical,webp_m6,ssimulacra2,0.0,True
11,historical_portraits,webp_m6_historical,webp_m6,ssimulacra2,0.0,True
12,historical_portraits,webp_m6_historical,webp_m6,ssimulacra2,0.0,True
13,historical_portraits,webp_m6_historical,webp_m6,ssimulacra2,0.0,True
14,historical_portraits,webp_m6_historical,webp_m6,ssimulacra2,0.0,True
15,historical_portraits,webp_m6_historical,webp_m6,ssimulacra2,0.0,True
16,natural_landscapes,webp_m6_historical,webp_m6,ssimulacra2,0.0,True
17,natural_landscapes,webp_m6_historical,webp_m6,ssimulacra2,0.0,True
18,natural_landscapes,webp_m6_historical,webp_m6,ssimulacra2,0.0,True
19,natural_landscapes,webp_m6_historical,webp_m6,ssimulacra2,0.0,True
20,natural_landscapes,webp_m6_historical,webp_m6,ssimulacra2,0.0,True
21,natural_landscapes,webp_m6_historical,webp_m6,ssimulacra2,0.0,True
22,natural_landscapes,webp_m6_historical,webp_m6,ssimulacra2,0.0,True
23,natural_landscapes,webp_m6_historical,webp_m6,ssimulacra2,0.0,True
24,natural_landscapes,webp_m6_historical,webp_m6,ssimulacra2,0.0,True
25,natural_landscapes,webp_m6_historical,webp_m6,ssimulacra2,0.0,True
26,natural_landscapes,webp_m6_historical,webp_m6,ssimulacra2,0.0,True
27,natural_landscapes,webp_m6_historical,webp_m6,ssimulacra2,0.0,True
28,natural_landscapes,webp_m6_historical,webp_m6,ssimulacra2,0.0,True
29,natural_landscapes,webp_m6_historical,webp_m6,ssimulacra2,0.0,True
30,natural_landscapes,webp_m6_historical,webp_m6,ssimulacra2,0.0,True
31,urban_architecture,webp_m6_historical,webp_m6,ssimulacra2,0.0,True
32,urban_architecture,webp_m6_historical,webp_m6,ssimulacra2,0.0,True
33,urban_architecture,webp_m6_historical,webp_m6,ssimulacra2,0.0,True
34,urban_architecture,webp_m6_historical,webp_m6,ssimulacra2,0.0,True
35,urban_architecture,webp_m6_historical,webp_m6,ssimulacra2,0.0,True
36,urban_architecture,webp_m6_historical,webp_m6,ssimulacra2,0.0,True
37,urban_architecture,webp_m6_historical,webp_m6,ssimulacra2,0.0,True
38,urban_architecture,webp_m6_historical,webp_m6,ssimulacra2,0.0,True
39,urban_architecture,webp_m6_historical,webp_m6,ssimulacra2,0.0,True
40,urban_architecture,webp_m6_historical,webp_m6,ssimulacra2,0.0,True
41,urban_architecture,webp_m6_historical,webp_m6,ssimulacra2,0.0,True
42,urban_architecture,webp_m6_historical,webp_m6,ssimulacra2,0.0,True
43,urban_architecture,webp_m6_historical,webp_m6,ssimulacra2,0.0,True
44,urban_architecture,webp_m6_historical,webp_m6,ssimulacra2,0.0,True
45,urban_architecture,webp_m6_historical,webp_m6,ssimulacra2,0.0,True
46,high_frequency_textures,webp_m6_historical,webp_m6,ssimulacra2,0.0,True
47,high_frequency_textures,webp_m6_historical,webp_m6,ssimulacra2,0.0,True
48,high_frequency_textures,webp_m6_historical,webp_m6,ssimulacra2,0.0,True
49,high_frequency_textures,webp_m6_historical,webp_m6,ssimulacra2,0.0,True
50,high_frequency_textures,webp_m6_historical,webp_m6,ssimulacra2,0.0,True
51,high_frequency_textures,webp_m6_historical,webp_m6,ssimulacra2,0.0,True
52,high_frequency_textures,webp_m6_historical,webp_m6,ssimulacra2,0.0,True
53,high_frequency_textures,webp_m6_historical,webp_m6,ssimulacra2,0.0,True
54,high_frequency_textures,webp_m6_historical,webp_m6,ssimulacra2,0.0,True
55,high_frequency_textures,webp_m6_historical,webp_m6,ssimulacra2,0.0,True
56,high_frequency_textures,webp_m6_historical,webp_m6,ssimulacra2,0.0,True
57,high_frequency_textures,webp_m6_historical,webp_m6,ssimulacra2,0.0,True
58,high_frequency_textures,webp_m6_historical,webp_m6,ssimulacra2,0.0,True
59,high_frequency_textures,webp_m6_historical,webp_m6,ssimulacra2,0.0,True
60,high_frequency_textures,webp_m6_historical,webp_m6,ssimulacra2,0.0,True
61,smooth_surfaces_gradients,webp_m6_historical,webp_m6,ssimulacra2,0.0,True
62,smooth_surfaces_gradients,webp_m6_historical,webp_m6,ssimulacra2,0.0,True
63,smooth_surfaces_gradients,webp_m6_historical,webp_m6,ssimulacra2,0.0,True
64,smooth_surfaces_gradients,webp_m6_historical,webp_m6,ssimulacra2,0.0,True
65,smooth_surfaces_gradients,webp_m6_historical,webp_m6,ssimulacra2,0.0,True
66,smooth_surfaces_gradients,webp_m6_historical,webp_m6,ssimulacra2,0.0,True
67,smooth_surfaces_gradients,webp_m6_historical,webp_m6,ssimulacra2,0.0,True
68,smooth_surfaces_gradients,webp_m6_historical,webp_m6,ssimulacra2,0.0,True
69,smooth_surfaces_gradients,webp_m6_historical,webp_m6,ssimulacra2,0.0,True
70,smooth_surfaces_gradients,webp_m6_historical,webp_m6,ssimulacra2,0.0,True
71,smooth_surfaces_gradients,webp_m6_historical,webp_m6,ssimulacra2,0.0,True
72,smooth_surfaces_gradients,webp_m6_historical,webp_m6,ssimulacra2,0.0,True
73,smooth_surfaces_gradients,webp_m6_historical,webp_m6,ssimulacra2,0.0,True
74,smooth_surfaces_gradients,webp_m6_historical,webp_m6,ssimulacra2,0.0,True
75,smooth_surfaces_gradients,webp_m6_historical,webp_m6,ssimulacra2,0.0,True
76,fine_detail,webp_m6_historical,webp_m6,ssimulacra2,0.0,True
77,fine_detail,webp_m6_historical,webp_m6,ssimulacra2,0.0,True
78,fine_detail,webp_m6_historical,webp_m6,ssimulacra2,0.0,True
79,fine_detail,webp_m6_historical,webp_m6,ssimulacra2,0.0,True
80,fine_detail,webp_m6_historical,webp_m6,ssimulacra2,0.0,True
81,fine_detail,webp_m6_historical,webp_m6,ssimulacra2,0.0,True
82,fine_detail,webp_m6_historical,webp_m6,ssimulacra2,0.0,True
83,fine_detail,webp_m6_historical,webp_m6,ssimulacra2,0.0,True
84,fine_detail,webp_m6_historical,webp_m6,ssimulacra2,0.0,True
85,fine_detail,webp_m6_historical,webp_m6,ssimulacra2,0.0,True
86,fine_detail,webp_m6_historical,webp_m6,ssimulacra2,0.0,True
87,fine_detail,webp_m6_historical,webp_m6,ssimulacra2,0.0,True
88,fine_detail,webp_m6_historical,webp_m6,ssimulacra2,0.0,True
89,fine_detail,webp_m6_historical,webp_m6,ssimulacra2,0.0,True
90,fine_detail,webp_m6_historical,webp_m6,ssimulacra2,0.0,True
91,text_sharp_edges,webp_m6_historical,webp_m6,ssimulacra2,0.0,True
92,text_sharp_edges,webp_m6_historical,webp_m6,ssimulacra2,0.0,True
93,text_sharp_edges,webp_m6_historical,webp_m6,ssimulacra2,0.0,True
94,text_sharp_edges,webp_m6_historical,webp_m6,ssimulacra2,0.0,True
95,text_sharp_edges,webp_m6_historical,webp_m6,ssimulacra2,0.0,True
96,text_sharp_edges,webp_m6_historical,webp_m6,ssimulacra2,0.0,True
97,text_sharp_edges,webp_m6_historical,webp_m6,ssimulacra2,0.0,True
98,text_sharp_edges,webp_m6_historical,webp_m6,ssimulacra2,0.0,True
99,text_sharp_edges,webp_m6_historical,webp_m6,ssimulacra2,0.0,True
100,text_sharp_edges,webp_m6_historical,webp_m6,ssimulacra2,0.0,True
101,text_sharp_edges,webp_m6_historical,webp_m6,ssimulacra2,0.0,True
102,text_sharp_edges,webp_m6_historical,webp_m6,ssimulacra2,0.0,True
103,text_sharp_edges,webp_m6_historical,webp_m6,ssimulacra2,0.0,True
104,text_sharp_edges,webp_m6_historical,webp_m6,ssimulacra2,0.0,True
105,text_sharp_edges,webp_m6_historical,webp_m6,ssimulacra2,0.0,True
106,saturated_desaturated_colors,webp_m6_historical,webp_m6,ssimulacra2,0.0,True
107,saturated_desaturated_colors,webp_m6_historical,webp_m6,ssimulacra2,0.0,True
108,saturated_desaturated_colors,webp_m6_historical,webp_m6,ssimulacra2,0.0,True
109,saturated_desaturated_colors,webp_m6_historical,webp_m6,ssimulacra2,0.0,True
110,saturated_desaturated_colors,webp_m6_historical,webp_m6,ssimulacra2,0.0,True
111,saturated_desaturated_colors,webp_m6_historical,webp_m6,ssimulacra2,0.0,True
112,saturated_desaturated_colors,webp_m6_historical,webp_m6,ssimulacra2,0.0,True
113,saturated_desaturated_colors,webp_m6_historical,webp_m6,ssimulacra2,0.0,True
114,saturated_desaturated_colors,webp_m6_historical,webp_m6,ssimulacra2,0.0,True
115,saturated_desaturated_colors,webp_m6_historical,webp_m6,ssimulacra2,0.0,True
116,saturated_desaturated_colors,webp_m6_historical,webp_m6,ssimulacra2,0.0,True
117,saturated_desaturated_colors,webp_m6_historical,webp_m6,ssimulacra2,0.0,True
118,saturated_desaturated_colors,webp_m6_historical,webp_m6,ssimulacra2,0.0,True
119,saturated_desaturated_colors,webp_m6_historical,webp_m6,ssimulacra2,0.0,True
120,saturated_desaturated_colors,webp_m6_historical,webp_m6,ssimulacra2,0.0,True
121,smooth_surfaces_gradients,webp_m6_historical,webp_m6,ssimulacra2,0.0,True
122,urban_architecture,webp_m6_historical,webp_m6,ssimulacra2,0.0,True
123,smooth_surfaces_gradients,webp_m6_historical,webp_m6,ssimulacra2,0.0,True
124,urban_architecture,webp_m6_historical,webp_m6,ssimulacra2,0.0,True
125,fine_detail,webp_m6_historical,webp_m6,ssimulacra2,0.0,True
126,natural_landscapes,webp_m6_historical,webp_m6,ssimulacra2,0.0,True
127,urban_architecture,webp_m6_historical,webp_m6,ssimulacra2,0.0,True
128,text_sharp_edges,webp_m6_historical,webp_m6,ssimulacra2,0.0,True
129,text_sharp_edges,webp_m6_historical,webp_m6,ssimulacra2,0.0,True
130,natural_landscapes,webp_m6_historical,webp_m6,ssimulacra2,0.0,True
1,historical_portraits,jxl_e3,webp_m6,ssimulacra2,-4.561906739195109,True
2,historical_portraits,jxl_e3,webp_m6,ssimulacra2,-9.423765131413496,True
3,historical_portraits,jxl_e3,webp_m6,ssimulacra2,-6.635647044666204,True
4,historical_portraits,jxl_e3,webp_m6,ssimulacra2,-17.912469186569258,True
5,historical_portraits,jxl_e3,webp_m6,ssimulacra2,-11.307741094603752,True
6,historical_portraits,jxl_e3,webp_m6,ssimulacra2,-7.180864868522119,True
7,historical_portraits,jxl_e3,webp_m6,ssimulacra2,-6.755236047425361,True
8,historical_portraits,jxl_e3,webp_m6,ssimulacra2,-14.077957389686159,True
9,historical_portraits,jxl_e3,webp_m6,ssimulacra2,-6.182831703130942,True
10,historical_portraits,jxl_e3,webp_m6,ssimulacra2,-16.571506676426708,True
11,historical_portraits,jxl_e3,webp_m6,ssimulacra2,-0.9506441348678507,True
12,historical_portraits,jxl_e3,webp_m6,ssimulacra2,-3.086939471893102,True
13,historical_portraits,jxl_e3,webp_m6,ssimulacra2,-5.643836047709428,True
14,historical_portraits,jxl_e3,webp_m6,ssimulacra2,-10.208871985141155,True
15,historical_portraits,jxl_e3,webp_m6,ssimulacra2,33.0813637577275,True
16,natural_landscapes,jxl_e3,webp_m6,ssimulacra2,-3.8782214206102394,True
17,natural_landscapes,jxl_e3,webp_m6,ssimulacra2,-17.184356717137494,True
18,natural_landscapes,jxl_e3,webp_m6,ssimulacra2,-7.249249592520501,True
19,natural_landscapes,jxl_e3,webp_m6,ssimulacra2,-11.46842916412465,True
20,natural_landscapes,jxl_e3,webp_m6,ssimulacra2,-13.991830332740395,True
21,natural_landscapes,jxl_e3,webp_m6,ssimulacra2,-11.611140149415988,True
22,natural_landscapes,jxl_e3,webp_m6,ssimulacra2,-16.094922219764353,True
23,natural_landscapes,jxl_e3,webp_m6,ssimulacra2,-2.1719689514527074,True
24,natural_landscapes,jxl_e3,webp_m6,ssimulacra2,-14.69413669217946,True
25,natural_landscapes,jxl_e3,webp_m6,ssimulacra2,-14.280373850686912,True
26,natural_landscapes,jxl_e3,webp_m6,ssimulacra2,-12.744937344933183,True
27,natural_landscapes,jxl_e3,webp_m6,ssimulacra2,-7.207063376957123,True
28,natural_landscapes,jxl_e3,webp_m6,ssimulacra2,-16.344342398800926,True
29,natural_landscapes,jxl_e3,webp_m6,ssimulacra2,-9.526690225116763,True
30,natural_landscapes,jxl_e3,webp_m6,ssimulacra2,-23.35114427635644,True
31,urban_architecture,jxl_e3,webp_m6,ssimulacra2,5.707637271155086,True
32,urban_architecture,jxl_e3,webp_m6,ssimulacra2,-11.10015242648169,True
33,urban_architecture,jxl_e3,webp_m6,ssimulacra2,-13.730412569312445,True
34,urban_architecture,jxl_e3,webp_m6,ssimulacra2,-23.05303588983706,True
35,urban_architecture,jxl_e3,webp_m6,ssimulacra2,-2.5494144166215538,True
36,urban_architecture,jxl_e3,webp_m6,ssimulacra2,-0.17783592088486122,True
37,urban_architecture,jxl_e3,webp_m6,ssimulacra2,-16.662608325317606,True
38,urban_architecture,jxl_e3,webp_m6,ssimulacra2,-2.6579964002392265,True
39,urban_architecture,jxl_e3,webp_m6,ssimulacra2,-8.523586611370193,True
40,urban_architecture,jxl_e3,webp_m6,ssimulacra2,-11.586591112225165,True
41,urban_architecture,jxl_e3,webp_m6,ssimulacra2,-4.742224950704966,True
42,urban_architecture,jxl_e3,webp_m6,ssimulacra2,-3.6615659748799767,True
43,urban_architecture,jxl_e3,webp_m6,ssimulacra2,11.271064133055674,True
44,urban_architecture,jxl_e3,webp_m6,ssimulacra2,-9.122606744725559,True
45,urban_architecture,jxl_e3,webp_m6,ssimulacra2,-11.772946826754715,True
46,high_frequency_textures,jxl_e3,webp_m6,ssimulacra2,-28.839228772269276,True
47,high_frequency_textures,jxl_e3,webp_m6,ssimulacra2,-16.07389121614523,True
48,high_frequency_textures,jxl_e3,webp_m6,ssimulacra2,-23.09762255200748,True
49,high_frequency_textures,jxl_e3,webp_m6,ssimulacra2,-17.652651037321487,True
50,high_frequency_textures,jxl_e3,webp_m6,ssimulacra2,-27.13529446745444,True
51,high_frequency_textures,jxl_e3,webp_m6,ssimulacra2,-20.65882113507961,True
52,high_frequency_textures,jxl_e3,webp_m6,ssimulacra2,-13.166878747392797,True
53,high_frequency_textures,jxl_e3,webp_m6,ssimulacra2,-19.223818847841446,True
54,high_frequency_textures,jxl_e3,webp_m6,ssimulacra2,-20.96392241834041,True
55,high_frequency_textures,jxl_e3,webp_m6,ssimulacra2,-24.75017081154458,True
56,high_frequency_textures,jxl_e3,webp_m6,ssimulacra2,-24.504413398105683,True
57,high_frequency_textures,jxl_e3,webp_m6,ssimulacra2,-23.520901748480107,True
58,high_frequency_textures,jxl_e3,webp_m6,ssimulacra2,-5.086175068502252,True
59,high_frequency_textures,jxl_e3,webp_m6,ssimulacra2,-9.078580885148158,True
60,high_frequency_textures,jxl_e3,webp_m6,ssimulacra2,-12.35010452245281,True
61,smooth_surfaces_gradients,jxl_e3,webp_m6,ssimulacra2,-24.092456107707307,True
62,smooth_surfaces_gradients,jxl_e3,webp_m6,ssimulacra2,-22.725918401262913,True
63,smooth_surfaces_gradients,jxl_e3,webp_m6,ssimulacra2,-9.056346922131686,True
64,smooth_surfaces_gradients,jxl_e3,webp_m6,ssimulacra2,-11.040514735861418,True
65,smooth_surfaces_gradients,jxl_e3,webp_m6,ssimulacra2,-13.935673100189728,True
66,smooth_surfaces_gradients,jxl_e3,webp_m6,ssimulacra2,-16.7758065463008,True
67,smooth_surfaces_gradients,jxl_e3,webp_m6,ssimulacra2,-16.05057999064713,True
68,smooth_surfaces_gradients,jxl_e3,webp_m6,ssimulacra2,-5.320612236490907,True
69,smooth_surfaces_gradients,jxl_e3,webp_m6,ssimulacra2,-24.810333279993348,True
70,smooth_surfaces_gradients,jxl_e3,webp_m6,ssimulacra2,-19.461037358320322,True
71,smooth_surfaces_gradients,jxl_e3,webp_m6,ssimulacra2,-7.88850000757646,True
72,smooth_surfaces_gradients,jxl_e3,webp_m6,ssimulacra2,-7.298755472337726,True
73,smooth_surfaces_gradients,jxl_e3,webp_m6,ssimulacra2,-16.9175499537095,True
74,smooth_surfaces_gradients,jxl_e3,webp_m6,ssimulacra2,-10.196506476597023,True
75,smooth_surfaces_gradients,jxl_e3,webp_m6,ssimulacra2,-13.877552467058052,True
76,fine_detail,jxl_e3,webp_m6,ssimulacra2,2.2446382620406657,True
77,fine_detail,jxl_e3,webp_m6,ssimulacra2,-10.176069386618124,True
78,fine_detail,jxl_e3,webp_m6,ssimulacra2,-5.990875050922806,True
79,fine_detail,jxl_e3,webp_m6,ssimulacra2,-8.972492788296238,True
80,fine_detail,jxl_e3,webp_m6,ssimulacra2,-15.600066970659753,True
81,fine_detail,jxl_e3,webp_m6,ssimulacra2,-18.374840755618237,True
82,fine_detail,jxl_e3,webp_m6,ssimulacra2,-14.455955552414434,True
83,fine_detail,jxl_e3,webp_m6,ssimulacra2,0.2211014324865701,True
84,fine_detail,jxl_e3,webp_m6,ssimulacra2,-21.61220069975569,True
85,fine_detail,jxl_e3,webp_m6,ssimulacra2,-11.175137874084607,True
86,fine_detail,jxl_e3,webp_m6,ssimulacra2,-7.594550739171668,True
87,fine_detail,jxl_e3,webp_m6,ssimulacra2,-4.072399936951976,True
88,fine_detail,jxl_e3,webp_m6,ssimulacra2,0.36034042204979855,True
89,fine_detail,jxl_e3,webp_m6,ssimulacra2,-26.763232907058665,True
90,fine_detail,jxl_e3,webp_m6,ssimulacra2,-27.353765924529483,True
91,text_sharp_edges,jxl_e3,webp_m6,ssimulacra2,51.568618858023754,True
92,text_sharp_edges,jxl_e3,webp_m6,ssimulacra2,-8.372764109755416,True
93,text_sharp_edges,jxl_e3,webp_m6,ssimulacra2,47.038320724053605,True
94,text_sharp_edges,jxl_e3,webp_m6,ssimulacra2,-0.2837613902263336,True
95,text_sharp_edges,jxl_e3,webp_m6,ssimulacra2,41.0651844232252,True
96,text_sharp_edges,jxl_e3,webp_m6,ssimulacra2,-2.2334179102671325,True
97,text_sharp_edges,jxl_e3,webp_m6,ssimulacra2,36.877665254802984,True
98,text_sharp_edges,jxl_e3,webp_m6,ssimulacra2,17.21944183978332,True
99,text_sharp_edges,jxl_e3,webp_m6,ssimulacra2,-4.401574036663646,True
100,text_sharp_edges,jxl_e3,webp_m6,ssimulacra2,49.66804590820297,True
101,text_sharp_edges,jxl_e3,webp_m6,ssimulacra2,5.2542922734930775,True
102,text_sharp_edges,jxl_e3,webp_m6,ssimulacra2,10.490932343443182,True
103,text_sharp_edges,jxl_e3,webp_m6,ssimulacra2,8.134651738668918,True
104,text_sharp_edges,jxl_e3,webp_m6,ssimulacra2,3.7269345724587177,True
105,text_sharp_edges,jxl_e3,webp_m6,ssimulacra2,-6.621467697371697,True
106,saturated_desaturated_colors,jxl_e3,webp_m6,ssimulacra2,-17.975522967824897,True
107,saturated_desaturated_colors,jxl_e3,webp_m6,ssimulacra2,-43.93835886587135,True
108,saturated_desaturated_colors,jxl_e3,webp_m6,ssimulacra2,-1.5778445592825818,True
109,saturated_desaturated_colors,jxl_e3,webp_m6,ssimulacra2,-5.7465569496201745,True
110,saturated_desaturated_colors,jxl_e3,webp_m6,ssimulacra2,15.518906869116744,True
111,saturated_desaturated_colors,jxl_e3,webp_m6,ssimulacra2,18.083860521093943,True
112,saturated_desaturated_colors,jxl_e3,webp_m6,ssimulacra2,-8.13749701149823,True
113,saturated_desaturated_colors,jxl_e3,webp_m6,ssimulacra2,-4.131313118101465,True
114,saturated_desaturated_colors,jxl_e3,webp_m6,ssimulacra2,-9.34365596640111,True
115,saturated_desaturated_colors,jxl_e3,webp_m6,ssimulacra2,-11.640435942255035,True
116,saturated_desaturated_colors,jxl_e3,webp_m6,ssimulacra2,-15.930254801980691,True
117,saturated_desaturated_colors,jxl_e3,webp_m6,ssimulacra2,18.306747918040678,True
118,saturated_desaturated_colors,jxl_e3,webp_m6,ssimulacra2,-18.279265097554852,True
119,saturated_desaturated_colors,jxl_e3,webp_m6,ssimulacra2,-14.648064821775142,True
120,saturated_desaturated_colors,jxl_e3,webp_m6,ssimulacra2,-11.75133113863519,True
121,smooth_surfaces_gradients,jxl_e3,webp_m6,ssimulacra2,-12.217846179553348,True
122,urban_architecture,jxl_e3,webp_m6,ssimulacra2,-3.9517026409746747,True
123,smooth_surfaces_gradients,jxl_e3,webp_m6,ssimulacra2,-22.98709928480216,True
124,urban_architecture,jxl_e3,webp_m6,ssimulacra2,-7.058003027758386,True
125,fine_detail,jxl_e3,webp_m6,ssimulacra2,4.023897381566943,True
126,natural_landscapes,jxl_e3,webp_m6,ssimulacra2,-17.20644722957293,True
127,urban_architecture,jxl_e3,webp_m6,ssimulacra2,-14.824707607607944,True
128,text_sharp_edges,jxl_e3,webp_m6,ssimulacra2,9.31341853150849,True
129,text_sharp_edges,jxl_e3,webp_m6,ssimulacra2,-5.57884152740894,True
130,natural_landscapes,jxl_e3,webp_m6,ssimulacra2,-17.727737406369425,True
1,historical_portraits,jxl_e7,webp_m6,ssimulacra2,-7.230846941928948,True
2,historical_portraits,jxl_e7,webp_m6,ssimulacra2,-15.9183396872548,True
3,historical_portraits,jxl_e7,webp_m6,ssimulacra2,-16.470125026924055,True
4,historical_portraits,jxl_e7,webp_m6,ssimulacra2,-20.423209260570772,True
5,historical_portraits,jxl_e7,webp_m6,ssimulacra2,-12.32420485536263,True
6,historical_portraits,jxl_e7,webp_m6,ssimulacra2,-15.92901944746432,True
7,historical_portraits,jxl_e7,webp_m6,ssimulacra2,-6.881986168323984,True
8,historical_portraits,jxl_e7,webp_m6,ssimulacra2,-2.4104892410618417,True
9,historical_portraits,jxl_e7,webp_m6,ssimulacra2,-7.925139193319241,True
10,historical_portraits,jxl_e7,webp_m6,ssimulacra2,-29.68399704571124,True
11,historical_portraits,jxl_e7,webp_m6,ssimulacra2,-4.272393721990808,True
12,historical_portraits,jxl_e7,webp_m6,ssimulacra2,-7.0670762988493845,True
13,historical_portraits,jxl_e7,webp_m6,ssimulacra2,-1.2075345293694806,True
14,historical_portraits,jxl_e7,webp_m6,ssimulacra2,-4.075903827565764,True
15,historical_portraits,jxl_e7,webp_m6,ssimulacra2,7.3821557787005165,True
16,natural_landscapes,jxl_e7,webp_m6,ssimulacra2,-5.637086112403478,True
17,natural_landscapes,jxl_e7,webp_m6,ssimulacra2,-17.86101007679388,True
18,natural_landscapes,jxl_e7,webp_m6,ssimulacra2,-7.840712063503419,True
19,natural_landscapes,jxl_e7,webp_m6,ssimulacra2,-9.944010848723783,True
20,natural_landscapes,jxl_e7,webp_m6,ssimulacra2,-13.70752177997836,True
21,natural_landscapes,jxl_e7,webp_m6,ssimulacra2,-8.584795832983716,True
22,natural_landscapes,jxl_e7,webp_m6,ssimulacra2,-17.538075196500557,True
23,natural_landscapes,jxl_e7,webp_m6,ssimulacra2,-11.965847323841194,True
24,natural_landscapes,jxl_e7,webp_m6,ssimulacra2,-11.301668077752858,True
25,natural_landscapes,jxl_e7,webp_m6,ssimulacra2,-12.38513699380006,True
26,natural_landscapes,jxl_e7,webp_m6,ssimulacra2,-9.020125053931904,True
27,natural_landscapes,jxl_e7,webp_m6,ssimulacra2,-1.3709689886809207,True
28,natural_landscapes,jxl_e7,webp_m6,ssimulacra2,-13.293690032345772,True
29,natural_landscapes,jxl_e7,webp_m6,ssimulacra2,-10.764213994533778,True
30,natural_landscapes,jxl_e7,webp_m6,ssimulacra2,-23.380560643155025,True
31,urban_architecture,jxl_e7,webp_m6,ssimulacra2,0.8767080626324475,True
32,urban_architecture,jxl_e7,webp_m6,ssimulacra2,-8.798686864627259,True
33,urban_architecture,jxl_e7,webp_m6,ssimulacra2,-8.069055021062965,True
34,urban_architecture,jxl_e7,webp_m6,ssimulacra2,-14.352900923911506,True
35,urban_architecture,jxl_e7,webp_m6,ssimulacra2,-3.8270440232149427,True
36,urban_architecture,jxl_e7,webp_m6,ssimulacra2,-4.884435057338566,True
37,urban_architecture,jxl_e7,webp_m6,ssimulacra2,-21.07189918222846,True
38,urban_architecture,jxl_e7,webp_m6,ssimulacra2,-7.931805811021908,True
39,urban_architecture,jxl_e7,webp_m6,ssimulacra2,-6.255713148529141,True
40,urban_architecture,jxl_e7,webp_m6,ssimulacra2,-7.900010988752005,True
41,urban_architecture,jxl_e7,webp_m6,ssimulacra2,0.539956246633766,True
42,urban_architecture,jxl_e7,webp_m6,ssimulacra2,-3.543076107662313,True
43,urban_architecture,jxl_e7,webp_m6,ssimulacra2,-5.241967842815387,True
44,urban_architecture,jxl_e7,webp_m6,ssimulacra2,-6.571863984509896,True
45,urban_architecture,jxl_e7,webp_m6,ssimulacra2,-5.177434712452578,True
46,high_frequency_textures,jxl_e7,webp_m6,ssimulacra2,-26.41173356146246,True
47,high_frequency_textures,jxl_e7,webp_m6,ssimulacra2,-11.097552618066242,True
48,high_frequency_textures,jxl_e7,webp_m6,ssimulacra2,-21.480388653505056,True
49,high_frequency_textures,jxl_e7,webp_m6,ssimulacra2,-20.968622237822977,True
50,high_frequency_textures,jxl_e7,webp_m6,ssimulacra2,-50.06384439858007,True
51,high_frequency_textures,jxl_e7,webp_m6,ssimulacra2,-17.28667535698749,True
52,high_frequency_textures,jxl_e7,webp_m6,ssimulacra2,-10.103726108142318,True
53,high_frequency_textures,jxl_e7,webp_m6,ssimulacra2,-18.56732018050544,True
54,high_frequency_textures,jxl_e7,webp_m6,ssimulacra2,-19.16624777907865,True
55,high_frequency_textures,jxl_e7,webp_m6,ssimulacra2,-25.124611069067992,True
56,high_frequency_textures,jxl_e7,webp_m6,ssimulacra2,-22.030610181935383,True
57,high_frequency_textures,jxl_e7,webp_m6,ssimulacra2,-26.556348779162942,True
58,high_frequency_textures,jxl_e7,webp_m6,ssimulacra2,-3.0205069722830435,True
59,high_frequency_textures,jxl_e7,webp_m6,ssimulacra2,-13.857469875873319,True
60,high_frequency_textures,jxl_e7,webp_m6,ssimulacra2,-11.60498986965618,True
61,smooth_surfaces_gradients,jxl_e7,webp_m6,ssimulacra2,-25.995375508115316,True
62,smooth_surfaces_gradients,jxl_e7,webp_m6,ssimulacra2,-28.019191673615296,True
63,smooth_surfaces_gradients,jxl_e7,webp_m6,ssimulacra2,-13.548781653210739,True
64,smooth_surfaces_gradients,jxl_e7,webp_m6,ssimulacra2,-14.683360910876964,True
65,smooth_surfaces_gradients,jxl_e7,webp_m6,ssimulacra2,-23.193591510146817,True
66,smooth_surfaces_gradients,jxl_e7,webp_m6,ssimulacra2,-11.503818601062765,True
67,smooth_surfaces_gradients,jxl_e7,webp_m6,ssimulacra2,-21.035937048292553,True
68,smooth_surfaces_gradients,jxl_e7,webp_m6,ssimulacra2,-5.742362790634326,True
69,smooth_surfaces_gradients,jxl_e7,webp_m6,ssimulacra2,-21.961080699173873,True
70,smooth_surfaces_gradients,jxl_e7,webp_m6,ssimulacra2,-20.7189582661621,True
71,smooth_surfaces_gradients,jxl_e7,webp_m6,ssimulacra2,-7.636035990192191,True
72,smooth_surfaces_gradients,jxl_e7,webp_m6,ssimulacra2,-4.265595871936068,True
73,smooth_surfaces_gradients,jxl_e7,webp_m6,ssimulacra2,-44.39439863194061,True
74,smooth_surfaces_gradients,jxl_e7,webp_m6,ssimulacra2,-10.203178052102347,True
75,smooth_surfaces_gradients,jxl_e7,webp_m6,ssimulacra2,-28.31572296169479,True
76,fine_detail,jxl_e7,webp_m6,ssimulacra2,-9.804932802981659,True
77,fine_detail,jxl_e7,webp_m6,ssimulacra2,-5.47289720319124,True
78,fine_detail,jxl_e7,webp_m6,ssimulacra2,-2.6637115361585084,True
79,fine_detail,jxl_e7,webp_m6,ssimulacra2,-10.582892499839192,True
80,fine_detail,jxl_e7,webp_m6,ssimulacra2,-17.03481243219579,True
81,fine_detail,jxl_e7,webp_m6,ssimulacra2,-16.114731644695468,True
82,fine_detail,jxl_e7,webp_m6,ssimulacra2,-19.332916928294363,True
83,fine_detail,jxl_e7,webp_m6,ssimulacra2,-7.076026825354742,True
84,fine_detail,jxl_e7,webp_m6,ssimulacra2,-32.94288515445483,True
85,fine_detail,jxl_e7,webp_m6,ssimulacra2,-11.229206140566939,True
86,fine_detail,jxl_e7,webp_m6,ssimulacra2,-7.661834935375788,True
87,fine_detail,jxl_e7,webp_m6,ssimulacra2,-0.6032370004073084,True
88,fine_detail,jxl_e7,webp_m6,ssimulacra2,-28.87484603517435,True
89,fine_detail,jxl_e7,webp_m6,ssimulacra2,-30.367271596065848,True
90,fine_detail,jxl_e7,webp_m6,ssimulacra2,-31.714840919479848,True
91,text_sharp_edges,jxl_e7,webp_m6,ssimulacra2,29.964695731607847,True
92,text_sharp_edges,jxl_e7,webp_m6,ssimulacra2,-3.4501715451460746,True
93,text_sharp_edges,jxl_e7,webp_m6,ssimulacra2,19.26433255624085,True
94,text_sharp_edges,jxl_e7,webp_m6,ssimulacra2,-5.337044838008797,True
95,text_sharp_edges,jxl_e7,webp_m6,ssimulacra2,14.992506504990445,True
96,text_sharp_edges,jxl_e7,webp_m6,ssimulacra2,2.5649845229055224,True
97,text_sharp_edges,jxl_e7,webp_m6,ssimulacra2,13.478430747437354,True
98,text_sharp_edges,jxl_e7,webp_m6,ssimulacra2,12.054860023691472,True
99,text_sharp_edges,jxl_e7,webp_m6,ssimulacra2,-14.56271432734112,True
100,text_sharp_edges,jxl_e7,webp_m6,ssimulacra2,28.69201617291153,True
101,text_sharp_edges,jxl_e7,webp_m6,ssimulacra2,-1.4401754298711156,True
102,text_sharp_edges,jxl_e7,webp_m6,ssimulacra2,2.92963762046623,True
103,text_sharp_edges,jxl_e7,webp_m6,ssimulacra2,-2.1331444763527663,True
104,text_sharp_edges,jxl_e7,webp_m6,ssimulacra2,-2.1953948375472487,True
105,text_sharp_edges,jxl_e7,webp_m6,ssimulacra2,-10.946587473888226,True
106,saturated_desaturated_colors,jxl_e7,webp_m6,ssimulacra2,-25.130900734521422,True
107,saturated_desaturated_colors,jxl_e7,webp_m6,ssimulacra2,-43.36083232227259,True
108,saturated_desaturated_colors,jxl_e7,webp_m6,ssimulacra2,3.64087600479599,True
109,saturated_desaturated_colors,jxl_e7,webp_m6,ssimulacra2,-6.951117659128747,True
110,saturated_desaturated_colors,jxl_e7,webp_m6,ssimulacra2,-7.981003131209052,True
111,saturated_desaturated_colors,jxl_e7,webp_m6,ssimulacra2,-0.08412637832351244,True
112,saturated_desaturated_colors,jxl_e7,webp_m6,ssimulacra2,-13.370939849769902,True
113,saturated_desaturated_colors,jxl_e7,webp_m6,ssimulacra2,-6.139835028672458,True
114,saturated_desaturated_colors,jxl_e7,webp_m6,ssimulacra2,-10.93338142578527,True
115,saturated_desaturated_colors,jxl_e7,webp_m6,ssimulacra2,-11.57926023984588,True
116,saturated_desaturated_colors,jxl_e7,webp_m6,ssimulacra2,-14.874985798296125,True
117,saturated_desaturated_colors,jxl_e7,webp_m6,ssimulacra2,7.816873709701366,True
118,saturated_desaturated_colors,jxl_e7,webp_m6,ssimulacra2,-30.62897311377306,True
119,saturated_desaturated_colors,jxl_e7,webp_m6,ssimulacra2,-22.874479540413294,True
120,saturated_desaturated_colors,jxl_e7,webp_m6,ssimulacra2,-26.268504116138537,True
121,smooth_surfaces_gradients,jxl_e7,webp_m6,ssimulacra2,-10.51297895826342,True
122,urban_architecture,jxl_e7,webp_m6,ssimulacra2,4.736274641008653,True
123,smooth_surfaces_gradients,jxl_e7,webp_m6,ssimulacra2,-25.37009579559657,True
124,urban_architecture,jxl_e7,webp_m6,ssimulacra2,-8.08677685945992,True
125,fine_detail,jxl_e7,webp_m6,ssimulacra2,-2.5068771085771213,True
126,natural_landscapes,jxl_e7,webp_m6,ssimulacra2,-22.6602246077372,True
127,urban_architecture,jxl_e7,webp_m6,ssimulacra2,-10.744910637148442,True
128,text_sharp_edges,jxl_e7,webp_m6,ssimulacra2,2.0415452120493116,True
129,text_sharp_edges,jxl_e7,webp_m6,ssimulacra2,-2.673374392747918,True
130,natural_landscapes,jxl_e7,webp_m6,ssimulacra2,-20.02601273709953,True
1,historical_portraits,n148i_v2,n148i_v1,ssimulacra2,-10.345689531319058,True
2,historical_portraits,n148i_v2,n148i_v1,ssimulacra2,-37.00375279770396,True
3,historical_portraits,n148i_v2,n148i_v1,ssimulacra2,-19.004022485299497,True
4,historical_portraits,n148i_v2,n148i_v1,ssimulacra2,-0.6173617028926159,True
5,historical_portraits,n148i_v2,n148i_v1,ssimulacra2,-16.62447148639408,True
6,historical_portraits,n148i_v2,n148i_v1,ssimulacra2,-21.527498227473362,True
7,historical_portraits,n148i_v2,n148i_v1,ssimulacra2,-19.1647983928645,True
8,historical_portraits,n148i_v2,n148i_v1,ssimulacra2,-24.728162798340026,True
9,historical_portraits,n148i_v2,n148i_v1,ssimulacra2,-18.059725638059167,True
10,historical_portraits,n148i_v2,n148i_v1,ssimulacra2,-26.978706144034003,True
11,historical_portraits,n148i_v2,n148i_v1,ssimulacra2,-27.28892048849557,True
12,historical_portraits,n148i_v2,n148i_v1,ssimulacra2,-40.31002215439059,True
13,historical_portraits,n148i_v2,n148i_v1,ssimulacra2,-12.548012930069097,True
14,historical_portraits,n148i_v2,n148i_v1,ssimulacra2,-46.20813573006778,True
15,historical_portraits,n148i_v2,n148i_v1,ssimulacra2,-35.489198248215835,True
16,natural_landscapes,n148i_v2,n148i_v1,ssimulacra2,-12.647350034601246,True
17,natural_landscapes,n148i_v2,n148i_v1,ssimulacra2,-16.130389504978695,True
18,natural_landscapes,n148i_v2,n148i_v1,ssimulacra2,-19.71244998461995,True
19,natural_landscapes,n148i_v2,n148i_v1,ssimulacra2,-19.893935761682478,True
20,natural_landscapes,n148i_v2,n148i_v1,ssimulacra2,-10.127033662391959,True
21,natural_landscapes,n148i_v2,n148i_v1,ssimulacra2,-18.424915277468035,True
22,natural_landscapes,n148i_v2,n148i_v1,ssimulacra2,-6.734987478363208,True
23,natural_landscapes,n148i_v2,n148i_v1,ssimulacra2,-20.609364668781673,True
24,natural_landscapes,n148i_v2,n148i_v1,ssimulacra2,-12.318920877295403,True
25,natural_landscapes,n148i_v2,n148i_v1,ssimulacra2,-23.63678592712909,True
26,natural_landscapes,n148i_v2,n148i_v1,ssimulacra2,-3.6826076444259614,True
27,natural_landscapes,n148i_v2,n148i_v1,ssimulacra2,-8.001837157690261,True
28,natural_landscapes,n148i_v2,n148i_v1,ssimulacra2,-36.61263244731167,True
29,natural_landscapes,n148i_v2,n148i_v1,ssimulacra2,-10.884302343841279,True
30,natural_landscapes,n148i_v2,n148i_v1,ssimulacra2,-26.041466070372753,True
31,urban_architecture,n148i_v2,n148i_v1,ssimulacra2,-23.201654551061356,True
32,urban_architecture,n148i_v2,n148i_v1,ssimulacra2,-14.85001853762028,True
33,urban_architecture,n148i_v2,n148i_v1,ssimulacra2,-17.141253089507046,True
34,urban_architecture,n148i_v2,n148i_v1,ssimulacra2,-24.81527384693122,True
35,urban_architecture,n148i_v2,n148i_v1,ssimulacra2,-25.07512827176169,True
36,urban_architecture,n148i_v2,n148i_v1,ssimulacra2,-22.89598342181093,True
37,urban_architecture,n148i_v2,n148i_v1,ssimulacra2,-16.55540238287736,True
38,urban_architecture,n148i_v2,n148i_v1,ssimulacra2,-20.461000989435185,True
39,urban_architecture,n148i_v2,n148i_v1,ssimulacra2,-17.833459282993104,True
40,urban_architecture,n148i_v2,n148i_v1,ssimulacra2,-7.191417078355888,True
41,urban_architecture,n148i_v2,n148i_v1,ssimulacra2,-24.057130708222196,True
42,urban_architecture,n148i_v2,n148i_v1,ssimulacra2,-24.64657084152272,True
43,urban_architecture,n148i_v2,n148i_v1,ssimulacra2,-33.94789556857282,True
44,urban_architecture,n148i_v2,n148i_v1,ssimulacra2,-15.17644215265218,True
45,urban_architecture,n148i_v2,n148i_v1,ssimulacra2,-13.94484843939524,True
46,high_frequency_textures,n148i_v2,n148i_v1,ssimulacra2,17.942910436778092,True
47,high_frequency_textures,n148i_v2,n148i_v1,ssimulacra2,6.399658335744274,True
48,high_frequency_textures,n148i_v2,n148i_v1,ssimulacra2,9.373469487979946,True
49,high_frequency_textures,n148i_v2,n148i_v1,ssimulacra2,-7.135028532103149,True
50,high_frequency_textures,n148i_v2,n148i_v1,ssimulacra2,-0.009919790304602216,True
51,high_frequency_textures,n148i_v2,n148i_v1,ssimulacra2,11.333156203334195,True
52,high_frequency_textures,n148i_v2,n148i_v1,ssimulacra2,-9.120930362888402,True
53,high_frequency_textures,n148i_v2,n148i_v1,ssimulacra2,-8.179722951505575,True
54,high_frequency_textures,n148i_v2,n148i_v1,ssimulacra2,-7.751169346589537,True
55,high_frequency_textures,n148i_v2,n148i_v1,ssimulacra2,-9.861243460849112,True
56,high_frequency_textures,n148i_v2,n148i_v1,ssimulacra2,7.645564029347085,True
57,high_frequency_textures,n148i_v2,n148i_v1,ssimulacra2,-0.7864143522133271,True
58,high_frequency_textures,n148i_v2,n148i_v1,ssimulacra2,-17.026998807820938,True
59,high_frequency_textures,n148i_v2,n148i_v1,ssimulacra2,-24.107311914580766,True
60,high_frequency_textures,n148i_v2,n148i_v1,ssimulacra2,-19.721181945815413,True
61,smooth_surfaces_gradients,n148i_v2,n148i_v1,ssimulacra2,-38.13917577155065,True
62,smooth_surfaces_gradients,n148i_v2,n148i_v1,ssimulacra2,-42.77545872076318,True
63,smooth_surfaces_gradients,n148i_v2,n148i_v1,ssimulacra2,-37.82768853497161,True
64,smooth_surfaces_gradients,n148i_v2,n148i_v1,ssimulacra2,-20.82215775495795,True
65,smooth_surfaces_gradients,n148i_v2,n148i_v1,ssimulacra2,-21.066564827182077,True
66,smooth_surfaces_gradients,n148i_v2,n148i_v1,ssimulacra2,-18.41222900175631,True
67,smooth_surfaces_gradients,n148i_v2,n148i_v1,ssimulacra2,-15.186423824079565,True
68,smooth_surfaces_gradients,n148i_v2,n148i_v1,ssimulacra2,-13.4716011450441,True
69,smooth_surfaces_gradients,n148i_v2,n148i_v1,ssimulacra2,-20.0021571184856,True
70,smooth_surfaces_gradients,n148i_v2,n148i_v1,ssimulacra2,-16.04601627532608,True
71,smooth_surfaces_gradients,n148i_v2,n148i_v1,ssimulacra2,-28.706693246675286,True
72,smooth_surfaces_gradients,n148i_v2,n148i_v1,ssimulacra2,-6.250026532902875,True
73,smooth_surfaces_gradients,n148i_v2,n148i_v1,ssimulacra2,-61.95537500998044,True
74,smooth_surfaces_gradients,n148i_v2,n148i_v1,ssimulacra2,-42.0960572544563,True
75,smooth_surfaces_gradients,n148i_v2,n148i_v1,ssimulacra2,-42.82558249155666,True
76,fine_detail,n148i_v2,n148i_v1,ssimulacra2,-27.426069387136152,True
77,fine_detail,n148i_v2,n148i_v1,ssimulacra2,-12.001278119623482,True
78,fine_detail,n148i_v2,n148i_v1,ssimulacra2,-10.022806308554754,True
79,fine_detail,n148i_v2,n148i_v1,ssimulacra2,-10.808064669815531,True
80,fine_detail,n148i_v2,n148i_v1,ssimulacra2,-9.16575556207353,True
81,fine_detail,n148i_v2,n148i_v1,ssimulacra2,-10.64592745382189,True
82,fine_detail,n148i_v2,n148i_v1,ssimulacra2,-14.269417267153916,True
83,fine_detail,n148i_v2,n148i_v1,ssimulacra2,-27.372341488815245,True
84,fine_detail,n148i_v2,n148i_v1,ssimulacra2,-2.0127346777443322,True
85,fine_detail,n148i_v2,n148i_v1,ssimulacra2,-15.563232934344596,True
86,fine_detail,n148i_v2,n148i_v1,ssimulacra2,-3.6963179245832922,True
87,fine_detail,n148i_v2,n148i_v1,ssimulacra2,-19.598164325453137,True
88,fine_detail,n148i_v2,n148i_v1,ssimulacra2,-38.70678798761155,True
89,fine_detail,n148i_v2,n148i_v1,ssimulacra2,-15.94624026112098,True
90,fine_detail,n148i_v2,n148i_v1,ssimulacra2,-29.054150806087677,True
91,text_sharp_edges,n148i_v2,n148i_v1,ssimulacra2,-43.44596670817255,True
92,text_sharp_edges,n148i_v2,n148i_v1,ssimulacra2,-13.126031193020104,True
93,text_sharp_edges,n148i_v2,n148i_v1,ssimulacra2,-46.35664894595273,True
94,text_sharp_edges,n148i_v2,n148i_v1,ssimulacra2,-30.535925223147164,True
95,text_sharp_edges,n148i_v2,n148i_v1,ssimulacra2,-35.08983373707972,True
96,text_sharp_edges,n148i_v2,n148i_v1,ssimulacra2,-11.502604969358,True
97,text_sharp_edges,n148i_v2,n148i_v1,ssimulacra2,-39.18625539910596,True
98,text_sharp_edges,n148i_v2,n148i_v1,ssimulacra2,-33.69300292929024,True
99,text_sharp_edges,n148i_v2,n148i_v1,ssimulacra2,-46.51812687016202,True
100,text_sharp_edges,n148i_v2,n148i_v1,ssimulacra2,-44.28660945175559,True
101,text_sharp_edges,n148i_v2,n148i_v1,ssimulacra2,-42.082092218130676,True
102,text_sharp_edges,n148i_v2,n148i_v1,ssimulacra2,-25.476973097457833,True
103,text_sharp_edges,n148i_v2,n148i_v1,ssimulacra2,-35.219086219384245,True
104,text_sharp_edges,n148i_v2,n148i_v1,ssimulacra2,-33.584192868595096,True
105,text_sharp_edges,n148i_v2,n148i_v1,ssimulacra2,-19.874926842129558,True
106,saturated_desaturated_colors,n148i_v2,n148i_v1,ssimulacra2,-27.31927069757144,True
107,saturated_desaturated_colors,n148i_v2,n148i_v1,ssimulacra2,-3.497065556082235,True
108,saturated_desaturated_colors,n148i_v2,n148i_v1,ssimulacra2,-20.74734710078139,True
109,saturated_desaturated_colors,n148i_v2,n148i_v1,ssimulacra2,-32.05538687295365,True
110,saturated_desaturated_colors,n148i_v2,n148i_v1,ssimulacra2,-35.08943685640802,True
111,saturated_desaturated_colors,n148i_v2,n148i_v1,ssimulacra2,-26.195070891516238,True
112,saturated_desaturated_colors,n148i_v2,n148i_v1,ssimulacra2,-20.770202453003293,True
113,saturated_desaturated_colors,n148i_v2,n148i_v1,ssimulacra2,-22.201703671006122,True
114,saturated_desaturated_colors,n148i_v2,n148i_v1,ssimulacra2,-16.9052337189743,True
115,saturated_desaturated_colors,n148i_v2,n148i_v1,ssimulacra2,-8.656025035768522,True
116,saturated_desaturated_colors,n148i_v2,n148i_v1,ssimulacra2,-36.325686423122136,True
117,saturated_desaturated_colors,n148i_v2,n148i_v1,ssimulacra2,-51.57294220495346,True
118,saturated_desaturated_colors,n148i_v2,n148i_v1,ssimulacra2,-33.10146835297445,True
119,saturated_desaturated_colors,n148i_v2,n148i_v1,ssimulacra2,-30.12677797533613,True
120,saturated_desaturated_colors,n148i_v2,n148i_v1,ssimulacra2,-28.65544190393894,True
121,smooth_surfaces_gradients,n148i_v2,n148i_v1,ssimulacra2,-31.880117088551252,True
122,urban_architecture,n148i_v2,n148i_v1,ssimulacra2,-23.011840553523477,True
123,smooth_surfaces_gradients,n148i_v2,n148i_v1,ssimulacra2,-30.580786734922437,True
124,urban_architecture,n148i_v2,n148i_v1,ssimulacra2,-17.983554045214724,True
125,fine_detail,n148i_v2,n148i_v1,ssimulacra2,-19.828017613640526,True
126,natural_landscapes,n148i_v2,n148i_v1,ssimulacra2,-22.680492149021436,True
127,urban_architecture,n148i_v2,n148i_v1,ssimulacra2,-14.69903821374433,True
128,text_sharp_edges,n148i_v2,n148i_v1,ssimulacra2,-31.273410767584952,True
129,text_sharp_edges,n148i_v2,n148i_v1,ssimulacra2,-10.074943728925668,True
130,natural_landscapes,n148i_v2,n148i_v1,ssimulacra2,-3.24895961869065,True
1,historical_portraits,n148i_v2,jpeg_turbo,ssimulacra2,-11.57077744983912,True
2,historical_portraits,n148i_v2,jpeg_turbo,ssimulacra2,-38.882332971106436,True
3,historical_portraits,n148i_v2,jpeg_turbo,ssimulacra2,-20.050540232441406,True
4,historical_portraits,n148i_v2,jpeg_turbo,ssimulacra2,-1.7038282405745897,True
5,historical_portraits,n148i_v2,jpeg_turbo,ssimulacra2,-17.817313569835136,True
6,historical_portraits,n148i_v2,jpeg_turbo,ssimulacra2,-22.762892895565535,True
7,historical_portraits,n148i_v2,jpeg_turbo,ssimulacra2,-20.10631313300927,True
8,historical_portraits,n148i_v2,jpeg_turbo,ssimulacra2,-26.571135115228362,True
9,historical_portraits,n148i_v2,jpeg_turbo,ssimulacra2,-18.907003265325674,True
10,historical_portraits,n148i_v2,jpeg_turbo,ssimulacra2,-27.841879676941694,True
11,historical_portraits,n148i_v2,jpeg_turbo,ssimulacra2,-27.803067423429304,True
12,historical_portraits,n148i_v2,jpeg_turbo,ssimulacra2,-42.97567666987515,True
13,historical_portraits,n148i_v2,jpeg_turbo,ssimulacra2,-14.26062009781367,True
14,historical_portraits,n148i_v2,jpeg_turbo,ssimulacra2,-47.271129920665025,True
15,historical_portraits,n148i_v2,jpeg_turbo,ssimulacra2,-35.69394755707817,True
16,natural_landscapes,n148i_v2,jpeg_turbo,ssimulacra2,-14.246245282589776,True
17,natural_landscapes,n148i_v2,jpeg_turbo,ssimulacra2,-17.19068452102276,True
18,natural_landscapes,n148i_v2,jpeg_turbo,ssimulacra2,-21.4086506625191,True
19,natural_landscapes,n148i_v2,jpeg_turbo,ssimulacra2,-21.715898828438373,True
20,natural_landscapes,n148i_v2,jpeg_turbo,ssimulacra2,-10.970764088505137,True
21,natural_landscapes,n148i_v2,jpeg_turbo,ssimulacra2,-21.174746502648556,True
22,natural_landscapes,n148i_v2,jpeg_turbo,ssimulacra2,-8.64089436352713,True
23,natural_landscapes,n148i_v2,jpeg_turbo,ssimulacra2,-20.932064525340955,True
24,natural_landscapes,n148i_v2,jpeg_turbo,ssimulacra2,-14.85935743634209,True
25,natural_landscapes,n148i_v2,jpeg_turbo,ssimulacra2,-27.298925693197194,True
26,natural_landscapes,n148i_v2,jpeg_turbo,ssimulacra2,-4.575631045940442,True
27,natural_landscapes,n148i_v2,jpeg_turbo,ssimulacra2,-9.1535623847535,True
28,natural_landscapes,n148i_v2,jpeg_turbo,ssimulacra2,-38.88532598884563,True
29,natural_landscapes,n148i_v2,jpeg_turbo,ssimulacra2,-12.227774974571515,True
30,natural_landscapes,n148i_v2,jpeg_turbo,ssimulacra2,-27.995235491463077,True
31,urban_architecture,n148i_v2,jpeg_turbo,ssimulacra2,-24.263972252540324,True
32,urban_architecture,n148i_v2,jpeg_turbo,ssimulacra2,-15.947873147946822,True
33,urban_architecture,n148i_v2,jpeg_turbo,ssimulacra2,-19.591711192016938,True
34,urban_architecture,n148i_v2,jpeg_turbo,ssimulacra2,-26.678133945662374,True
35,urban_architecture,n148i_v2,jpeg_turbo,ssimulacra2,-26.238985017248694,True
36,urban_architecture,n148i_v2,jpeg_turbo,ssimulacra2,-24.011989542166944,True
37,urban_architecture,n148i_v2,jpeg_turbo,ssimulacra2,-17.602940807095845,True
38,urban_architecture,n148i_v2,jpeg_turbo,ssimulacra2,-21.01461323776125,True
39,urban_architecture,n148i_v2,jpeg_turbo,ssimulacra2,-18.814640636497547,True
40,urban_architecture,n148i_v2,jpeg_turbo,ssimulacra2,-8.240034825352438,True
41,urban_architecture,n148i_v2,jpeg_turbo,ssimulacra2,-25.728611796453503,True
42,urban_architecture,n148i_v2,jpeg_turbo,ssimulacra2,-25.60057302982989,True
43,urban_architecture,n148i_v2,jpeg_turbo,ssimulacra2,-35.33660166988639,True
44,urban_architecture,n148i_v2,jpeg_turbo,ssimulacra2,-15.386725640690068,True
45,urban_architecture,n148i_v2,jpeg_turbo,ssimulacra2,-15.154542906716785,True
46,high_frequency_textures,n148i_v2,jpeg_turbo,ssimulacra2,16.3740654489265,True
47,high_frequency_textures,n148i_v2,jpeg_turbo,ssimulacra2,5.587580987499097,True
48,high_frequency_textures,n148i_v2,jpeg_turbo,ssimulacra2,8.337782517270686,True
49,high_frequency_textures,n148i_v2,jpeg_turbo,ssimulacra2,-9.019926805447975,True
50,high_frequency_textures,n148i_v2,jpeg_turbo,ssimulacra2,-1.2061291007272823,True
51,high_frequency_textures,n148i_v2,jpeg_turbo,ssimulacra2,10.19746952631737,True
52,high_frequency_textures,n148i_v2,jpeg_turbo,ssimulacra2,-9.680435683800992,True
53,high_frequency_textures,n148i_v2,jpeg_turbo,ssimulacra2,-8.757065598738013,True
54,high_frequency_textures,n148i_v2,jpeg_turbo,ssimulacra2,-8.328379670695185,True
55,high_frequency_textures,n148i_v2,jpeg_turbo,ssimulacra2,-11.895447373040858,True
56,high_frequency_textures,n148i_v2,jpeg_turbo,ssimulacra2,6.592366465427668,True
57,high_frequency_textures,n148i_v2,jpeg_turbo,ssimulacra2,-1.5650964304741,True
58,high_frequency_textures,n148i_v2,jpeg_turbo,ssimulacra2,-18.042339376735416,True
59,high_frequency_textures,n148i_v2,jpeg_turbo,ssimulacra2,-25.36201402632613,True
60,high_frequency_textures,n148i_v2,jpeg_turbo,ssimulacra2,-21.101889348169124,True
61,smooth_surfaces_gradients,n148i_v2,jpeg_turbo,ssimulacra2,-42.02937188311071,True
62,smooth_surfaces_gradients,n148i_v2,jpeg_turbo,ssimulacra2,-46.02238895575571,True
63,smooth_surfaces_gradients,n148i_v2,jpeg_turbo,ssimulacra2,-39.1310055246506,True
64,smooth_surfaces_gradients,n148i_v2,jpeg_turbo,ssimulacra2,-21.607461371117974,True
65,smooth_surfaces_gradients,n148i_v2,jpeg_turbo,ssimulacra2,-22.356608361417518,True
66,smooth_surfaces_gradients,n148i_v2,jpeg_turbo,ssimulacra2,-20.4282465180308,True
67,smooth_surfaces_gradients,n148i_v2,jpeg_turbo,ssimulacra2,-16.807588180523847,True
68,smooth_surfaces_gradients,n148i_v2,jpeg_turbo,ssimulacra2,-13.880818125540262,True
69,smooth_surfaces_gradients,n148i_v2,jpeg_turbo,ssimulacra2,-22.786274787755843,True
70,smooth_surfaces_gradients,n148i_v2,jpeg_turbo,ssimulacra2,-17.753108225449367,True
71,smooth_surfaces_gradients,n148i_v2,jpeg_turbo,ssimulacra2,-32.7407575413354,True
72,smooth_surfaces_gradients,n148i_v2,jpeg_turbo,ssimulacra2,-7.584730957896124,True
73,smooth_surfaces_gradients,n148i_v2,jpeg_turbo,ssimulacra2,-66.70932241558903,True
74,smooth_surfaces_gradients,n148i_v2,jpeg_turbo,ssimulacra2,-43.78934932937716,True
75,smooth_surfaces_gradients,n148i_v2,jpeg_turbo,ssimulacra2,-46.821801809368445,True
76,fine_detail,n148i_v2,jpeg_turbo,ssimulacra2,-28.540320879963065,True
77,fine_detail,n148i_v2,jpeg_turbo,ssimulacra2,-12.387237885505687,True
78,fine_detail,n148i_v2,jpeg_turbo,ssimulacra2,-10.784266061618663,True
79,fine_detail,n148i_v2,jpeg_turbo,ssimulacra2,-11.526503010991995,True
80,fine_detail,n148i_v2,jpeg_turbo,ssimulacra2,-10.408778961861309,True
81,fine_detail,n148i_v2,jpeg_turbo,ssimulacra2,-12.765590342309196,True
82,fine_detail,n148i_v2,jpeg_turbo,ssimulacra2,-15.622153664127126,True
83,fine_detail,n148i_v2,jpeg_turbo,ssimulacra2,-28.340851829225556,True
84,fine_detail,n148i_v2,jpeg_turbo,ssimulacra2,-3.220936467049329,True
85,fine_detail,n148i_v2,jpeg_turbo,ssimulacra2,-16.041124643319005,True
86,fine_detail,n148i_v2,jpeg_turbo,ssimulacra2,-5.281350113924976,True
87,fine_detail,n148i_v2,jpeg_turbo,ssimulacra2,-20.261312513121332,True
88,fine_detail,n148i_v2,jpeg_turbo,ssimulacra2,-40.349319773269066,True
89,fine_detail,n148i_v2,jpeg_turbo,ssimulacra2,-16.07823000387566,True
90,fine_detail,n148i_v2,jpeg_turbo,ssimulacra2,-30.298684224012828,True
91,text_sharp_edges,n148i_v2,jpeg_turbo,ssimulacra2,-44.305539330771516,True
92,text_sharp_edges,n148i_v2,jpeg_turbo,ssimulacra2,-14.705659435074747,True
93,text_sharp_edges,n148i_v2,jpeg_turbo,ssimulacra2,-47.00290711718581,True
94,text_sharp_edges,n148i_v2,jpeg_turbo,ssimulacra2,-31.437157773879786,True
95,text_sharp_edges,n148i_v2,jpeg_turbo,ssimulacra2,-35.60502787945662,True
96,text_sharp_edges,n148i_v2,jpeg_turbo,ssimulacra2,-13.339592721055437,True
97,text_sharp_edges,n148i_v2,jpeg_turbo,ssimulacra2,-40.003351698110755,True
98,text_sharp_edges,n148i_v2,jpeg_turbo,ssimulacra2,-34.86004560989594,True
99,text_sharp_edges,n148i_v2,jpeg_turbo,ssimulacra2,-48.62813786158251,True
100,text_sharp_edges,n148i_v2,jpeg_turbo,ssimulacra2,-45.48029389623357,True
101,text_sharp_edges,n148i_v2,jpeg_turbo,ssimulacra2,-43.743207427388164,True
102,text_sharp_edges,n148i_v2,jpeg_turbo,ssimulacra2,-27.151285937345847,True
103,text_sharp_edges,n148i_v2,jpeg_turbo,ssimulacra2,-36.76998303089641,True
104,text_sharp_edges,n148i_v2,jpeg_turbo,ssimulacra2,-34.98970734017358,True
105,text_sharp_edges,n148i_v2,jpeg_turbo,ssimulacra2,-21.707157574198057,True
106,saturated_desaturated_colors,n148i_v2,jpeg_turbo,ssimulacra2,-29.248522369530818,True
107,saturated_desaturated_colors,n148i_v2,jpeg_turbo,ssimulacra2,-4.081023363525271,True
108,saturated_desaturated_colors,n148i_v2,jpeg_turbo,ssimulacra2,-21.810766706438645,True
109,saturated_desaturated_colors,n148i_v2,jpeg_turbo,ssimulacra2,-35.38343994507262,True
110,saturated_desaturated_colors,n148i_v2,jpeg_turbo,ssimulacra2,-35.635224492619514,True
111,saturated_desaturated_colors,n148i_v2,jpeg_turbo,ssimulacra2,-27.11138411347497,True
112,saturated_desaturated_colors,n148i_v2,jpeg_turbo,ssimulacra2,-21.817084846744805,True
113,saturated_desaturated_colors,n148i_v2,jpeg_turbo,ssimulacra2,-23.48747204122884,True
114,saturated_desaturated_colors,n148i_v2,jpeg_turbo,ssimulacra2,-17.559211904458028,True
115,saturated_desaturated_colors,n148i_v2,jpeg_turbo,ssimulacra2,-9.573081828215157,True
116,saturated_desaturated_colors,n148i_v2,jpeg_turbo,ssimulacra2,-38.72307633736655,True
117,saturated_desaturated_colors,n148i_v2,jpeg_turbo,ssimulacra2,-57.36954449296753,True
118,saturated_desaturated_colors,n148i_v2,jpeg_turbo,ssimulacra2,-34.48730832785725,True
119,saturated_desaturated_colors,n148i_v2,jpeg_turbo,ssimulacra2,-31.74467048095515,True
120,saturated_desaturated_colors,n148i_v2,jpeg_turbo,ssimulacra2,-29.52316175511366,True
121,smooth_surfaces_gradients,n148i_v2,jpeg_turbo,ssimulacra2,-33.887515390048996,True
122,urban_architecture,n148i_v2,jpeg_turbo,ssimulacra2,-24.852522697719813,True
123,smooth_surfaces_gradients,n148i_v2,jpeg_turbo,ssimulacra2,-33.459637275243495,True
124,urban_architecture,n148i_v2,jpeg_turbo,ssimulacra2,-19.53022804538981,True
125,fine_detail,n148i_v2,jpeg_turbo,ssimulacra2,-20.533621396582134,True
126,natural_landscapes,n148i_v2,jpeg_turbo,ssimulacra2,-23.594076936212495,True
127,urban_architecture,n148i_v2,jpeg_turbo,ssimulacra2,-15.844854762110227,True
128,text_sharp_edges,n148i_v2,jpeg_turbo,ssimulacra2,-32.27779208330593,True
129,text_sharp_edges,n148i_v2,jpeg_turbo,ssimulacra2,-10.849505704162576,True
130,natural_landscapes,n148i_v2,jpeg_turbo,ssimulacra2,-4.779823400877403,True
1,historical_portraits,n148i_v2,webp_m4,ssimulacra2,-4.729344978706552,True
2,historical_portraits,n148i_v2,webp_m4,ssimulacra2,-20.256300105899673,True
3,historical_portraits,n148i_v2,webp_m4,ssimulacra2,0.44595623708783005,True
4,historical_portraits,n148i_v2,webp_m4,ssimulacra2,-10.844522506271081,True
5,historical_portraits,n148i_v2,webp_m4,ssimulacra2,-14.474589987253006,True
6,historical_portraits,n148i_v2,webp_m4,ssimulacra2,-11.658460932106184,True
7,historical_portraits,n148i_v2,webp_m4,ssimulacra2,-3.520660541460341,True
8,historical_portraits,n148i_v2,webp_m4,ssimulacra2,-7.907967123773718,True
9,historical_portraits,n148i_v2,webp_m4,ssimulacra2,-7.063383000748214,True
10,historical_portraits,n148i_v2,webp_m4,ssimulacra2,-27.1950689888244,True
11,historical_portraits,n148i_v2,webp_m4,ssimulacra2,-9.240430652864672,True
12,historical_portraits,n148i_v2,webp_m4,ssimulacra2,3.1326945546106266,True
13,historical_portraits,n148i_v2,webp_m4,ssimulacra2,-1.3483369313157079,True
14,historical_portraits,n148i_v2,webp_m4,ssimulacra2,-12.168802467159633,True
15,historical_portraits,n148i_v2,webp_m4,ssimulacra2,10.824651856181955,True
16,natural_landscapes,n148i_v2,webp_m4,ssimulacra2,-0.29971179566686823,True
17,natural_landscapes,n148i_v2,webp_m4,ssimulacra2,-10.340256046540851,True
18,natural_landscapes,n148i_v2,webp_m4,ssimulacra2,-9.80312811342805,True
19,natural_landscapes,n148i_v2,webp_m4,ssimulacra2,-10.930610789001328,True
20,natural_landscapes,n148i_v2,webp_m4,ssimulacra2,-5.541978569716122,True
21,natural_landscapes,n148i_v2,webp_m4,ssimulacra2,-7.236599565058621,True
22,natural_landscapes,n148i_v2,webp_m4,ssimulacra2,-7.940609147005406,True
23,natural_landscapes,n148i_v2,webp_m4,ssimulacra2,-5.836063925905821,True
24,natural_landscapes,n148i_v2,webp_m4,ssimulacra2,-11.449137459272974,True
25,natural_landscapes,n148i_v2,webp_m4,ssimulacra2,-8.457932907640242,True
26,natural_landscapes,n148i_v2,webp_m4,ssimulacra2,-1.5952101270652497,True
27,natural_landscapes,n148i_v2,webp_m4,ssimulacra2,-1.310463956690744,True
28,natural_landscapes,n148i_v2,webp_m4,ssimulacra2,-10.118744139282976,True
29,natural_landscapes,n148i_v2,webp_m4,ssimulacra2,-5.651305647039329,True
30,natural_landscapes,n148i_v2,webp_m4,ssimulacra2,-16.386975598389654,True
31,urban_architecture,n148i_v2,webp_m4,ssimulacra2,-4.781181464288952,True
32,urban_architecture,n148i_v2,webp_m4,ssimulacra2,-7.92391433853531,True
33,urban_architecture,n148i_v2,webp_m4,ssimulacra2,-11.683525423248298,True
34,urban_architecture,n148i_v2,webp_m4,ssimulacra2,-7.940059657342791,True
35,urban_architecture,n148i_v2,webp_m4,ssimulacra2,-9.162803368207417,True
36,urban_architecture,n148i_v2,webp_m4,ssimulacra2,-0.9411141619052099,True
37,urban_architecture,n148i_v2,webp_m4,ssimulacra2,-4.427202639548811,True
38,urban_architecture,n148i_v2,webp_m4,ssimulacra2,-4.2355874755990115,True
39,urban_architecture,n148i_v2,webp_m4,ssimulacra2,-6.218101761591244,True
40,urban_architecture,n148i_v2,webp_m4,ssimulacra2,-3.289050338829702,True
41,urban_architecture,n148i_v2,webp_m4,ssimulacra2,-3.71715110896631,True
42,urban_architecture,n148i_v2,webp_m4,ssimulacra2,-4.920167112233454,True
43,urban_architecture,n148i_v2,webp_m4,ssimulacra2,-5.172503981557108,True
44,urban_architecture,n148i_v2,webp_m4,ssimulacra2,-6.840356728003528,True
45,urban_architecture,n148i_v2,webp_m4,ssimulacra2,-10.994849441835763,True
46,high_frequency_textures,n148i_v2,webp_m4,ssimulacra2,-4.390038833605592,True
47,high_frequency_textures,n148i_v2,webp_m4,ssimulacra2,1.6703182395185312,True
48,high_frequency_textures,n148i_v2,webp_m4,ssimulacra2,-2.8840041650295856,True
49,high_frequency_textures,n148i_v2,webp_m4,ssimulacra2,-12.079485546729597,True
50,high_frequency_textures,n148i_v2,webp_m4,ssimulacra2,-12.133948877937073,True
51,high_frequency_textures,n148i_v2,webp_m4,ssimulacra2,-3.729418424243325,True
52,high_frequency_textures,n148i_v2,webp_m4,ssimulacra2,-3.461582470211999,True
53,high_frequency_textures,n148i_v2,webp_m4,ssimulacra2,-9.296188335275456,True
54,high_frequency_textures,n148i_v2,webp_m4,ssimulacra2,-10.180580159555841,True
55,high_frequency_textures,n148i_v2,webp_m4,ssimulacra2,-22.071572847392694,True
56,high_frequency_textures,n148i_v2,webp_m4,ssimulacra2,-8.517094641630695,True
57,high_frequency_textures,n148i_v2,webp_m4,ssimulacra2,-19.573429506078888,True
58,high_frequency_textures,n148i_v2,webp_m4,ssimulacra2,-4.589661551914981,True
59,high_frequency_textures,n148i_v2,webp_m4,ssimulacra2,-15.522054912639405,True
60,high_frequency_textures,n148i_v2,webp_m4,ssimulacra2,-11.084395176534601,True
61,smooth_surfaces_gradients,n148i_v2,webp_m4,ssimulacra2,-10.148813334103323,True
62,smooth_surfaces_gradients,n148i_v2,webp_m4,ssimulacra2,-12.580864425505567,True
63,smooth_surfaces_gradients,n148i_v2,webp_m4,ssimulacra2,-10.762177128776306,True
64,smooth_surfaces_gradients,n148i_v2,webp_m4,ssimulacra2,-9.003094080255615,True
65,smooth_surfaces_gradients,n148i_v2,webp_m4,ssimulacra2,-7.601857533094847,True
66,smooth_surfaces_gradients,n148i_v2,webp_m4,ssimulacra2,-18.528643584123184,True
67,smooth_surfaces_gradients,n148i_v2,webp_m4,ssimulacra2,-16.712532171511818,True
68,smooth_surfaces_gradients,n148i_v2,webp_m4,ssimulacra2,4.070691183646291,True
69,smooth_surfaces_gradients,n148i_v2,webp_m4,ssimulacra2,-19.26738293367324,True
70,smooth_surfaces_gradients,n148i_v2,webp_m4,ssimulacra2,-6.908145044972203,True
71,smooth_surfaces_gradients,n148i_v2,webp_m4,ssimulacra2,-3.416103050770769,True
72,smooth_surfaces_gradients,n148i_v2,webp_m4,ssimulacra2,-0.1269398742818395,True
73,smooth_surfaces_gradients,n148i_v2,webp_m4,ssimulacra2,-31.037548126773252,True
74,smooth_surfaces_gradients,n148i_v2,webp_m4,ssimulacra2,-8.088989278014303,True
75,smooth_surfaces_gradients,n148i_v2,webp_m4,ssimulacra2,-5.674224644589431,True
76,fine_detail,n148i_v2,webp_m4,ssimulacra2,-6.217956425867699,True
77,fine_detail,n148i_v2,webp_m4,ssimulacra2,-5.139382676961713,True
78,fine_detail,n148i_v2,webp_m4,ssimulacra2,-1.8023798554945292,True
79,fine_detail,n148i_v2,webp_m4,ssimulacra2,-3.5343187864289805,True
80,fine_detail,n148i_v2,webp_m4,ssimulacra2,-10.796095825710928,True
81,fine_detail,n148i_v2,webp_m4,ssimulacra2,-11.303804985829725,True
82,fine_detail,n148i_v2,webp_m4,ssimulacra2,-12.06743213475856,True
83,fine_detail,n148i_v2,webp_m4,ssimulacra2,-1.1948024896520804,True
84,fine_detail,n148i_v2,webp_m4,ssimulacra2,-16.17827895887619,True
85,fine_detail,n148i_v2,webp_m4,ssimulacra2,-4.386945674688669,True
86,fine_detail,n148i_v2,webp_m4,ssimulacra2,-1.9181615668529828,True
87,fine_detail,n148i_v2,webp_m4,ssimulacra2,-3.1945329632010466,True
88,fine_detail,n148i_v2,webp_m4,ssimulacra2,-15.611681546418,True
89,fine_detail,n148i_v2,webp_m4,ssimulacra2,-9.874048137028046,True
90,fine_detail,n148i_v2,webp_m4,ssimulacra2,-10.536310820174155,True
91,text_sharp_edges,n148i_v2,webp_m4,ssimulacra2,13.171286978106679,True
92,text_sharp_edges,n148i_v2,webp_m4,ssimulacra2,-5.52479340405988,True
93,text_sharp_edges,n148i_v2,webp_m4,ssimulacra2,14.004601681635132,True
94,text_sharp_edges,n148i_v2,webp_m4,ssimulacra2,-8.616374280838047,True
95,text_sharp_edges,n148i_v2,webp_m4,ssimulacra2,13.877490583363738,True
96,text_sharp_edges,n148i_v2,webp_m4,ssimulacra2,-1.041006627487484,True
97,text_sharp_edges,n148i_v2,webp_m4,ssimulacra2,10.380481061546742,True
98,text_sharp_edges,n148i_v2,webp_m4,ssimulacra2,16.72309745667595,True
99,text_sharp_edges,n148i_v2,webp_m4,ssimulacra2,-2.6232995273069326,True
100,text_sharp_edges,n148i_v2,webp_m4,ssimulacra2,14.803601112958509,True
101,text_sharp_edges,n148i_v2,webp_m4,ssimulacra2,-16.794773748543214,True
102,text_sharp_edges,n148i_v2,webp_m4,ssimulacra2,-1.8756433626660796,True
103,text_sharp_edges,n148i_v2,webp_m4,ssimulacra2,-2.2110329224137026,True
104,text_sharp_edges,n148i_v2,webp_m4,ssimulacra2,-1.6169367443157112,True
105,text_sharp_edges,n148i_v2,webp_m4,ssimulacra2,-8.578570247097039,True
106,saturated_desaturated_colors,n148i_v2,webp_m4,ssimulacra2,-12.716747755573444,True
107,saturated_desaturated_colors,n148i_v2,webp_m4,ssimulacra2,-18.460754407220993,True
108,saturated_desaturated_colors,n148i_v2,webp_m4,ssimulacra2,-5.551250422385545,True
109,saturated_desaturated_colors,n148i_v2,webp_m4,ssimulacra2,2.117178382701468,True
110,saturated_desaturated_colors,n148i_v2,webp_m4,ssimulacra2,-1.4863280945742186,True
111,saturated_desaturated_colors,n148i_v2,webp_m4,ssimulacra2,15.138356894954597,True
112,saturated_desaturated_colors,n148i_v2,webp_m4,ssimulacra2,-12.655267938944824,True
113,saturated_desaturated_colors,n148i_v2,webp_m4,ssimulacra2,-4.58641203766671,True
114,saturated_desaturated_colors,n148i_v2,webp_m4,ssimulacra2,-4.9363726522271945,True
115,saturated_desaturated_colors,n148i_v2,webp_m4,ssimulacra2,-9.536144057248919,True
116,saturated_desaturated_colors,n148i_v2,webp_m4,ssimulacra2,-14.710562180480558,True
117,saturated_desaturated_colors,n148i_v2,webp_m4,ssimulacra2,-0.02813410383069037,True
118,saturated_desaturated_colors,n148i_v2,webp_m4,ssimulacra2,-10.462399363477736,True
119,saturated_desaturated_colors,n148i_v2,webp_m4,ssimulacra2,-8.585387488245189,True
120,saturated_desaturated_colors,n148i_v2,webp_m4,ssimulacra2,-14.049798631759936,True
121,smooth_surfaces_gradients,n148i_v2,webp_m4,ssimulacra2,-11.606512717539752,True
122,urban_architecture,n148i_v2,webp_m4,ssimulacra2,-1.2735051139275422,True
123,smooth_surfaces_gradients,n148i_v2,webp_m4,ssimulacra2,-15.077704090775468,True
124,urban_architecture,n148i_v2,webp_m4,ssimulacra2,-7.355805995315756,True
125,fine_detail,n148i_v2,webp_m4,ssimulacra2,-2.7402597985919597,True
126,natural_landscapes,n148i_v2,webp_m4,ssimulacra2,-14.95222318972803,True
127,urban_architecture,n148i_v2,webp_m4,ssimulacra2,-10.064667008780525,True
128,text_sharp_edges,n148i_v2,webp_m4,ssimulacra2,-4.871372512097549,True
129,text_sharp_edges,n148i_v2,webp_m4,ssimulacra2,-0.21602336659497512,True
130,natural_landscapes,n148i_v2,webp_m4,ssimulacra2,-14.56896775336033,True
1,historical_portraits,n148i_v2,webp_m6_historical,ssimulacra2,0.01533180521116062,True
2,historical_portraits,n148i_v2,webp_m6_historical,ssimulacra2,-17.34910389950466,True
3,historical_portraits,n148i_v2,webp_m6_historical,ssimulacra2,4.290984259277586,True
4,historical_portraits,n148i_v2,webp_m6_historical,ssimulacra2,-3.247403622797984,True
5,historical_portraits,n148i_v2,webp_m6_historical,ssimulacra2,-5.629465327989392,True
6,historical_portraits,n148i_v2,webp_m6_historical,ssimulacra2,-6.73058174045752,True
7,historical_portraits,n148i_v2,webp_m6_historical,ssimulacra2,1.7779129649372338,True
8,historical_portraits,n148i_v2,webp_m6_historical,ssimulacra2,-4.753014498638675,True
9,historical_portraits,n148i_v2,webp_m6_historical,ssimulacra2,-2.086435375897966,True
10,historical_portraits,n148i_v2,webp_m6_historical,ssimulacra2,-22.702873376901266,True
11,historical_portraits,n148i_v2,webp_m6_historical,ssimulacra2,-2.166323931309533,True
12,historical_portraits,n148i_v2,webp_m6_historical,ssimulacra2,5.929773494286605,True
13,historical_portraits,n148i_v2,webp_m6_historical,ssimulacra2,8.499731347219086,True
14,historical_portraits,n148i_v2,webp_m6_historical,ssimulacra2,-6.196520316648546,True
15,historical_portraits,n148i_v2,webp_m6_historical,ssimulacra2,9.853278351049255,True
16,natural_landscapes,n148i_v2,webp_m6_historical,ssimulacra2,4.17695377207965,True
17,natural_landscapes,n148i_v2,webp_m6_historical,ssimulacra2,-6.605810157149494,True
18,natural_landscapes,n148i_v2,webp_m6_historical,ssimulacra2,-2.4555934582589756,True
19,natural_landscapes,n148i_v2,webp_m6_historical,ssimulacra2,-4.578743000329344,True
20,natural_landscapes,n148i_v2,webp_m6_historical,ssimulacra2,-2.868799776662856,True
21,natural_landscapes,n148i_v2,webp_m6_historical,ssimulacra2,-1.87307047644385,True
22,natural_landscapes,n148i_v2,webp_m6_historical,ssimulacra2,-3.747268990372743,True
23,natural_landscapes,n148i_v2,webp_m6_historical,ssimulacra2,-3.9092960594173,True
24,natural_landscapes,n148i_v2,webp_m6_historical,ssimulacra2,-6.148187736082789,True
25,natural_landscapes,n148i_v2,webp_m6_historical,ssimulacra2,-4.571639827600505,True
26,natural_landscapes,n148i_v2,webp_m6_historical,ssimulacra2,2.486410532048633,True
27,natural_landscapes,n148i_v2,webp_m6_historical,ssimulacra2,4.16369980581448,True
28,natural_landscapes,n148i_v2,webp_m6_historical,ssimulacra2,-7.334614600683887,True
29,natural_landscapes,n148i_v2,webp_m6_historical,ssimulacra2,0.06299764352324377,True
30,natural_landscapes,n148i_v2,webp_m6_historical,ssimulacra2,-15.52060014722807,True
31,urban_architecture,n148i_v2,webp_m6_historical,ssimulacra2,-1.4763100284644781,True
32,urban_architecture,n148i_v2,webp_m6_historical,ssimulacra2,-0.23720942299472192,True
33,urban_architecture,n148i_v2,webp_m6_historical,ssimulacra2,-2.0226804055426983,True
34,urban_architecture,n148i_v2,webp_m6_historical,ssimulacra2,0.027472041944065495,True
35,urban_architecture,n148i_v2,webp_m6_historical,ssimulacra2,-6.070811565388889,True
36,urban_architecture,n148i_v2,webp_m6_historical,ssimulacra2,2.325274063325322,True
37,urban_architecture,n148i_v2,webp_m6_historical,ssimulacra2,-1.9716264786276971,True
38,urban_architecture,n148i_v2,webp_m6_historical,ssimulacra2,0.2798657492029122,True
39,urban_architecture,n148i_v2,webp_m6_historical,ssimulacra2,-2.789131973051162,True
40,urban_architecture,n148i_v2,webp_m6_historical,ssimulacra2,1.7062538850585396,True
41,urban_architecture,n148i_v2,webp_m6_historical,ssimulacra2,0.8667156552200073,True
42,urban_architecture,n148i_v2,webp_m6_historical,ssimulacra2,-1.3399197230974491,True
43,urban_architecture,n148i_v2,webp_m6_historical,ssimulacra2,-6.394985976584799,True
44,urban_architecture,n148i_v2,webp_m6_historical,ssimulacra2,-5.7352016624863555,True
45,urban_architecture,n148i_v2,webp_m6_historical,ssimulacra2,-9.202941622597127,True
46,high_frequency_textures,n148i_v2,webp_m6_historical,ssimulacra2,1.2274524798995268,True
47,high_frequency_textures,n148i_v2,webp_m6_historical,ssimulacra2,5.176327389221935,True
48,high_frequency_textures,n148i_v2,webp_m6_historical,ssimulacra2,2.422103197218539,True
49,high_frequency_textures,n148i_v2,webp_m6_historical,ssimulacra2,-3.562722022558651,True
50,high_frequency_textures,n148i_v2,webp_m6_historical,ssimulacra2,-5.7571839899768555,True
51,high_frequency_textures,n148i_v2,webp_m6_historical,ssimulacra2,1.4270369076666123,True
52,high_frequency_textures,n148i_v2,webp_m6_historical,ssimulacra2,-0.7701371619580732,True
53,high_frequency_textures,n148i_v2,webp_m6_historical,ssimulacra2,-5.424763576316094,True
54,high_frequency_textures,n148i_v2,webp_m6_historical,ssimulacra2,-7.689237238728063,True
55,high_frequency_textures,n148i_v2,webp_m6_historical,ssimulacra2,-18.090070972999918,True
56,high_frequency_textures,n148i_v2,webp_m6_historical,ssimulacra2,-3.1467599735535035,True
57,high_frequency_textures,n148i_v2,webp_m6_historical,ssimulacra2,-9.231127531626093,True
58,high_frequency_textures,n148i_v2,webp_m6_historical,ssimulacra2,-0.8426112191732948,True
59,high_frequency_textures,n148i_v2,webp_m6_historical,ssimulacra2,-9.759718002683526,True
60,high_frequency_textures,n148i_v2,webp_m6_historical,ssimulacra2,-5.138365780141118,True
61,smooth_surfaces_gradients,n148i_v2,webp_m6_historical,ssimulacra2,-7.777204495258161,True
62,smooth_surfaces_gradients,n148i_v2,webp_m6_historical,ssimulacra2,-10.185099561703726,True
63,smooth_surfaces_gradients,n148i_v2,webp_m6_historical,ssimulacra2,-7.8776766253132795,True
64,smooth_surfaces_gradients,n148i_v2,webp_m6_historical,ssimulacra2,-3.383851300838936,True
65,smooth_surfaces_gradients,n148i_v2,webp_m6_historical,ssimulacra2,-3.520532666277121,True
66,smooth_surfaces_gradients,n148i_v2,webp_m6_historical,ssimulacra2,-10.901922678267251,True
67,smooth_surfaces_gradients,n148i_v2,webp_m6_historical,ssimulacra2,-8.231711584262424,True
68,smooth_surfaces_gradients,n148i_v2,webp_m6_historical,ssimulacra2,8.196702982895744,True
69,smooth_surfaces_gradients,n148i_v2,webp_m6_historical,ssimulacra2,-11.939255042858898,True
70,smooth_surfaces_gradients,n148i_v2,webp_m6_historical,ssimulacra2,-1.916255571278458,True
71,smooth_surfaces_gradients,n148i_v2,webp_m6_historical,ssimulacra2,-2.597867901200812,True
72,smooth_surfaces_gradients,n148i_v2,webp_m6_historical,ssimulacra2,3.1809368826173134,True
73,smooth_surfaces_gradients,n148i_v2,webp_m6_historical,ssimulacra2,-29.810961177858296,True
74,smooth_surfaces_gradients,n148i_v2,webp_m6_historical,ssimulacra2,-3.783162446918531,True
75,smooth_surfaces_gradients,n148i_v2,webp_m6_historical,ssimulacra2,-2.272297304635551,True
76,fine_detail,n148i_v2,webp_m6_historical,ssimulacra2,-1.076007518251687,True
77,fine_detail,n148i_v2,webp_m6_historical,ssimulacra2,0.5395548383649418,True
78,fine_detail,n148i_v2,webp_m6_historical,ssimulacra2,3.642966396398295,True
79,fine_detail,n148i_v2,webp_m6_historical,ssimulacra2,0.3824610280318552,True
80,fine_detail,n148i_v2,webp_m6_historical,ssimulacra2,-6.040657572610375,True
81,fine_detail,n148i_v2,webp_m6_historical,ssimulacra2,-7.711889716580911,True
82,fine_detail,n148i_v2,webp_m6_historical,ssimulacra2,-5.906926927441747,True
83,fine_detail,n148i_v2,webp_m6_historical,ssimulacra2,2.972776771963037,True
84,fine_detail,n148i_v2,webp_m6_historical,ssimulacra2,-10.808241124736284,True
85,fine_detail,n148i_v2,webp_m6_historical,ssimulacra2,-2.1764892686189197,True
86,fine_detail,n148i_v2,webp_m6_historical,ssimulacra2,4.634258309419148,True
87,fine_detail,n148i_v2,webp_m6_historical,ssimulacra2,-0.9409053760872532,True
88,fine_detail,n148i_v2,webp_m6_historical,ssimulacra2,-13.016879787372293,True
89,fine_detail,n148i_v2,webp_m6_historical,ssimulacra2,-5.473728385759157,True
90,fine_detail,n148i_v2,webp_m6_historical,ssimulacra2,-7.799622623399694,True
91,text_sharp_edges,n148i_v2,webp_m6_historical,ssimulacra2,17.355837881237424,True
92,text_sharp_edges,n148i_v2,webp_m6_historical,ssimulacra2,2.50798304059181,True
93,text_sharp_edges,n148i_v2,webp_m6_historical,ssimulacra2,16.327127296319244,True
94,text_sharp_edges,n148i_v2,webp_m6_historical,ssimulacra2,-6.734287395253058,True
95,text_sharp_edges,n148i_v2,webp_m6_historical,ssimulacra2,16.112756604552825,True
96,text_sharp_edges,n148i_v2,webp_m6_historical,ssimulacra2,2.7034307847033423,True
97,text_sharp_edges,n148i_v2,webp_m6_historical,ssimulacra2,11.578539696674795,True
98,text_sharp_edges,n148i_v2,webp_m6_historical,ssimulacra2,21.1682719621296,True
99,text_sharp_edges,n148i_v2,webp_m6_historical,ssimulacra2,-5.650594323398028,True
100,text_sharp_edges,n148i_v2,webp_m6_historical,ssimulacra2,18.363632743072422,True
101,text_sharp_edges,n148i_v2,webp_m6_historical,ssimulacra2,-5.247557569547478,True
102,text_sharp_edges,n148i_v2,webp_m6_historical,ssimulacra2,4.525344437947432,True
103,text_sharp_edges,n148i_v2,webp_m6_historical,ssimulacra2,-0.8859895007173213,True
104,text_sharp_edges,n148i_v2,webp_m6_historical,ssimulacra2,1.969764565721288,True
105,text_sharp_edges,n148i_v2,webp_m6_historical,ssimulacra2,-4.356006062991236,True
106,saturated_desaturated_colors,n148i_v2,webp_m6_historical,ssimulacra2,-11.235389462193691,True
107,saturated_desaturated_colors,n148i_v2,webp_m6_historical,ssimulacra2,-10.571503945182092,True
108,saturated_desaturated_colors,n148i_v2,webp_m6_historical,ssimulacra2,-3.1766061513954225,True
109,saturated_desaturated_colors,n148i_v2,webp_m6_historical,ssimulacra2,9.722947206947863,True
110,saturated_desaturated_colors,n148i_v2,webp_m6_historical,ssimulacra2,2.9261288123333173,True
111,saturated_desaturated_colors,n148i_v2,webp_m6_historical,ssimulacra2,16.819850750934307,True
112,saturated_desaturated_colors,n148i_v2,webp_m6_historical,ssimulacra2,-8.735237577005028,True
113,saturated_desaturated_colors,n148i_v2,webp_m6_historical,ssimulacra2,-1.5735612798147725,True
114,saturated_desaturated_colors,n148i_v2,webp_m6_historical,ssimulacra2,-0.9677072117670105,True
115,saturated_desaturated_colors,n148i_v2,webp_m6_historical,ssimulacra2,-2.8524469660374585,True
116,saturated_desaturated_colors,n148i_v2,webp_m6_historical,ssimulacra2,-10.773763276954018,True
117,saturated_desaturated_colors,n148i_v2,webp_m6_historical,ssimulacra2,4.404581240822769,True
118,saturated_desaturated_colors,n148i_v2,webp_m6_historical,ssimulacra2,-8.30487234402002,True
119,saturated_desaturated_colors,n148i_v2,webp_m6_historical,ssimulacra2,-5.3997751408443655,True
120,saturated_desaturated_colors,n148i_v2,webp_m6_historical,ssimulacra2,-12.870440555782615,True
121,smooth_surfaces_gradients,n148i_v2,webp_m6_historical,ssimulacra2,-7.221623072514505,True
122,urban_architecture,n148i_v2,webp_m6_historical,ssimulacra2,0.44178922796145326,True
123,smooth_surfaces_gradients,n148i_v2,webp_m6_historical,ssimulacra2,-10.25482595155065,True
124,urban_architecture,n148i_v2,webp_m6_historical,ssimulacra2,-1.968301247440618,True
125,fine_detail,n148i_v2,webp_m6_historical,ssimulacra2,1.918827176872906,True
126,natural_landscapes,n148i_v2,webp_m6_historical,ssimulacra2,-10.12592609757943,True
127,urban_architecture,n148i_v2,webp_m6_historical,ssimulacra2,-3.3201643715958795,True
128,text_sharp_edges,n148i_v2,webp_m6_historical,ssimulacra2,0.5360661929759702,True
129,text_sharp_edges,n148i_v2,webp_m6_historical,ssimulacra2,1.4146717775973094,True
130,natural_landscapes,n148i_v2,webp_m6_historical,ssimulacra2,-5.381093212321042,True
1,historical_portraits,n148i_v2,jxl_e3,ssimulacra2,4.939600733181515,True
2,historical_portraits,n148i_v2,jxl_e3,ssimulacra2,-8.286757082535622,True
3,historical_portraits,n148i_v2,jxl_e3,ssimulacra2,11.945854766416474,True
4,historical_portraits,n148i_v2,jxl_e3,ssimulacra2,15.2431659303619,True
5,historical_portraits,n148i_v2,jxl_e3,ssimulacra2,6.083192972514873,True
6,historical_portraits,n148i_v2,jxl_e3,ssimulacra2,0.27857293787521,True
7,historical_portraits,n148i_v2,jxl_e3,ssimulacra2,9.12785970714225,True
8,historical_portraits,n148i_v2,jxl_e3,ssimulacra2,11.104698846298122,True
9,historical_portraits,n148i_v2,jxl_e3,ssimulacra2,3.2436265482480797,True
10,historical_portraits,n148i_v2,jxl_e3,ssimulacra2,-8.33150932611122,True
11,historical_portraits,n148i_v2,jxl_e3,ssimulacra2,-0.5562737138436913,True
12,historical_portraits,n148i_v2,jxl_e3,ssimulacra2,10.977773022115468,True
13,historical_portraits,n148i_v2,jxl_e3,ssimulacra2,14.31190833910383,True
14,historical_portraits,n148i_v2,jxl_e3,ssimulacra2,4.896157499964948,True
15,historical_portraits,n148i_v2,jxl_e3,ssimulacra2,-15.200821023396427,True
16,natural_landscapes,n148i_v2,jxl_e3,ssimulacra2,7.235366293665035,True
17,natural_landscapes,n148i_v2,jxl_e3,ssimulacra2,12.484913901468397,True
18,natural_landscapes,n148i_v2,jxl_e3,ssimulacra2,4.319139512994363,True
19,natural_landscapes,n148i_v2,jxl_e3,ssimulacra2,7.461829047846136,True
20,natural_landscapes,n148i_v2,jxl_e3,ssimulacra2,13.484876078388952,True
21,natural_landscapes,n148i_v2,jxl_e3,ssimulacra2,11.07866077316535,True
22,natural_landscapes,n148i_v2,jxl_e3,ssimulacra2,14.572892532146419,True
23,natural_landscapes,n148i_v2,jxl_e3,ssimulacra2,0.3585934135003743,True
24,natural_landscapes,n148i_v2,jxl_e3,ssimulacra2,9.406750569558863,True
25,natural_landscapes,n148i_v2,jxl_e3,ssimulacra2,12.341936388675713,True
26,natural_landscapes,n148i_v2,jxl_e3,ssimulacra2,18.3355434688391,True
27,natural_landscapes,n148i_v2,jxl_e3,ssimulacra2,11.581285351803317,True
28,natural_landscapes,n148i_v2,jxl_e3,ssimulacra2,11.454735223706614,True
29,natural_landscapes,n148i_v2,jxl_e3,ssimulacra2,9.928059254632515,True
30,natural_landscapes,n148i_v2,jxl_e3,ssimulacra2,10.449114063310061,True
31,urban_architecture,n148i_v2,jxl_e3,ssimulacra2,-6.007040458306989,True
32,urban_architecture,n148i_v2,jxl_e3,ssimulacra2,12.275563931097988,True
33,urban_architecture,n148i_v2,jxl_e3,ssimulacra2,14.260827205211735,True
34,urban_architecture,n148i_v2,jxl_e3,ssimulacra2,30.48957205156786,True
35,urban_architecture,n148i_v2,jxl_e3,ssimulacra2,-3.877064710937317,True
36,urban_architecture,n148i_v2,jxl_e3,ssimulacra2,3.614986737042858,True
37,urban_architecture,n148i_v2,jxl_e3,ssimulacra2,17.963947708142626,True
38,urban_architecture,n148i_v2,jxl_e3,ssimulacra2,0.21434830123541193,True
39,urban_architecture,n148i_v2,jxl_e3,ssimulacra2,6.33803564815052,True
40,urban_architecture,n148i_v2,jxl_e3,ssimulacra2,15.400314619941668,True
41,urban_architecture,n148i_v2,jxl_e3,ssimulacra2,5.991341953674079,True
42,urban_architecture,n148i_v2,jxl_e3,ssimulacra2,2.8430569280607276,True
43,urban_architecture,n148i_v2,jxl_e3,ssimulacra2,-15.688858818183615,True
44,urban_architecture,n148i_v2,jxl_e3,ssimulacra2,4.968665131552297,True
45,urban_architecture,n148i_v2,jxl_e3,ssimulacra2,2.7371659117738645,True
46,high_frequency_textures,n148i_v2,jxl_e3,ssimulacra2,43.227765314651734,True
47,high_frequency_textures,n148i_v2,jxl_e3,ssimulacra2,31.80086040334549,True
48,high_frequency_textures,n148i_v2,jxl_e3,ssimulacra2,32.745312105721624,True
49,high_frequency_textures,n148i_v2,jxl_e3,ssimulacra2,14.56839193649484,True
50,high_frequency_textures,n148i_v2,jxl_e3,ssimulacra2,26.987221796002103,True
51,high_frequency_textures,n148i_v2,jxl_e3,ssimulacra2,30.764136772243656,True
52,high_frequency_textures,n148i_v2,jxl_e3,ssimulacra2,14.886478322079167,True
53,high_frequency_textures,n148i_v2,jxl_e3,ssimulacra2,15.732579806145308,True
54,high_frequency_textures,n148i_v2,jxl_e3,ssimulacra2,17.664356352808895,True
55,high_frequency_textures,n148i_v2,jxl_e3,ssimulacra2,7.889034839111031,True
56,high_frequency_textures,n148i_v2,jxl_e3,ssimulacra2,29.28940044348036,True
57,high_frequency_textures,n148i_v2,jxl_e3,ssimulacra2,16.7453059284121,True
58,high_frequency_textures,n148i_v2,jxl_e3,ssimulacra2,4.861707757568512,True
59,high_frequency_textures,n148i_v2,jxl_e3,ssimulacra2,-0.2756322717279658,True
60,high_frequency_textures,n148i_v2,jxl_e3,ssimulacra2,8.468857420613185,True
61,smooth_surfaces_gradients,n148i_v2,jxl_e3,ssimulacra2,21.456539106468988,True
62,smooth_surfaces_gradients,n148i_v2,jxl_e3,ssimulacra2,17.657161819168522,True
63,smooth_surfaces_gradients,n148i_v2,jxl_e3,ssimulacra2,1.8989780242515186,True
64,smooth_surfaces_gradients,n148i_v2,jxl_e3,ssimulacra2,8.600254213689018,True
65,smooth_surfaces_gradients,n148i_v2,jxl_e3,ssimulacra2,11.945777982818328,True
66,smooth_surfaces_gradients,n148i_v2,jxl_e3,ssimulacra2,7.842352681455411,True
67,smooth_surfaces_gradients,n148i_v2,jxl_e3,ssimulacra2,9.071785230809004,True
68,smooth_surfaces_gradients,n148i_v2,jxl_e3,ssimulacra2,14.892329801734604,True
69,smooth_surfaces_gradients,n148i_v2,jxl_e3,ssimulacra2,17.528520552637517,True
70,smooth_surfaces_gradients,n148i_v2,jxl_e3,ssimulacra2,21.604865634759364,True
71,smooth_surfaces_gradients,n148i_v2,jxl_e3,ssimulacra2,5.735448307537361,True
72,smooth_surfaces_gradients,n148i_v2,jxl_e3,ssimulacra2,12.854033989508572,True
73,smooth_surfaces_gradients,n148i_v2,jxl_e3,ssimulacra2,-13.717919747289608,True
74,smooth_surfaces_gradients,n148i_v2,jxl_e3,ssimulacra2,7.603816013790454,True
75,smooth_surfaces_gradients,n148i_v2,jxl_e3,ssimulacra2,14.164821320596177,True
76,fine_detail,n148i_v2,jxl_e3,ssimulacra2,-2.650797572644492,True
77,fine_detail,n148i_v2,jxl_e3,ssimulacra2,10.982237503120306,True
78,fine_detail,n148i_v2,jxl_e3,ssimulacra2,9.564593467027338,True
79,fine_detail,n148i_v2,jxl_e3,ssimulacra2,10.176127902824117,True
80,fine_detail,n148i_v2,jxl_e3,ssimulacra2,10.161923589781408,True
81,fine_detail,n148i_v2,jxl_e3,ssimulacra2,12.754377299825826,True
82,fine_detail,n148i_v2,jxl_e3,ssimulacra2,9.041124538151223,True
83,fine_detail,n148i_v2,jxl_e3,ssimulacra2,2.684028484114931,True
84,fine_detail,n148i_v2,jxl_e3,ssimulacra2,14.405519729430761,True
85,fine_detail,n148i_v2,jxl_e3,ssimulacra2,11.058275784046678,True
86,fine_detail,n148i_v2,jxl_e3,ssimulacra2,12.199220041272962,True
87,fine_detail,n148i_v2,jxl_e3,ssimulacra2,3.3768568069262983,True
88,fine_detail,n148i_v2,jxl_e3,ssimulacra2,-12.574001229492204,True
89,fine_detail,n148i_v2,jxl_e3,ssimulacra2,32.656393887584215,True
90,fine_detail,n148i_v2,jxl_e3,ssimulacra2,29.818343999573905,True
91,text_sharp_edges,n148i_v2,jxl_e3,ssimulacra2,-18.72762343110078,True
92,text_sharp_edges,n148i_v2,jxl_e3,ssimulacra2,11.212048090573724,True
93,text_sharp_edges,n148i_v2,jxl_e3,ssimulacra2,-18.14790566867205,True
94,text_sharp_edges,n148i_v2,jxl_e3,ssimulacra2,-6.920142241104433,True
95,text_sharp_edges,n148i_v2,jxl_e3,ssimulacra2,-14.584803201260055,True
96,text_sharp_edges,n148i_v2,jxl_e3,ssimulacra2,5.710345621081103,True
97,text_sharp_edges,n148i_v2,jxl_e3,ssimulacra2,-14.371486961780322,True
98,text_sharp_edges,n148i_v2,jxl_e3,ssimulacra2,4.854314797591974,True
99,text_sharp_edges,n148i_v2,jxl_e3,ssimulacra2,-2.1433364932304633,True
100,text_sharp_edges,n148i_v2,jxl_e3,ssimulacra2,-18.438676974059696,True
101,text_sharp_edges,n148i_v2,jxl_e3,ssimulacra2,-9.09625143676669,True
102,text_sharp_edges,n148i_v2,jxl_e3,ssimulacra2,-4.646952297646523,True
103,text_sharp_edges,n148i_v2,jxl_e3,ssimulacra2,-7.3174566033343265,True
104,text_sharp_edges,n148i_v2,jxl_e3,ssimulacra2,-1.3516899600442889,True
105,text_sharp_edges,n148i_v2,jxl_e3,ssimulacra2,2.673184569230913,True
106,saturated_desaturated_colors,n148i_v2,jxl_e3,ssimulacra2,9.807642266125693,True
107,saturated_desaturated_colors,n148i_v2,jxl_e3,ssimulacra2,57.43852075309026,True
108,saturated_desaturated_colors,n148i_v2,jxl_e3,ssimulacra2,-1.7774413088406105,True
109,saturated_desaturated_colors,n148i_v2,jxl_e3,ssimulacra2,15.980801547705825,True
110,saturated_desaturated_colors,n148i_v2,jxl_e3,ssimulacra2,-9.5296960028047,True
111,saturated_desaturated_colors,n148i_v2,jxl_e3,ssimulacra2,-1.6211692409512257,True
112,saturated_desaturated_colors,n148i_v2,jxl_e3,ssimulacra2,-0.8994679891423774,True
113,saturated_desaturated_colors,n148i_v2,jxl_e3,ssimulacra2,3.1765375321106015,True
114,saturated_desaturated_colors,n148i_v2,jxl_e3,ssimulacra2,8.837814040277747,True
115,saturated_desaturated_colors,n148i_v2,jxl_e3,ssimulacra2,8.786759745514017,True
116,saturated_desaturated_colors,n148i_v2,jxl_e3,ssimulacra2,6.289749594568317,True
117,saturated_desaturated_colors,n148i_v2,jxl_e3,ssimulacra2,-10.407048221750303,True
118,saturated_desaturated_colors,n148i_v2,jxl_e3,ssimulacra2,13.103306873755226,True
119,saturated_desaturated_colors,n148i_v2,jxl_e3,ssimulacra2,10.937230220312632,True
120,saturated_desaturated_colors,n148i_v2,jxl_e3,ssimulacra2,-1.343751919316405,True
121,smooth_surfaces_gradients,n148i_v2,jxl_e3,ssimulacra2,6.334584806280197,True
122,urban_architecture,n148i_v2,jxl_e3,ssimulacra2,5.0407516194843405,True
123,smooth_surfaces_gradients,n148i_v2,jxl_e3,ssimulacra2,17.772623606577298,True
124,urban_architecture,n148i_v2,jxl_e3,ssimulacra2,5.7693628389353435,True
125,fine_detail,n148i_v2,jxl_e3,ssimulacra2,0.20429839211599798,True
126,natural_landscapes,n148i_v2,jxl_e3,ssimulacra2,8.831645318048187,True
127,urban_architecture,n148i_v2,jxl_e3,ssimulacra2,13.406188873415626,True
128,text_sharp_edges,n148i_v2,jxl_e3,ssimulacra2,-7.679036069866507,True
129,text_sharp_edges,n148i_v2,jxl_e3,ssimulacra2,8.694790281841946,True
130,natural_landscapes,n148i_v2,jxl_e3,ssimulacra2,10.983829335093432,True
1,historical_portraits,n148i_v2,jxl_e7,ssimulacra2,10.429918828234097,True
2,historical_portraits,n148i_v2,jxl_e7,ssimulacra2,-1.1510865005193938,True
3,historical_portraits,n148i_v2,jxl_e7,ssimulacra2,24.371773665642536,True
4,historical_portraits,n148i_v2,jxl_e7,ssimulacra2,23.34279270453077,True
5,historical_portraits,n148i_v2,jxl_e7,ssimulacra2,6.1620763332257855,True
6,historical_portraits,n148i_v2,jxl_e7,ssimulacra2,10.867440845001198,True
7,historical_portraits,n148i_v2,jxl_e7,ssimulacra2,9.289537543791448,True
8,historical_portraits,n148i_v2,jxl_e7,ssimulacra2,-1.0487365679601734,True
9,historical_portraits,n148i_v2,jxl_e7,ssimulacra2,6.9678000479885815,True
10,historical_portraits,n148i_v2,jxl_e7,ssimulacra2,9.520334080898586,True
11,historical_portraits,n148i_v2,jxl_e7,ssimulacra2,2.2631279047369057,True
12,historical_portraits,n148i_v2,jxl_e7,ssimulacra2,14.631805450088088,True
13,historical_portraits,n148i_v2,jxl_e7,ssimulacra2,7.910686195169547,True
14,historical_portraits,n148i_v2,jxl_e7,ssimulacra2,-1.563268428269604,True
15,historical_portraits,n148i_v2,jxl_e7,ssimulacra2,6.279021776068028,True
16,natural_landscapes,n148i_v2,jxl_e7,ssimulacra2,11.249548015640777,True
17,natural_landscapes,n148i_v2,jxl_e7,ssimulacra2,13.754536606136947,True
18,natural_landscapes,n148i_v2,jxl_e7,ssimulacra2,5.004076638433963,True
19,natural_landscapes,n148i_v2,jxl_e7,ssimulacra2,4.951832951746948,True
20,natural_landscapes,n148i_v2,jxl_e7,ssimulacra2,14.3237883284411,True
21,natural_landscapes,n148i_v2,jxl_e7,ssimulacra2,7.524907026965,True
22,natural_landscapes,n148i_v2,jxl_e7,ssimulacra2,17.06199638289254,True
23,natural_landscapes,n148i_v2,jxl_e7,ssimulacra2,9.793399542896086,True
24,natural_landscapes,n148i_v2,jxl_e7,ssimulacra2,4.525299297105501,True
25,natural_landscapes,n148i_v2,jxl_e7,ssimulacra2,9.709584881180566,True
26,natural_landscapes,n148i_v2,jxl_e7,ssimulacra2,13.054536742034806,True
27,natural_landscapes,n148i_v2,jxl_e7,ssimulacra2,6.098832793213171,True
28,natural_landscapes,n148i_v2,jxl_e7,ssimulacra2,7.037100046065392,True
29,natural_landscapes,n148i_v2,jxl_e7,ssimulacra2,12.2587307994819,True
30,natural_landscapes,n148i_v2,jxl_e7,ssimulacra2,10.241986530482073,True
31,urban_architecture,n148i_v2,jxl_e7,ssimulacra2,-1.8303720583653482,True
32,urban_architecture,n148i_v2,jxl_e7,ssimulacra2,9.067304940850264,True
33,urban_architecture,n148i_v2,jxl_e7,ssimulacra2,6.990414827868485,True
34,urban_architecture,n148i_v2,jxl_e7,ssimulacra2,16.961991986576773,True
35,urban_architecture,n148i_v2,jxl_e7,ssimulacra2,-1.9656973402378708,True
36,urban_architecture,n148i_v2,jxl_e7,ssimulacra2,7.884179146290005,True
37,urban_architecture,n148i_v2,jxl_e7,ssimulacra2,25.002624354464565,True
38,urban_architecture,n148i_v2,jxl_e7,ssimulacra2,8.476092315276574,True
39,urban_architecture,n148i_v2,jxl_e7,ssimulacra2,4.878081361329056,True
40,urban_architecture,n148i_v2,jxl_e7,ssimulacra2,11.528720101433287,True
41,urban_architecture,n148i_v2,jxl_e7,ssimulacra2,0.3696675572471442,True
42,urban_architecture,n148i_v2,jxl_e7,ssimulacra2,2.335963520219053,True
43,urban_architecture,n148i_v2,jxl_e7,ssimulacra2,-1.388599656157563,True
44,urban_architecture,n148i_v2,jxl_e7,ssimulacra2,1.9019107970122295,True
45,urban_architecture,n148i_v2,jxl_e7,ssimulacra2,-3.111879743921242,True
46,high_frequency_textures,n148i_v2,jxl_e7,ssimulacra2,43.42187944881708,True
47,high_frequency_textures,n148i_v2,jxl_e7,ssimulacra2,28.14060286738429,True
48,high_frequency_textures,n148i_v2,jxl_e7,ssimulacra2,34.07824856409769,True
49,high_frequency_textures,n148i_v2,jxl_e7,ssimulacra2,20.64793704035075,True
50,high_frequency_textures,n148i_v2,jxl_e7,ssimulacra2,94.05628735335594,True
51,high_frequency_textures,n148i_v2,jxl_e7,ssimulacra2,31.88102866115907,True
52,high_frequency_textures,n148i_v2,jxl_e7,ssimulacra2,14.740547185419551,True
53,high_frequency_textures,n148i_v2,jxl_e7,ssimulacra2,19.725530102545275,True
54,high_frequency_textures,n148i_v2,jxl_e7,ssimulacra2,19.335148395589584,True
55,high_frequency_textures,n148i_v2,jxl_e7,ssimulacra2,6.60563968014849,True
56,high_frequency_textures,n148i_v2,jxl_e7,ssimulacra2,32.17791504006331,True
57,high_frequency_textures,n148i_v2,jxl_e7,ssimulacra2,21.110951005990586,True
58,high_frequency_textures,n148i_v2,jxl_e7,ssimulacra2,3.6968456674685957,True
59,high_frequency_textures,n148i_v2,jxl_e7,ssimulacra2,5.074914742968839,True
60,high_frequency_textures,n148i_v2,jxl_e7,ssimulacra2,7.975369727852066,True
61,smooth_surfaces_gradients,n148i_v2,jxl_e7,ssimulacra2,22.808264020296633,True
62,smooth_surfaces_gradients,n148i_v2,jxl_e7,ssimulacra2,23.132214499302805,True
63,smooth_surfaces_gradients,n148i_v2,jxl_e7,ssimulacra2,7.335222892295512,True
64,smooth_surfaces_gradients,n148i_v2,jxl_e7,ssimulacra2,12.881612554087418,True
65,smooth_surfaces_gradients,n148i_v2,jxl_e7,ssimulacra2,25.131076582404077,True
66,smooth_surfaces_gradients,n148i_v2,jxl_e7,ssimulacra2,1.230624964966709,True
67,smooth_surfaces_gradients,n148i_v2,jxl_e7,ssimulacra2,15.878442809380577,True
68,smooth_surfaces_gradients,n148i_v2,jxl_e7,ssimulacra2,15.326250082921987,True
69,smooth_surfaces_gradients,n148i_v2,jxl_e7,ssimulacra2,12.813668041566872,True
70,smooth_surfaces_gradients,n148i_v2,jxl_e7,ssimulacra2,23.110010086931652,True
71,smooth_surfaces_gradients,n148i_v2,jxl_e7,ssimulacra2,5.133353649844397,True
72,smooth_surfaces_gradients,n148i_v2,jxl_e7,ssimulacra2,9.851138912677637,True
73,smooth_surfaces_gradients,n148i_v2,jxl_e7,ssimulacra2,28.413538657081496,True
74,smooth_surfaces_gradients,n148i_v2,jxl_e7,ssimulacra2,6.161617920719875,True
75,smooth_surfaces_gradients,n148i_v2,jxl_e7,ssimulacra2,30.113735753688164,True
76,fine_detail,n148i_v2,jxl_e7,ssimulacra2,9.472338554950355,True
77,fine_detail,n148i_v2,jxl_e7,ssimulacra2,6.436930439573096,True
78,fine_detail,n148i_v2,jxl_e7,ssimulacra2,9.382786299922973,True
79,fine_detail,n148i_v2,jxl_e7,ssimulacra2,14.926550390424808,True
80,fine_detail,n148i_v2,jxl_e7,ssimulacra2,12.579470599591836,True
81,fine_detail,n148i_v2,jxl_e7,ssimulacra2,9.630315938973432,True
82,fine_detail,n148i_v2,jxl_e7,ssimulacra2,16.017355876020932,True
83,fine_detail,n148i_v2,jxl_e7,ssimulacra2,10.428236915464083,True
84,fine_detail,n148i_v2,jxl_e7,ssimulacra2,32.86849689751392,True
85,fine_detail,n148i_v2,jxl_e7,ssimulacra2,11.436665217876897,True
86,fine_detail,n148i_v2,jxl_e7,ssimulacra2,13.409753227328602,True
87,fine_detail,n148i_v2,jxl_e7,ssimulacra2,0.4029801405434963,True
88,fine_detail,n148i_v2,jxl_e7,ssimulacra2,23.250184397539787,True
89,fine_detail,n148i_v2,jxl_e7,ssimulacra2,36.56684664132348,True
90,fine_detail,n148i_v2,jxl_e7,ssimulacra2,36.809167515706534,True
91,text_sharp_edges,n148i_v2,jxl_e7,ssimulacra2,-9.262594831503312,True
92,text_sharp_edges,n148i_v2,jxl_e7,ssimulacra2,5.327768021604462,True
93,text_sharp_edges,n148i_v2,jxl_e7,ssimulacra2,-1.2049203551139032,True
94,text_sharp_edges,n148i_v2,jxl_e7,ssimulacra2,-1.2206405667145481,True
95,text_sharp_edges,n148i_v2,jxl_e7,ssimulacra2,1.7787884056916559,True
96,text_sharp_edges,n148i_v2,jxl_e7,ssimulacra2,1.4642649824369247,True
97,text_sharp_edges,n148i_v2,jxl_e7,ssimulacra2,-0.19334670994350933,True
98,text_sharp_edges,n148i_v2,jxl_e7,ssimulacra2,6.793082765616321,True
99,text_sharp_edges,n148i_v2,jxl_e7,ssimulacra2,12.452187663321501,True
100,text_sharp_edges,n148i_v2,jxl_e7,ssimulacra2,-7.971803246390774,True
101,text_sharp_edges,n148i_v2,jxl_e7,ssimulacra2,-2.89979411149085,True
102,text_sharp_edges,n148i_v2,jxl_e7,ssimulacra2,1.4372925484641197,True
103,text_sharp_edges,n148i_v2,jxl_e7,ssimulacra2,1.3099641669774398,True
104,text_sharp_edges,n148i_v2,jxl_e7,ssimulacra2,4.416546657040921,True
105,text_sharp_edges,n148i_v2,jxl_e7,ssimulacra2,7.201635814577512,True
106,saturated_desaturated_colors,n148i_v2,jxl_e7,ssimulacra2,19.839417363454203,True
107,saturated_desaturated_colors,n148i_v2,jxl_e7,ssimulacra2,52.323753820569486,True
108,saturated_desaturated_colors,n148i_v2,jxl_e7,ssimulacra2,-5.224612271584251,True
109,saturated_desaturated_colors,n148i_v2,jxl_e7,ssimulacra2,17.217927057034956,True
110,saturated_desaturated_colors,n148i_v2,jxl_e7,ssimulacra2,11.598270097739306,True
111,saturated_desaturated_colors,n148i_v2,jxl_e7,ssimulacra2,18.467334682626113,True
112,saturated_desaturated_colors,n148i_v2,jxl_e7,ssimulacra2,6.055586425656223,True
113,saturated_desaturated_colors,n148i_v2,jxl_e7,ssimulacra2,5.284438289358517,True
114,saturated_desaturated_colors,n148i_v2,jxl_e7,ssimulacra2,11.117670533759473,True
115,saturated_desaturated_colors,n148i_v2,jxl_e7,ssimulacra2,11.257293073212281,True
116,saturated_desaturated_colors,n148i_v2,jxl_e7,ssimulacra2,5.266202689628519,True
117,saturated_desaturated_colors,n148i_v2,jxl_e7,ssimulacra2,-5.032748573845291,True
118,saturated_desaturated_colors,n148i_v2,jxl_e7,ssimulacra2,31.97930856963971,True
119,saturated_desaturated_colors,n148i_v2,jxl_e7,ssimulacra2,22.99538980433258,True
120,saturated_desaturated_colors,n148i_v2,jxl_e7,ssimulacra2,18.117329923398827,True
121,smooth_surfaces_gradients,n148i_v2,jxl_e7,ssimulacra2,4.392208665813646,True
122,urban_architecture,n148i_v2,jxl_e7,ssimulacra2,-3.425369531009692,True
123,smooth_surfaces_gradients,n148i_v2,jxl_e7,ssimulacra2,21.872077138046887,True
124,urban_architecture,n148i_v2,jxl_e7,ssimulacra2,5.71726674959574,True
125,fine_detail,n148i_v2,jxl_e7,ssimulacra2,5.497426206567391,True
126,natural_landscapes,n148i_v2,jxl_e7,ssimulacra2,15.912449354473113,True
127,urban_architecture,n148i_v2,jxl_e7,ssimulacra2,7.244522716278534,True
128,text_sharp_edges,n148i_v2,jxl_e7,ssimulacra2,-1.2867947894197873,True
129,text_sharp_edges,n148i_v2,jxl_e7,ssimulacra2,5.998552267630175,True
130,natural_landscapes,n148i_v2,jxl_e7,ssimulacra2,15.574473269636524,True
1,historical_portraits,n148i_v1,webp_m6,butteraugli,35.74142497016142,True
2,historical_portraits,n148i_v1,webp_m6,butteraugli,9.70310411894948,True
3,historical_portraits,n148i_v1,webp_m6,butteraugli,51.94255948971016,True
4,historical_portraits,n148i_v1,webp_m6,butteraugli,9.513619519443361,True
5,historical_portraits,n148i_v1,webp_m6,butteraugli,55.4090024770254,True
6,historical_portraits,n148i_v1,webp_m6,butteraugli,37.16315862164865,True
7,historical_portraits,n148i_v1,webp_m6,butteraugli,80.02601338736841,True
8,historical_portraits,n148i_v1,webp_m6,butteraugli,59.898909602368235,True
9,historical_portraits,n148i_v1,webp_m6,butteraugli,34.63168821667133,True
10,historical_portraits,n148i_v1,webp_m6,butteraugli,-12.630232958004118,True
11,historical_portraits,n148i_v1,webp_m6,butteraugli,146.84087855475116,True
12,historical_portraits,n148i_v1,webp_m6,butteraugli,59.028052691566614,True
13,historical_portraits,n148i_v1,webp_m6,butteraugli,61.623235220965576,True
14,historical_portraits,n148i_v1,webp_m6,butteraugli,115.93403411091133,True
15,historical_portraits,n148i_v1,webp_m6,butteraugli,70.21679685811138,True
16,natural_landscapes,n148i_v1,webp_m6,butteraugli,59.17752446804354,True
17,natural_landscapes,n148i_v1,webp_m6,butteraugli,38.17906336774903,True
18,natural_landscapes,n148i_v1,webp_m6,butteraugli,59.76217358845359,True
19,natural_landscapes,n148i_v1,webp_m6,butteraugli,67.33136604874797,True
20,natural_landscapes,n148i_v1,webp_m6,butteraugli,44.72796127716816,True
21,natural_landscapes,n148i_v1,webp_m6,butteraugli,104.13149063827389,True
22,natural_landscapes,n148i_v1,webp_m6,butteraugli,22.796374453392907,True
23,natural_landscapes,n148i_v1,webp_m6,butteraugli,56.09664503999758,True
24,natural_landscapes,n148i_v1,webp_m6,butteraugli,24.613255599180327,True
25,natural_landscapes,n148i_v1,webp_m6,butteraugli,73.91390158010405,True
26,natural_landscapes,n148i_v1,webp_m6,butteraugli,25.88623935409069,True
27,natural_landscapes,n148i_v1,webp_m6,butteraugli,60.776266364530244,True
28,natural_landscapes,n148i_v1,webp_m6,butteraugli,1.9153863982681374,True
29,natural_landscapes,n148i_v1,webp_m6,butteraugli,29.253827102515608,True
30,natural_landscapes,n148i_v1,webp_m6,butteraugli,35.514613881933556,True
31,urban_architecture,n148i_v1,webp_m6,butteraugli,49.93444180270279,True
32,urban_architecture,n148i_v1,webp_m6,butteraugli,80.15703729118277,True
33,urban_architecture,n148i_v1,webp_m6,butteraugli,50.98478234722057,True
34,urban_architecture,n148i_v1,webp_m6,butteraugli,73.20737486232896,True
35,urban_architecture,n148i_v1,webp_m6,butteraugli,65.03801165799116,True
36,urban_architecture,n148i_v1,webp_m6,butteraugli,64.7284228551868,True
37,urban_architecture,n148i_v1,webp_m6,butteraugli,40.453830156969794,True
38,urban_architecture,n148i_v1,webp_m6,butteraugli,34.142334472343784,True
39,urban_architecture,n148i_v1,webp_m6,butteraugli,70.21041424355514,True
40,urban_architecture,n148i_v1,webp_m6,butteraugli,50.9346314991441,True
41,urban_architecture,n148i_v1,webp_m6,butteraugli,95.9956336537014,True
42,urban_architecture,n148i_v1,webp_m6,butteraugli,54.420447135923645,True
43,urban_architecture,n148i_v1,webp_m6,butteraugli,100.00657777278445,True
44,urban_architecture,n148i_v1,webp_m6,butteraugli,6.125840794136184,True
45,urban_architecture,n148i_v1,webp_m6,butteraugli,48.786135169021435,True
46,high_frequency_textures,n148i_v1,webp_m6,butteraugli,-4.279278786653307,True
47,high_frequency_textures,n148i_v1,webp_m6,butteraugli,26.787034249823538,True
48,high_frequency_textures,n148i_v1,webp_m6,butteraugli,-3.995752370169958,True
49,high_frequency_textures,n148i_v1,webp_m6,butteraugli,10.602178706463562,True
50,high_frequency_textures,n148i_v1,webp_m6,butteraugli,-14.77356371315185,True
51,high_frequency_textures,n148i_v1,webp_m6,butteraugli,3.6016028544823664,True
52,high_frequency_textures,n148i_v1,webp_m6,butteraugli,25.701852807423453,True
53,high_frequency_textures,n148i_v1,webp_m6,butteraugli,4.289636080233938,True
54,high_frequency_textures,n148i_v1,webp_m6,butteraugli,15.203195837728,True
55,high_frequency_textures,n148i_v1,webp_m6,butteraugli,3.9402415654849143,True
56,high_frequency_textures,n148i_v1,webp_m6,butteraugli,4.324711669396342,True
57,high_frequency_textures,n148i_v1,webp_m6,butteraugli,2.129086459339269,True
58,high_frequency_textures,n148i_v1,webp_m6,butteraugli,33.147981509866085,True
59,high_frequency_textures,n148i_v1,webp_m6,butteraugli,41.12242334631468,True
60,high_frequency_textures,n148i_v1,webp_m6,butteraugli,48.23331685854142,True
61,smooth_surfaces_gradients,n148i_v1,webp_m6,butteraugli,-4.063488732078346,True
62,smooth_surfaces_gradients,n148i_v1,webp_m6,butteraugli,-5.707778037026856,True
63,smooth_surfaces_gradients,n148i_v1,webp_m6,butteraugli,63.376782624138905,True
64,smooth_surfaces_gradients,n148i_v1,webp_m6,butteraugli,34.40334619920198,True
65,smooth_surfaces_gradients,n148i_v1,webp_m6,butteraugli,21.562303861560885,True
66,smooth_surfaces_gradients,n148i_v1,webp_m6,butteraugli,46.02851415349487,True
67,smooth_surfaces_gradients,n148i_v1,webp_m6,butteraugli,38.03342484169801,True
68,smooth_surfaces_gradients,n148i_v1,webp_m6,butteraugli,16.090422046974172,True
69,smooth_surfaces_gradients,n148i_v1,webp_m6,butteraugli,67.50406947679515,True
70,smooth_surfaces_gradients,n148i_v1,webp_m6,butteraugli,113.58294491317235,True
71,smooth_surfaces_gradients,n148i_v1,webp_m6,butteraugli,79.66495971216965,True
72,smooth_surfaces_gradients,n148i_v1,webp_m6,butteraugli,53.76199287761232,True
73,smooth_surfaces_gradients,n148i_v1,webp_m6,butteraugli,15.181892190296754,True
74,smooth_surfaces_gradients,n148i_v1,webp_m6,butteraugli,54.29054561229527,True
75,smooth_surfaces_gradients,n148i_v1,webp_m6,butteraugli,68.95369149484895,True
76,fine_detail,n148i_v1,webp_m6,butteraugli,63.546974740404494,True
77,fine_detail,n148i_v1,webp_m6,butteraugli,32.3698314859135,True
78,fine_detail,n148i_v1,webp_m6,butteraugli,24.77773866068118,True
79,fine_detail,n148i_v1,webp_m6,butteraugli,17.948253688995173,True
80,fine_detail,n148i_v1,webp_m6,butteraugli,51.027362631435544,True
81,fine_detail,n148i_v1,webp_m6,butteraugli,21.687085355126044,True
82,fine_detail,n148i_v1,webp_m6,butteraugli,7.44634069343133,True
83,fine_detail,n148i_v1,webp_m6,butteraugli,106.49081289732902,True
84,fine_detail,n148i_v1,webp_m6,butteraugli,19.232607669523773,True
85,fine_detail,n148i_v1,webp_m6,butteraugli,16.12913694729339,True
86,fine_detail,n148i_v1,webp_m6,butteraugli,24.43027306269636,True
87,fine_detail,n148i_v1,webp_m6,butteraugli,24.215727926721353,True
88,fine_detail,n148i_v1,webp_m6,butteraugli,35.01841351022497,True
89,fine_detail,n148i_v1,webp_m6,butteraugli,75.50230753578433,True
90,fine_detail,n148i_v1,webp_m6,butteraugli,159.7579148574179,True
91,text_sharp_edges,n148i_v1,webp_m6,butteraugli,92.99992863206829,True
92,text_sharp_edges,n148i_v1,webp_m6,butteraugli,97.58094606577579,True
93,text_sharp_edges,n148i_v1,webp_m6,butteraugli,103.25186494706901,True
94,text_sharp_edges,n148i_v1,webp_m6,butteraugli,66.021800819031,True
95,text_sharp_edges,n148i_v1,webp_m6,butteraugli,86.45171646551819,True
96,text_sharp_edges,n148i_v1,webp_m6,butteraugli,55.95586123542542,True
97,text_sharp_edges,n148i_v1,webp_m6,butteraugli,74.5873225824315,True
98,text_sharp_edges,n148i_v1,webp_m6,butteraugli,148.81430325072395,True
99,text_sharp_edges,n148i_v1,webp_m6,butteraugli,90.74389625875807,True
100,text_sharp_edges,n148i_v1,webp_m6,butteraugli,144.33592102222627,True
101,text_sharp_edges,n148i_v1,webp_m6,butteraugli,83.7057720778831,True
102,text_sharp_edges,n148i_v1,webp_m6,butteraugli,81.8924084308348,True
103,text_sharp_edges,n148i_v1,webp_m6,butteraugli,64.12510456340404,True
104,text_sharp_edges,n148i_v1,webp_m6,butteraugli,76.6544320888193,True
105,text_sharp_edges,n148i_v1,webp_m6,butteraugli,20.6084372981596,True
106,saturated_desaturated_colors,n148i_v1,webp_m6,butteraugli,62.830946414871015,True
107,saturated_desaturated_colors,n148i_v1,webp_m6,butteraugli,24.411439576910432,True
108,saturated_desaturated_colors,n148i_v1,webp_m6,butteraugli,52.03454291911631,True
109,saturated_desaturated_colors,n148i_v1,webp_m6,butteraugli,81.68979194737017,True
110,saturated_desaturated_colors,n148i_v1,webp_m6,butteraugli,58.2757701505191,True
111,saturated_desaturated_colors,n148i_v1,webp_m6,butteraugli,72.68968982689874,True
112,saturated_desaturated_colors,n148i_v1,webp_m6,butteraugli,45.445288369055035,True
113,saturated_desaturated_colors,n148i_v1,webp_m6,butteraugli,105.08631674067077,True
114,saturated_desaturated_colors,n148i_v1,webp_m6,butteraugli,17.748466058669155,True
115,saturated_desaturated_colors,n148i_v1,webp_m6,butteraugli,51.86058927473785,True
116,saturated_desaturated_colors,n148i_v1,webp_m6,butteraugli,140.25468833255084,True
117,saturated_desaturated_colors,n148i_v1,webp_m6,butteraugli,154.31622896128573,True
118,saturated_desaturated_colors,n148i_v1,webp_m6,butteraugli,56.50699217214188,True
119,saturated_desaturated_colors,n148i_v1,webp_m6,butteraugli,90.84349945454682,True
120,saturated_desaturated_colors,n148i_v1,webp_m6,butteraugli,60.197050740877245,True
121,smooth_surfaces_gradients,n148i_v1,webp_m6,butteraugli,81.77379671256857,True
122,urban_architecture,n148i_v1,webp_m6,butteraugli,94.58610256789926,True
123,smooth_surfaces_gradients,n148i_v1,webp_m6,butteraugli,64.88506570277362,True
124,urban_architecture,n148i_v1,webp_m6,butteraugli,97.06933560940693,True
125,fine_detail,n148i_v1,webp_m6,butteraugli,72.26900419733167,True
126,natural_landscapes,n148i_v1,webp_m6,butteraugli,32.314583417261545,True
127,urban_architecture,n148i_v1,webp_m6,butteraugli,63.266086644625716,True
128,text_sharp_edges,n148i_v1,webp_m6,butteraugli,90.49844204603932,True
129,text_sharp_edges,n148i_v1,webp_m6,butteraugli,50.39563007382575,True
130,natural_landscapes,n148i_v1,webp_m6,butteraugli,2.8209295828614644,True
1,historical_portraits,n148i_v2,webp_m6,butteraugli,-5.925289109613807,True
2,historical_portraits,n148i_v2,webp_m6,butteraugli,-20.743420139531498,True
3,historical_portraits,n148i_v2,webp_m6,butteraugli,8.436269489484793,True
4,historical_portraits,n148i_v2,webp_m6,butteraugli,-15.849561849980965,True
5,historical_portraits,n148i_v2,webp_m6,butteraugli,-12.18585738740301,True
6,historical_portraits,n148i_v2,webp_m6,butteraugli,-0.6544907346199946,True
7,historical_portraits,n148i_v2,webp_m6,butteraugli,8.872245002606194,True
8,historical_portraits,n148i_v2,webp_m6,butteraugli,-2.0760994918659126,True
9,historical_portraits,n148i_v2,webp_m6,butteraugli,-9.048388969039001,True
10,historical_portraits,n148i_v2,webp_m6,butteraugli,-33.786030519767685,True
11,historical_portraits,n148i_v2,webp_m6,butteraugli,-2.450871485348338,True
12,historical_portraits,n148i_v2,webp_m6,butteraugli,17.48819584391803,True
13,historical_portraits,n148i_v2,webp_m6,butteraugli,5.691421247792228,True
14,historical_portraits,n148i_v2,webp_m6,butteraugli,-3.5696081015792025,True
15,historical_portraits,n148i_v2,webp_m6,butteraugli,7.123288063499533,True
16,natural_landscapes,n148i_v2,webp_m6,butteraugli,-0.7910992107884707,True
17,natural_landscapes,n148i_v2,webp_m6,butteraugli,-1.6649944123054872,True
18,natural_landscapes,n148i_v2,webp_m6,butteraugli,-1.4568705911259805,True
19,natural_landscapes,n148i_v2,webp_m6,butteraugli,6.68397041785731,True
20,natural_landscapes,n148i_v2,webp_m6,butteraugli,-1.2920681579327242,True
21,natural_landscapes,n148i_v2,webp_m6,butteraugli,15.399037669310879,True
22,natural_landscapes,n148i_v2,webp_m6,butteraugli,-0.11571085126858005,True
23,natural_landscapes,n148i_v2,webp_m6,butteraugli,-0.6162023014361195,True
24,natural_landscapes,n148i_v2,webp_m6,butteraugli,2.419440291902397,True
25,natural_landscapes,n148i_v2,webp_m6,butteraugli,1.595400693077731,True
26,natural_landscapes,n148i_v2,webp_m6,butteraugli,-0.6784932110492803,True
27,natural_landscapes,n148i_v2,webp_m6,butteraugli,5.620363202523926,True
28,natural_landscapes,n148i_v2,webp_m6,butteraugli,-10.934999796605139,True
29,natural_landscapes,n148i_v2,webp_m6,butteraugli,4.510884257834968,True
30,natural_landscapes,n148i_v2,webp_m6,butteraugli,-8.103448316185968,True
31,urban_architecture,n148i_v2,webp_m6,butteraugli,3.446351209897025,True
32,urban_architecture,n148i_v2,webp_m6,butteraugli,7.595111189875525,True
33,urban_architecture,n148i_v2,webp_m6,butteraugli,-2.4818114879694986,True
34,urban_architecture,n148i_v2,webp_m6,butteraugli,44.75014540851039,True
35,urban_architecture,n148i_v2,webp_m6,butteraugli,-5.275762948173812,True
36,urban_architecture,n148i_v2,webp_m6,butteraugli,-2.048161776231794,True
37,urban_architecture,n148i_v2,webp_m6,butteraugli,3.907958096575981,True
38,urban_architecture,n148i_v2,webp_m6,butteraugli,-12.184845050534054,True
39,urban_architecture,n148i_v2,webp_m6,butteraugli,4.558290051816805,True
40,urban_architecture,n148i_v2,webp_m6,butteraugli,-0.09797075487800733,True
41,urban_architecture,n148i_v2,webp_m6,butteraugli,15.171678762548257,True
42,urban_architecture,n148i_v2,webp_m6,butteraugli,-4.771465153885568,True
43,urban_architecture,n148i_v2,webp_m6,butteraugli,-2.698187819132314,True
44,urban_architecture,n148i_v2,webp_m6,butteraugli,-10.632117826323107,True
45,urban_architecture,n148i_v2,webp_m6,butteraugli,-16.178461308107593,True
46,high_frequency_textures,n148i_v2,webp_m6,butteraugli,-6.233060826506598,True
47,high_frequency_textures,n148i_v2,webp_m6,butteraugli,3.9652378399149812,True
48,high_frequency_textures,n148i_v2,webp_m6,butteraugli,-3.420679360915435,True
49,high_frequency_textures,n148i_v2,webp_m6,butteraugli,-9.11884825729864,True
50,high_frequency_textures,n148i_v2,webp_m6,butteraugli,-26.773957125193036,True
51,high_frequency_textures,n148i_v2,webp_m6,butteraugli,-9.501549346912764,True
52,high_frequency_textures,n148i_v2,webp_m6,butteraugli,-1.7110619547956785,True
53,high_frequency_textures,n148i_v2,webp_m6,butteraugli,-14.844217163514095,True
54,high_frequency_textures,n148i_v2,webp_m6,butteraugli,-10.030674616770218,True
55,high_frequency_textures,n148i_v2,webp_m6,butteraugli,-21.656312869854055,True
56,high_frequency_textures,n148i_v2,webp_m6,butteraugli,-20.628498112227945,True
57,high_frequency_textures,n148i_v2,webp_m6,butteraugli,-24.478672274306646,True
58,high_frequency_textures,n148i_v2,webp_m6,butteraugli,8.905732921551547,True
59,high_frequency_textures,n148i_v2,webp_m6,butteraugli,-9.241492092387492,True
60,high_frequency_textures,n148i_v2,webp_m6,butteraugli,-2.6939819204764515,True
61,smooth_surfaces_gradients,n148i_v2,webp_m6,butteraugli,-7.00736290896703,True
62,smooth_surfaces_gradients,n148i_v2,webp_m6,butteraugli,-9.618348129379395,True
63,smooth_surfaces_gradients,n148i_v2,webp_m6,butteraugli,-4.486041068734425,True
64,smooth_surfaces_gradients,n148i_v2,webp_m6,butteraugli,-2.0163293355471623,True
65,smooth_surfaces_gradients,n148i_v2,webp_m6,butteraugli,3.431257034496271,True
66,smooth_surfaces_gradients,n148i_v2,webp_m6,butteraugli,-10.352565128532653,True
67,smooth_surfaces_gradients,n148i_v2,webp_m6,butteraugli,-8.2361507087795,True
68,smooth_surfaces_gradients,n148i_v2,webp_m6,butteraugli,-11.084191849684188,True
69,smooth_surfaces_gradients,n148i_v2,webp_m6,butteraugli,-17.222324484266803,True
70,smooth_surfaces_gradients,n148i_v2,webp_m6,butteraugli,-9.443171665186444,True
71,smooth_surfaces_gradients,n148i_v2,webp_m6,butteraugli,7.286180308027901,True
72,smooth_surfaces_gradients,n148i_v2,webp_m6,butteraugli,7.990199233602935,True
73,smooth_surfaces_gradients,n148i_v2,webp_m6,butteraugli,-28.67311750205871,True
74,smooth_surfaces_gradients,n148i_v2,webp_m6,butteraugli,-2.1402468735157387,True
75,smooth_surfaces_gradients,n148i_v2,webp_m6,butteraugli,-16.499370791094858,True
76,fine_detail,n148i_v2,webp_m6,butteraugli,4.53384915861208,True
77,fine_detail,n148i_v2,webp_m6,butteraugli,9.42428876788657,True
78,fine_detail,n148i_v2,webp_m6,butteraugli,9.999369171603089,True
79,fine_detail,n148i_v2,webp_m6,butteraugli,19.071178022225443,True
80,fine_detail,n148i_v2,webp_m6,butteraugli,-3.3273116174910466,True
81,fine_detail,n148i_v2,webp_m6,butteraugli,0.372242362898767,True
82,fine_detail,n148i_v2,webp_m6,butteraugli,-6.801698320976812,True
83,fine_detail,n148i_v2,webp_m6,butteraugli,-15.799137889625436,True
84,fine_detail,n148i_v2,webp_m6,butteraugli,-5.240986946209691,True
85,fine_detail,n148i_v2,webp_m6,butteraugli,12.822964818463344,True
86,fine_detail,n148i_v2,webp_m6,butteraugli,-0.2561555231994306,True
87,fine_detail,n148i_v2,webp_m6,butteraugli,10.901930856165908,True
88,fine_detail,n148i_v2,webp_m6,butteraugli,-19.471286025753166,True
89,fine_detail,n148i_v2,webp_m6,butteraugli,12.393715275075778,True
90,fine_detail,n148i_v2,webp_m6,butteraugli,58.731138196676326,True
91,text_sharp_edges,n148i_v2,webp_m6,butteraugli,2.3151736847368376,True
92,text_sharp_edges,n148i_v2,webp_m6,butteraugli,5.698267572239724,True
93,text_sharp_edges,n148i_v2,webp_m6,butteraugli,33.497393026005604,True
94,text_sharp_edges,n148i_v2,webp_m6,butteraugli,10.85452243467293,True
95,text_sharp_edges,n148i_v2,webp_m6,butteraugli,22.843357306803536,True
96,text_sharp_edges,n148i_v2,webp_m6,butteraugli,6.128464608050499,True
97,text_sharp_edges,n148i_v2,webp_m6,butteraugli,14.152541444327472,True
98,text_sharp_edges,n148i_v2,webp_m6,butteraugli,51.99606203574461,True
99,text_sharp_edges,n148i_v2,webp_m6,butteraugli,-15.717232620048517,True
100,text_sharp_edges,n148i_v2,webp_m6,butteraugli,40.07776142968807,True
101,text_sharp_edges,n148i_v2,webp_m6,butteraugli,12.254829735618689,True
102,text_sharp_edges,n148i_v2,webp_m6,butteraugli,14.682929819760314,True
103,text_sharp_edges,n148i_v2,webp_m6,butteraugli,3.163740800835213,True
104,text_sharp_edges,n148i_v2,webp_m6,butteraugli,2.5970971093998596,True
105,text_sharp_edges,n148i_v2,webp_m6,butteraugli,1.3731334413077168,True
106,saturated_desaturated_colors,n148i_v2,webp_m6,butteraugli,-13.479269991359644,True
107,saturated_desaturated_colors,n148i_v2,webp_m6,butteraugli,-15.279478718703277,True
108,saturated_desaturated_colors,n148i_v2,webp_m6,butteraugli,9.37079101789433,True
109,saturated_desaturated_colors,n148i_v2,webp_m6,butteraugli,17.0788288514782,True
110,saturated_desaturated_colors,n148i_v2,webp_m6,butteraugli,14.194352239340514,True
111,saturated_desaturated_colors,n148i_v2,webp_m6,butteraugli,4.948600632950018,True
112,saturated_desaturated_colors,n148i_v2,webp_m6,butteraugli,0.11696148559401376,True
113,saturated_desaturated_colors,n148i_v2,webp_m6,butteraugli,13.360391706825947,True
114,saturated_desaturated_colors,n148i_v2,webp_m6,butteraugli,-10.58623204104865,True
115,saturated_desaturated_colors,n148i_v2,webp_m6,butteraugli,-2.681347861617067,True
116,saturated_desaturated_colors,n148i_v2,webp_m6,butteraugli,1.4185324358473084,True
117,saturated_desaturated_colors,n148i_v2,webp_m6,butteraugli,7.68557788518065,True
118,saturated_desaturated_colors,n148i_v2,webp_m6,butteraugli,-14.993032812620699,True
119,saturated_desaturated_colors,n148i_v2,webp_m6,butteraugli,-0.39661481407295973,True
120,saturated_desaturated_colors,n148i_v2,webp_m6,butteraugli,-16.661062292791684,True
121,smooth_surfaces_gradients,n148i_v2,webp_m6,butteraugli,-3.7838917106712278,True
122,urban_architecture,n148i_v2,webp_m6,butteraugli,9.671409884491666,True
123,smooth_surfaces_gradients,n148i_v2,webp_m6,butteraugli,-1.3038196200952257,True
124,urban_architecture,n148i_v2,webp_m6,butteraugli,9.867892642912345,True
125,fine_detail,n148i_v2,webp_m6,butteraugli,3.6967823427161317,True
126,natural_landscapes,n148i_v2,webp_m6,butteraugli,-2.617841310773983,True
127,urban_architecture,n148i_v2,webp_m6,butteraugli,-12.775852890712924,True
128,text_sharp_edges,n148i_v2,webp_m6,butteraugli,9.77351924866323,True
129,text_sharp_edges,n148i_v2,webp_m6,butteraugli,4.940946070301444,True
130,natural_landscapes,n148i_v2,webp_m6,butteraugli,-19.908748820292455,True
1,historical_portraits,jpeg_turbo,webp_m6,butteraugli,35.513966572876996,True
2,historical_portraits,jpeg_turbo,webp_m6,butteraugli,12.009307609489506,True
3,historical_portraits,jpeg_turbo,webp_m6,butteraugli,53.75230488910039,True
4,historical_portraits,jpeg_turbo,webp_m6,butteraugli,10.197537089779484,True
5,historical_portraits,jpeg_turbo,webp_m6,butteraugli,47.11423891889941,True
6,historical_portraits,jpeg_turbo,webp_m6,butteraugli,39.136871116698366,True
7,historical_portraits,jpeg_turbo,webp_m6,butteraugli,80.71744763306738,True
8,historical_portraits,jpeg_turbo,webp_m6,butteraugli,58.88443397027574,True
9,historical_portraits,jpeg_turbo,webp_m6,butteraugli,38.09486217965872,True
10,historical_portraits,jpeg_turbo,webp_m6,butteraugli,-11.194663993586396,True
11,historical_portraits,jpeg_turbo,webp_m6,butteraugli,159.49289405501284,True
12,historical_portraits,jpeg_turbo,webp_m6,butteraugli,73.63233820613759,True
13,historical_portraits,jpeg_turbo,webp_m6,butteraugli,63.42174591329677,True
14,historical_portraits,jpeg_turbo,webp_m6,butteraugli,119.60556585214786,True
15,historical_portraits,jpeg_turbo,webp_m6,butteraugli,71.02339460873621,True
16,natural_landscapes,jpeg_turbo,webp_m6,butteraugli,63.56840365793601,True
17,natural_landscapes,jpeg_turbo,webp_m6,butteraugli,40.16517474504446,True
18,natural_landscapes,jpeg_turbo,webp_m6,butteraugli,63.89854537879085,True
19,natural_landscapes,jpeg_turbo,webp_m6,butteraugli,71.23345527938744,True
20,natural_landscapes,jpeg_turbo,webp_m6,butteraugli,41.57407783405078,True
21,natural_landscapes,jpeg_turbo,webp_m6,butteraugli,115.13128781041102,True
22,natural_landscapes,jpeg_turbo,webp_m6,butteraugli,41.74359416176867,True
23,natural_landscapes,jpeg_turbo,webp_m6,butteraugli,56.963649755041644,True
24,natural_landscapes,jpeg_turbo,webp_m6,butteraugli,31.870782127180064,True
25,natural_landscapes,jpeg_turbo,webp_m6,butteraugli,81.73008438938494,True
26,natural_landscapes,jpeg_turbo,webp_m6,butteraugli,27.58787846790398,True
27,natural_landscapes,jpeg_turbo,webp_m6,butteraugli,65.06990256430862,True
28,natural_landscapes,jpeg_turbo,webp_m6,butteraugli,5.179386831464461,True
29,natural_landscapes,jpeg_turbo,webp_m6,butteraugli,30.419444267304343,True
30,natural_landscapes,jpeg_turbo,webp_m6,butteraugli,40.94223637965768,True
31,urban_architecture,jpeg_turbo,webp_m6,butteraugli,44.59238660944798,True
32,urban_architecture,jpeg_turbo,webp_m6,butteraugli,81.48301279565327,True
33,urban_architecture,jpeg_turbo,webp_m6,butteraugli,55.79777748694723,True
34,urban_architecture,jpeg_turbo,webp_m6,butteraugli,66.14082710013902,True
35,urban_architecture,jpeg_turbo,webp_m6,butteraugli,67.4167287485031,True
36,urban_architecture,jpeg_turbo,webp_m6,butteraugli,69.49467338711119,True
37,urban_architecture,jpeg_turbo,webp_m6,butteraugli,41.861913507703605,True
38,urban_architecture,jpeg_turbo,webp_m6,butteraugli,34.65414545226238,True
39,urban_architecture,jpeg_turbo,webp_m6,butteraugli,72.9162743186919,True
40,urban_architecture,jpeg_turbo,webp_m6,butteraugli,54.87997092910073,True
41,urban_architecture,jpeg_turbo,webp_m6,butteraugli,106.11399757785018,True
42,urban_architecture,jpeg_turbo,webp_m6,butteraugli,56.0224029397721,True
43,urban_architecture,jpeg_turbo,webp_m6,butteraugli,101.60493083687695,True
44,urban_architecture,jpeg_turbo,webp_m6,butteraugli,6.966810051535277,True
45,urban_architecture,jpeg_turbo,webp_m6,butteraugli,50.23327228223502,True
46,high_frequency_textures,jpeg_turbo,webp_m6,butteraugli,-4.060251380170921,True
47,high_frequency_textures,jpeg_turbo,webp_m6,butteraugli,28.527565828990898,True
48,high_frequency_textures,jpeg_turbo,webp_m6,butteraugli,-2.4490081578550704,True
49,high_frequency_textures,jpeg_turbo,webp_m6,butteraugli,13.587751762789724,True
50,high_frequency_textures,jpeg_turbo,webp_m6,butteraugli,-15.114267127895753,True
51,high_frequency_textures,jpeg_turbo,webp_m6,butteraugli,4.445991741405719,True
52,high_frequency_textures,jpeg_turbo,webp_m6,butteraugli,25.756434746465363,True
53,high_frequency_textures,jpeg_turbo,webp_m6,butteraugli,4.999851551598256,True
54,high_frequency_textures,jpeg_turbo,webp_m6,butteraugli,16.497044706202214,True
55,high_frequency_textures,jpeg_turbo,webp_m6,butteraugli,3.847158433526676,True
56,high_frequency_textures,jpeg_turbo,webp_m6,butteraugli,5.743383679303937,True
57,high_frequency_textures,jpeg_turbo,webp_m6,butteraugli,3.5005319131966806,True
58,high_frequency_textures,jpeg_turbo,webp_m6,butteraugli,36.06395729778151,True
59,high_frequency_textures,jpeg_turbo,webp_m6,butteraugli,41.079750566000705,True
60,high_frequency_textures,jpeg_turbo,webp_m6,butteraugli,49.53767343759539,True
61,smooth_surfaces_gradients,jpeg_turbo,webp_m6,butteraugli,0.806607149637184,True
62,smooth_surfaces_gradients,jpeg_turbo,webp_m6,butteraugli,1.6107327035260077,True
63,smooth_surfaces_gradients,jpeg_turbo,webp_m6,butteraugli,67.17942669861847,True
64,smooth_surfaces_gradients,jpeg_turbo,webp_m6,butteraugli,42.71105867589446,True
65,smooth_surfaces_gradients,jpeg_turbo,webp_m6,butteraugli,24.46697623478704,True
66,smooth_surfaces_gradients,jpeg_turbo,webp_m6,butteraugli,48.668883720896595,True
67,smooth_surfaces_gradients,jpeg_turbo,webp_m6,butteraugli,38.97782121716726,True
68,smooth_surfaces_gradients,jpeg_turbo,webp_m6,butteraugli,19.908714630908687,True
69,smooth_surfaces_gradients,jpeg_turbo,webp_m6,butteraugli,66.16726823325354,True
70,smooth_surfaces_gradients,jpeg_turbo,webp_m6,butteraugli,112.33395459996389,True
71,smooth_surfaces_gradients,jpeg_turbo,webp_m6,butteraugli,94.04558487578399,True
72,smooth_surfaces_gradients,jpeg_turbo,webp_m6,butteraugli,56.70806008796525,True
73,smooth_surfaces_gradients,jpeg_turbo,webp_m6,butteraugli,32.264420198447795,True
74,smooth_surfaces_gradients,jpeg_turbo,webp_m6,butteraugli,58.27735833328169,True
75,smooth_surfaces_gradients,jpeg_turbo,webp_m6,butteraugli,78.73859725933143,True
76,fine_detail,jpeg_turbo,webp_m6,butteraugli,65.90160219027108,True
77,fine_detail,jpeg_turbo,webp_m6,butteraugli,35.2518549192075,True
78,fine_detail,jpeg_turbo,webp_m6,butteraugli,25.64961128499683,True
79,fine_detail,jpeg_turbo,webp_m6,butteraugli,18.217705880309577,True
80,fine_detail,jpeg_turbo,webp_m6,butteraugli,48.55977289714981,True
81,fine_detail,jpeg_turbo,webp_m6,butteraugli,22.661576007047437,True
82,fine_detail,jpeg_turbo,webp_m6,butteraugli,5.254304516518027,True
83,fine_detail,jpeg_turbo,webp_m6,butteraugli,87.29417341932387,True
84,fine_detail,jpeg_turbo,webp_m6,butteraugli,21.045633982199142,True
85,fine_detail,jpeg_turbo,webp_m6,butteraugli,17.254137802404212,True
86,fine_detail,jpeg_turbo,webp_m6,butteraugli,28.14179305698874,True
87,fine_detail,jpeg_turbo,webp_m6,butteraugli,25.65009715363711,True
88,fine_detail,jpeg_turbo,webp_m6,butteraugli,41.21625710485499,True
89,fine_detail,jpeg_turbo,webp_m6,butteraugli,72.11309675649036,True
90,fine_detail,jpeg_turbo,webp_m6,butteraugli,175.25093315836654,True
91,text_sharp_edges,jpeg_turbo,webp_m6,butteraugli,98.90961435806082,True
92,text_sharp_edges,jpeg_turbo,webp_m6,butteraugli,101.90396432301534,True
93,text_sharp_edges,jpeg_turbo,webp_m6,butteraugli,109.27818930180075,True
94,text_sharp_edges,jpeg_turbo,webp_m6,butteraugli,65.3774138077696,True
95,text_sharp_edges,jpeg_turbo,webp_m6,butteraugli,87.90336413270228,True
96,text_sharp_edges,jpeg_turbo,webp_m6,butteraugli,55.994179665789034,True
97,text_sharp_edges,jpeg_turbo,webp_m6,butteraugli,76.39821599609769,True
98,text_sharp_edges,jpeg_turbo,webp_m6,butteraugli,143.98176219602786,True
99,text_sharp_edges,jpeg_turbo,webp_m6,butteraugli,99.453259918893,True
100,text_sharp_edges,jpeg_turbo,webp_m6,butteraugli,145.04202396294045,True
101,text_sharp_edges,jpeg_turbo,webp_m6,butteraugli,82.37070016941782,True
102,text_sharp_edges,jpeg_turbo,webp_m6,butteraugli,85.52943093227019,True
103,text_sharp_edges,jpeg_turbo,webp_m6,butteraugli,68.50682412931299,True
104,text_sharp_edges,jpeg_turbo,webp_m6,butteraugli,79.02009953883339,True
105,text_sharp_edges,jpeg_turbo,webp_m6,butteraugli,32.33279145235184,True
106,saturated_desaturated_colors,jpeg_turbo,webp_m6,butteraugli,84.65424738502942,True
107,saturated_desaturated_colors,jpeg_turbo,webp_m6,butteraugli,11.80176913297073,True
108,saturated_desaturated_colors,jpeg_turbo,webp_m6,butteraugli,51.301755474112575,True
109,saturated_desaturated_colors,jpeg_turbo,webp_m6,butteraugli,91.80745228752983,True
110,saturated_desaturated_colors,jpeg_turbo,webp_m6,butteraugli,60.27396931230453,True
111,saturated_desaturated_colors,jpeg_turbo,webp_m6,butteraugli,78.52193291335732,True
112,saturated_desaturated_colors,jpeg_turbo,webp_m6,butteraugli,48.12431045637246,True
113,saturated_desaturated_colors,jpeg_turbo,webp_m6,butteraugli,102.79431253055833,True
114,saturated_desaturated_colors,jpeg_turbo,webp_m6,butteraugli,21.659568691252428,True
115,saturated_desaturated_colors,jpeg_turbo,webp_m6,butteraugli,52.84258926876302,True
116,saturated_desaturated_colors,jpeg_turbo,webp_m6,butteraugli,144.24444680167562,True
117,saturated_desaturated_colors,jpeg_turbo,webp_m6,butteraugli,186.91023486742665,True
118,saturated_desaturated_colors,jpeg_turbo,webp_m6,butteraugli,61.024216581199184,True
119,saturated_desaturated_colors,jpeg_turbo,webp_m6,butteraugli,93.66709705313274,True
120,saturated_desaturated_colors,jpeg_turbo,webp_m6,butteraugli,62.1493798283566,True
121,smooth_surfaces_gradients,jpeg_turbo,webp_m6,butteraugli,83.02471303694388,True
122,urban_architecture,jpeg_turbo,webp_m6,butteraugli,93.41841274516219,True
123,smooth_surfaces_gradients,jpeg_turbo,webp_m6,butteraugli,71.2357509687705,True
124,urban_architecture,jpeg_turbo,webp_m6,butteraugli,100.45916758197878,True
125,fine_detail,jpeg_turbo,webp_m6,butteraugli,75.62441359958186,True
126,natural_landscapes,jpeg_turbo,webp_m6,butteraugli,34.70033705235931,True
127,urban_architecture,jpeg_turbo,webp_m6,butteraugli,66.04827012413404,True
128,text_sharp_edges,jpeg_turbo,webp_m6,butteraugli,93.37663189735916,True
129,text_sharp_edges,jpeg_turbo,webp_m6,butteraugli,52.60214067298066,True
130,natural_landscapes,jpeg_turbo,webp_m6,butteraugli,6.740194891680562,True
1,historical_portraits,webp_m4,webp_m6,butteraugli,4.585586717572898,True
2,historical_portraits,webp_m4,webp_m6,butteraugli,12.861479599569003,True
3,historical_portraits,webp_m4,webp_m6,butteraugli,3.5264555714284773,True
4,historical_portraits,webp_m4,webp_m6,butteraugli,8.38475635694962,True
5,historical_portraits,webp_m4,webp_m6,butteraugli,3.487439606122722,True
6,historical_portraits,webp_m4,webp_m6,butteraugli,4.356342856093387,True
7,historical_portraits,webp_m4,webp_m6,butteraugli,22.35344165295141,True
8,historical_portraits,webp_m4,webp_m6,butteraugli,-3.84904701828771,True
9,historical_portraits,webp_m4,webp_m6,butteraugli,4.64432645763615,True
10,historical_portraits,webp_m4,webp_m6,butteraugli,-6.402833546226372,True
11,historical_portraits,webp_m4,webp_m6,butteraugli,-2.3599728905751016,True
12,historical_portraits,webp_m4,webp_m6,butteraugli,4.838696395916919,True
13,historical_portraits,webp_m4,webp_m6,butteraugli,16.171923724347504,True
14,historical_portraits,webp_m4,webp_m6,butteraugli,7.516622650662086,True
15,historical_portraits,webp_m4,webp_m6,butteraugli,-5.180872101788303,True
16,natural_landscapes,webp_m4,webp_m6,butteraugli,3.574985473519754,True
17,natural_landscapes,webp_m4,webp_m6,butteraugli,2.3341708227858637,True
18,natural_landscapes,webp_m4,webp_m6,butteraugli,10.960967802303689,True
19,natural_landscapes,webp_m4,webp_m6,butteraugli,7.944120099453067,True
20,natural_landscapes,webp_m4,webp_m6,butteraugli,16.58182948367648,True
21,natural_landscapes,webp_m4,webp_m6,butteraugli,15.922073611582732,True
22,natural_landscapes,webp_m4,webp_m6,butteraugli,3.308864045843807,True
23,natural_landscapes,webp_m4,webp_m6,butteraugli,-10.171899283215124,True
24,natural_landscapes,webp_m4,webp_m6,butteraugli,6.05301571452983,True
25,natural_landscapes,webp_m4,webp_m6,butteraugli,8.812045566499949,True
26,natural_landscapes,webp_m4,webp_m6,butteraugli,11.134817450846857,True
27,natural_landscapes,webp_m4,webp_m6,butteraugli,8.281164686675147,True
28,natural_landscapes,webp_m4,webp_m6,butteraugli,-10.431799373842388,True
29,natural_landscapes,webp_m4,webp_m6,butteraugli,4.180627581495067,True
30,natural_landscapes,webp_m4,webp_m6,butteraugli,3.9076947501364145,True
31,urban_architecture,webp_m4,webp_m6,butteraugli,9.271135797751784,True
32,urban_architecture,webp_m4,webp_m6,butteraugli,4.840171991342412,True
33,urban_architecture,webp_m4,webp_m6,butteraugli,0.03267610918826769,True
34,urban_architecture,webp_m4,webp_m6,butteraugli,26.096342248124337,True
35,urban_architecture,webp_m4,webp_m6,butteraugli,1.5513407706194249,True
36,urban_architecture,webp_m4,webp_m6,butteraugli,8.253170685447731,True
37,urban_architecture,webp_m4,webp_m6,butteraugli,0.482537816173112,True
38,urban_architecture,webp_m4,webp_m6,butteraugli,5.24723853639617,True
39,urban_architecture,webp_m4,webp_m6,butteraugli,16.294454789582467,True
40,urban_architecture,webp_m4,webp_m6,butteraugli,0.92683342097033,True
41,urban_architecture,webp_m4,webp_m6,butteraugli,5.153747135574993,True
42,urban_architecture,webp_m4,webp_m6,butteraugli,-4.227368126038256,True
43,urban_architecture,webp_m4,webp_m6,butteraugli,-2.7303980045662923,True
44,urban_architecture,webp_m4,webp_m6,butteraugli,1.3588430449938738,True
45,urban_architecture,webp_m4,webp_m6,butteraugli,1.7177961451339208,True
46,high_frequency_textures,webp_m4,webp_m6,butteraugli,-1.7917588060926803,True
47,high_frequency_textures,webp_m4,webp_m6,butteraugli,0.4629705995746747,True
48,high_frequency_textures,webp_m4,webp_m6,butteraugli,-3.3842330843116386,True
49,high_frequency_textures,webp_m4,webp_m6,butteraugli,14.3278723426143,True
50,high_frequency_textures,webp_m4,webp_m6,butteraugli,-0.5439483928893707,True
51,high_frequency_textures,webp_m4,webp_m6,butteraugli,5.527506653406222,True
52,high_frequency_textures,webp_m4,webp_m6,butteraugli,4.44616284788788,True
53,high_frequency_textures,webp_m4,webp_m6,butteraugli,-5.290412344729923,True
54,high_frequency_textures,webp_m4,webp_m6,butteraugli,-0.15332875644987753,True
55,high_frequency_textures,webp_m4,webp_m6,butteraugli,7.485192843640287,True
56,high_frequency_textures,webp_m4,webp_m6,butteraugli,5.9859501003822535,True
57,high_frequency_textures,webp_m4,webp_m6,butteraugli,18.13108311168039,True
58,high_frequency_textures,webp_m4,webp_m6,butteraugli,4.428839054003952,True
59,high_frequency_textures,webp_m4,webp_m6,butteraugli,1.797011591977471,True
60,high_frequency_textures,webp_m4,webp_m6,butteraugli,6.354706088220263,True
61,smooth_surfaces_gradients,webp_m4,webp_m6,butteraugli,-0.4995941011301075,True
62,smooth_surfaces_gradients,webp_m4,webp_m6,butteraugli,2.898048571548739,True
63,smooth_surfaces_gradients,webp_m4,webp_m6,butteraugli,3.4895471481534157,True
64,smooth_surfaces_gradients,webp_m4,webp_m6,butteraugli,4.4272103940816265,True
65,smooth_surfaces_gradients,webp_m4,webp_m6,butteraugli,11.627670428587189,True
66,smooth_surfaces_gradients,webp_m4,webp_m6,butteraugli,12.356635494939816,True
67,smooth_surfaces_gradients,webp_m4,webp_m6,butteraugli,12.313785286735591,True
68,smooth_surfaces_gradients,webp_m4,webp_m6,butteraugli,-5.725527700836819,True
69,smooth_surfaces_gradients,webp_m4,webp_m6,butteraugli,-3.279727168728508,True
70,smooth_surfaces_gradients,webp_m4,webp_m6,butteraugli,,False
71,smooth_surfaces_gradients,webp_m4,webp_m6,butteraugli,-4.941437028958728,True
72,smooth_surfaces_gradients,webp_m4,webp_m6,butteraugli,9.236454811065808,True
73,smooth_surfaces_gradients,webp_m4,webp_m6,butteraugli,5.7194186613459985,True
74,smooth_surfaces_gradients,webp_m4,webp_m6,butteraugli,4.440310145064297,True
75,smooth_surfaces_gradients,webp_m4,webp_m6,butteraugli,-1.6291434476913502,True
76,fine_detail,webp_m4,webp_m6,butteraugli,7.5683140873768595,True
77,fine_detail,webp_m4,webp_m6,butteraugli,4.878075424384631,True
78,fine_detail,webp_m4,webp_m6,butteraugli,13.542959765197349,True
79,fine_detail,webp_m4,webp_m6,butteraugli,6.3389514254222235,True
80,fine_detail,webp_m4,webp_m6,butteraugli,11.357306063536798,True
81,fine_detail,webp_m4,webp_m6,butteraugli,11.629142912739688,True
82,fine_detail,webp_m4,webp_m6,butteraugli,6.668274463396218,True
83,fine_detail,webp_m4,webp_m6,butteraugli,-4.0085276570542945,True
84,fine_detail,webp_m4,webp_m6,butteraugli,-5.404365935923372,True
85,fine_detail,webp_m4,webp_m6,butteraugli,2.321873715657352,True
86,fine_detail,webp_m4,webp_m6,butteraugli,9.212194837840215,True
87,fine_detail,webp_m4,webp_m6,butteraugli,6.014354032755298,True
88,fine_detail,webp_m4,webp_m6,butteraugli,10.419653586573862,True
89,fine_detail,webp_m4,webp_m6,butteraugli,20.951444537297093,True
90,fine_detail,webp_m4,webp_m6,butteraugli,2.8441523233797117,True
91,text_sharp_edges,webp_m4,webp_m6,butteraugli,2.5916704528962775,True
92,text_sharp_edges,webp_m4,webp_m6,butteraugli,12.93408521811983,True
93,text_sharp_edges,webp_m4,webp_m6,butteraugli,3.047671574409039,True
94,text_sharp_edges,webp_m4,webp_m6,butteraugli,4.271723924488713,True
95,text_sharp_edges,webp_m4,webp_m6,butteraugli,0.3214319357939699,True
96,text_sharp_edges,webp_m4,webp_m6,butteraugli,9.213028117983768,True
97,text_sharp_edges,webp_m4,webp_m6,butteraugli,-0.8737555492396409,True
98,text_sharp_edges,webp_m4,webp_m6,butteraugli,13.318175909414531,True
99,text_sharp_edges,webp_m4,webp_m6,butteraugli,-9.215393399227235,True
100,text_sharp_edges,webp_m4,webp_m6,butteraugli,0.7654718323693688,True
101,text_sharp_edges,webp_m4,webp_m6,butteraugli,1.4366449085971622,True
102,text_sharp_edges,webp_m4,webp_m6,butteraugli,10.948035284890478,True
103,text_sharp_edges,webp_m4,webp_m6,butteraugli,-7.4173995823064605,True
104,text_sharp_edges,webp_m4,webp_m6,butteraugli,1.0802678398228904,True
105,text_sharp_edges,webp_m4,webp_m6,butteraugli,15.96206670931668,True
106,saturated_desaturated_colors,webp_m4,webp_m6,butteraugli,25.21141099387698,True
107,saturated_desaturated_colors,webp_m4,webp_m6,butteraugli,15.050749024359034,True
108,saturated_desaturated_colors,webp_m4,webp_m6,butteraugli,5.610155446960063,True
109,saturated_desaturated_colors,webp_m4,webp_m6,butteraugli,-1.5089667756508995,True
110,saturated_desaturated_colors,webp_m4,webp_m6,butteraugli,8.272058900107337,True
111,saturated_desaturated_colors,webp_m4,webp_m6,butteraugli,-3.738832504257783,True
112,saturated_desaturated_colors,webp_m4,webp_m6,butteraugli,9.816338097205502,True
113,saturated_desaturated_colors,webp_m4,webp_m6,butteraugli,14.76161862742189,True
114,saturated_desaturated_colors,webp_m4,webp_m6,butteraugli,-0.4791144843009132,True
115,saturated_desaturated_colors,webp_m4,webp_m6,butteraugli,3.016808028635265,True
116,saturated_desaturated_colors,webp_m4,webp_m6,butteraugli,12.84655525427314,True
117,saturated_desaturated_colors,webp_m4,webp_m6,butteraugli,-2.184262446917351,True
118,saturated_desaturated_colors,webp_m4,webp_m6,butteraugli,2.4887198118470177,True
119,saturated_desaturated_colors,webp_m4,webp_m6,butteraugli,-0.14991606949993352,True
120,saturated_desaturated_colors,webp_m4,webp_m6,butteraugli,2.5249156575624765,True
121,smooth_surfaces_gradients,webp_m4,webp_m6,butteraugli,3.736192860661469,True
122,urban_architecture,webp_m4,webp_m6,butteraugli,18.3375945780627,True
123,smooth_surfaces_gradients,webp_m4,webp_m6,butteraugli,2.52950253422366,True
124,urban_architecture,webp_m4,webp_m6,butteraugli,30.370184705630354,True
125,fine_detail,webp_m4,webp_m6,butteraugli,2.540503836526975,True
126,natural_landscapes,webp_m4,webp_m6,butteraugli,21.264680627775935,True
127,urban_architecture,webp_m4,webp_m6,butteraugli,7.676069136556785,True
128,text_sharp_edges,webp_m4,webp_m6,butteraugli,8.084475085199871,True
129,text_sharp_edges,webp_m4,webp_m6,butteraugli,2.4975049219074563,True
130,natural_landscapes,webp_m4,webp_m6,butteraugli,11.271529471061182,True
1,historical_portraits,webp_m6_historical,webp_m6,butteraugli,0.0,True
2,historical_portraits,webp_m6_historical,webp_m6,butteraugli,0.0,True
3,historical_portraits,webp_m6_historical,webp_m6,butteraugli,0.0,True
4,historical_portraits,webp_m6_historical,webp_m6,butteraugli,0.0,True
5,historical_portraits,webp_m6_historical,webp_m6,butteraugli,0.0,True
6,historical_portraits,webp_m6_historical,webp_m6,butteraugli,0.0,True
7,historical_portraits,webp_m6_historical,webp_m6,butteraugli,0.0,True
8,historical_portraits,webp_m6_historical,webp_m6,butteraugli,0.0,True
9,historical_portraits,webp_m6_historical,webp_m6,butteraugli,0.0,True
10,historical_portraits,webp_m6_historical,webp_m6,butteraugli,0.0,True
11,historical_portraits,webp_m6_historical,webp_m6,butteraugli,0.0,True
12,historical_portraits,webp_m6_historical,webp_m6,butteraugli,0.0,True
13,historical_portraits,webp_m6_historical,webp_m6,butteraugli,0.0,True
14,historical_portraits,webp_m6_historical,webp_m6,butteraugli,0.0,True
15,historical_portraits,webp_m6_historical,webp_m6,butteraugli,0.0,True
16,natural_landscapes,webp_m6_historical,webp_m6,butteraugli,0.0,True
17,natural_landscapes,webp_m6_historical,webp_m6,butteraugli,0.0,True
18,natural_landscapes,webp_m6_historical,webp_m6,butteraugli,0.0,True
19,natural_landscapes,webp_m6_historical,webp_m6,butteraugli,0.0,True
20,natural_landscapes,webp_m6_historical,webp_m6,butteraugli,0.0,True
21,natural_landscapes,webp_m6_historical,webp_m6,butteraugli,0.0,True
22,natural_landscapes,webp_m6_historical,webp_m6,butteraugli,0.0,True
23,natural_landscapes,webp_m6_historical,webp_m6,butteraugli,0.0,True
24,natural_landscapes,webp_m6_historical,webp_m6,butteraugli,0.0,True
25,natural_landscapes,webp_m6_historical,webp_m6,butteraugli,0.0,True
26,natural_landscapes,webp_m6_historical,webp_m6,butteraugli,0.0,True
27,natural_landscapes,webp_m6_historical,webp_m6,butteraugli,0.0,True
28,natural_landscapes,webp_m6_historical,webp_m6,butteraugli,0.0,True
29,natural_landscapes,webp_m6_historical,webp_m6,butteraugli,0.0,True
30,natural_landscapes,webp_m6_historical,webp_m6,butteraugli,0.0,True
31,urban_architecture,webp_m6_historical,webp_m6,butteraugli,0.0,True
32,urban_architecture,webp_m6_historical,webp_m6,butteraugli,0.0,True
33,urban_architecture,webp_m6_historical,webp_m6,butteraugli,0.0,True
34,urban_architecture,webp_m6_historical,webp_m6,butteraugli,0.0,True
35,urban_architecture,webp_m6_historical,webp_m6,butteraugli,0.0,True
36,urban_architecture,webp_m6_historical,webp_m6,butteraugli,0.0,True
37,urban_architecture,webp_m6_historical,webp_m6,butteraugli,0.0,True
38,urban_architecture,webp_m6_historical,webp_m6,butteraugli,0.0,True
39,urban_architecture,webp_m6_historical,webp_m6,butteraugli,0.0,True
40,urban_architecture,webp_m6_historical,webp_m6,butteraugli,0.0,True
41,urban_architecture,webp_m6_historical,webp_m6,butteraugli,0.0,True
42,urban_architecture,webp_m6_historical,webp_m6,butteraugli,0.0,True
43,urban_architecture,webp_m6_historical,webp_m6,butteraugli,0.0,True
44,urban_architecture,webp_m6_historical,webp_m6,butteraugli,0.0,True
45,urban_architecture,webp_m6_historical,webp_m6,butteraugli,0.0,True
46,high_frequency_textures,webp_m6_historical,webp_m6,butteraugli,0.0,True
47,high_frequency_textures,webp_m6_historical,webp_m6,butteraugli,0.0,True
48,high_frequency_textures,webp_m6_historical,webp_m6,butteraugli,0.0,True
49,high_frequency_textures,webp_m6_historical,webp_m6,butteraugli,0.0,True
50,high_frequency_textures,webp_m6_historical,webp_m6,butteraugli,0.0,True
51,high_frequency_textures,webp_m6_historical,webp_m6,butteraugli,0.0,True
52,high_frequency_textures,webp_m6_historical,webp_m6,butteraugli,0.0,True
53,high_frequency_textures,webp_m6_historical,webp_m6,butteraugli,0.0,True
54,high_frequency_textures,webp_m6_historical,webp_m6,butteraugli,0.0,True
55,high_frequency_textures,webp_m6_historical,webp_m6,butteraugli,0.0,True
56,high_frequency_textures,webp_m6_historical,webp_m6,butteraugli,0.0,True
57,high_frequency_textures,webp_m6_historical,webp_m6,butteraugli,0.0,True
58,high_frequency_textures,webp_m6_historical,webp_m6,butteraugli,0.0,True
59,high_frequency_textures,webp_m6_historical,webp_m6,butteraugli,0.0,True
60,high_frequency_textures,webp_m6_historical,webp_m6,butteraugli,0.0,True
61,smooth_surfaces_gradients,webp_m6_historical,webp_m6,butteraugli,0.0,True
62,smooth_surfaces_gradients,webp_m6_historical,webp_m6,butteraugli,0.0,True
63,smooth_surfaces_gradients,webp_m6_historical,webp_m6,butteraugli,0.0,True
64,smooth_surfaces_gradients,webp_m6_historical,webp_m6,butteraugli,0.0,True
65,smooth_surfaces_gradients,webp_m6_historical,webp_m6,butteraugli,0.0,True
66,smooth_surfaces_gradients,webp_m6_historical,webp_m6,butteraugli,0.0,True
67,smooth_surfaces_gradients,webp_m6_historical,webp_m6,butteraugli,0.0,True
68,smooth_surfaces_gradients,webp_m6_historical,webp_m6,butteraugli,0.0,True
69,smooth_surfaces_gradients,webp_m6_historical,webp_m6,butteraugli,0.0,True
70,smooth_surfaces_gradients,webp_m6_historical,webp_m6,butteraugli,0.0,True
71,smooth_surfaces_gradients,webp_m6_historical,webp_m6,butteraugli,0.0,True
72,smooth_surfaces_gradients,webp_m6_historical,webp_m6,butteraugli,0.0,True
73,smooth_surfaces_gradients,webp_m6_historical,webp_m6,butteraugli,0.0,True
74,smooth_surfaces_gradients,webp_m6_historical,webp_m6,butteraugli,0.0,True
75,smooth_surfaces_gradients,webp_m6_historical,webp_m6,butteraugli,0.0,True
76,fine_detail,webp_m6_historical,webp_m6,butteraugli,0.0,True
77,fine_detail,webp_m6_historical,webp_m6,butteraugli,0.0,True
78,fine_detail,webp_m6_historical,webp_m6,butteraugli,0.0,True
79,fine_detail,webp_m6_historical,webp_m6,butteraugli,0.0,True
80,fine_detail,webp_m6_historical,webp_m6,butteraugli,0.0,True
81,fine_detail,webp_m6_historical,webp_m6,butteraugli,0.0,True
82,fine_detail,webp_m6_historical,webp_m6,butteraugli,0.0,True
83,fine_detail,webp_m6_historical,webp_m6,butteraugli,0.0,True
84,fine_detail,webp_m6_historical,webp_m6,butteraugli,0.0,True
85,fine_detail,webp_m6_historical,webp_m6,butteraugli,0.0,True
86,fine_detail,webp_m6_historical,webp_m6,butteraugli,0.0,True
87,fine_detail,webp_m6_historical,webp_m6,butteraugli,0.0,True
88,fine_detail,webp_m6_historical,webp_m6,butteraugli,0.0,True
89,fine_detail,webp_m6_historical,webp_m6,butteraugli,0.0,True
90,fine_detail,webp_m6_historical,webp_m6,butteraugli,0.0,True
91,text_sharp_edges,webp_m6_historical,webp_m6,butteraugli,0.0,True
92,text_sharp_edges,webp_m6_historical,webp_m6,butteraugli,0.0,True
93,text_sharp_edges,webp_m6_historical,webp_m6,butteraugli,0.0,True
94,text_sharp_edges,webp_m6_historical,webp_m6,butteraugli,0.0,True
95,text_sharp_edges,webp_m6_historical,webp_m6,butteraugli,0.0,True
96,text_sharp_edges,webp_m6_historical,webp_m6,butteraugli,0.0,True
97,text_sharp_edges,webp_m6_historical,webp_m6,butteraugli,0.0,True
98,text_sharp_edges,webp_m6_historical,webp_m6,butteraugli,0.0,True
99,text_sharp_edges,webp_m6_historical,webp_m6,butteraugli,0.0,True
100,text_sharp_edges,webp_m6_historical,webp_m6,butteraugli,0.0,True
101,text_sharp_edges,webp_m6_historical,webp_m6,butteraugli,0.0,True
102,text_sharp_edges,webp_m6_historical,webp_m6,butteraugli,0.0,True
103,text_sharp_edges,webp_m6_historical,webp_m6,butteraugli,0.0,True
104,text_sharp_edges,webp_m6_historical,webp_m6,butteraugli,0.0,True
105,text_sharp_edges,webp_m6_historical,webp_m6,butteraugli,0.0,True
106,saturated_desaturated_colors,webp_m6_historical,webp_m6,butteraugli,0.0,True
107,saturated_desaturated_colors,webp_m6_historical,webp_m6,butteraugli,0.0,True
108,saturated_desaturated_colors,webp_m6_historical,webp_m6,butteraugli,0.0,True
109,saturated_desaturated_colors,webp_m6_historical,webp_m6,butteraugli,0.0,True
110,saturated_desaturated_colors,webp_m6_historical,webp_m6,butteraugli,0.0,True
111,saturated_desaturated_colors,webp_m6_historical,webp_m6,butteraugli,0.0,True
112,saturated_desaturated_colors,webp_m6_historical,webp_m6,butteraugli,0.0,True
113,saturated_desaturated_colors,webp_m6_historical,webp_m6,butteraugli,0.0,True
114,saturated_desaturated_colors,webp_m6_historical,webp_m6,butteraugli,0.0,True
115,saturated_desaturated_colors,webp_m6_historical,webp_m6,butteraugli,0.0,True
116,saturated_desaturated_colors,webp_m6_historical,webp_m6,butteraugli,0.0,True
117,saturated_desaturated_colors,webp_m6_historical,webp_m6,butteraugli,0.0,True
118,saturated_desaturated_colors,webp_m6_historical,webp_m6,butteraugli,0.0,True
119,saturated_desaturated_colors,webp_m6_historical,webp_m6,butteraugli,0.0,True
120,saturated_desaturated_colors,webp_m6_historical,webp_m6,butteraugli,0.0,True
121,smooth_surfaces_gradients,webp_m6_historical,webp_m6,butteraugli,0.0,True
122,urban_architecture,webp_m6_historical,webp_m6,butteraugli,0.0,True
123,smooth_surfaces_gradients,webp_m6_historical,webp_m6,butteraugli,0.0,True
124,urban_architecture,webp_m6_historical,webp_m6,butteraugli,0.0,True
125,fine_detail,webp_m6_historical,webp_m6,butteraugli,0.0,True
126,natural_landscapes,webp_m6_historical,webp_m6,butteraugli,0.0,True
127,urban_architecture,webp_m6_historical,webp_m6,butteraugli,0.0,True
128,text_sharp_edges,webp_m6_historical,webp_m6,butteraugli,0.0,True
129,text_sharp_edges,webp_m6_historical,webp_m6,butteraugli,0.0,True
130,natural_landscapes,webp_m6_historical,webp_m6,butteraugli,0.0,True
1,historical_portraits,jxl_e3,webp_m6,butteraugli,-6.742108868411634,True
2,historical_portraits,jxl_e3,webp_m6,butteraugli,-16.920545558152554,True
3,historical_portraits,jxl_e3,webp_m6,butteraugli,-5.617187262669687,True
4,historical_portraits,jxl_e3,webp_m6,butteraugli,-23.472385152007547,True
5,historical_portraits,jxl_e3,webp_m6,butteraugli,-11.834300126095954,True
6,historical_portraits,jxl_e3,webp_m6,butteraugli,-9.494732428166552,True
7,historical_portraits,jxl_e3,webp_m6,butteraugli,-29.708516142842576,True
8,historical_portraits,jxl_e3,webp_m6,butteraugli,-16.58178953271816,True
9,historical_portraits,jxl_e3,webp_m6,butteraugli,-10.964099370223291,True
10,historical_portraits,jxl_e3,webp_m6,butteraugli,-30.76660459401024,True
11,historical_portraits,jxl_e3,webp_m6,butteraugli,4.01892463523883,True
12,historical_portraits,jxl_e3,webp_m6,butteraugli,10.577752335753265,True
13,historical_portraits,jxl_e3,webp_m6,butteraugli,-11.009119605533302,True
14,historical_portraits,jxl_e3,webp_m6,butteraugli,-0.8895853982924473,True
15,historical_portraits,jxl_e3,webp_m6,butteraugli,23.699193366323,True
16,natural_landscapes,jxl_e3,webp_m6,butteraugli,8.667013213638452,True
17,natural_landscapes,jxl_e3,webp_m6,butteraugli,-3.8761577950949255,True
18,natural_landscapes,jxl_e3,webp_m6,butteraugli,-2.1999975703985597,True
19,natural_landscapes,jxl_e3,webp_m6,butteraugli,-1.3793019227117953,True
20,natural_landscapes,jxl_e3,webp_m6,butteraugli,-17.302557902147665,True
21,natural_landscapes,jxl_e3,webp_m6,butteraugli,1.5826278053837406,True
22,natural_landscapes,jxl_e3,webp_m6,butteraugli,-1.7659437001225742,True
23,natural_landscapes,jxl_e3,webp_m6,butteraugli,10.287044139972057,True
24,natural_landscapes,jxl_e3,webp_m6,butteraugli,-6.062752867708376,True
25,natural_landscapes,jxl_e3,webp_m6,butteraugli,-7.799691304002465,True
26,natural_landscapes,jxl_e3,webp_m6,butteraugli,0.7574040064654008,True
27,natural_landscapes,jxl_e3,webp_m6,butteraugli,-6.390264252607658,True
28,natural_landscapes,jxl_e3,webp_m6,butteraugli,-18.128010621884105,True
29,natural_landscapes,jxl_e3,webp_m6,butteraugli,-6.837460591999733,True
30,natural_landscapes,jxl_e3,webp_m6,butteraugli,-17.011199065199545,True
31,urban_architecture,jxl_e3,webp_m6,butteraugli,-0.5352517384096034,True
32,urban_architecture,jxl_e3,webp_m6,butteraugli,4.5630646350722115,True
33,urban_architecture,jxl_e3,webp_m6,butteraugli,6.612448688783457,True
34,urban_architecture,jxl_e3,webp_m6,butteraugli,-8.14892948942788,True
35,urban_architecture,jxl_e3,webp_m6,butteraugli,-2.247455227822648,True
36,urban_architecture,jxl_e3,webp_m6,butteraugli,4.695545274805846,True
37,urban_architecture,jxl_e3,webp_m6,butteraugli,-12.607103124687491,True
38,urban_architecture,jxl_e3,webp_m6,butteraugli,-10.296376516511518,True
39,urban_architecture,jxl_e3,webp_m6,butteraugli,-14.739275058491085,True
40,urban_architecture,jxl_e3,webp_m6,butteraugli,-2.8823697549194116,True
41,urban_architecture,jxl_e3,webp_m6,butteraugli,20.465808820409826,True
42,urban_architecture,jxl_e3,webp_m6,butteraugli,-9.845621843338426,True
43,urban_architecture,jxl_e3,webp_m6,butteraugli,13.57299187022849,True
44,urban_architecture,jxl_e3,webp_m6,butteraugli,-16.158384101667934,True
45,urban_architecture,jxl_e3,webp_m6,butteraugli,4.1857148201653205,True
46,high_frequency_textures,jxl_e3,webp_m6,butteraugli,-34.61617772933487,True
47,high_frequency_textures,jxl_e3,webp_m6,butteraugli,-8.485315969546846,True
48,high_frequency_textures,jxl_e3,webp_m6,butteraugli,-30.759822044699924,True
49,high_frequency_textures,jxl_e3,webp_m6,butteraugli,-21.28529329586182,True
50,high_frequency_textures,jxl_e3,webp_m6,butteraugli,-32.92584260125223,True
51,high_frequency_textures,jxl_e3,webp_m6,butteraugli,-19.89674983139691,True
52,high_frequency_textures,jxl_e3,webp_m6,butteraugli,-4.650556502742942,True
53,high_frequency_textures,jxl_e3,webp_m6,butteraugli,-24.763818802643666,True
54,high_frequency_textures,jxl_e3,webp_m6,butteraugli,-16.690115863200994,True
55,high_frequency_textures,jxl_e3,webp_m6,butteraugli,-11.479721134454879,True
56,high_frequency_textures,jxl_e3,webp_m6,butteraugli,-36.09929111040899,True
57,high_frequency_textures,jxl_e3,webp_m6,butteraugli,-35.859813812092526,True
58,high_frequency_textures,jxl_e3,webp_m6,butteraugli,1.4196893617306472,True
59,high_frequency_textures,jxl_e3,webp_m6,butteraugli,-10.687287001139866,True
60,high_frequency_textures,jxl_e3,webp_m6,butteraugli,-11.52613123734535,True
61,smooth_surfaces_gradients,jxl_e3,webp_m6,butteraugli,-15.329657551648667,True
62,smooth_surfaces_gradients,jxl_e3,webp_m6,butteraugli,-25.020509403620462,True
63,smooth_surfaces_gradients,jxl_e3,webp_m6,butteraugli,-1.5724665680416972,True
64,smooth_surfaces_gradients,jxl_e3,webp_m6,butteraugli,-7.6770652926051675,True
65,smooth_surfaces_gradients,jxl_e3,webp_m6,butteraugli,-5.57122306505915,True
66,smooth_surfaces_gradients,jxl_e3,webp_m6,butteraugli,-11.053119047459447,True
67,smooth_surfaces_gradients,jxl_e3,webp_m6,butteraugli,-7.855460574110074,True
68,smooth_surfaces_gradients,jxl_e3,webp_m6,butteraugli,-23.124546843590455,True
69,smooth_surfaces_gradients,jxl_e3,webp_m6,butteraugli,-24.15007003282873,True
70,smooth_surfaces_gradients,jxl_e3,webp_m6,butteraugli,-50.90668758818466,True
71,smooth_surfaces_gradients,jxl_e3,webp_m6,butteraugli,-15.887859331073184,True
72,smooth_surfaces_gradients,jxl_e3,webp_m6,butteraugli,7.648379517449899,True
73,smooth_surfaces_gradients,jxl_e3,webp_m6,butteraugli,-26.16954431095643,True
74,smooth_surfaces_gradients,jxl_e3,webp_m6,butteraugli,-8.063473305705227,True
75,smooth_surfaces_gradients,jxl_e3,webp_m6,butteraugli,-15.742369052519978,True
76,fine_detail,jxl_e3,webp_m6,butteraugli,-2.3629989937143936,True
77,fine_detail,jxl_e3,webp_m6,butteraugli,-9.298540953608626,True
78,fine_detail,jxl_e3,webp_m6,butteraugli,-10.18060344417403,True
79,fine_detail,jxl_e3,webp_m6,butteraugli,-9.256691375377423,True
80,fine_detail,jxl_e3,webp_m6,butteraugli,-13.637294839847435,True
81,fine_detail,jxl_e3,webp_m6,butteraugli,-11.071259711279623,True
82,fine_detail,jxl_e3,webp_m6,butteraugli,-16.101316825617275,True
83,fine_detail,jxl_e3,webp_m6,butteraugli,-45.08000133093667,True
84,fine_detail,jxl_e3,webp_m6,butteraugli,-22.555374432517716,True
85,fine_detail,jxl_e3,webp_m6,butteraugli,-24.20723842460677,True
86,fine_detail,jxl_e3,webp_m6,butteraugli,-5.254643450495133,True
87,fine_detail,jxl_e3,webp_m6,butteraugli,-11.305975985439677,True
88,fine_detail,jxl_e3,webp_m6,butteraugli,-14.103838801702773,True
89,fine_detail,jxl_e3,webp_m6,butteraugli,-61.348019368386154,True
90,fine_detail,jxl_e3,webp_m6,butteraugli,,False
91,text_sharp_edges,jxl_e3,webp_m6,butteraugli,32.303562934354545,True
92,text_sharp_edges,jxl_e3,webp_m6,butteraugli,6.577562314580043,True
93,text_sharp_edges,jxl_e3,webp_m6,butteraugli,26.693079587128345,True
94,text_sharp_edges,jxl_e3,webp_m6,butteraugli,0.3108909927946213,True
95,text_sharp_edges,jxl_e3,webp_m6,butteraugli,36.982869644907026,True
96,text_sharp_edges,jxl_e3,webp_m6,butteraugli,-22.749771347711743,True
97,text_sharp_edges,jxl_e3,webp_m6,butteraugli,33.030827818623806,True
98,text_sharp_edges,jxl_e3,webp_m6,butteraugli,-11.4107997301528,True
99,text_sharp_edges,jxl_e3,webp_m6,butteraugli,-50.73353900752148,True
100,text_sharp_edges,jxl_e3,webp_m6,butteraugli,59.22307277146874,True
101,text_sharp_edges,jxl_e3,webp_m6,butteraugli,12.395600595323252,True
102,text_sharp_edges,jxl_e3,webp_m6,butteraugli,14.134226714423415,True
103,text_sharp_edges,jxl_e3,webp_m6,butteraugli,16.523623406496025,True
104,text_sharp_edges,jxl_e3,webp_m6,butteraugli,7.935927129336173,True
105,text_sharp_edges,jxl_e3,webp_m6,butteraugli,-2.6141955014415186,True
106,saturated_desaturated_colors,jxl_e3,webp_m6,butteraugli,-34.43879388271084,True
107,saturated_desaturated_colors,jxl_e3,webp_m6,butteraugli,-48.103107947146505,True
108,saturated_desaturated_colors,jxl_e3,webp_m6,butteraugli,-4.84351144803462,True
109,saturated_desaturated_colors,jxl_e3,webp_m6,butteraugli,0.19416456206364785,True
110,saturated_desaturated_colors,jxl_e3,webp_m6,butteraugli,0.3269055950797739,True
111,saturated_desaturated_colors,jxl_e3,webp_m6,butteraugli,2.591621544888345,True
112,saturated_desaturated_colors,jxl_e3,webp_m6,butteraugli,-9.791205207409826,True
113,saturated_desaturated_colors,jxl_e3,webp_m6,butteraugli,-9.045661027311402,True
114,saturated_desaturated_colors,jxl_e3,webp_m6,butteraugli,-16.960393522518125,True
115,saturated_desaturated_colors,jxl_e3,webp_m6,butteraugli,-11.652780988720169,True
116,saturated_desaturated_colors,jxl_e3,webp_m6,butteraugli,7.466886369023684,True
117,saturated_desaturated_colors,jxl_e3,webp_m6,butteraugli,33.66301980562001,True
118,saturated_desaturated_colors,jxl_e3,webp_m6,butteraugli,-35.991652783979134,True
119,saturated_desaturated_colors,jxl_e3,webp_m6,butteraugli,-33.68075300743458,True
120,saturated_desaturated_colors,jxl_e3,webp_m6,butteraugli,-29.214214995285637,True
121,smooth_surfaces_gradients,jxl_e3,webp_m6,butteraugli,-8.2858663767319,True
122,urban_architecture,jxl_e3,webp_m6,butteraugli,32.00131824073564,True
123,smooth_surfaces_gradients,jxl_e3,webp_m6,butteraugli,-7.193143184463146,True
124,urban_architecture,jxl_e3,webp_m6,butteraugli,31.579028761105278,True
125,fine_detail,jxl_e3,webp_m6,butteraugli,14.769041663168924,True
126,natural_landscapes,jxl_e3,webp_m6,butteraugli,2.3289117625713285,True
127,urban_architecture,jxl_e3,webp_m6,butteraugli,-4.5642515788359646,True
128,text_sharp_edges,jxl_e3,webp_m6,butteraugli,30.419129304598357,True
129,text_sharp_edges,jxl_e3,webp_m6,butteraugli,16.140187273175567,True
130,natural_landscapes,jxl_e3,webp_m6,butteraugli,-25.091658291779495,True
1,historical_portraits,jxl_e7,webp_m6,butteraugli,-10.687477255957322,True
2,historical_portraits,jxl_e7,webp_m6,butteraugli,-13.061153591802366,True
3,historical_portraits,jxl_e7,webp_m6,butteraugli,-8.600773637444037,True
4,historical_portraits,jxl_e7,webp_m6,butteraugli,-23.55665635621054,True
5,historical_portraits,jxl_e7,webp_m6,butteraugli,-3.9361247989448067,True
6,historical_portraits,jxl_e7,webp_m6,butteraugli,-2.0197491847855686,True
7,historical_portraits,jxl_e7,webp_m6,butteraugli,-14.100137091535359,True
8,historical_portraits,jxl_e7,webp_m6,butteraugli,17.282001145356894,True
9,historical_portraits,jxl_e7,webp_m6,butteraugli,9.913692305280787,True
10,historical_portraits,jxl_e7,webp_m6,butteraugli,-35.301025011224006,True
11,historical_portraits,jxl_e7,webp_m6,butteraugli,1.0575502961032823,True
12,historical_portraits,jxl_e7,webp_m6,butteraugli,17.721858720177153,True
13,historical_portraits,jxl_e7,webp_m6,butteraugli,6.937277752632354,True
14,historical_portraits,jxl_e7,webp_m6,butteraugli,15.394232179427082,True
15,historical_portraits,jxl_e7,webp_m6,butteraugli,-4.396696589470728,True
16,natural_landscapes,jxl_e7,webp_m6,butteraugli,0.4072403664505897,True
17,natural_landscapes,jxl_e7,webp_m6,butteraugli,-14.744202625971493,True
18,natural_landscapes,jxl_e7,webp_m6,butteraugli,13.539363131546644,True
19,natural_landscapes,jxl_e7,webp_m6,butteraugli,3.158047927129548,True
20,natural_landscapes,jxl_e7,webp_m6,butteraugli,-18.492441074036158,True
21,natural_landscapes,jxl_e7,webp_m6,butteraugli,1.8088041956995982,True
22,natural_landscapes,jxl_e7,webp_m6,butteraugli,-14.951489616163183,True
23,natural_landscapes,jxl_e7,webp_m6,butteraugli,-6.803664851698155,True
24,natural_landscapes,jxl_e7,webp_m6,butteraugli,1.821777653775869,True
25,natural_landscapes,jxl_e7,webp_m6,butteraugli,16.642653971199174,True
26,natural_landscapes,jxl_e7,webp_m6,butteraugli,-14.508746723106958,True
27,natural_landscapes,jxl_e7,webp_m6,butteraugli,17.750738606394556,True
28,natural_landscapes,jxl_e7,webp_m6,butteraugli,-12.737208795034515,True
29,natural_landscapes,jxl_e7,webp_m6,butteraugli,0.6302846236831972,True
30,natural_landscapes,jxl_e7,webp_m6,butteraugli,-0.13450124747171888,True
31,urban_architecture,jxl_e7,webp_m6,butteraugli,12.380189324511658,True
32,urban_architecture,jxl_e7,webp_m6,butteraugli,24.742146937819733,True
33,urban_architecture,jxl_e7,webp_m6,butteraugli,7.658403146186221,True
34,urban_architecture,jxl_e7,webp_m6,butteraugli,-12.578066984698832,True
35,urban_architecture,jxl_e7,webp_m6,butteraugli,-9.783972498446857,True
36,urban_architecture,jxl_e7,webp_m6,butteraugli,-11.86365315655733,True
37,urban_architecture,jxl_e7,webp_m6,butteraugli,-24.76822613830697,True
38,urban_architecture,jxl_e7,webp_m6,butteraugli,-10.614050603012426,True
39,urban_architecture,jxl_e7,webp_m6,butteraugli,-14.086724108135872,True
40,urban_architecture,jxl_e7,webp_m6,butteraugli,-7.277765353994381,True
41,urban_architecture,jxl_e7,webp_m6,butteraugli,38.55398598747166,True
42,urban_architecture,jxl_e7,webp_m6,butteraugli,-10.533997630762325,True
43,urban_architecture,jxl_e7,webp_m6,butteraugli,1.074768216767441,True
44,urban_architecture,jxl_e7,webp_m6,butteraugli,-18.436809254275822,True
45,urban_architecture,jxl_e7,webp_m6,butteraugli,-3.3343601207160845,True
46,high_frequency_textures,jxl_e7,webp_m6,butteraugli,-37.69718106749489,True
47,high_frequency_textures,jxl_e7,webp_m6,butteraugli,-1.014940753916338,True
48,high_frequency_textures,jxl_e7,webp_m6,butteraugli,-27.18677718051492,True
49,high_frequency_textures,jxl_e7,webp_m6,butteraugli,-14.147899636689376,True
50,high_frequency_textures,jxl_e7,webp_m6,butteraugli,-48.31348321449905,True
51,high_frequency_textures,jxl_e7,webp_m6,butteraugli,-14.699471278904696,True
52,high_frequency_textures,jxl_e7,webp_m6,butteraugli,-2.4287717216318616,True
53,high_frequency_textures,jxl_e7,webp_m6,butteraugli,-23.265822809830738,True
54,high_frequency_textures,jxl_e7,webp_m6,butteraugli,-14.106204428057412,True
55,high_frequency_textures,jxl_e7,webp_m6,butteraugli,-6.925906262798732,True
56,high_frequency_textures,jxl_e7,webp_m6,butteraugli,-28.695725430483066,True
57,high_frequency_textures,jxl_e7,webp_m6,butteraugli,-24.861751886908124,True
58,high_frequency_textures,jxl_e7,webp_m6,butteraugli,-0.9731657090536916,True
59,high_frequency_textures,jxl_e7,webp_m6,butteraugli,-9.786739469928863,True
60,high_frequency_textures,jxl_e7,webp_m6,butteraugli,-0.4470563612907541,True
61,smooth_surfaces_gradients,jxl_e7,webp_m6,butteraugli,-14.331216741368824,True
62,smooth_surfaces_gradients,jxl_e7,webp_m6,butteraugli,-9.808580391381428,True
63,smooth_surfaces_gradients,jxl_e7,webp_m6,butteraugli,1.0741814798990168,True
64,smooth_surfaces_gradients,jxl_e7,webp_m6,butteraugli,-9.121600412929421,True
65,smooth_surfaces_gradients,jxl_e7,webp_m6,butteraugli,-14.769042279318622,True
66,smooth_surfaces_gradients,jxl_e7,webp_m6,butteraugli,2.6213008717648423,True
67,smooth_surfaces_gradients,jxl_e7,webp_m6,butteraugli,-0.8542127604286298,True
68,smooth_surfaces_gradients,jxl_e7,webp_m6,butteraugli,-21.32233188747771,True
69,smooth_surfaces_gradients,jxl_e7,webp_m6,butteraugli,-10.383550175664935,True
70,smooth_surfaces_gradients,jxl_e7,webp_m6,butteraugli,-49.87509732985661,True
71,smooth_surfaces_gradients,jxl_e7,webp_m6,butteraugli,-6.123828640300366,True
72,smooth_surfaces_gradients,jxl_e7,webp_m6,butteraugli,-6.567831331014351,True
73,smooth_surfaces_gradients,jxl_e7,webp_m6,butteraugli,-32.272421198490576,True
74,smooth_surfaces_gradients,jxl_e7,webp_m6,butteraugli,3.6425275774982113,True
75,smooth_surfaces_gradients,jxl_e7,webp_m6,butteraugli,-16.431980331537744,True
76,fine_detail,jxl_e7,webp_m6,butteraugli,-5.5446461367482875,True
77,fine_detail,jxl_e7,webp_m6,butteraugli,-3.5426773254534694,True
78,fine_detail,jxl_e7,webp_m6,butteraugli,-0.9482527637562743,True
79,fine_detail,jxl_e7,webp_m6,butteraugli,-12.372088250321433,True
80,fine_detail,jxl_e7,webp_m6,butteraugli,-4.268522165306443,True
81,fine_detail,jxl_e7,webp_m6,butteraugli,1.5476465225758185,True
82,fine_detail,jxl_e7,webp_m6,butteraugli,-11.325126999267543,True
83,fine_detail,jxl_e7,webp_m6,butteraugli,-40.06263221294575,True
84,fine_detail,jxl_e7,webp_m6,butteraugli,-23.53220397072424,True
85,fine_detail,jxl_e7,webp_m6,butteraugli,-21.552975044811895,True
86,fine_detail,jxl_e7,webp_m6,butteraugli,-0.08261620381719847,True
87,fine_detail,jxl_e7,webp_m6,butteraugli,-12.292259882999645,True
88,fine_detail,jxl_e7,webp_m6,butteraugli,-30.14081009267866,True
89,fine_detail,jxl_e7,webp_m6,butteraugli,-40.78178343805241,True
90,fine_detail,jxl_e7,webp_m6,butteraugli,-74.91846952320897,True
91,text_sharp_edges,jxl_e7,webp_m6,butteraugli,20.438479590180968,True
92,text_sharp_edges,jxl_e7,webp_m6,butteraugli,9.21238213630362,True
93,text_sharp_edges,jxl_e7,webp_m6,butteraugli,25.519665098858923,True
94,text_sharp_edges,jxl_e7,webp_m6,butteraugli,2.8559040166859617,True
95,text_sharp_edges,jxl_e7,webp_m6,butteraugli,11.604119990820472,True
96,text_sharp_edges,jxl_e7,webp_m6,butteraugli,-14.152683707383297,True
97,text_sharp_edges,jxl_e7,webp_m6,butteraugli,12.86218966851649,True
98,text_sharp_edges,jxl_e7,webp_m6,butteraugli,6.228640159873655,True
99,text_sharp_edges,jxl_e7,webp_m6,butteraugli,-42.79808595375325,True
100,text_sharp_edges,jxl_e7,webp_m6,butteraugli,36.10293744346835,True
101,text_sharp_edges,jxl_e7,webp_m6,butteraugli,10.286537539117724,True
102,text_sharp_edges,jxl_e7,webp_m6,butteraugli,5.5411276781444085,True
103,text_sharp_edges,jxl_e7,webp_m6,butteraugli,5.068198455442285,True
104,text_sharp_edges,jxl_e7,webp_m6,butteraugli,3.3737459769062506,True
105,text_sharp_edges,jxl_e7,webp_m6,butteraugli,-7.430307563639582,True
106,saturated_desaturated_colors,jxl_e7,webp_m6,butteraugli,-29.53750122498635,True
107,saturated_desaturated_colors,jxl_e7,webp_m6,butteraugli,-34.6015056286198,True
108,saturated_desaturated_colors,jxl_e7,webp_m6,butteraugli,-8.783495073977399,True
109,saturated_desaturated_colors,jxl_e7,webp_m6,butteraugli,23.466967735513112,True
110,saturated_desaturated_colors,jxl_e7,webp_m6,butteraugli,-9.780413452100213,True
111,saturated_desaturated_colors,jxl_e7,webp_m6,butteraugli,-20.583593746017225,True
112,saturated_desaturated_colors,jxl_e7,webp_m6,butteraugli,-11.960788440340009,True
113,saturated_desaturated_colors,jxl_e7,webp_m6,butteraugli,-15.102948182128396,True
114,saturated_desaturated_colors,jxl_e7,webp_m6,butteraugli,-22.449834476026908,True
115,saturated_desaturated_colors,jxl_e7,webp_m6,butteraugli,-18.036728998244133,True
116,saturated_desaturated_colors,jxl_e7,webp_m6,butteraugli,16.076452004379394,True
117,saturated_desaturated_colors,jxl_e7,webp_m6,butteraugli,44.83727961308792,True
118,saturated_desaturated_colors,jxl_e7,webp_m6,butteraugli,-39.155964209798945,True
119,saturated_desaturated_colors,jxl_e7,webp_m6,butteraugli,-28.1792344912979,True
120,saturated_desaturated_colors,jxl_e7,webp_m6,butteraugli,-43.74219484784252,True
121,smooth_surfaces_gradients,jxl_e7,webp_m6,butteraugli,2.622440620290112,True
122,urban_architecture,jxl_e7,webp_m6,butteraugli,19.867711650381636,True
123,smooth_surfaces_gradients,jxl_e7,webp_m6,butteraugli,-5.025954382900732,True
124,urban_architecture,jxl_e7,webp_m6,butteraugli,1.5657526077445638,True
125,fine_detail,jxl_e7,webp_m6,butteraugli,8.886541989684948,True
126,natural_landscapes,jxl_e7,webp_m6,butteraugli,-12.550697018934464,True
127,urban_architecture,jxl_e7,webp_m6,butteraugli,-6.826377419853014,True
128,text_sharp_edges,jxl_e7,webp_m6,butteraugli,13.121764185010697,True
129,text_sharp_edges,jxl_e7,webp_m6,butteraugli,-3.9306455771936033,True
130,natural_landscapes,jxl_e7,webp_m6,butteraugli,-17.557213085381875,True
1,historical_portraits,n148i_v2,n148i_v1,butteraugli,-30.10508082251977,True
2,historical_portraits,n148i_v2,n148i_v1,butteraugli,-24.79293033030524,True
3,historical_portraits,n148i_v2,n148i_v1,butteraugli,-27.066291800134977,True
4,historical_portraits,n148i_v2,n148i_v1,butteraugli,-19.736969231709235,True
5,historical_portraits,n148i_v2,n148i_v1,butteraugli,-41.222039054822346,True
6,historical_portraits,n148i_v2,n148i_v1,butteraugli,-25.72751504744688,True
7,historical_portraits,n148i_v2,n148i_v1,butteraugli,-36.65850937969333,True
8,historical_portraits,n148i_v2,n148i_v1,butteraugli,-40.519062117898166,True
9,historical_portraits,n148i_v2,n148i_v1,butteraugli,-31.473960191664073,True
10,historical_portraits,n148i_v2,n148i_v1,butteraugli,-23.433849489779778,True
11,historical_portraits,n148i_v2,n148i_v1,butteraugli,-59.63252728913826,True
12,historical_portraits,n148i_v2,n148i_v1,butteraugli,-30.45400395737765,True
13,historical_portraits,n148i_v2,n148i_v1,butteraugli,-32.294162310063,True
14,historical_portraits,n148i_v2,n148i_v1,butteraugli,-55.68665587021403,True
15,historical_portraits,n148i_v2,n148i_v1,butteraugli,-37.369915981333655,True
16,natural_landscapes,n148i_v2,n148i_v1,butteraugli,-37.04941495440512,True
17,natural_landscapes,n148i_v2,n148i_v1,butteraugli,-28.97567358604636,True
18,natural_landscapes,n148i_v2,n148i_v1,butteraugli,-37.46276282813105,True
19,natural_landscapes,n148i_v2,n148i_v1,butteraugli,-34.775699774990244,True
20,natural_landscapes,n148i_v2,n148i_v1,butteraugli,-32.262760234640254,True
21,natural_landscapes,n148i_v2,n148i_v1,butteraugli,-43.37670284867446,True
22,natural_landscapes,n148i_v2,n148i_v1,butteraugli,-16.36810762318712,True
23,natural_landscapes,n148i_v2,n148i_v1,butteraugli,-33.55488849450278,True
24,natural_landscapes,n148i_v2,n148i_v1,butteraugli,-18.68564470540679,True
25,natural_landscapes,n148i_v2,n148i_v1,butteraugli,-39.90278691086399,True
26,natural_landscapes,n148i_v2,n148i_v1,butteraugli,-19.953880496573937,True
27,natural_landscapes,n148i_v2,n148i_v1,butteraugli,-35.93678425861767,True
28,natural_landscapes,n148i_v2,n148i_v1,butteraugli,-22.27749670510014,True
29,natural_landscapes,n148i_v2,n148i_v1,butteraugli,-18.051332551047917,True
30,natural_landscapes,n148i_v2,n148i_v1,butteraugli,-32.28871443976599,True
31,urban_architecture,n148i_v2,n148i_v1,butteraugli,-30.075424683196616,True
32,urban_architecture,n148i_v2,n148i_v1,butteraugli,-39.77640887538577,True
33,urban_architecture,n148i_v2,n148i_v1,butteraugli,-33.568508227463944,True
34,urban_architecture,n148i_v2,n148i_v1,butteraugli,-9.941992171406099,True
35,urban_architecture,n148i_v2,n148i_v1,butteraugli,-41.39267992354749,True
36,urban_architecture,n148i_v2,n148i_v1,butteraugli,-32.75538210467872,True
37,urban_architecture,n148i_v2,n148i_v1,butteraugli,-25.08369172238757,True
38,urban_architecture,n148i_v2,n148i_v1,butteraugli,-35.09033327611157,True
39,urban_architecture,n148i_v2,n148i_v1,butteraugli,-33.441847401579686,True
40,urban_architecture,n148i_v2,n148i_v1,butteraugli,-34.925784258172975,True
41,urban_architecture,n148i_v2,n148i_v1,butteraugli,-42.634593034899325,True
42,urban_architecture,n148i_v2,n148i_v1,butteraugli,-38.05111075044282,True
43,urban_architecture,n148i_v2,n148i_v1,butteraugli,-51.304908607264196,True
44,urban_architecture,n148i_v2,n148i_v1,butteraugli,-15.435464747413674,True
45,urban_architecture,n148i_v2,n148i_v1,butteraugli,-42.35987415333437,True
46,high_frequency_textures,n148i_v2,n148i_v1,butteraugli,0.4427166115810399,True
47,high_frequency_textures,n148i_v2,n148i_v1,butteraugli,-12.730967242436432,True
48,high_frequency_textures,n148i_v2,n148i_v1,butteraugli,0.5296016882636811,True
49,high_frequency_textures,n148i_v2,n148i_v1,butteraugli,-17.8130969926103,True
50,high_frequency_textures,n148i_v2,n148i_v1,butteraugli,-14.691754120839661,True
51,high_frequency_textures,n148i_v2,n148i_v1,butteraugli,-13.504889115622198,True
52,high_frequency_textures,n148i_v2,n148i_v1,butteraugli,-19.203883567131708,True
53,high_frequency_textures,n148i_v2,n148i_v1,butteraugli,-18.286496890151525,True
54,high_frequency_textures,n148i_v2,n148i_v1,butteraugli,-20.89247787108096,True
55,high_frequency_textures,n148i_v2,n148i_v1,butteraugli,-21.599061598828285,True
56,high_frequency_textures,n148i_v2,n148i_v1,butteraugli,-19.111012416651306,True
57,high_frequency_textures,n148i_v2,n148i_v1,butteraugli,-22.126279835969353,True
58,high_frequency_textures,n148i_v2,n148i_v1,butteraugli,-18.91788805049137,True
59,high_frequency_textures,n148i_v2,n148i_v1,butteraugli,-34.76115846106178,True
60,high_frequency_textures,n148i_v2,n148i_v1,butteraugli,-33.337303281107445,True
61,smooth_surfaces_gradients,n148i_v2,n148i_v1,butteraugli,-3.3085534629838986,True
62,smooth_surfaces_gradients,n148i_v2,n148i_v1,butteraugli,-14.990343198457168,True
63,smooth_surfaces_gradients,n148i_v2,n148i_v1,butteraugli,-39.65258745759552,True
64,smooth_surfaces_gradients,n148i_v2,n148i_v1,butteraugli,-26.033465099063,True
65,smooth_surfaces_gradients,n148i_v2,n148i_v1,butteraugli,-15.689869307160976,True
66,smooth_surfaces_gradients,n148i_v2,n148i_v1,butteraugli,-42.13637664885429,True
67,smooth_surfaces_gradients,n148i_v2,n148i_v1,butteraugli,-31.54603690169433,True
68,smooth_surfaces_gradients,n148i_v2,n148i_v1,butteraugli,-24.179286202304617,True
69,smooth_surfaces_gradients,n148i_v2,n148i_v1,butteraugli,-50.136999571220265,True
70,smooth_surfaces_gradients,n148i_v2,n148i_v1,butteraugli,-54.23797396221419,True
71,smooth_surfaces_gradients,n148i_v2,n148i_v1,butteraugli,-41.0944489634925,True
72,smooth_surfaces_gradients,n148i_v2,n148i_v1,butteraugli,-24.828039789683277,True
73,smooth_surfaces_gradients,n148i_v2,n148i_v1,butteraugli,-40.01784188982905,True
74,smooth_surfaces_gradients,n148i_v2,n148i_v1,butteraugli,-38.60856893319681,True
75,smooth_surfaces_gradients,n148i_v2,n148i_v1,butteraugli,-52.07429723269652,True
76,fine_detail,n148i_v2,n148i_v1,butteraugli,-35.78740014475107,True
77,fine_detail,n148i_v2,n148i_v1,butteraugli,-17.340424806658593,True
78,fine_detail,n148i_v2,n148i_v1,butteraugli,-10.918762320863905,True
79,fine_detail,n148i_v2,n148i_v1,butteraugli,1.4091323413687018,True
80,fine_detail,n148i_v2,n148i_v1,butteraugli,-34.452444080368096,True
81,fine_detail,n148i_v2,n148i_v1,butteraugli,-15.936760240058556,True
82,fine_detail,n148i_v2,n148i_v1,butteraugli,-15.368830930363607,True
83,fine_detail,n148i_v2,n148i_v1,butteraugli,-58.99528576748171,True
84,fine_detail,n148i_v2,n148i_v1,butteraugli,-18.801387668135185,True
85,fine_detail,n148i_v2,n148i_v1,butteraugli,-7.961533872910865,True
86,fine_detail,n148i_v2,n148i_v1,butteraugli,-20.029841392586544,True
87,fine_detail,n148i_v2,n148i_v1,butteraugli,-10.849852552133598,True
88,fine_detail,n148i_v2,n148i_v1,butteraugli,-40.999542347565566,True
89,fine_detail,n148i_v2,n148i_v1,butteraugli,-39.39508573001342,True
90,fine_detail,n148i_v2,n148i_v1,butteraugli,-52.75853890104945,True
91,text_sharp_edges,n148i_v2,n148i_v1,butteraugli,-49.089661346186105,True
92,text_sharp_edges,n148i_v2,n148i_v1,butteraugli,-45.995780020202204,True
93,text_sharp_edges,n148i_v2,n148i_v1,butteraugli,-35.26194702804448,True
94,text_sharp_edges,n148i_v2,n148i_v1,butteraugli,-33.08255249206482,True
95,text_sharp_edges,n148i_v2,n148i_v1,butteraugli,-30.90689105116793,True
96,text_sharp_edges,n148i_v2,n148i_v1,butteraugli,-25.967517891826887,True
97,text_sharp_edges,n148i_v2,n148i_v1,butteraugli,-34.786265503918386,True
98,text_sharp_edges,n148i_v2,n148i_v1,butteraugli,-42.81449843641663,True
99,text_sharp_edges,n148i_v2,n148i_v1,butteraugli,-55.79685343051845,True
100,text_sharp_edges,n148i_v2,n148i_v1,butteraugli,-37.24308541184234,True
101,text_sharp_edges,n148i_v2,n148i_v1,butteraugli,-36.950391166715676,True
102,text_sharp_edges,n148i_v2,n148i_v1,butteraugli,-36.818498175029646,True
103,text_sharp_edges,n148i_v2,n148i_v1,butteraugli,-37.689566367643856,True
104,text_sharp_edges,n148i_v2,n148i_v1,butteraugli,-43.705725664476894,True
105,text_sharp_edges,n148i_v2,n148i_v1,butteraugli,-20.04547353367563,True
106,saturated_desaturated_colors,n148i_v2,n148i_v1,butteraugli,-45.03128179591502,True
107,saturated_desaturated_colors,n148i_v2,n148i_v1,butteraugli,-29.66461750530862,True
108,saturated_desaturated_colors,n148i_v2,n148i_v1,butteraugli,-25.96946582308145,True
109,saturated_desaturated_colors,n148i_v2,n148i_v1,butteraugli,-34.52394863293523,True
110,saturated_desaturated_colors,n148i_v2,n148i_v1,butteraugli,-31.576102587048773,True
111,saturated_desaturated_colors,n148i_v2,n148i_v1,butteraugli,-33.50180885467036,True
112,saturated_desaturated_colors,n148i_v2,n148i_v1,butteraugli,-31.00841055904998,True
113,saturated_desaturated_colors,n148i_v2,n148i_v1,butteraugli,-42.099924160009586,True
114,saturated_desaturated_colors,n148i_v2,n148i_v1,butteraugli,-22.414467488619994,True
115,saturated_desaturated_colors,n148i_v2,n148i_v1,butteraugli,-36.375947199084415,True
116,saturated_desaturated_colors,n148i_v2,n148i_v1,butteraugli,-55.45909448220765,True
117,saturated_desaturated_colors,n148i_v2,n148i_v1,butteraugli,-57.4101658861923,True
118,saturated_desaturated_colors,n148i_v2,n148i_v1,butteraugli,-45.29166441492515,True
119,saturated_desaturated_colors,n148i_v2,n148i_v1,butteraugli,-47.535611663547215,True
120,saturated_desaturated_colors,n148i_v2,n148i_v1,butteraugli,-48.301316290065444,True
121,smooth_surfaces_gradients,n148i_v2,n148i_v1,butteraugli,-46.462801003356745,True
122,urban_architecture,n148i_v2,n148i_v1,butteraugli,-36.41645033657846,True
123,smooth_surfaces_gradients,n148i_v2,n148i_v1,butteraugli,-37.75756917097617,True
124,urban_architecture,n148i_v2,n148i_v1,butteraugli,-40.61490808802321,True
125,fine_detail,n148i_v2,n148i_v1,butteraugli,-37.19201821743039,True
126,natural_landscapes,n148i_v2,n148i_v1,butteraugli,-28.640211375007173,True
127,urban_architecture,n148i_v2,n148i_v1,butteraugli,-48.174522095405884,True
128,text_sharp_edges,n148i_v2,n148i_v1,butteraugli,-42.141502955303864,True
129,text_sharp_edges,n148i_v2,n148i_v1,butteraugli,-21.409848262010357,True
130,natural_landscapes,n148i_v2,n148i_v1,butteraugli,-18.61403813896455,True
1,historical_portraits,n148i_v2,jpeg_turbo,butteraugli,-30.62760608770504,True
2,historical_portraits,n148i_v2,jpeg_turbo,butteraugli,-26.120996364055305,True
3,historical_portraits,n148i_v2,jpeg_turbo,butteraugli,-27.687665784813543,True
4,historical_portraits,n148i_v2,jpeg_turbo,butteraugli,-19.923739532027263,True
5,historical_portraits,n148i_v2,jpeg_turbo,butteraugli,-38.56763129227026,True
6,historical_portraits,n148i_v2,jpeg_turbo,butteraugli,-26.849488757852434,True
7,historical_portraits,n148i_v2,jpeg_turbo,butteraugli,-36.80014366530702,True
8,historical_portraits,n148i_v2,jpeg_turbo,butteraugli,-40.43893239956986,True
9,historical_portraits,n148i_v2,jpeg_turbo,butteraugli,-33.17949515878511,True
10,historical_portraits,n148i_v2,jpeg_turbo,butteraugli,-24.665084961461904,True
11,historical_portraits,n148i_v2,jpeg_turbo,butteraugli,-60.93648194933223,True
12,historical_portraits,n148i_v2,jpeg_turbo,butteraugli,-36.48069167443766,True
13,historical_portraits,n148i_v2,jpeg_turbo,butteraugli,-33.05358010752312,True
14,historical_portraits,n148i_v2,jpeg_turbo,butteraugli,-56.542675897390524,True
15,historical_portraits,n148i_v2,jpeg_turbo,butteraugli,-37.6601680728227,True
16,natural_landscapes,n148i_v2,jpeg_turbo,butteraugli,-38.988726763766714,True
17,natural_landscapes,n148i_v2,jpeg_turbo,butteraugli,-29.93120765466252,True
18,natural_landscapes,n148i_v2,jpeg_turbo,butteraugli,-39.00757361212372,True
19,natural_landscapes,n148i_v2,jpeg_turbo,butteraugli,-36.2254410318356,True
20,natural_landscapes,n148i_v2,jpeg_turbo,butteraugli,-31.252730462654288,True
21,natural_landscapes,n148i_v2,jpeg_turbo,butteraugli,-46.06375957798426,True
22,natural_landscapes,n148i_v2,jpeg_turbo,butteraugli,-27.215836167356365,True
23,natural_landscapes,n148i_v2,jpeg_turbo,butteraugli,-33.87285688996655,True
24,natural_landscapes,n148i_v2,jpeg_turbo,butteraugli,-23.419767036331518,True
25,natural_landscapes,n148i_v2,jpeg_turbo,butteraugli,-42.60187106076252,True
26,natural_landscapes,n148i_v2,jpeg_turbo,butteraugli,-21.05350076086605,True
27,natural_landscapes,n148i_v2,jpeg_turbo,butteraugli,-37.50309995776142,True
28,natural_landscapes,n148i_v2,jpeg_turbo,butteraugli,-24.701725077558688,True
29,natural_landscapes,n148i_v2,jpeg_turbo,butteraugli,-18.744213658607876,True
30,natural_landscapes,n148i_v2,jpeg_turbo,butteraugli,-34.85922639147818,True
31,urban_architecture,n148i_v2,jpeg_turbo,butteraugli,-27.84124020541434,True
32,urban_architecture,n148i_v2,jpeg_turbo,butteraugli,-40.37577926249308,True
33,urban_architecture,n148i_v2,jpeg_turbo,butteraugli,-35.54398681247682,True
34,urban_architecture,n148i_v2,jpeg_turbo,butteraugli,-6.378490126103387,True
35,urban_architecture,n148i_v2,jpeg_turbo,butteraugli,-42.77787971180002,True
36,urban_architecture,n148i_v2,jpeg_turbo,butteraugli,-33.085287606751656,True
37,urban_architecture,n148i_v2,jpeg_turbo,butteraugli,-25.96264414530902,True
38,urban_architecture,n148i_v2,jpeg_turbo,butteraugli,-35.338709233448625,True
39,urban_architecture,n148i_v2,jpeg_turbo,butteraugli,-34.1447203022634,True
40,urban_architecture,n148i_v2,jpeg_turbo,butteraugli,-36.44583002178368,True
41,urban_architecture,n148i_v2,jpeg_turbo,butteraugli,-44.50082175552114,True
42,urban_architecture,n148i_v2,jpeg_turbo,butteraugli,-38.03181963258033,True
43,urban_architecture,n148i_v2,jpeg_turbo,butteraugli,-51.67585396889889,True
44,urban_architecture,n148i_v2,jpeg_turbo,butteraugli,-16.14956247234005,True
45,urban_architecture,n148i_v2,jpeg_turbo,butteraugli,-43.02127043358629,True
46,high_frequency_textures,n148i_v2,jpeg_turbo,butteraugli,0.23362393206229903,True
47,high_frequency_textures,n148i_v2,jpeg_turbo,butteraugli,-14.165934355257658,True
48,high_frequency_textures,n148i_v2,jpeg_turbo,butteraugli,-1.1587596112795806,True
49,high_frequency_textures,n148i_v2,jpeg_turbo,butteraugli,-19.964692290661702,True
50,high_frequency_textures,n148i_v2,jpeg_turbo,butteraugli,-14.304503318312122,True
51,high_frequency_textures,n148i_v2,jpeg_turbo,butteraugli,-14.04099540713829,True
52,high_frequency_textures,n148i_v2,jpeg_turbo,butteraugli,-19.43090154513737,True
53,high_frequency_textures,n148i_v2,jpeg_turbo,butteraugli,-18.848089528349632,True
54,high_frequency_textures,n148i_v2,jpeg_turbo,butteraugli,-21.69667708473816,True
55,high_frequency_textures,n148i_v2,jpeg_turbo,butteraugli,-21.46820916486587,True
56,high_frequency_textures,n148i_v2,jpeg_turbo,butteraugli,-20.242992059555085,True
57,high_frequency_textures,n148i_v2,jpeg_turbo,butteraugli,-22.960532917102682,True
58,high_frequency_textures,n148i_v2,jpeg_turbo,butteraugli,-20.642488201682085,True
59,high_frequency_textures,n148i_v2,jpeg_turbo,butteraugli,-34.79358629959338,True
60,high_frequency_textures,n148i_v2,jpeg_turbo,butteraugli,-33.91615540681969,True
61,smooth_surfaces_gradients,n148i_v2,jpeg_turbo,butteraugli,-7.027243041186038,True
62,smooth_surfaces_gradients,n148i_v2,jpeg_turbo,butteraugli,-20.184692456726204,True
63,smooth_surfaces_gradients,n148i_v2,jpeg_turbo,butteraugli,-40.96371299398528,True
64,smooth_surfaces_gradients,n148i_v2,jpeg_turbo,butteraugli,-29.893113666893335,True
65,smooth_surfaces_gradients,n148i_v2,jpeg_turbo,butteraugli,-17.325601271508628,True
66,smooth_surfaces_gradients,n148i_v2,jpeg_turbo,butteraugli,-43.07847858971871,True
67,smooth_surfaces_gradients,n148i_v2,jpeg_turbo,butteraugli,-32.25012544673527,True
68,smooth_surfaces_gradients,n148i_v2,jpeg_turbo,butteraugli,-26.086630652085752,True
69,smooth_surfaces_gradients,n148i_v2,jpeg_turbo,butteraugli,-49.216799504910426,True
70,smooth_surfaces_gradients,n148i_v2,jpeg_turbo,butteraugli,-54.46057636288633,True
71,smooth_surfaces_gradients,n148i_v2,jpeg_turbo,butteraugli,-45.39432659081052,True
72,smooth_surfaces_gradients,n148i_v2,jpeg_turbo,butteraugli,-26.206240409606572,True
73,smooth_surfaces_gradients,n148i_v2,jpeg_turbo,butteraugli,-47.83395615856434,True
74,smooth_surfaces_gradients,n148i_v2,jpeg_turbo,butteraugli,-40.46734546032097,True
75,smooth_surfaces_gradients,n148i_v2,jpeg_turbo,butteraugli,-54.63395233463613,True
76,fine_detail,n148i_v2,jpeg_turbo,butteraugli,-36.78502672242131,True
77,fine_detail,n148i_v2,jpeg_turbo,butteraugli,-19.101881068658077,True
78,fine_detail,n148i_v2,jpeg_turbo,butteraugli,-11.423979250000171,True
79,fine_detail,n148i_v2,jpeg_turbo,butteraugli,1.0886984076087902,True
80,fine_detail,n148i_v2,jpeg_turbo,butteraugli,-33.73245087235964,True
81,fine_detail,n148i_v2,jpeg_turbo,butteraugli,-16.436446110385383,True
82,fine_detail,n148i_v2,jpeg_turbo,butteraugli,-13.919096301768263,True
83,fine_detail,n148i_v2,jpeg_turbo,butteraugli,-56.45985707880995,True
84,fine_detail,n148i_v2,jpeg_turbo,butteraugli,-20.35821591873248,True
85,fine_detail,n148i_v2,jpeg_turbo,butteraugli,-8.742868299307094,True
86,fine_detail,n148i_v2,jpeg_turbo,butteraugli,-22.334128794257936,True
87,fine_detail,n148i_v2,jpeg_turbo,butteraugli,-11.966837757096938,True
88,fine_detail,n148i_v2,jpeg_turbo,butteraugli,-43.86711962718878,True
89,fine_detail,n148i_v2,jpeg_turbo,butteraugli,-38.72588739500726,True
90,fine_detail,n148i_v2,jpeg_turbo,butteraugli,-53.171662703204035,True
91,text_sharp_edges,n148i_v2,jpeg_turbo,butteraugli,-50.33886975259507,True
92,text_sharp_edges,n148i_v2,jpeg_turbo,butteraugli,-46.45195623339616,True
93,text_sharp_edges,n148i_v2,jpeg_turbo,butteraugli,-37.03160828229785,True
94,text_sharp_edges,n148i_v2,jpeg_turbo,butteraugli,-33.33032299543396,True
95,text_sharp_edges,n148i_v2,jpeg_turbo,butteraugli,-31.514482362984108,True
96,text_sharp_edges,n148i_v2,jpeg_turbo,butteraugli,-25.213898822254443,True
97,text_sharp_edges,n148i_v2,jpeg_turbo,butteraugli,-35.39418943030711,True
98,text_sharp_edges,n148i_v2,jpeg_turbo,butteraugli,-41.957334659178294,True
99,text_sharp_edges,n148i_v2,jpeg_turbo,butteraugli,-57.5974311098019,True
100,text_sharp_edges,n148i_v2,jpeg_turbo,butteraugli,-37.650035586410034,True
101,text_sharp_edges,n148i_v2,jpeg_turbo,butteraugli,-38.2567986565696,True
102,text_sharp_edges,n148i_v2,jpeg_turbo,butteraugli,-38.08496241458631,True
103,text_sharp_edges,n148i_v2,jpeg_turbo,butteraugli,-39.32643456511886,True
104,text_sharp_edges,n148i_v2,jpeg_turbo,butteraugli,-44.313105190356275,True
105,text_sharp_edges,n148i_v2,jpeg_turbo,butteraugli,-27.14217169317835,True
106,saturated_desaturated_colors,n148i_v2,jpeg_turbo,butteraugli,-51.72059964735028,True
107,saturated_desaturated_colors,n148i_v2,jpeg_turbo,butteraugli,-21.58881205033166,True
108,saturated_desaturated_colors,n148i_v2,jpeg_turbo,butteraugli,-26.282711541001326,True
109,saturated_desaturated_colors,n148i_v2,jpeg_turbo,butteraugli,-37.96918876786116,True
110,saturated_desaturated_colors,n148i_v2,jpeg_turbo,butteraugli,-32.57507141342507,True
111,saturated_desaturated_colors,n148i_v2,jpeg_turbo,butteraugli,-34.89233275987515,True
112,saturated_desaturated_colors,n148i_v2,jpeg_turbo,butteraugli,-32.17627420588245,True
113,saturated_desaturated_colors,n148i_v2,jpeg_turbo,butteraugli,-43.45154371357047,True
114,saturated_desaturated_colors,n148i_v2,jpeg_turbo,butteraugli,-24.982311574196704,True
115,saturated_desaturated_colors,n148i_v2,jpeg_turbo,butteraugli,-36.80742415856758,True
116,saturated_desaturated_colors,n148i_v2,jpeg_turbo,butteraugli,-56.54341262884295,True
117,saturated_desaturated_colors,n148i_v2,jpeg_turbo,butteraugli,-62.33816603770037,True
118,saturated_desaturated_colors,n148i_v2,jpeg_turbo,butteraugli,-46.166568077780866,True
119,saturated_desaturated_colors,n148i_v2,jpeg_turbo,butteraugli,-48.497525123611716,True
120,saturated_desaturated_colors,n148i_v2,jpeg_turbo,butteraugli,-48.84514358580524,True
121,smooth_surfaces_gradients,n148i_v2,jpeg_turbo,butteraugli,-46.78118901998932,True
122,urban_architecture,n148i_v2,jpeg_turbo,butteraugli,-37.54998606044384,True
123,smooth_surfaces_gradients,n148i_v2,jpeg_turbo,butteraugli,-40.06060911817653,True
124,urban_architecture,n148i_v2,jpeg_turbo,butteraugli,-41.77888599478683,True
125,fine_detail,n148i_v2,jpeg_turbo,butteraugli,-38.33699434821294,True
126,natural_landscapes,n148i_v2,jpeg_turbo,butteraugli,-29.817145293967307,True
127,urban_architecture,n148i_v2,jpeg_turbo,butteraugli,-48.99570096409206,True
128,text_sharp_edges,n148i_v2,jpeg_turbo,butteraugli,-43.04476443449461,True
129,text_sharp_edges,n148i_v2,jpeg_turbo,butteraugli,-22.144980045693387,True
130,natural_landscapes,n148i_v2,jpeg_turbo,butteraugli,-22.174898766327665,True
1,historical_portraits,n148i_v2,webp_m4,butteraugli,-10.489968884354294,True
2,historical_portraits,n148i_v2,webp_m4,butteraugli,-29.617184647251825,True
3,historical_portraits,n148i_v2,webp_m4,butteraugli,4.663792812332601,True
4,historical_portraits,n148i_v2,webp_m4,butteraugli,-22.146842044559133,True
5,historical_portraits,n148i_v2,webp_m4,butteraugli,-15.333692581799108,True
6,historical_portraits,n148i_v2,webp_m4,butteraugli,-4.50440121755864,True
7,historical_portraits,n148i_v2,webp_m4,butteraugli,-9.137041548143475,True
8,historical_portraits,n148i_v2,webp_m4,butteraugli,-5.260614218371106,True
9,historical_portraits,n148i_v2,webp_m4,butteraugli,-11.708750122032384,True
10,historical_portraits,n148i_v2,webp_m4,butteraugli,-28.898836961735018,True
11,historical_portraits,n148i_v2,webp_m4,butteraugli,-0.9234372191475937,True
12,historical_portraits,n148i_v2,webp_m4,butteraugli,12.120175199755767,True
13,historical_portraits,n148i_v2,webp_m4,butteraugli,-8.936811517565468,True
14,historical_portraits,n148i_v2,webp_m4,butteraugli,-9.9576945995127,True
15,historical_portraits,n148i_v2,webp_m4,butteraugli,15.049614421283962,True
16,natural_landscapes,n148i_v2,webp_m4,butteraugli,-5.056170718313013,True
17,natural_landscapes,n148i_v2,webp_m4,butteraugli,-3.8612431775895018,True
18,natural_landscapes,n148i_v2,webp_m4,butteraugli,-10.324875532582901,True
19,natural_landscapes,n148i_v2,webp_m4,butteraugli,-1.4474039560557372,True
20,natural_landscapes,n148i_v2,webp_m4,butteraugli,-16.60346479080339,True
21,natural_landscapes,n148i_v2,webp_m4,butteraugli,-0.567949333308071,True
22,natural_landscapes,n148i_v2,webp_m4,butteraugli,-2.666128796099154,True
23,natural_landscapes,n148i_v2,webp_m4,butteraugli,6.98945991366875,True
24,natural_landscapes,n148i_v2,webp_m4,butteraugli,-3.4507161941447317,True
25,natural_landscapes,n148i_v2,webp_m4,butteraugli,-6.3246589424523325,True
26,natural_landscapes,n148i_v2,webp_m4,butteraugli,-10.156635207592135,True
27,natural_landscapes,n148i_v2,webp_m4,butteraugli,-0.0713265020447551,True
28,natural_landscapes,n148i_v2,webp_m4,butteraugli,-0.4807887295492197,True
29,natural_landscapes,n148i_v2,webp_m4,butteraugli,0.6527296390538284,True
30,natural_landscapes,n148i_v2,webp_m4,butteraugli,-11.700378937412314,True
31,urban_architecture,n148i_v2,webp_m4,butteraugli,-6.498088299613169,True
32,urban_architecture,n148i_v2,webp_m4,butteraugli,2.395468096632092,True
33,urban_architecture,n148i_v2,webp_m4,butteraugli,1.264427435593607,True
34,urban_architecture,n148i_v2,webp_m4,butteraugli,22.86271140998164,True
35,urban_architecture,n148i_v2,webp_m4,butteraugli,-9.895250906855878,True
36,urban_architecture,n148i_v2,webp_m4,butteraugli,-9.115727524454941,True
37,urban_architecture,n148i_v2,webp_m4,butteraugli,3.0052173662644455,True
38,urban_architecture,n148i_v2,webp_m4,butteraugli,-16.649609422037216,True
39,urban_architecture,n148i_v2,webp_m4,butteraugli,-11.555513216429281,True
40,urban_architecture,n148i_v2,webp_m4,butteraugli,-1.1931922402685036,True
41,urban_architecture,n148i_v2,webp_m4,butteraugli,9.9111114491653,True
42,urban_architecture,n148i_v2,webp_m4,butteraugli,-3.6732039584256193,True
43,urban_architecture,n148i_v2,webp_m4,butteraugli,0.17682115026902423,True
44,urban_architecture,n148i_v2,webp_m4,butteraugli,-12.446140951121764,True
45,urban_architecture,n148i_v2,webp_m4,butteraugli,-17.976298363265254,True
46,high_frequency_textures,n148i_v2,webp_m4,butteraugli,-2.5878972444574155,True
47,high_frequency_textures,n148i_v2,webp_m4,butteraugli,2.888443723907219,True
48,high_frequency_textures,n148i_v2,webp_m4,butteraugli,0.09764983235045488,True
49,high_frequency_textures,n148i_v2,webp_m4,butteraugli,-20.44174168656594,True
50,high_frequency_textures,n148i_v2,webp_m4,butteraugli,-26.007999814874182,True
51,high_frequency_textures,n148i_v2,webp_m4,butteraugli,-13.604195764768324,True
52,high_frequency_textures,n148i_v2,webp_m4,butteraugli,-7.503888165168993,True
53,high_frequency_textures,n148i_v2,webp_m4,butteraugli,-9.495754290124736,True
54,high_frequency_textures,n148i_v2,webp_m4,butteraugli,-9.89211570476659,True
55,high_frequency_textures,n148i_v2,webp_m4,butteraugli,-27.779714406120025,True
56,high_frequency_textures,n148i_v2,webp_m4,butteraugli,-20.49903733163454,True
57,high_frequency_textures,n148i_v2,webp_m4,butteraugli,-36.668155681922975,True
58,high_frequency_textures,n148i_v2,webp_m4,butteraugli,4.324921332121656,True
59,high_frequency_textures,n148i_v2,webp_m4,butteraugli,-12.04098691794444,True
60,high_frequency_textures,n148i_v2,webp_m4,butteraugli,-8.045250737028642,True
61,smooth_surfaces_gradients,n148i_v2,webp_m4,butteraugli,-5.1177117823347995,True
62,smooth_surfaces_gradients,n148i_v2,webp_m4,butteraugli,-13.9795355207184,True
63,smooth_surfaces_gradients,n148i_v2,webp_m4,butteraugli,-8.338762329067762,True
64,smooth_surfaces_gradients,n148i_v2,webp_m4,butteraugli,-5.801304876123026,True
65,smooth_surfaces_gradients,n148i_v2,webp_m4,butteraugli,-7.243786554985121,True
66,smooth_surfaces_gradients,n148i_v2,webp_m4,butteraugli,-20.390255245374256,True
67,smooth_surfaces_gradients,n148i_v2,webp_m4,butteraugli,-17.786168687504855,True
68,smooth_surfaces_gradients,n148i_v2,webp_m4,butteraugli,-6.999337668979699,True
69,smooth_surfaces_gradients,n148i_v2,webp_m4,butteraugli,-13.916633172737614,True
70,smooth_surfaces_gradients,n148i_v2,webp_m4,butteraugli,,False
71,smooth_surfaces_gradients,n148i_v2,webp_m4,butteraugli,14.669343885018748,True
72,smooth_surfaces_gradients,n148i_v2,webp_m4,butteraugli,-0.6952963398557443,True
73,smooth_surfaces_gradients,n148i_v2,webp_m4,butteraugli,-32.25225922418473,True
74,smooth_surfaces_gradients,n148i_v2,webp_m4,butteraugli,-6.225946404809191,True
75,smooth_surfaces_gradients,n148i_v2,webp_m4,butteraugli,-17.21869017865427,True
76,fine_detail,n148i_v2,webp_m4,butteraugli,-2.1609664842164644,True
77,fine_detail,n148i_v2,webp_m4,butteraugli,3.7765928461372056,True
78,fine_detail,n148i_v2,webp_m4,butteraugli,-4.129566999409329,True
79,fine_detail,n148i_v2,webp_m4,butteraugli,8.651410128643477,True
80,fine_detail,n148i_v2,webp_m4,butteraugli,-13.1279318442603,True
81,fine_detail,n148i_v2,webp_m4,butteraugli,-10.176556835409212,True
82,fine_detail,n148i_v2,webp_m4,butteraugli,-14.339956976992319,True
83,fine_detail,n148i_v2,webp_m4,butteraugli,-12.488164594468198,True
84,fine_detail,n148i_v2,webp_m4,butteraugli,1.9253343384902921,True
85,fine_detail,n148i_v2,webp_m4,butteraugli,6.64843944845106,True
86,fine_detail,n148i_v2,webp_m4,butteraugli,-9.24347032575703,True
87,fine_detail,n148i_v2,webp_m4,butteraugli,4.482557468586301,True
88,fine_detail,n148i_v2,webp_m4,butteraugli,-26.919462484107015,True
89,fine_detail,n148i_v2,webp_m4,butteraugli,-8.899702611191785,True
90,fine_detail,n148i_v2,webp_m4,butteraugli,44.597940163996164,True
91,text_sharp_edges,n148i_v2,webp_m4,butteraugli,0.41409712514901553,True
92,text_sharp_edges,n148i_v2,webp_m4,butteraugli,-5.219679977883807,True
93,text_sharp_edges,n148i_v2,webp_m4,butteraugli,28.10797453998679,True
94,text_sharp_edges,n148i_v2,webp_m4,butteraugli,5.1105351676299815,True
95,text_sharp_edges,n148i_v2,webp_m4,butteraugli,21.497695167036213,True
96,text_sharp_edges,n148i_v2,webp_m4,butteraugli,0.7778623352222125,True
97,text_sharp_edges,n148i_v2,webp_m4,butteraugli,15.11642047679629,True
98,text_sharp_edges,n148i_v2,webp_m4,butteraugli,40.64297919328925,True
99,text_sharp_edges,n148i_v2,webp_m4,butteraugli,-8.350376082052035,True
100,text_sharp_edges,n148i_v2,webp_m4,butteraugli,39.0496387796341,True
101,text_sharp_edges,n148i_v2,webp_m4,butteraugli,11.11956999231336,True
102,text_sharp_edges,n148i_v2,webp_m4,butteraugli,3.871084585089468,True
103,text_sharp_edges,n148i_v2,webp_m4,butteraugli,10.808592126540661,True
104,text_sharp_edges,n148i_v2,webp_m4,butteraugli,0.7478219597113478,True
105,text_sharp_edges,n148i_v2,webp_m4,butteraugli,-12.515323466739037,True
106,saturated_desaturated_colors,n148i_v2,webp_m4,butteraugli,-27.897916170200222,True
107,saturated_desaturated_colors,n148i_v2,webp_m4,butteraugli,-29.84836809583431,True
108,saturated_desaturated_colors,n148i_v2,webp_m4,butteraugli,3.436333262688618,True
109,saturated_desaturated_colors,n148i_v2,webp_m4,butteraugli,18.35884941505954,True
110,saturated_desaturated_colors,n148i_v2,webp_m4,butteraugli,5.1822242702443955,True
111,saturated_desaturated_colors,n148i_v2,webp_m4,butteraugli,4.701513100711074,True
112,saturated_desaturated_colors,n148i_v2,webp_m4,butteraugli,-8.891673662152733,True
113,saturated_desaturated_colors,n148i_v2,webp_m4,butteraugli,1.2178759727406119,True
114,saturated_desaturated_colors,n148i_v2,webp_m4,butteraugli,-7.482870033323485,True
115,saturated_desaturated_colors,n148i_v2,webp_m4,butteraugli,-5.9382801581023825,True
116,saturated_desaturated_colors,n148i_v2,webp_m4,butteraugli,-9.927131074519636,True
117,saturated_desaturated_colors,n148i_v2,webp_m4,butteraugli,8.406459834016665,True
118,saturated_desaturated_colors,n148i_v2,webp_m4,butteraugli,-17.074778084369047,True
119,saturated_desaturated_colors,n148i_v2,webp_m4,butteraugli,-0.6746515868814584,True
120,saturated_desaturated_colors,n148i_v2,webp_m4,butteraugli,-18.32749157115221,True
121,smooth_surfaces_gradients,n148i_v2,webp_m4,butteraugli,-7.841285213787453,True
122,urban_architecture,n148i_v2,webp_m4,butteraugli,-6.451319306970083,True
123,smooth_surfaces_gradients,n148i_v2,webp_m4,butteraugli,-2.3365907779067996,True
124,urban_architecture,n148i_v2,webp_m4,butteraugli,-16.271200563655054,True
125,fine_detail,n148i_v2,webp_m4,butteraugli,2.2032683063222036,True
126,natural_landscapes,n148i_v2,webp_m4,butteraugli,-19.017864274020337,True
127,urban_architecture,n148i_v2,webp_m4,butteraugli,-19.02858365122685,True
128,text_sharp_edges,n148i_v2,webp_m4,butteraugli,0.1095720842923864,True
129,text_sharp_edges,n148i_v2,webp_m4,butteraugli,3.3880602838538554,True
130,natural_landscapes,n148i_v2,webp_m4,butteraugli,-27.840673174622555,True
1,historical_portraits,n148i_v2,webp_m6_historical,butteraugli,-5.925289109613807,True
2,historical_portraits,n148i_v2,webp_m6_historical,butteraugli,-20.743420139531498,True
3,historical_portraits,n148i_v2,webp_m6_historical,butteraugli,8.436269489484793,True
4,historical_portraits,n148i_v2,webp_m6_historical,butteraugli,-15.849561849980965,True
5,historical_portraits,n148i_v2,webp_m6_historical,butteraugli,-12.18585738740301,True
6,historical_portraits,n148i_v2,webp_m6_historical,butteraugli,-0.6544907346199946,True
7,historical_portraits,n148i_v2,webp_m6_historical,butteraugli,8.872245002606194,True
8,historical_portraits,n148i_v2,webp_m6_historical,butteraugli,-2.0760994918659126,True
9,historical_portraits,n148i_v2,webp_m6_historical,butteraugli,-9.048388969039001,True
10,historical_portraits,n148i_v2,webp_m6_historical,butteraugli,-33.786030519767685,True
11,historical_portraits,n148i_v2,webp_m6_historical,butteraugli,-2.450871485348338,True
12,historical_portraits,n148i_v2,webp_m6_historical,butteraugli,17.48819584391803,True
13,historical_portraits,n148i_v2,webp_m6_historical,butteraugli,5.691421247792228,True
14,historical_portraits,n148i_v2,webp_m6_historical,butteraugli,-3.5696081015792025,True
15,historical_portraits,n148i_v2,webp_m6_historical,butteraugli,7.123288063499533,True
16,natural_landscapes,n148i_v2,webp_m6_historical,butteraugli,-0.7910992107884707,True
17,natural_landscapes,n148i_v2,webp_m6_historical,butteraugli,-1.6649944123054872,True
18,natural_landscapes,n148i_v2,webp_m6_historical,butteraugli,-1.4568705911259805,True
19,natural_landscapes,n148i_v2,webp_m6_historical,butteraugli,6.68397041785731,True
20,natural_landscapes,n148i_v2,webp_m6_historical,butteraugli,-1.2920681579327242,True
21,natural_landscapes,n148i_v2,webp_m6_historical,butteraugli,15.399037669310879,True
22,natural_landscapes,n148i_v2,webp_m6_historical,butteraugli,-0.11571085126858005,True
23,natural_landscapes,n148i_v2,webp_m6_historical,butteraugli,-0.6162023014361195,True
24,natural_landscapes,n148i_v2,webp_m6_historical,butteraugli,2.419440291902397,True
25,natural_landscapes,n148i_v2,webp_m6_historical,butteraugli,1.595400693077731,True
26,natural_landscapes,n148i_v2,webp_m6_historical,butteraugli,-0.6784932110492803,True
27,natural_landscapes,n148i_v2,webp_m6_historical,butteraugli,5.620363202523926,True
28,natural_landscapes,n148i_v2,webp_m6_historical,butteraugli,-10.934999796605139,True
29,natural_landscapes,n148i_v2,webp_m6_historical,butteraugli,4.510884257834968,True
30,natural_landscapes,n148i_v2,webp_m6_historical,butteraugli,-8.103448316185968,True
31,urban_architecture,n148i_v2,webp_m6_historical,butteraugli,3.446351209897025,True
32,urban_architecture,n148i_v2,webp_m6_historical,butteraugli,7.595111189875525,True
33,urban_architecture,n148i_v2,webp_m6_historical,butteraugli,-2.4818114879694986,True
34,urban_architecture,n148i_v2,webp_m6_historical,butteraugli,44.75014540851039,True
35,urban_architecture,n148i_v2,webp_m6_historical,butteraugli,-5.275762948173812,True
36,urban_architecture,n148i_v2,webp_m6_historical,butteraugli,-2.048161776231794,True
37,urban_architecture,n148i_v2,webp_m6_historical,butteraugli,3.907958096575981,True
38,urban_architecture,n148i_v2,webp_m6_historical,butteraugli,-12.184845050534054,True
39,urban_architecture,n148i_v2,webp_m6_historical,butteraugli,4.558290051816805,True
40,urban_architecture,n148i_v2,webp_m6_historical,butteraugli,-0.09797075487800733,True
41,urban_architecture,n148i_v2,webp_m6_historical,butteraugli,15.171678762548257,True
42,urban_architecture,n148i_v2,webp_m6_historical,butteraugli,-4.771465153885568,True
43,urban_architecture,n148i_v2,webp_m6_historical,butteraugli,-2.698187819132314,True
44,urban_architecture,n148i_v2,webp_m6_historical,butteraugli,-10.632117826323107,True
45,urban_architecture,n148i_v2,webp_m6_historical,butteraugli,-16.178461308107593,True
46,high_frequency_textures,n148i_v2,webp_m6_historical,butteraugli,-6.233060826506598,True
47,high_frequency_textures,n148i_v2,webp_m6_historical,butteraugli,3.9652378399149812,True
48,high_frequency_textures,n148i_v2,webp_m6_historical,butteraugli,-3.420679360915435,True
49,high_frequency_textures,n148i_v2,webp_m6_historical,butteraugli,-9.11884825729864,True
50,high_frequency_textures,n148i_v2,webp_m6_historical,butteraugli,-26.773957125193036,True
51,high_frequency_textures,n148i_v2,webp_m6_historical,butteraugli,-9.501549346912764,True
52,high_frequency_textures,n148i_v2,webp_m6_historical,butteraugli,-1.7110619547956785,True
53,high_frequency_textures,n148i_v2,webp_m6_historical,butteraugli,-14.844217163514095,True
54,high_frequency_textures,n148i_v2,webp_m6_historical,butteraugli,-10.030674616770218,True
55,high_frequency_textures,n148i_v2,webp_m6_historical,butteraugli,-21.656312869854055,True
56,high_frequency_textures,n148i_v2,webp_m6_historical,butteraugli,-20.628498112227945,True
57,high_frequency_textures,n148i_v2,webp_m6_historical,butteraugli,-24.478672274306646,True
58,high_frequency_textures,n148i_v2,webp_m6_historical,butteraugli,8.905732921551547,True
59,high_frequency_textures,n148i_v2,webp_m6_historical,butteraugli,-9.241492092387492,True
60,high_frequency_textures,n148i_v2,webp_m6_historical,butteraugli,-2.6939819204764515,True
61,smooth_surfaces_gradients,n148i_v2,webp_m6_historical,butteraugli,-7.00736290896703,True
62,smooth_surfaces_gradients,n148i_v2,webp_m6_historical,butteraugli,-9.618348129379395,True
63,smooth_surfaces_gradients,n148i_v2,webp_m6_historical,butteraugli,-4.486041068734425,True
64,smooth_surfaces_gradients,n148i_v2,webp_m6_historical,butteraugli,-2.0163293355471623,True
65,smooth_surfaces_gradients,n148i_v2,webp_m6_historical,butteraugli,3.431257034496271,True
66,smooth_surfaces_gradients,n148i_v2,webp_m6_historical,butteraugli,-10.352565128532653,True
67,smooth_surfaces_gradients,n148i_v2,webp_m6_historical,butteraugli,-8.2361507087795,True
68,smooth_surfaces_gradients,n148i_v2,webp_m6_historical,butteraugli,-11.084191849684188,True
69,smooth_surfaces_gradients,n148i_v2,webp_m6_historical,butteraugli,-17.222324484266803,True
70,smooth_surfaces_gradients,n148i_v2,webp_m6_historical,butteraugli,-9.443171665186444,True
71,smooth_surfaces_gradients,n148i_v2,webp_m6_historical,butteraugli,7.286180308027901,True
72,smooth_surfaces_gradients,n148i_v2,webp_m6_historical,butteraugli,7.990199233602935,True
73,smooth_surfaces_gradients,n148i_v2,webp_m6_historical,butteraugli,-28.67311750205871,True
74,smooth_surfaces_gradients,n148i_v2,webp_m6_historical,butteraugli,-2.1402468735157387,True
75,smooth_surfaces_gradients,n148i_v2,webp_m6_historical,butteraugli,-16.499370791094858,True
76,fine_detail,n148i_v2,webp_m6_historical,butteraugli,4.53384915861208,True
77,fine_detail,n148i_v2,webp_m6_historical,butteraugli,9.42428876788657,True
78,fine_detail,n148i_v2,webp_m6_historical,butteraugli,9.999369171603089,True
79,fine_detail,n148i_v2,webp_m6_historical,butteraugli,19.071178022225443,True
80,fine_detail,n148i_v2,webp_m6_historical,butteraugli,-3.3273116174910466,True
81,fine_detail,n148i_v2,webp_m6_historical,butteraugli,0.372242362898767,True
82,fine_detail,n148i_v2,webp_m6_historical,butteraugli,-6.801698320976812,True
83,fine_detail,n148i_v2,webp_m6_historical,butteraugli,-15.799137889625436,True
84,fine_detail,n148i_v2,webp_m6_historical,butteraugli,-5.240986946209691,True
85,fine_detail,n148i_v2,webp_m6_historical,butteraugli,12.822964818463344,True
86,fine_detail,n148i_v2,webp_m6_historical,butteraugli,-0.2561555231994306,True
87,fine_detail,n148i_v2,webp_m6_historical,butteraugli,10.901930856165908,True
88,fine_detail,n148i_v2,webp_m6_historical,butteraugli,-19.471286025753166,True
89,fine_detail,n148i_v2,webp_m6_historical,butteraugli,12.393715275075778,True
90,fine_detail,n148i_v2,webp_m6_historical,butteraugli,58.731138196676326,True
91,text_sharp_edges,n148i_v2,webp_m6_historical,butteraugli,2.3151736847368376,True
92,text_sharp_edges,n148i_v2,webp_m6_historical,butteraugli,5.698267572239724,True
93,text_sharp_edges,n148i_v2,webp_m6_historical,butteraugli,33.497393026005604,True
94,text_sharp_edges,n148i_v2,webp_m6_historical,butteraugli,10.85452243467293,True
95,text_sharp_edges,n148i_v2,webp_m6_historical,butteraugli,22.843357306803536,True
96,text_sharp_edges,n148i_v2,webp_m6_historical,butteraugli,6.128464608050499,True
97,text_sharp_edges,n148i_v2,webp_m6_historical,butteraugli,14.152541444327472,True
98,text_sharp_edges,n148i_v2,webp_m6_historical,butteraugli,51.99606203574461,True
99,text_sharp_edges,n148i_v2,webp_m6_historical,butteraugli,-15.717232620048517,True
100,text_sharp_edges,n148i_v2,webp_m6_historical,butteraugli,40.07776142968807,True
101,text_sharp_edges,n148i_v2,webp_m6_historical,butteraugli,12.254829735618689,True
102,text_sharp_edges,n148i_v2,webp_m6_historical,butteraugli,14.682929819760314,True
103,text_sharp_edges,n148i_v2,webp_m6_historical,butteraugli,3.163740800835213,True
104,text_sharp_edges,n148i_v2,webp_m6_historical,butteraugli,2.5970971093998596,True
105,text_sharp_edges,n148i_v2,webp_m6_historical,butteraugli,1.3731334413077168,True
106,saturated_desaturated_colors,n148i_v2,webp_m6_historical,butteraugli,-13.479269991359644,True
107,saturated_desaturated_colors,n148i_v2,webp_m6_historical,butteraugli,-15.279478718703277,True
108,saturated_desaturated_colors,n148i_v2,webp_m6_historical,butteraugli,9.37079101789433,True
109,saturated_desaturated_colors,n148i_v2,webp_m6_historical,butteraugli,17.0788288514782,True
110,saturated_desaturated_colors,n148i_v2,webp_m6_historical,butteraugli,14.194352239340514,True
111,saturated_desaturated_colors,n148i_v2,webp_m6_historical,butteraugli,4.948600632950018,True
112,saturated_desaturated_colors,n148i_v2,webp_m6_historical,butteraugli,0.11696148559401376,True
113,saturated_desaturated_colors,n148i_v2,webp_m6_historical,butteraugli,13.360391706825947,True
114,saturated_desaturated_colors,n148i_v2,webp_m6_historical,butteraugli,-10.58623204104865,True
115,saturated_desaturated_colors,n148i_v2,webp_m6_historical,butteraugli,-2.681347861617067,True
116,saturated_desaturated_colors,n148i_v2,webp_m6_historical,butteraugli,1.4185324358473084,True
117,saturated_desaturated_colors,n148i_v2,webp_m6_historical,butteraugli,7.68557788518065,True
118,saturated_desaturated_colors,n148i_v2,webp_m6_historical,butteraugli,-14.993032812620699,True
119,saturated_desaturated_colors,n148i_v2,webp_m6_historical,butteraugli,-0.39661481407295973,True
120,saturated_desaturated_colors,n148i_v2,webp_m6_historical,butteraugli,-16.661062292791684,True
121,smooth_surfaces_gradients,n148i_v2,webp_m6_historical,butteraugli,-3.7838917106712278,True
122,urban_architecture,n148i_v2,webp_m6_historical,butteraugli,9.671409884491666,True
123,smooth_surfaces_gradients,n148i_v2,webp_m6_historical,butteraugli,-1.3038196200952257,True
124,urban_architecture,n148i_v2,webp_m6_historical,butteraugli,9.867892642912345,True
125,fine_detail,n148i_v2,webp_m6_historical,butteraugli,3.6967823427161317,True
126,natural_landscapes,n148i_v2,webp_m6_historical,butteraugli,-2.617841310773983,True
127,urban_architecture,n148i_v2,webp_m6_historical,butteraugli,-12.775852890712924,True
128,text_sharp_edges,n148i_v2,webp_m6_historical,butteraugli,9.77351924866323,True
129,text_sharp_edges,n148i_v2,webp_m6_historical,butteraugli,4.940946070301444,True
130,natural_landscapes,n148i_v2,webp_m6_historical,butteraugli,-19.908748820292455,True
1,historical_portraits,n148i_v2,jxl_e3,butteraugli,2.3268156556704334,True
2,historical_portraits,n148i_v2,jxl_e3,butteraugli,-3.923778203778916,True
3,historical_portraits,n148i_v2,jxl_e3,butteraugli,14.63521033884172,True
4,historical_portraits,n148i_v2,jxl_e3,butteraugli,11.260677295954258,True
5,historical_portraits,n148i_v2,jxl_e3,butteraugli,-1.8305209383728593,True
6,historical_portraits,n148i_v2,jxl_e3,butteraugli,7.388755289941251,True
7,historical_portraits,n148i_v2,jxl_e3,butteraugli,51.721621843280374,True
8,historical_portraits,n148i_v2,jxl_e3,butteraugli,18.619842971976365,True
9,historical_portraits,n148i_v2,jxl_e3,butteraugli,2.060012019921209,True
10,historical_portraits,n148i_v2,jxl_e3,butteraugli,-6.629049209067784,True
11,historical_portraits,n148i_v2,jxl_e3,butteraugli,-6.677534852723843,True
12,historical_portraits,n148i_v2,jxl_e3,butteraugli,5.318670106199663,True
13,historical_portraits,n148i_v2,jxl_e3,butteraugli,18.519234976351218,True
14,historical_portraits,n148i_v2,jxl_e3,butteraugli,-1.8111211367955904,True
15,historical_portraits,n148i_v2,jxl_e3,butteraugli,-13.03269317282486,True
16,natural_landscapes,n148i_v2,jxl_e3,butteraugli,-6.14259699217855,True
17,natural_landscapes,n148i_v2,jxl_e3,butteraugli,4.133841056525411,True
18,natural_landscapes,n148i_v2,jxl_e3,butteraugli,-0.6076441595534776,True
19,natural_landscapes,n148i_v2,jxl_e3,butteraugli,5.128940761023837,True
20,natural_landscapes,n148i_v2,jxl_e3,butteraugli,19.544296458484144,True
21,natural_landscapes,n148i_v2,jxl_e3,butteraugli,12.599165725689998,True
22,natural_landscapes,n148i_v2,jxl_e3,butteraugli,0.9340128943901016,True
23,natural_landscapes,n148i_v2,jxl_e3,butteraugli,-5.350884644182541,True
24,natural_landscapes,n148i_v2,jxl_e3,butteraugli,10.562179390459647,True
25,natural_landscapes,n148i_v2,jxl_e3,butteraugli,9.763852705771203,True
26,natural_landscapes,n148i_v2,jxl_e3,butteraugli,-0.6393257983490219,True
27,natural_landscapes,n148i_v2,jxl_e3,butteraugli,10.992185533619715,True
28,natural_landscapes,n148i_v2,jxl_e3,butteraugli,10.120485383327793,True
29,natural_landscapes,n148i_v2,jxl_e3,butteraugli,11.940151340924565,True
30,natural_landscapes,n148i_v2,jxl_e3,butteraugli,9.643936911796258,True
31,urban_architecture,n148i_v2,jxl_e3,butteraugli,4.259084529166279,True
32,urban_architecture,n148i_v2,jxl_e3,butteraugli,3.0563853396453844,True
33,urban_architecture,n148i_v2,jxl_e3,butteraugli,-4.9808054402329605,True
34,urban_architecture,n148i_v2,jxl_e3,butteraugli,71.18659609143457,True
35,urban_architecture,n148i_v2,jxl_e3,butteraugli,-3.329951498262429,True
36,urban_architecture,n148i_v2,jxl_e3,butteraugli,-1.7546494735734774,True
37,urban_architecture,n148i_v2,jxl_e3,butteraugli,20.004269405166774,True
38,urban_architecture,n148i_v2,jxl_e3,butteraugli,-1.9881974782455236,True
39,urban_architecture,n148i_v2,jxl_e3,butteraugli,20.425420023164097,True
40,urban_architecture,n148i_v2,jxl_e3,butteraugli,5.7214859294804965,True
41,urban_architecture,n148i_v2,jxl_e3,butteraugli,-3.591881770578065,True
42,urban_architecture,n148i_v2,jxl_e3,butteraugli,8.589484117566947,True
43,urban_architecture,n148i_v2,jxl_e3,butteraugli,-15.079278868589341,True
44,urban_architecture,n148i_v2,jxl_e3,butteraugli,7.609348022216578,True
45,urban_architecture,n148i_v2,jxl_e3,butteraugli,-13.388090362678762,True
46,high_frequency_textures,n148i_v2,jxl_e3,butteraugli,45.61518031499365,True
47,high_frequency_textures,n148i_v2,jxl_e3,butteraugli,20.54917227697817,True
48,high_frequency_textures,n148i_v2,jxl_e3,butteraugli,41.93107795814435,True
49,high_frequency_textures,n148i_v2,jxl_e3,butteraugli,15.9783195249253,True
50,high_frequency_textures,n148i_v2,jxl_e3,butteraugli,9.243569137480012,True
51,high_frequency_textures,n148i_v2,jxl_e3,butteraugli,14.170723710094425,True
52,high_frequency_textures,n148i_v2,jxl_e3,butteraugli,8.010717052508355,True
53,high_frequency_textures,n148i_v2,jxl_e3,butteraugli,13.180129456607691,True
54,high_frequency_textures,n148i_v2,jxl_e3,butteraugli,9.465295385840843,True
55,high_frequency_textures,n148i_v2,jxl_e3,butteraugli,-10.354078163661374,True
56,high_frequency_textures,n148i_v2,jxl_e3,butteraugli,24.236990031036896,True
57,high_frequency_textures,n148i_v2,jxl_e3,butteraugli,16.82488223893346,True
58,high_frequency_textures,n148i_v2,jxl_e3,butteraugli,9.241524217998819,True
59,high_frequency_textures,n148i_v2,jxl_e3,butteraugli,1.850289101641911,True
60,high_frequency_textures,n148i_v2,jxl_e3,butteraugli,11.613607957739159,True
61,smooth_surfaces_gradients,n148i_v2,jxl_e3,butteraugli,10.908782304650977,True
62,smooth_surfaces_gradients,n148i_v2,jxl_e3,butteraugli,18.601260668847132,True
63,smooth_surfaces_gradients,n148i_v2,jxl_e3,butteraugli,-2.606654433625455,True
64,smooth_surfaces_gradients,n148i_v2,jxl_e3,butteraugli,8.0079955780173,True
65,smooth_surfaces_gradients,n148i_v2,jxl_e3,butteraugli,10.432780894916904,True
66,smooth_surfaces_gradients,n148i_v2,jxl_e3,butteraugli,0.34869020275714036,True
67,smooth_surfaces_gradients,n148i_v2,jxl_e3,butteraugli,0.35240296946943417,True
68,smooth_surfaces_gradients,n148i_v2,jxl_e3,butteraugli,19.562136064347378,True
69,smooth_surfaces_gradients,n148i_v2,jxl_e3,butteraugli,10.708572882291723,True
70,smooth_surfaces_gradients,n148i_v2,jxl_e3,butteraugli,62.085276049810844,True
71,smooth_surfaces_gradients,n148i_v2,jxl_e3,butteraugli,27.577684149359815,True
72,smooth_surfaces_gradients,n148i_v2,jxl_e3,butteraugli,6.771823856994019,True
73,smooth_surfaces_gradients,n148i_v2,jxl_e3,butteraugli,-2.388636469413441,True
74,smooth_surfaces_gradients,n148i_v2,jxl_e3,butteraugli,5.505163219674136,True
75,smooth_surfaces_gradients,n148i_v2,jxl_e3,butteraugli,-0.9490209373478442,True
76,fine_detail,n148i_v2,jxl_e3,butteraugli,6.0196390782540465,True
77,fine_detail,n148i_v2,jxl_e3,butteraugli,20.972758400401492,True
78,fine_detail,n148i_v2,jxl_e3,butteraugli,22.71243418525335,True
79,fine_detail,n148i_v2,jxl_e3,butteraugli,31.632832241362017,True
80,fine_detail,n148i_v2,jxl_e3,butteraugli,14.812186262968918,True
81,fine_detail,n148i_v2,jxl_e3,butteraugli,12.953753913340925,True
82,fine_detail,n148i_v2,jxl_e3,butteraugli,9.395477259208086,True
83,fine_detail,n148i_v2,jxl_e3,butteraugli,54.64753339912447,True
84,fine_detail,n148i_v2,jxl_e3,butteraugli,24.117339671262926,True
85,fine_detail,n148i_v2,jxl_e3,butteraugli,42.73765508376923,True
86,fine_detail,n148i_v2,jxl_e3,butteraugli,6.130071993258346,True
87,fine_detail,n148i_v2,jxl_e3,butteraugli,28.927214488593123,True
88,fine_detail,n148i_v2,jxl_e3,butteraugli,-6.8210439308414745,True
89,fine_detail,n148i_v2,jxl_e3,butteraugli,104.20916337298603,True
90,fine_detail,n148i_v2,jxl_e3,butteraugli,,False
91,text_sharp_edges,n148i_v2,jxl_e3,butteraugli,-20.046818947277433,True
92,text_sharp_edges,n148i_v2,jxl_e3,butteraugli,-0.48101082072170565,True
93,text_sharp_edges,n148i_v2,jxl_e3,butteraugli,3.3707675606819976,True
94,text_sharp_edges,n148i_v2,jxl_e3,butteraugli,10.534704200815014,True
95,text_sharp_edges,n148i_v2,jxl_e3,butteraugli,-4.700031137490668,True
96,text_sharp_edges,n148i_v2,jxl_e3,butteraugli,44.15233205757334,True
97,text_sharp_edges,n148i_v2,jxl_e3,butteraugli,-10.487472873203352,True
98,text_sharp_edges,n148i_v2,jxl_e3,butteraugli,59.89323750919373,True
99,text_sharp_edges,n148i_v2,jxl_e3,butteraugli,66.07850599430682,True
100,text_sharp_edges,n148i_v2,jxl_e3,butteraugli,-6.595823435398096,True
101,text_sharp_edges,n148i_v2,jxl_e3,butteraugli,2.1572545409956234,True
102,text_sharp_edges,n148i_v2,jxl_e3,butteraugli,0.971327185110149,True
103,text_sharp_edges,n148i_v2,jxl_e3,butteraugli,-11.572840602638113,True
104,text_sharp_edges,n148i_v2,jxl_e3,butteraugli,-5.177666284510096,True
105,text_sharp_edges,n148i_v2,jxl_e3,butteraugli,3.686937911759691,True
106,saturated_desaturated_colors,n148i_v2,jxl_e3,butteraugli,32.236226501980504,True
107,saturated_desaturated_colors,n148i_v2,jxl_e3,butteraugli,84.90873602686639,True
108,saturated_desaturated_colors,n148i_v2,jxl_e3,butteraugli,13.811361006928946,True
109,saturated_desaturated_colors,n148i_v2,jxl_e3,butteraugli,16.786730605975,True
110,saturated_desaturated_colors,n148i_v2,jxl_e3,butteraugli,13.401818253587283,True
111,saturated_desaturated_colors,n148i_v2,jxl_e3,butteraugli,5.924105657178846,True
112,saturated_desaturated_colors,n148i_v2,jxl_e3,butteraugli,8.29976873674032,True
113,saturated_desaturated_colors,n148i_v2,jxl_e3,butteraugli,34.62773613422272,True
114,saturated_desaturated_colors,n148i_v2,jxl_e3,butteraugli,10.904810584310498,True
115,saturated_desaturated_colors,n148i_v2,jxl_e3,butteraugli,5.422201302291696,True
116,saturated_desaturated_colors,n148i_v2,jxl_e3,butteraugli,-5.902633944513136,True
117,saturated_desaturated_colors,n148i_v2,jxl_e3,butteraugli,-17.447199496678746,True
118,saturated_desaturated_colors,n148i_v2,jxl_e3,butteraugli,35.84953431148739,True
119,saturated_desaturated_colors,n148i_v2,jxl_e3,butteraugli,55.36852877431775,True
120,saturated_desaturated_colors,n148i_v2,jxl_e3,butteraugli,22.17649358620355,True
121,smooth_surfaces_gradients,n148i_v2,jxl_e3,butteraugli,4.723143114271955,True
122,urban_architecture,n148i_v2,jxl_e3,butteraugli,-12.737728272982796,True
123,smooth_surfaces_gradients,n148i_v2,jxl_e3,butteraugli,6.293555871755796,True
124,urban_architecture,n148i_v2,jxl_e3,butteraugli,-9.660311621075468,True
125,fine_detail,n148i_v2,jxl_e3,butteraugli,-8.210503376350509,True
126,natural_landscapes,n148i_v2,jxl_e3,butteraugli,-2.09506298364871,True
127,urban_architecture,n148i_v2,jxl_e3,butteraugli,-5.448414917764277,True
128,text_sharp_edges,n148i_v2,jxl_e3,butteraugli,-15.781879014856948,True
129,text_sharp_edges,n148i_v2,jxl_e3,butteraugli,0.9831057572879942,True
130,natural_landscapes,n148i_v2,jxl_e3,butteraugli,7.410350446705172,True
1,historical_portraits,n148i_v2,jxl_e7,butteraugli,5.542045715935395,True
2,historical_portraits,n148i_v2,jxl_e7,butteraugli,-8.018641290014505,True
3,historical_portraits,n148i_v2,jxl_e7,butteraugli,17.662117824277935,True
4,historical_portraits,n148i_v2,jxl_e7,butteraugli,12.992733664398436,True
5,historical_portraits,n148i_v2,jxl_e7,butteraugli,-8.642483120743105,True
6,historical_portraits,n148i_v2,jxl_e7,butteraugli,0.7491711429371106,True
7,historical_portraits,n148i_v2,jxl_e7,butteraugli,32.475300495187234,True
8,historical_portraits,n148i_v2,jxl_e7,butteraugli,-15.87008553020748,True
9,historical_portraits,n148i_v2,jxl_e7,butteraugli,-12.882182203602156,True
10,historical_portraits,n148i_v2,jxl_e7,butteraugli,3.6148276252265354,True
11,historical_portraits,n148i_v2,jxl_e7,butteraugli,-4.476118739153634,True
12,historical_portraits,n148i_v2,jxl_e7,butteraugli,0.3462733376047966,True
13,historical_portraits,n148i_v2,jxl_e7,butteraugli,-4.8253073660372685,True
14,historical_portraits,n148i_v2,jxl_e7,butteraugli,-19.244179207805324,True
15,historical_portraits,n148i_v2,jxl_e7,butteraugli,11.367284421808277,True
16,natural_landscapes,n148i_v2,jxl_e7,butteraugli,-3.3031243889042217,True
17,natural_landscapes,n148i_v2,jxl_e7,butteraugli,12.4566282734216,True
18,natural_landscapes,n148i_v2,jxl_e7,butteraugli,-17.117863957976553,True
19,natural_landscapes,n148i_v2,jxl_e7,butteraugli,-2.292823754901041,True
20,natural_landscapes,n148i_v2,jxl_e7,butteraugli,18.85622909462985,True
21,natural_landscapes,n148i_v2,jxl_e7,butteraugli,8.755503063803394,True
22,natural_landscapes,n148i_v2,jxl_e7,butteraugli,16.694237365737074,True
23,natural_landscapes,n148i_v2,jxl_e7,butteraugli,10.370458359609014,True
24,natural_landscapes,n148i_v2,jxl_e7,butteraugli,-0.07041918093853017,True
25,natural_landscapes,n148i_v2,jxl_e7,butteraugli,-14.38320818863229,True
26,natural_landscapes,n148i_v2,jxl_e7,butteraugli,11.017662076780454,True
27,natural_landscapes,n148i_v2,jxl_e7,butteraugli,-9.166057739591714,True
28,natural_landscapes,n148i_v2,jxl_e7,butteraugli,2.0569253864274772,True
29,natural_landscapes,n148i_v2,jxl_e7,butteraugli,6.879298954302104,True
30,natural_landscapes,n148i_v2,jxl_e7,butteraugli,-8.059583465109665,True
31,urban_architecture,n148i_v2,jxl_e7,butteraugli,-8.223080856430254,True
32,urban_architecture,n148i_v2,jxl_e7,butteraugli,-13.339057403286702,True
33,urban_architecture,n148i_v2,jxl_e7,butteraugli,-10.413585380874501,True
34,urban_architecture,n148i_v2,jxl_e7,butteraugli,53.693884480492486,True
35,urban_architecture,n148i_v2,jxl_e7,butteraugli,3.411898800230717,True
36,urban_architecture,n148i_v2,jxl_e7,butteraugli,7.861244949772006,True
37,urban_architecture,n148i_v2,jxl_e7,butteraugli,39.500357411246426,True
38,urban_architecture,n148i_v2,jxl_e7,butteraugli,-2.591804968741218,True
39,urban_architecture,n148i_v2,jxl_e7,butteraugli,29.09029415029614,True
40,urban_architecture,n148i_v2,jxl_e7,butteraugli,7.407421408740489,True
41,urban_architecture,n148i_v2,jxl_e7,butteraugli,-16.68033327648545,True
42,urban_architecture,n148i_v2,jxl_e7,butteraugli,9.947873810827623,True
43,urban_architecture,n148i_v2,jxl_e7,butteraugli,-7.825499174464823,True
44,urban_architecture,n148i_v2,jxl_e7,butteraugli,7.4785768542683595,True
45,urban_architecture,n148i_v2,jxl_e7,butteraugli,-9.116243776592759,True
46,high_frequency_textures,n148i_v2,jxl_e7,butteraugli,47.923549536495315,True
47,high_frequency_textures,n148i_v2,jxl_e7,butteraugli,8.677564739990196,True
48,high_frequency_textures,n148i_v2,jxl_e7,butteraugli,32.82782194672092,True
49,high_frequency_textures,n148i_v2,jxl_e7,butteraugli,5.147947886530457,True
50,high_frequency_textures,n148i_v2,jxl_e7,butteraugli,39.80218927843284,True
51,high_frequency_textures,n148i_v2,jxl_e7,butteraugli,11.166570084107509,True
52,high_frequency_textures,n148i_v2,jxl_e7,butteraugli,5.341322391898062,True
53,high_frequency_textures,n148i_v2,jxl_e7,butteraugli,11.319049996372566,True
54,high_frequency_textures,n148i_v2,jxl_e7,butteraugli,4.926826511272453,True
55,high_frequency_textures,n148i_v2,jxl_e7,butteraugli,-18.72936495826091,True
56,high_frequency_textures,n148i_v2,jxl_e7,butteraugli,11.766634916444364,True
57,high_frequency_textures,n148i_v2,jxl_e7,butteraugli,2.0035062111305235,True
58,high_frequency_textures,n148i_v2,jxl_e7,butteraugli,10.39417063205903,True
59,high_frequency_textures,n148i_v2,jxl_e7,butteraugli,0.5693021121944586,True
60,high_frequency_textures,n148i_v2,jxl_e7,butteraugli,-2.781257736035292,True
61,smooth_surfaces_gradients,n148i_v2,jxl_e7,butteraugli,8.120939519405802,True
62,smooth_surfaces_gradients,n148i_v2,jxl_e7,butteraugli,-2.094607286232253,True
63,smooth_surfaces_gradients,n148i_v2,jxl_e7,butteraugli,-4.743220253939517,True
64,smooth_surfaces_gradients,n148i_v2,jxl_e7,butteraugli,9.068127240401026,True
65,smooth_surfaces_gradients,n148i_v2,jxl_e7,butteraugli,18.696667472978422,True
66,smooth_surfaces_gradients,n148i_v2,jxl_e7,butteraugli,-12.301830245393564,True
67,smooth_surfaces_gradients,n148i_v2,jxl_e7,butteraugli,-12.137670769404018,True
68,smooth_surfaces_gradients,n148i_v2,jxl_e7,butteraugli,17.13129478635387,True
69,smooth_surfaces_gradients,n148i_v2,jxl_e7,butteraugli,-11.351155236109566,True
70,smooth_surfaces_gradients,n148i_v2,jxl_e7,butteraugli,87.04050591093326,True
71,smooth_surfaces_gradients,n148i_v2,jxl_e7,butteraugli,18.299990557315326,True
72,smooth_surfaces_gradients,n148i_v2,jxl_e7,butteraugli,29.347762373026654,True
73,smooth_surfaces_gradients,n148i_v2,jxl_e7,butteraugli,4.6530323038466825,True
74,smooth_surfaces_gradients,n148i_v2,jxl_e7,butteraugli,-5.570193400516876,True
75,smooth_surfaces_gradients,n148i_v2,jxl_e7,butteraugli,-2.0591008296676705,True
76,fine_detail,n148i_v2,jxl_e7,butteraugli,10.776275625712351,True
77,fine_detail,n148i_v2,jxl_e7,butteraugli,15.651030184894022,True
78,fine_detail,n148i_v2,jxl_e7,butteraugli,6.948634428257017,True
79,fine_detail,n148i_v2,jxl_e7,butteraugli,30.137564959138686,True
80,fine_detail,n148i_v2,jxl_e7,butteraugli,1.5111758556830557,True
81,fine_detail,n148i_v2,jxl_e7,butteraugli,-2.3067327789759395,True
82,fine_detail,n148i_v2,jxl_e7,butteraugli,2.9214307951829888,True
83,fine_detail,n148i_v2,jxl_e7,butteraugli,51.44679548639199,True
84,fine_detail,n148i_v2,jxl_e7,butteraugli,22.631240175790836,True
85,fine_detail,n148i_v2,jxl_e7,butteraugli,38.50581992977315,True
86,fine_detail,n148i_v2,jxl_e7,butteraugli,-0.5052594429285406,True
87,fine_detail,n148i_v2,jxl_e7,butteraugli,30.838383505971212,True
88,fine_detail,n148i_v2,jxl_e7,butteraugli,15.743255427136571,True
89,fine_detail,n148i_v2,jxl_e7,butteraugli,79.64394825930779,True
90,fine_detail,n148i_v2,jxl_e7,butteraugli,405.3623741725067,True
91,text_sharp_edges,n148i_v2,jxl_e7,butteraugli,-12.43521891435142,True
92,text_sharp_edges,n148i_v2,jxl_e7,butteraugli,-4.306554226081194,True
93,text_sharp_edges,n148i_v2,jxl_e7,butteraugli,5.312621757089486,True
94,text_sharp_edges,n148i_v2,jxl_e7,butteraugli,-1.293767218661157,True
95,text_sharp_edges,n148i_v2,jxl_e7,butteraugli,2.3036017280443577,True
96,text_sharp_edges,n148i_v2,jxl_e7,butteraugli,28.74591442453145,True
97,text_sharp_edges,n148i_v2,jxl_e7,butteraugli,0.26163146894997436,True
98,text_sharp_edges,n148i_v2,jxl_e7,butteraugli,42.20707336649816,True
99,text_sharp_edges,n148i_v2,jxl_e7,butteraugli,62.22774685991534,True
100,text_sharp_edges,n148i_v2,jxl_e7,butteraugli,-4.0652326577352955,True
101,text_sharp_edges,n148i_v2,jxl_e7,butteraugli,2.670202019130641,True
102,text_sharp_edges,n148i_v2,jxl_e7,butteraugli,8.062203526020761,True
103,text_sharp_edges,n148i_v2,jxl_e7,butteraugli,-2.528669024471508,True
104,text_sharp_edges,n148i_v2,jxl_e7,butteraugli,-0.051867820198359116,True
105,text_sharp_edges,n148i_v2,jxl_e7,butteraugli,8.622838466990302,True
106,saturated_desaturated_colors,n148i_v2,jxl_e7,butteraugli,26.796109362075594,True
107,saturated_desaturated_colors,n148i_v2,jxl_e7,butteraugli,23.6194086055735,True
108,saturated_desaturated_colors,n148i_v2,jxl_e7,butteraugli,17.003650424473694,True
109,saturated_desaturated_colors,n148i_v2,jxl_e7,butteraugli,-5.08239291149054,True
110,saturated_desaturated_colors,n148i_v2,jxl_e7,butteraugli,22.43452096337133,True
111,saturated_desaturated_colors,n148i_v2,jxl_e7,butteraugli,33.41223516749538,True
112,saturated_desaturated_colors,n148i_v2,jxl_e7,butteraugli,14.84959063932816,True
113,saturated_desaturated_colors,n148i_v2,jxl_e7,butteraugli,46.82042729704066,True
114,saturated_desaturated_colors,n148i_v2,jxl_e7,butteraugli,13.20018863445178,True
115,saturated_desaturated_colors,n148i_v2,jxl_e7,butteraugli,17.66128497002304,True
116,saturated_desaturated_colors,n148i_v2,jxl_e7,butteraugli,-14.469492357303226,True
117,saturated_desaturated_colors,n148i_v2,jxl_e7,butteraugli,-24.404035859859462,True
118,saturated_desaturated_colors,n148i_v2,jxl_e7,butteraugli,45.082402403566135,True
119,saturated_desaturated_colors,n148i_v2,jxl_e7,butteraugli,47.56980876071963,True
120,saturated_desaturated_colors,n148i_v2,jxl_e7,butteraugli,55.49239892144411,True
121,smooth_surfaces_gradients,n148i_v2,jxl_e7,butteraugli,-7.992969643253101,True
122,urban_architecture,n148i_v2,jxl_e7,butteraugli,-7.31302706038508,True
123,smooth_surfaces_gradients,n148i_v2,jxl_e7,butteraugli,4.787846545891128,True
124,urban_architecture,n148i_v2,jxl_e7,butteraugli,16.239952603154208,True
125,fine_detail,n148i_v2,jxl_e7,butteraugli,-6.348723071743034,True
126,natural_landscapes,n148i_v2,jxl_e7,butteraugli,13.554943592798786,True
127,urban_architecture,n148i_v2,jxl_e7,butteraugli,-7.480653901963141,True
128,text_sharp_edges,n148i_v2,jxl_e7,butteraugli,-3.4903770999410777,True
129,text_sharp_edges,n148i_v2,jxl_e7,butteraugli,13.83170908836895,True
130,natural_landscapes,n148i_v2,jxl_e7,butteraugli,-3.640695118545112,True
1,historical_portraits,n148i_v1,webp_m6,psnr_chroma_db,,False
2,historical_portraits,n148i_v1,webp_m6,psnr_chroma_db,60.81692938733993,True
3,historical_portraits,n148i_v1,webp_m6,psnr_chroma_db,66.21438880876876,True
4,historical_portraits,n148i_v1,webp_m6,psnr_chroma_db,-2.1169615378185402,True
5,historical_portraits,n148i_v1,webp_m6,psnr_chroma_db,25.96012204327942,True
6,historical_portraits,n148i_v1,webp_m6,psnr_chroma_db,47.62414154751706,True
7,historical_portraits,n148i_v1,webp_m6,psnr_chroma_db,84.37460015817312,True
8,historical_portraits,n148i_v1,webp_m6,psnr_chroma_db,80.09692864469578,True
9,historical_portraits,n148i_v1,webp_m6,psnr_chroma_db,22.451839874167746,True
10,historical_portraits,n148i_v1,webp_m6,psnr_chroma_db,92.35260798377692,True
11,historical_portraits,n148i_v1,webp_m6,psnr_chroma_db,68.43291250450932,True
12,historical_portraits,n148i_v1,webp_m6,psnr_chroma_db,114.79498330701014,True
13,historical_portraits,n148i_v1,webp_m6,psnr_chroma_db,,False
14,historical_portraits,n148i_v1,webp_m6,psnr_chroma_db,118.1620769211713,True
15,historical_portraits,n148i_v1,webp_m6,psnr_chroma_db,,False
16,natural_landscapes,n148i_v1,webp_m6,psnr_chroma_db,24.04343027902025,True
17,natural_landscapes,n148i_v1,webp_m6,psnr_chroma_db,37.92323033053007,True
18,natural_landscapes,n148i_v1,webp_m6,psnr_chroma_db,31.467353842415037,True
19,natural_landscapes,n148i_v1,webp_m6,psnr_chroma_db,28.39337474863346,True
20,natural_landscapes,n148i_v1,webp_m6,psnr_chroma_db,16.975157648343252,True
21,natural_landscapes,n148i_v1,webp_m6,psnr_chroma_db,54.92805029837782,True
22,natural_landscapes,n148i_v1,webp_m6,psnr_chroma_db,39.646961798364025,True
23,natural_landscapes,n148i_v1,webp_m6,psnr_chroma_db,39.616406609607814,True
24,natural_landscapes,n148i_v1,webp_m6,psnr_chroma_db,15.025294639414444,True
25,natural_landscapes,n148i_v1,webp_m6,psnr_chroma_db,106.75457981112602,True
26,natural_landscapes,n148i_v1,webp_m6,psnr_chroma_db,38.410149574787454,True
27,natural_landscapes,n148i_v1,webp_m6,psnr_chroma_db,55.26987412362614,True
28,natural_landscapes,n148i_v1,webp_m6,psnr_chroma_db,52.913889829630925,True
29,natural_landscapes,n148i_v1,webp_m6,psnr_chroma_db,26.943118171654447,True
30,natural_landscapes,n148i_v1,webp_m6,psnr_chroma_db,35.28905282237287,True
31,urban_architecture,n148i_v1,webp_m6,psnr_chroma_db,60.45804026422474,True
32,urban_architecture,n148i_v1,webp_m6,psnr_chroma_db,79.15106739928606,True
33,urban_architecture,n148i_v1,webp_m6,psnr_chroma_db,110.65692470292619,True
34,urban_architecture,n148i_v1,webp_m6,psnr_chroma_db,144.02948197543216,True
35,urban_architecture,n148i_v1,webp_m6,psnr_chroma_db,62.80245180433997,True
36,urban_architecture,n148i_v1,webp_m6,psnr_chroma_db,71.35876050293804,True
37,urban_architecture,n148i_v1,webp_m6,psnr_chroma_db,64.20064492542912,True
38,urban_architecture,n148i_v1,webp_m6,psnr_chroma_db,27.783867122494854,True
39,urban_architecture,n148i_v1,webp_m6,psnr_chroma_db,42.72384905329789,True
40,urban_architecture,n148i_v1,webp_m6,psnr_chroma_db,42.04075461646346,True
41,urban_architecture,n148i_v1,webp_m6,psnr_chroma_db,67.10768125566302,True
42,urban_architecture,n148i_v1,webp_m6,psnr_chroma_db,71.28496043507262,True
43,urban_architecture,n148i_v1,webp_m6,psnr_chroma_db,63.425827761345886,True
44,urban_architecture,n148i_v1,webp_m6,psnr_chroma_db,12.36641380115091,True
45,urban_architecture,n148i_v1,webp_m6,psnr_chroma_db,,False
46,high_frequency_textures,n148i_v1,webp_m6,psnr_chroma_db,-4.079914293002018,True
47,high_frequency_textures,n148i_v1,webp_m6,psnr_chroma_db,8.284947149482491,True
48,high_frequency_textures,n148i_v1,webp_m6,psnr_chroma_db,17.24876899176888,True
49,high_frequency_textures,n148i_v1,webp_m6,psnr_chroma_db,18.374614482144878,True
50,high_frequency_textures,n148i_v1,webp_m6,psnr_chroma_db,24.664458147658628,True
51,high_frequency_textures,n148i_v1,webp_m6,psnr_chroma_db,0.9288637763284369,True
52,high_frequency_textures,n148i_v1,webp_m6,psnr_chroma_db,1.955581667494788,True
53,high_frequency_textures,n148i_v1,webp_m6,psnr_chroma_db,3.917955965723796,True
54,high_frequency_textures,n148i_v1,webp_m6,psnr_chroma_db,-2.0033065066454303,True
55,high_frequency_textures,n148i_v1,webp_m6,psnr_chroma_db,32.05522414880999,True
56,high_frequency_textures,n148i_v1,webp_m6,psnr_chroma_db,-15.609133479659631,True
57,high_frequency_textures,n148i_v1,webp_m6,psnr_chroma_db,35.382262620408866,True
58,high_frequency_textures,n148i_v1,webp_m6,psnr_chroma_db,38.44152545033379,True
59,high_frequency_textures,n148i_v1,webp_m6,psnr_chroma_db,41.08554249931184,True
60,high_frequency_textures,n148i_v1,webp_m6,psnr_chroma_db,55.83955026903025,True
61,smooth_surfaces_gradients,n148i_v1,webp_m6,psnr_chroma_db,70.25597938700061,True
62,smooth_surfaces_gradients,n148i_v1,webp_m6,psnr_chroma_db,71.40088349760472,True
63,smooth_surfaces_gradients,n148i_v1,webp_m6,psnr_chroma_db,61.35199164293097,True
64,smooth_surfaces_gradients,n148i_v1,webp_m6,psnr_chroma_db,24.362643453083855,True
65,smooth_surfaces_gradients,n148i_v1,webp_m6,psnr_chroma_db,43.26242533770879,True
66,smooth_surfaces_gradients,n148i_v1,webp_m6,psnr_chroma_db,30.160200873950792,True
67,smooth_surfaces_gradients,n148i_v1,webp_m6,psnr_chroma_db,35.11676990996273,True
68,smooth_surfaces_gradients,n148i_v1,webp_m6,psnr_chroma_db,65.51113052344462,True
69,smooth_surfaces_gradients,n148i_v1,webp_m6,psnr_chroma_db,49.195758844551385,True
70,smooth_surfaces_gradients,n148i_v1,webp_m6,psnr_chroma_db,69.42119018471043,True
71,smooth_surfaces_gradients,n148i_v1,webp_m6,psnr_chroma_db,102.32784815098745,True
72,smooth_surfaces_gradients,n148i_v1,webp_m6,psnr_chroma_db,,False
73,smooth_surfaces_gradients,n148i_v1,webp_m6,psnr_chroma_db,85.66787674856529,True
74,smooth_surfaces_gradients,n148i_v1,webp_m6,psnr_chroma_db,71.23435153607522,True
75,smooth_surfaces_gradients,n148i_v1,webp_m6,psnr_chroma_db,81.86454283185056,True
76,fine_detail,n148i_v1,webp_m6,psnr_chroma_db,75.28071229047843,True
77,fine_detail,n148i_v1,webp_m6,psnr_chroma_db,38.36357432891069,True
78,fine_detail,n148i_v1,webp_m6,psnr_chroma_db,34.96977159850094,True
79,fine_detail,n148i_v1,webp_m6,psnr_chroma_db,45.06461016660162,True
80,fine_detail,n148i_v1,webp_m6,psnr_chroma_db,15.714661247786621,True
81,fine_detail,n148i_v1,webp_m6,psnr_chroma_db,26.976571159278674,True
82,fine_detail,n148i_v1,webp_m6,psnr_chroma_db,39.75950758531888,True
83,fine_detail,n148i_v1,webp_m6,psnr_chroma_db,97.1650603755538,True
84,fine_detail,n148i_v1,webp_m6,psnr_chroma_db,105.16578519293813,True
85,fine_detail,n148i_v1,webp_m6,psnr_chroma_db,23.56630094558645,True
86,fine_detail,n148i_v1,webp_m6,psnr_chroma_db,71.37281981767269,True
87,fine_detail,n148i_v1,webp_m6,psnr_chroma_db,52.68626511887638,True
88,fine_detail,n148i_v1,webp_m6,psnr_chroma_db,90.1740082883461,True
89,fine_detail,n148i_v1,webp_m6,psnr_chroma_db,78.61432194195261,True
90,fine_detail,n148i_v1,webp_m6,psnr_chroma_db,120.08206247935726,True
91,text_sharp_edges,n148i_v1,webp_m6,psnr_chroma_db,130.5664012338622,True
92,text_sharp_edges,n148i_v1,webp_m6,psnr_chroma_db,68.26521133164105,True
93,text_sharp_edges,n148i_v1,webp_m6,psnr_chroma_db,122.20415026312494,True
94,text_sharp_edges,n148i_v1,webp_m6,psnr_chroma_db,70.68146093273417,True
95,text_sharp_edges,n148i_v1,webp_m6,psnr_chroma_db,,False
96,text_sharp_edges,n148i_v1,webp_m6,psnr_chroma_db,32.00787016084252,True
97,text_sharp_edges,n148i_v1,webp_m6,psnr_chroma_db,52.39701622649977,True
98,text_sharp_edges,n148i_v1,webp_m6,psnr_chroma_db,116.21756988087655,True
99,text_sharp_edges,n148i_v1,webp_m6,psnr_chroma_db,168.9774425772291,True
100,text_sharp_edges,n148i_v1,webp_m6,psnr_chroma_db,151.39368647371043,True
101,text_sharp_edges,n148i_v1,webp_m6,psnr_chroma_db,120.00186082346,True
102,text_sharp_edges,n148i_v1,webp_m6,psnr_chroma_db,87.5387135096984,True
103,text_sharp_edges,n148i_v1,webp_m6,psnr_chroma_db,103.02508254170006,True
104,text_sharp_edges,n148i_v1,webp_m6,psnr_chroma_db,80.90148571908912,True
105,text_sharp_edges,n148i_v1,webp_m6,psnr_chroma_db,80.82836032385379,True
106,saturated_desaturated_colors,n148i_v1,webp_m6,psnr_chroma_db,85.74750622666369,True
107,saturated_desaturated_colors,n148i_v1,webp_m6,psnr_chroma_db,24.03454479021443,True
108,saturated_desaturated_colors,n148i_v1,webp_m6,psnr_chroma_db,46.6396806620961,True
109,saturated_desaturated_colors,n148i_v1,webp_m6,psnr_chroma_db,147.54957778118793,True
110,saturated_desaturated_colors,n148i_v1,webp_m6,psnr_chroma_db,88.35805180611176,True
111,saturated_desaturated_colors,n148i_v1,webp_m6,psnr_chroma_db,91.85717618011518,True
112,saturated_desaturated_colors,n148i_v1,webp_m6,psnr_chroma_db,34.9638833825805,True
113,saturated_desaturated_colors,n148i_v1,webp_m6,psnr_chroma_db,104.99027966582926,True
114,saturated_desaturated_colors,n148i_v1,webp_m6,psnr_chroma_db,41.03822067894687,True
115,saturated_desaturated_colors,n148i_v1,webp_m6,psnr_chroma_db,,False
116,saturated_desaturated_colors,n148i_v1,webp_m6,psnr_chroma_db,,False
117,saturated_desaturated_colors,n148i_v1,webp_m6,psnr_chroma_db,,False
118,saturated_desaturated_colors,n148i_v1,webp_m6,psnr_chroma_db,112.8181891340386,True
119,saturated_desaturated_colors,n148i_v1,webp_m6,psnr_chroma_db,116.99453375422668,True
120,saturated_desaturated_colors,n148i_v1,webp_m6,psnr_chroma_db,83.16246920623615,True
121,smooth_surfaces_gradients,n148i_v1,webp_m6,psnr_chroma_db,64.77820090702086,True
122,urban_architecture,n148i_v1,webp_m6,psnr_chroma_db,66.52598433322228,True
123,smooth_surfaces_gradients,n148i_v1,webp_m6,psnr_chroma_db,78.61123031725472,True
124,urban_architecture,n148i_v1,webp_m6,psnr_chroma_db,55.95764625147797,True
125,fine_detail,n148i_v1,webp_m6,psnr_chroma_db,14.171754476227093,True
126,natural_landscapes,n148i_v1,webp_m6,psnr_chroma_db,29.49333991341474,True
127,urban_architecture,n148i_v1,webp_m6,psnr_chroma_db,21.95323425563418,True
128,text_sharp_edges,n148i_v1,webp_m6,psnr_chroma_db,60.87325090515239,True
129,text_sharp_edges,n148i_v1,webp_m6,psnr_chroma_db,-1.6845008127298056,True
130,natural_landscapes,n148i_v1,webp_m6,psnr_chroma_db,36.60251774674317,True
1,historical_portraits,n148i_v2,webp_m6,psnr_chroma_db,,False
2,historical_portraits,n148i_v2,webp_m6,psnr_chroma_db,-44.3799945193759,True
3,historical_portraits,n148i_v2,webp_m6,psnr_chroma_db,-3.6742682541808014,True
4,historical_portraits,n148i_v2,webp_m6,psnr_chroma_db,-41.34597397848072,True
5,historical_portraits,n148i_v2,webp_m6,psnr_chroma_db,-34.660046365351384,True
6,historical_portraits,n148i_v2,webp_m6,psnr_chroma_db,-18.74666065443098,True
7,historical_portraits,n148i_v2,webp_m6,psnr_chroma_db,-1.0609467222681412,True
8,historical_portraits,n148i_v2,webp_m6,psnr_chroma_db,-24.710978187384892,True
9,historical_portraits,n148i_v2,webp_m6,psnr_chroma_db,-25.805628594737907,True
10,historical_portraits,n148i_v2,webp_m6,psnr_chroma_db,-68.45107329903969,True
11,historical_portraits,n148i_v2,webp_m6,psnr_chroma_db,-37.857891656593914,True
12,historical_portraits,n148i_v2,webp_m6,psnr_chroma_db,-14.700102485353595,True
13,historical_portraits,n148i_v2,webp_m6,psnr_chroma_db,,False
14,historical_portraits,n148i_v2,webp_m6,psnr_chroma_db,-46.90507882687386,True
15,historical_portraits,n148i_v2,webp_m6,psnr_chroma_db,,False
16,natural_landscapes,n148i_v2,webp_m6,psnr_chroma_db,-7.9472183393867635,True
17,natural_landscapes,n148i_v2,webp_m6,psnr_chroma_db,-14.067958566353479,True
18,natural_landscapes,n148i_v2,webp_m6,psnr_chroma_db,-25.56310609481407,True
19,natural_landscapes,n148i_v2,webp_m6,psnr_chroma_db,-42.505131675229016,True
20,natural_landscapes,n148i_v2,webp_m6,psnr_chroma_db,-6.164712837685682,True
21,natural_landscapes,n148i_v2,webp_m6,psnr_chroma_db,-13.167803101225106,True
22,natural_landscapes,n148i_v2,webp_m6,psnr_chroma_db,-10.701610819354423,True
23,natural_landscapes,n148i_v2,webp_m6,psnr_chroma_db,-5.860736828570845,True
24,natural_landscapes,n148i_v2,webp_m6,psnr_chroma_db,-25.09422933003761,True
25,natural_landscapes,n148i_v2,webp_m6,psnr_chroma_db,-11.755324911692622,True
26,natural_landscapes,n148i_v2,webp_m6,psnr_chroma_db,-1.4896256576998002,True
27,natural_landscapes,n148i_v2,webp_m6,psnr_chroma_db,-9.342985959715676,True
28,natural_landscapes,n148i_v2,webp_m6,psnr_chroma_db,-31.48504256750003,True
29,natural_landscapes,n148i_v2,webp_m6,psnr_chroma_db,-17.383169317232404,True
30,natural_landscapes,n148i_v2,webp_m6,psnr_chroma_db,-26.094602403743384,True
31,urban_architecture,n148i_v2,webp_m6,psnr_chroma_db,0.7243038422850789,True
32,urban_architecture,n148i_v2,webp_m6,psnr_chroma_db,-6.620450496402541,True
33,urban_architecture,n148i_v2,webp_m6,psnr_chroma_db,-6.875101745072165,True
34,urban_architecture,n148i_v2,webp_m6,psnr_chroma_db,-0.180471121650283,True
35,urban_architecture,n148i_v2,webp_m6,psnr_chroma_db,-7.529793546469287,True
36,urban_architecture,n148i_v2,webp_m6,psnr_chroma_db,4.551985187842567,True
37,urban_architecture,n148i_v2,webp_m6,psnr_chroma_db,-11.43205014486549,True
38,urban_architecture,n148i_v2,webp_m6,psnr_chroma_db,-10.163836870912357,True
39,urban_architecture,n148i_v2,webp_m6,psnr_chroma_db,-5.309161076419477,True
40,urban_architecture,n148i_v2,webp_m6,psnr_chroma_db,-4.828156323918753,True
41,urban_architecture,n148i_v2,webp_m6,psnr_chroma_db,-0.14279970046093826,True
42,urban_architecture,n148i_v2,webp_m6,psnr_chroma_db,4.627968654600956,True
43,urban_architecture,n148i_v2,webp_m6,psnr_chroma_db,-16.776164787516368,True
44,urban_architecture,n148i_v2,webp_m6,psnr_chroma_db,-11.45213683022207,True
45,urban_architecture,n148i_v2,webp_m6,psnr_chroma_db,,False
46,high_frequency_textures,n148i_v2,webp_m6,psnr_chroma_db,-2.878722175926718,True
47,high_frequency_textures,n148i_v2,webp_m6,psnr_chroma_db,1.602538432622036,True
48,high_frequency_textures,n148i_v2,webp_m6,psnr_chroma_db,1.040068773115821,True
49,high_frequency_textures,n148i_v2,webp_m6,psnr_chroma_db,-37.85240901891477,True
50,high_frequency_textures,n148i_v2,webp_m6,psnr_chroma_db,-13.19740647412998,True
51,high_frequency_textures,n148i_v2,webp_m6,psnr_chroma_db,-14.52130029166151,True
52,high_frequency_textures,n148i_v2,webp_m6,psnr_chroma_db,-4.806363885692666,True
53,high_frequency_textures,n148i_v2,webp_m6,psnr_chroma_db,-8.030450508927633,True
54,high_frequency_textures,n148i_v2,webp_m6,psnr_chroma_db,-7.5359856909317795,True
55,high_frequency_textures,n148i_v2,webp_m6,psnr_chroma_db,-29.794143786710038,True
56,high_frequency_textures,n148i_v2,webp_m6,psnr_chroma_db,-31.9157890584288,True
57,high_frequency_textures,n148i_v2,webp_m6,psnr_chroma_db,-60.33193778963304,True
58,high_frequency_textures,n148i_v2,webp_m6,psnr_chroma_db,-4.753288288023228,True
59,high_frequency_textures,n148i_v2,webp_m6,psnr_chroma_db,-27.763672608546074,True
60,high_frequency_textures,n148i_v2,webp_m6,psnr_chroma_db,-25.554454409041895,True
61,smooth_surfaces_gradients,n148i_v2,webp_m6,psnr_chroma_db,-19.160407484342457,True
62,smooth_surfaces_gradients,n148i_v2,webp_m6,psnr_chroma_db,-24.847088195739698,True
63,smooth_surfaces_gradients,n148i_v2,webp_m6,psnr_chroma_db,-23.08578676071744,True
64,smooth_surfaces_gradients,n148i_v2,webp_m6,psnr_chroma_db,-19.295335391214465,True
65,smooth_surfaces_gradients,n148i_v2,webp_m6,psnr_chroma_db,-11.299543010512503,True
66,smooth_surfaces_gradients,n148i_v2,webp_m6,psnr_chroma_db,-39.49480487396323,True
67,smooth_surfaces_gradients,n148i_v2,webp_m6,psnr_chroma_db,-17.112344776399212,True
68,smooth_surfaces_gradients,n148i_v2,webp_m6,psnr_chroma_db,2.640002903860772,True
69,smooth_surfaces_gradients,n148i_v2,webp_m6,psnr_chroma_db,-23.79846260229408,True
70,smooth_surfaces_gradients,n148i_v2,webp_m6,psnr_chroma_db,-6.6619400047829185,True
71,smooth_surfaces_gradients,n148i_v2,webp_m6,psnr_chroma_db,0.23234458993339757,True
72,smooth_surfaces_gradients,n148i_v2,webp_m6,psnr_chroma_db,,False
73,smooth_surfaces_gradients,n148i_v2,webp_m6,psnr_chroma_db,-39.65818948997889,True
74,smooth_surfaces_gradients,n148i_v2,webp_m6,psnr_chroma_db,-20.35949971245842,True
75,smooth_surfaces_gradients,n148i_v2,webp_m6,psnr_chroma_db,-22.915894273634596,True
76,fine_detail,n148i_v2,webp_m6,psnr_chroma_db,-7.163605202003431,True
77,fine_detail,n148i_v2,webp_m6,psnr_chroma_db,-2.0371004238183277,True
78,fine_detail,n148i_v2,webp_m6,psnr_chroma_db,-4.578630502517466,True
79,fine_detail,n148i_v2,webp_m6,psnr_chroma_db,-2.3131623690155645,True
80,fine_detail,n148i_v2,webp_m6,psnr_chroma_db,-17.0336603990058,True
81,fine_detail,n148i_v2,webp_m6,psnr_chroma_db,-12.454443639962287,True
82,fine_detail,n148i_v2,webp_m6,psnr_chroma_db,-15.394796191537097,True
83,fine_detail,n148i_v2,webp_m6,psnr_chroma_db,5.745970127106026,True
84,fine_detail,n148i_v2,webp_m6,psnr_chroma_db,-5.668383829022705,True
85,fine_detail,n148i_v2,webp_m6,psnr_chroma_db,-6.025880794420524,True
86,fine_detail,n148i_v2,webp_m6,psnr_chroma_db,2.909674427416964,True
87,fine_detail,n148i_v2,webp_m6,psnr_chroma_db,4.818936512480865,True
88,fine_detail,n148i_v2,webp_m6,psnr_chroma_db,-18.83307292972215,True
89,fine_detail,n148i_v2,webp_m6,psnr_chroma_db,-12.726047026414744,True
90,fine_detail,n148i_v2,webp_m6,psnr_chroma_db,-3.4921333018929857,True
91,text_sharp_edges,n148i_v2,webp_m6,psnr_chroma_db,26.136752067570225,True
92,text_sharp_edges,n148i_v2,webp_m6,psnr_chroma_db,3.0471259947962404,True
93,text_sharp_edges,n148i_v2,webp_m6,psnr_chroma_db,6.356696781329063,True
94,text_sharp_edges,n148i_v2,webp_m6,psnr_chroma_db,-1.5899628948977007,True
95,text_sharp_edges,n148i_v2,webp_m6,psnr_chroma_db,,False
96,text_sharp_edges,n148i_v2,webp_m6,psnr_chroma_db,1.6571332667754124,True
97,text_sharp_edges,n148i_v2,webp_m6,psnr_chroma_db,8.830788159003934,True
98,text_sharp_edges,n148i_v2,webp_m6,psnr_chroma_db,22.82493191909134,True
99,text_sharp_edges,n148i_v2,webp_m6,psnr_chroma_db,-13.862085192018103,True
100,text_sharp_edges,n148i_v2,webp_m6,psnr_chroma_db,22.473456086748044,True
101,text_sharp_edges,n148i_v2,webp_m6,psnr_chroma_db,-9.191029872009848,True
102,text_sharp_edges,n148i_v2,webp_m6,psnr_chroma_db,0.6182702871869727,True
103,text_sharp_edges,n148i_v2,webp_m6,psnr_chroma_db,-6.100538721320669,True
104,text_sharp_edges,n148i_v2,webp_m6,psnr_chroma_db,-7.036782168175614,True
105,text_sharp_edges,n148i_v2,webp_m6,psnr_chroma_db,-18.817293725066932,True
106,saturated_desaturated_colors,n148i_v2,webp_m6,psnr_chroma_db,-9.755519482187648,True
107,saturated_desaturated_colors,n148i_v2,webp_m6,psnr_chroma_db,-5.126006267835493,True
108,saturated_desaturated_colors,n148i_v2,webp_m6,psnr_chroma_db,-12.82273742240302,True
109,saturated_desaturated_colors,n148i_v2,webp_m6,psnr_chroma_db,4.384091361283149,True
110,saturated_desaturated_colors,n148i_v2,webp_m6,psnr_chroma_db,4.906469676729608,True
111,saturated_desaturated_colors,n148i_v2,webp_m6,psnr_chroma_db,0.44020979103327473,True
112,saturated_desaturated_colors,n148i_v2,webp_m6,psnr_chroma_db,-15.248903227391553,True
113,saturated_desaturated_colors,n148i_v2,webp_m6,psnr_chroma_db,-9.247761633634678,True
114,saturated_desaturated_colors,n148i_v2,webp_m6,psnr_chroma_db,0.4885311294614336,True
115,saturated_desaturated_colors,n148i_v2,webp_m6,psnr_chroma_db,,False
116,saturated_desaturated_colors,n148i_v2,webp_m6,psnr_chroma_db,,False
117,saturated_desaturated_colors,n148i_v2,webp_m6,psnr_chroma_db,,False
118,saturated_desaturated_colors,n148i_v2,webp_m6,psnr_chroma_db,-9.20153873922185,True
119,saturated_desaturated_colors,n148i_v2,webp_m6,psnr_chroma_db,-7.727130662684378,True
120,saturated_desaturated_colors,n148i_v2,webp_m6,psnr_chroma_db,-11.285867783143344,True
121,smooth_surfaces_gradients,n148i_v2,webp_m6,psnr_chroma_db,-15.559484364445398,True
122,urban_architecture,n148i_v2,webp_m6,psnr_chroma_db,-7.502415394441764,True
123,smooth_surfaces_gradients,n148i_v2,webp_m6,psnr_chroma_db,-11.730408396374692,True
124,urban_architecture,n148i_v2,webp_m6,psnr_chroma_db,-6.533816843707396,True
125,fine_detail,n148i_v2,webp_m6,psnr_chroma_db,-19.10513630510199,True
126,natural_landscapes,n148i_v2,webp_m6,psnr_chroma_db,-27.96852105545775,True
127,urban_architecture,n148i_v2,webp_m6,psnr_chroma_db,-38.464296955137215,True
128,text_sharp_edges,n148i_v2,webp_m6,psnr_chroma_db,-12.331209713526793,True
129,text_sharp_edges,n148i_v2,webp_m6,psnr_chroma_db,-10.054095095116356,True
130,natural_landscapes,n148i_v2,webp_m6,psnr_chroma_db,0.8468193407802138,True
1,historical_portraits,jpeg_turbo,webp_m6,psnr_chroma_db,,False
2,historical_portraits,jpeg_turbo,webp_m6,psnr_chroma_db,66.67090893694474,True
3,historical_portraits,jpeg_turbo,webp_m6,psnr_chroma_db,67.93557040132579,True
4,historical_portraits,jpeg_turbo,webp_m6,psnr_chroma_db,-1.0962270770869198,True
5,historical_portraits,jpeg_turbo,webp_m6,psnr_chroma_db,30.446921358948487,True
6,historical_portraits,jpeg_turbo,webp_m6,psnr_chroma_db,52.206683707902776,True
7,historical_portraits,jpeg_turbo,webp_m6,psnr_chroma_db,86.83158522731827,True
8,historical_portraits,jpeg_turbo,webp_m6,psnr_chroma_db,84.30761687758503,True
9,historical_portraits,jpeg_turbo,webp_m6,psnr_chroma_db,25.410800817994208,True
10,historical_portraits,jpeg_turbo,webp_m6,psnr_chroma_db,94.98880055786402,True
11,historical_portraits,jpeg_turbo,webp_m6,psnr_chroma_db,73.54440320612481,True
12,historical_portraits,jpeg_turbo,webp_m6,psnr_chroma_db,126.17318174477651,True
13,historical_portraits,jpeg_turbo,webp_m6,psnr_chroma_db,,False
14,historical_portraits,jpeg_turbo,webp_m6,psnr_chroma_db,117.9829079434115,True
15,historical_portraits,jpeg_turbo,webp_m6,psnr_chroma_db,,False
16,natural_landscapes,jpeg_turbo,webp_m6,psnr_chroma_db,26.928280237578917,True
17,natural_landscapes,jpeg_turbo,webp_m6,psnr_chroma_db,40.01286793891834,True
18,natural_landscapes,jpeg_turbo,webp_m6,psnr_chroma_db,36.01250311567252,True
19,natural_landscapes,jpeg_turbo,webp_m6,psnr_chroma_db,32.498121964553015,True
20,natural_landscapes,jpeg_turbo,webp_m6,psnr_chroma_db,19.46985179081395,True
21,natural_landscapes,jpeg_turbo,webp_m6,psnr_chroma_db,61.542070327770325,True
22,natural_landscapes,jpeg_turbo,webp_m6,psnr_chroma_db,42.250412542234784,True
23,natural_landscapes,jpeg_turbo,webp_m6,psnr_chroma_db,40.48634570589948,True
24,natural_landscapes,jpeg_turbo,webp_m6,psnr_chroma_db,20.774589312815994,True
25,natural_landscapes,jpeg_turbo,webp_m6,psnr_chroma_db,117.39512895798039,True
26,natural_landscapes,jpeg_turbo,webp_m6,psnr_chroma_db,40.28243300438093,True
27,natural_landscapes,jpeg_turbo,webp_m6,psnr_chroma_db,57.63359196025715,True
28,natural_landscapes,jpeg_turbo,webp_m6,psnr_chroma_db,60.2492052473814,True
29,natural_landscapes,jpeg_turbo,webp_m6,psnr_chroma_db,28.65476338350712,True
30,natural_landscapes,jpeg_turbo,webp_m6,psnr_chroma_db,41.16489089152475,True
31,urban_architecture,jpeg_turbo,webp_m6,psnr_chroma_db,62.33364502882645,True
32,urban_architecture,jpeg_turbo,webp_m6,psnr_chroma_db,81.4704697225592,True
33,urban_architecture,jpeg_turbo,webp_m6,psnr_chroma_db,118.73078978986862,True
34,urban_architecture,jpeg_turbo,webp_m6,psnr_chroma_db,150.85421783221068,True
35,urban_architecture,jpeg_turbo,webp_m6,psnr_chroma_db,65.87627259946936,True
36,urban_architecture,jpeg_turbo,webp_m6,psnr_chroma_db,74.2432359526983,True
37,urban_architecture,jpeg_turbo,webp_m6,psnr_chroma_db,66.13037435973605,True
38,urban_architecture,jpeg_turbo,webp_m6,psnr_chroma_db,31.67942649570068,True
39,urban_architecture,jpeg_turbo,webp_m6,psnr_chroma_db,44.791713786354,True
40,urban_architecture,jpeg_turbo,webp_m6,psnr_chroma_db,43.96657971172861,True
41,urban_architecture,jpeg_turbo,webp_m6,psnr_chroma_db,71.30468482071646,True
42,urban_architecture,jpeg_turbo,webp_m6,psnr_chroma_db,74.0086776020491,True
43,urban_architecture,jpeg_turbo,webp_m6,psnr_chroma_db,67.94659325041282,True
44,urban_architecture,jpeg_turbo,webp_m6,psnr_chroma_db,13.262520116185916,True
45,urban_architecture,jpeg_turbo,webp_m6,psnr_chroma_db,,False
46,high_frequency_textures,jpeg_turbo,webp_m6,psnr_chroma_db,-1.7396854711308585,True
47,high_frequency_textures,jpeg_turbo,webp_m6,psnr_chroma_db,9.409018545000581,True
48,high_frequency_textures,jpeg_turbo,webp_m6,psnr_chroma_db,18.137218197110805,True
49,high_frequency_textures,jpeg_turbo,webp_m6,psnr_chroma_db,26.56854734682095,True
50,high_frequency_textures,jpeg_turbo,webp_m6,psnr_chroma_db,26.82219313584744,True
51,high_frequency_textures,jpeg_turbo,webp_m6,psnr_chroma_db,0.5716870657921369,True
52,high_frequency_textures,jpeg_turbo,webp_m6,psnr_chroma_db,3.4404187196297897,True
53,high_frequency_textures,jpeg_turbo,webp_m6,psnr_chroma_db,4.965686969294714,True
54,high_frequency_textures,jpeg_turbo,webp_m6,psnr_chroma_db,-0.8938893101149814,True
55,high_frequency_textures,jpeg_turbo,webp_m6,psnr_chroma_db,36.76885743651259,True
56,high_frequency_textures,jpeg_turbo,webp_m6,psnr_chroma_db,-15.548511942344811,True
57,high_frequency_textures,jpeg_turbo,webp_m6,psnr_chroma_db,28.27519513839125,True
58,high_frequency_textures,jpeg_turbo,webp_m6,psnr_chroma_db,39.342442770984555,True
59,high_frequency_textures,jpeg_turbo,webp_m6,psnr_chroma_db,45.59140493668625,True
60,high_frequency_textures,jpeg_turbo,webp_m6,psnr_chroma_db,61.00830528881842,True
61,smooth_surfaces_gradients,jpeg_turbo,webp_m6,psnr_chroma_db,81.74377417116307,True
62,smooth_surfaces_gradients,jpeg_turbo,webp_m6,psnr_chroma_db,83.5732085983467,True
63,smooth_surfaces_gradients,jpeg_turbo,webp_m6,psnr_chroma_db,67.3179210305615,True
64,smooth_surfaces_gradients,jpeg_turbo,webp_m6,psnr_chroma_db,26.63653906794641,True
65,smooth_surfaces_gradients,jpeg_turbo,webp_m6,psnr_chroma_db,45.902398106002586,True
66,smooth_surfaces_gradients,jpeg_turbo,webp_m6,psnr_chroma_db,37.105894912656034,True
67,smooth_surfaces_gradients,jpeg_turbo,webp_m6,psnr_chroma_db,39.15988431716766,True
68,smooth_surfaces_gradients,jpeg_turbo,webp_m6,psnr_chroma_db,65.88762537984894,True
69,smooth_surfaces_gradients,jpeg_turbo,webp_m6,psnr_chroma_db,55.64203165669615,True
70,smooth_surfaces_gradients,jpeg_turbo,webp_m6,psnr_chroma_db,73.20868451235557,True
71,smooth_surfaces_gradients,jpeg_turbo,webp_m6,psnr_chroma_db,112.08337640884692,True
72,smooth_surfaces_gradients,jpeg_turbo,webp_m6,psnr_chroma_db,,False
73,smooth_surfaces_gradients,jpeg_turbo,webp_m6,psnr_chroma_db,114.0263681414254,True
74,smooth_surfaces_gradients,jpeg_turbo,webp_m6,psnr_chroma_db,80.68957261315701,True
75,smooth_surfaces_gradients,jpeg_turbo,webp_m6,psnr_chroma_db,96.23814080818507,True
76,fine_detail,jpeg_turbo,webp_m6,psnr_chroma_db,79.76342364268312,True
77,fine_detail,jpeg_turbo,webp_m6,psnr_chroma_db,40.20914417203245,True
78,fine_detail,jpeg_turbo,webp_m6,psnr_chroma_db,36.1990835961038,True
79,fine_detail,jpeg_turbo,webp_m6,psnr_chroma_db,45.64232726097644,True
80,fine_detail,jpeg_turbo,webp_m6,psnr_chroma_db,18.565408144709995,True
81,fine_detail,jpeg_turbo,webp_m6,psnr_chroma_db,30.710665373695555,True
82,fine_detail,jpeg_turbo,webp_m6,psnr_chroma_db,43.66191039011438,True
83,fine_detail,jpeg_turbo,webp_m6,psnr_chroma_db,100.29868912676405,True
84,fine_detail,jpeg_turbo,webp_m6,psnr_chroma_db,107.99655731461667,True
85,fine_detail,jpeg_turbo,webp_m6,psnr_chroma_db,24.667295022558157,True
86,fine_detail,jpeg_turbo,webp_m6,psnr_chroma_db,74.32510089736259,True
87,fine_detail,jpeg_turbo,webp_m6,psnr_chroma_db,53.67809298900572,True
88,fine_detail,jpeg_turbo,webp_m6,psnr_chroma_db,95.82863965903066,True
89,fine_detail,jpeg_turbo,webp_m6,psnr_chroma_db,80.06848221193339,True
90,fine_detail,jpeg_turbo,webp_m6,psnr_chroma_db,122.42900894803816,True
91,text_sharp_edges,jpeg_turbo,webp_m6,psnr_chroma_db,133.86677352070552,True
92,text_sharp_edges,jpeg_turbo,webp_m6,psnr_chroma_db,71.7565417661362,True
93,text_sharp_edges,jpeg_turbo,webp_m6,psnr_chroma_db,124.21860555844711,True
94,text_sharp_edges,jpeg_turbo,webp_m6,psnr_chroma_db,73.42903027290035,True
95,text_sharp_edges,jpeg_turbo,webp_m6,psnr_chroma_db,,False
96,text_sharp_edges,jpeg_turbo,webp_m6,psnr_chroma_db,34.81629793682532,True
97,text_sharp_edges,jpeg_turbo,webp_m6,psnr_chroma_db,54.99850962119686,True
98,text_sharp_edges,jpeg_turbo,webp_m6,psnr_chroma_db,120.20443414548745,True
99,text_sharp_edges,jpeg_turbo,webp_m6,psnr_chroma_db,176.13286199142317,True
100,text_sharp_edges,jpeg_turbo,webp_m6,psnr_chroma_db,154.94333961670557,True
101,text_sharp_edges,jpeg_turbo,webp_m6,psnr_chroma_db,126.25826656819896,True
102,text_sharp_edges,jpeg_turbo,webp_m6,psnr_chroma_db,93.68884654951385,True
103,text_sharp_edges,jpeg_turbo,webp_m6,psnr_chroma_db,108.64184351066615,True
104,text_sharp_edges,jpeg_turbo,webp_m6,psnr_chroma_db,86.11275406789696,True
105,text_sharp_edges,jpeg_turbo,webp_m6,psnr_chroma_db,84.97742119031496,True
106,saturated_desaturated_colors,jpeg_turbo,webp_m6,psnr_chroma_db,89.45182078178517,True
107,saturated_desaturated_colors,jpeg_turbo,webp_m6,psnr_chroma_db,24.425744102298385,True
108,saturated_desaturated_colors,jpeg_turbo,webp_m6,psnr_chroma_db,49.094187747247496,True
109,saturated_desaturated_colors,jpeg_turbo,webp_m6,psnr_chroma_db,162.44393364578093,True
110,saturated_desaturated_colors,jpeg_turbo,webp_m6,psnr_chroma_db,89.94860924351005,True
111,saturated_desaturated_colors,jpeg_turbo,webp_m6,psnr_chroma_db,93.0684205646525,True
112,saturated_desaturated_colors,jpeg_turbo,webp_m6,psnr_chroma_db,37.24019522413309,True
113,saturated_desaturated_colors,jpeg_turbo,webp_m6,psnr_chroma_db,107.21628640172752,True
114,saturated_desaturated_colors,jpeg_turbo,webp_m6,psnr_chroma_db,42.73077084102847,True
115,saturated_desaturated_colors,jpeg_turbo,webp_m6,psnr_chroma_db,,False
116,saturated_desaturated_colors,jpeg_turbo,webp_m6,psnr_chroma_db,,False
117,saturated_desaturated_colors,jpeg_turbo,webp_m6,psnr_chroma_db,,False
118,saturated_desaturated_colors,jpeg_turbo,webp_m6,psnr_chroma_db,117.38717852398031,True
119,saturated_desaturated_colors,jpeg_turbo,webp_m6,psnr_chroma_db,121.79750571690522,True
120,saturated_desaturated_colors,jpeg_turbo,webp_m6,psnr_chroma_db,86.48790875799355,True
121,smooth_surfaces_gradients,jpeg_turbo,webp_m6,psnr_chroma_db,70.88090975904197,True
122,urban_architecture,jpeg_turbo,webp_m6,psnr_chroma_db,71.0266495809839,True
123,smooth_surfaces_gradients,jpeg_turbo,webp_m6,psnr_chroma_db,87.2774416954233,True
124,urban_architecture,jpeg_turbo,webp_m6,psnr_chroma_db,60.27697371237129,True
125,fine_detail,jpeg_turbo,webp_m6,psnr_chroma_db,17.70174090666121,True
126,natural_landscapes,jpeg_turbo,webp_m6,psnr_chroma_db,31.571607980025384,True
127,urban_architecture,jpeg_turbo,webp_m6,psnr_chroma_db,26.025003289696215,True
128,text_sharp_edges,jpeg_turbo,webp_m6,psnr_chroma_db,64.3890130300111,True
129,text_sharp_edges,jpeg_turbo,webp_m6,psnr_chroma_db,0.13851932554995727,True
130,natural_landscapes,jpeg_turbo,webp_m6,psnr_chroma_db,42.84423540019739,True
1,historical_portraits,webp_m4,webp_m6,psnr_chroma_db,,False
2,historical_portraits,webp_m4,webp_m6,psnr_chroma_db,2.008772734846942,True
3,historical_portraits,webp_m4,webp_m6,psnr_chroma_db,3.948140005369982,True
4,historical_portraits,webp_m4,webp_m6,psnr_chroma_db,6.385136233635036,True
5,historical_portraits,webp_m4,webp_m6,psnr_chroma_db,8.256417022170016,True
6,historical_portraits,webp_m4,webp_m6,psnr_chroma_db,4.714258923534942,True
7,historical_portraits,webp_m4,webp_m6,psnr_chroma_db,6.270318571276712,True
8,historical_portraits,webp_m4,webp_m6,psnr_chroma_db,4.985847017041056,True
9,historical_portraits,webp_m4,webp_m6,psnr_chroma_db,7.91137755280702,True
10,historical_portraits,webp_m4,webp_m6,psnr_chroma_db,3.5145914502599407,True
11,historical_portraits,webp_m4,webp_m6,psnr_chroma_db,8.781766219569697,True
12,historical_portraits,webp_m4,webp_m6,psnr_chroma_db,3.590266342002879,True
13,historical_portraits,webp_m4,webp_m6,psnr_chroma_db,64.14445230626369,True
14,historical_portraits,webp_m4,webp_m6,psnr_chroma_db,14.56812963195928,True
15,historical_portraits,webp_m4,webp_m6,psnr_chroma_db,,False
16,natural_landscapes,webp_m4,webp_m6,psnr_chroma_db,5.179340018435985,True
17,natural_landscapes,webp_m4,webp_m6,psnr_chroma_db,5.525383740866685,True
18,natural_landscapes,webp_m4,webp_m6,psnr_chroma_db,6.818843215071024,True
19,natural_landscapes,webp_m4,webp_m6,psnr_chroma_db,9.528685945037662,True
20,natural_landscapes,webp_m4,webp_m6,psnr_chroma_db,3.5754009727224867,True
21,natural_landscapes,webp_m4,webp_m6,psnr_chroma_db,6.898661746202617,True
22,natural_landscapes,webp_m4,webp_m6,psnr_chroma_db,5.594666690990624,True
23,natural_landscapes,webp_m4,webp_m6,psnr_chroma_db,2.3281019836515204,True
24,natural_landscapes,webp_m4,webp_m6,psnr_chroma_db,7.105717403984779,True
25,natural_landscapes,webp_m4,webp_m6,psnr_chroma_db,5.732884610842159,True
26,natural_landscapes,webp_m4,webp_m6,psnr_chroma_db,3.8199670957819176,True
27,natural_landscapes,webp_m4,webp_m6,psnr_chroma_db,6.952381558110199,True
28,natural_landscapes,webp_m4,webp_m6,psnr_chroma_db,4.797737193919183,True
29,natural_landscapes,webp_m4,webp_m6,psnr_chroma_db,7.531669316818346,True
30,natural_landscapes,webp_m4,webp_m6,psnr_chroma_db,5.665046453706291,True
31,urban_architecture,webp_m4,webp_m6,psnr_chroma_db,4.789643887825834,True
32,urban_architecture,webp_m4,webp_m6,psnr_chroma_db,7.914611277918682,True
33,urban_architecture,webp_m4,webp_m6,psnr_chroma_db,8.939462857968095,True
34,urban_architecture,webp_m4,webp_m6,psnr_chroma_db,7.966415093899815,True
35,urban_architecture,webp_m4,webp_m6,psnr_chroma_db,5.215282647261188,True
36,urban_architecture,webp_m4,webp_m6,psnr_chroma_db,4.5695595275112355,True
37,urban_architecture,webp_m4,webp_m6,psnr_chroma_db,3.3521555409743,True
38,urban_architecture,webp_m4,webp_m6,psnr_chroma_db,6.280452729808217,True
39,urban_architecture,webp_m4,webp_m6,psnr_chroma_db,3.587808072133991,True
40,urban_architecture,webp_m4,webp_m6,psnr_chroma_db,5.08627497441454,True
41,urban_architecture,webp_m4,webp_m6,psnr_chroma_db,5.209317869848817,True
42,urban_architecture,webp_m4,webp_m6,psnr_chroma_db,4.7026118072575285,True
43,urban_architecture,webp_m4,webp_m6,psnr_chroma_db,3.3743873541911107,True
44,urban_architecture,webp_m4,webp_m6,psnr_chroma_db,2.357097666858232,True
45,urban_architecture,webp_m4,webp_m6,psnr_chroma_db,,False
46,high_frequency_textures,webp_m4,webp_m6,psnr_chroma_db,1.655622200402651,True
47,high_frequency_textures,webp_m4,webp_m6,psnr_chroma_db,0.6003815788459432,True
48,high_frequency_textures,webp_m4,webp_m6,psnr_chroma_db,3.2222022765848513,True
49,high_frequency_textures,webp_m4,webp_m6,psnr_chroma_db,6.910298389299996,True
50,high_frequency_textures,webp_m4,webp_m6,psnr_chroma_db,4.487859387486792,True
51,high_frequency_textures,webp_m4,webp_m6,psnr_chroma_db,1.340054056497264,True
52,high_frequency_textures,webp_m4,webp_m6,psnr_chroma_db,2.037981397723043,True
53,high_frequency_textures,webp_m4,webp_m6,psnr_chroma_db,3.1316177644559184,True
54,high_frequency_textures,webp_m4,webp_m6,psnr_chroma_db,2.0738489154536355,True
55,high_frequency_textures,webp_m4,webp_m6,psnr_chroma_db,5.108152643793851,True
56,high_frequency_textures,webp_m4,webp_m6,psnr_chroma_db,2.610216012902966,True
57,high_frequency_textures,webp_m4,webp_m6,psnr_chroma_db,7.892709715900703,True
58,high_frequency_textures,webp_m4,webp_m6,psnr_chroma_db,4.091297872819721,True
59,high_frequency_textures,webp_m4,webp_m6,psnr_chroma_db,4.957308937652627,True
60,high_frequency_textures,webp_m4,webp_m6,psnr_chroma_db,5.5203530615816065,True
61,smooth_surfaces_gradients,webp_m4,webp_m6,psnr_chroma_db,1.138762461625542,True
62,smooth_surfaces_gradients,webp_m4,webp_m6,psnr_chroma_db,0.7112605193228427,True
63,smooth_surfaces_gradients,webp_m4,webp_m6,psnr_chroma_db,3.594049824889245,True
64,smooth_surfaces_gradients,webp_m4,webp_m6,psnr_chroma_db,5.819270771860663,True
65,smooth_surfaces_gradients,webp_m4,webp_m6,psnr_chroma_db,5.014746681301796,True
66,smooth_surfaces_gradients,webp_m4,webp_m6,psnr_chroma_db,11.414299437512486,True
67,smooth_surfaces_gradients,webp_m4,webp_m6,psnr_chroma_db,7.849929975989567,True
68,smooth_surfaces_gradients,webp_m4,webp_m6,psnr_chroma_db,4.221257762371078,True
69,smooth_surfaces_gradients,webp_m4,webp_m6,psnr_chroma_db,5.47731440678445,True
70,smooth_surfaces_gradients,webp_m4,webp_m6,psnr_chroma_db,4.925108844340409,True
71,smooth_surfaces_gradients,webp_m4,webp_m6,psnr_chroma_db,3.987108288749708,True
72,smooth_surfaces_gradients,webp_m4,webp_m6,psnr_chroma_db,4.633546282386902,True
73,smooth_surfaces_gradients,webp_m4,webp_m6,psnr_chroma_db,1.6394819527900895,True
74,smooth_surfaces_gradients,webp_m4,webp_m6,psnr_chroma_db,7.926147663104621,True
75,smooth_surfaces_gradients,webp_m4,webp_m6,psnr_chroma_db,4.699994348522352,True
76,fine_detail,webp_m4,webp_m6,psnr_chroma_db,4.167691414118591,True
77,fine_detail,webp_m4,webp_m6,psnr_chroma_db,5.516798401038425,True
78,fine_detail,webp_m4,webp_m6,psnr_chroma_db,4.330620348615599,True
79,fine_detail,webp_m4,webp_m6,psnr_chroma_db,4.248559004690189,True
80,fine_detail,webp_m4,webp_m6,psnr_chroma_db,5.776007101682601,True
81,fine_detail,webp_m4,webp_m6,psnr_chroma_db,6.389851279278225,True
82,fine_detail,webp_m4,webp_m6,psnr_chroma_db,5.614632782089113,True
83,fine_detail,webp_m4,webp_m6,psnr_chroma_db,4.342692752252075,True
84,fine_detail,webp_m4,webp_m6,psnr_chroma_db,3.6620650382396924,True
85,fine_detail,webp_m4,webp_m6,psnr_chroma_db,4.014780427532538,True
86,fine_detail,webp_m4,webp_m6,psnr_chroma_db,6.90554310646283,True
87,fine_detail,webp_m4,webp_m6,psnr_chroma_db,4.565048090592505,True
88,fine_detail,webp_m4,webp_m6,psnr_chroma_db,2.3982851292686735,True
89,fine_detail,webp_m4,webp_m6,psnr_chroma_db,6.31018833930983,True
90,fine_detail,webp_m4,webp_m6,psnr_chroma_db,3.31861920514247,True
91,text_sharp_edges,webp_m4,webp_m6,psnr_chroma_db,5.497924060495785,True
92,text_sharp_edges,webp_m4,webp_m6,psnr_chroma_db,7.023579071160135,True
93,text_sharp_edges,webp_m4,webp_m6,psnr_chroma_db,3.4426811858240924,True
94,text_sharp_edges,webp_m4,webp_m6,psnr_chroma_db,4.154974148213997,True
95,text_sharp_edges,webp_m4,webp_m6,psnr_chroma_db,8.957487612203007,True
96,text_sharp_edges,webp_m4,webp_m6,psnr_chroma_db,3.5651234800707643,True
97,text_sharp_edges,webp_m4,webp_m6,psnr_chroma_db,1.5492394878580784,True
98,text_sharp_edges,webp_m4,webp_m6,psnr_chroma_db,4.368607351228415,True
99,text_sharp_edges,webp_m4,webp_m6,psnr_chroma_db,-1.4102218178100867,True
100,text_sharp_edges,webp_m4,webp_m6,psnr_chroma_db,3.3460487745734957,True
101,text_sharp_edges,webp_m4,webp_m6,psnr_chroma_db,20.998137409018682,True
102,text_sharp_edges,webp_m4,webp_m6,psnr_chroma_db,6.579980176505451,True
103,text_sharp_edges,webp_m4,webp_m6,psnr_chroma_db,3.240941334127112,True
104,text_sharp_edges,webp_m4,webp_m6,psnr_chroma_db,5.245352533043168,True
105,text_sharp_edges,webp_m4,webp_m6,psnr_chroma_db,4.7356225144702835,True
106,saturated_desaturated_colors,webp_m4,webp_m6,psnr_chroma_db,2.1791681516079686,True
107,saturated_desaturated_colors,webp_m4,webp_m6,psnr_chroma_db,6.627942048408153,True
108,saturated_desaturated_colors,webp_m4,webp_m6,psnr_chroma_db,4.578850738477924,True
109,saturated_desaturated_colors,webp_m4,webp_m6,psnr_chroma_db,8.025606592626255,True
110,saturated_desaturated_colors,webp_m4,webp_m6,psnr_chroma_db,3.1959782341474563,True
111,saturated_desaturated_colors,webp_m4,webp_m6,psnr_chroma_db,3.248203041429032,True
112,saturated_desaturated_colors,webp_m4,webp_m6,psnr_chroma_db,6.26946389100802,True
113,saturated_desaturated_colors,webp_m4,webp_m6,psnr_chroma_db,2.129940106450179,True
114,saturated_desaturated_colors,webp_m4,webp_m6,psnr_chroma_db,4.229750336285187,True
115,saturated_desaturated_colors,webp_m4,webp_m6,psnr_chroma_db,8.879519746855147,True
116,saturated_desaturated_colors,webp_m4,webp_m6,psnr_chroma_db,,False
117,saturated_desaturated_colors,webp_m4,webp_m6,psnr_chroma_db,,False
118,saturated_desaturated_colors,webp_m4,webp_m6,psnr_chroma_db,1.757512742681322,True
119,saturated_desaturated_colors,webp_m4,webp_m6,psnr_chroma_db,2.7585227903420773,True
120,saturated_desaturated_colors,webp_m4,webp_m6,psnr_chroma_db,1.6616746254408232,True
121,smooth_surfaces_gradients,webp_m4,webp_m6,psnr_chroma_db,4.60537908014147,True
122,urban_architecture,webp_m4,webp_m6,psnr_chroma_db,4.394286500974198,True
123,smooth_surfaces_gradients,webp_m4,webp_m6,psnr_chroma_db,5.239119347920784,True
124,urban_architecture,webp_m4,webp_m6,psnr_chroma_db,7.2829378860747696,True
125,fine_detail,webp_m4,webp_m6,psnr_chroma_db,5.042650872151477,True
126,natural_landscapes,webp_m4,webp_m6,psnr_chroma_db,5.190183043193519,True
127,urban_architecture,webp_m4,webp_m6,psnr_chroma_db,7.813107270347319,True
128,text_sharp_edges,webp_m4,webp_m6,psnr_chroma_db,7.590187848368823,True
129,text_sharp_edges,webp_m4,webp_m6,psnr_chroma_db,2.1161214107416892,True
130,natural_landscapes,webp_m4,webp_m6,psnr_chroma_db,8.394197920461878,True
1,historical_portraits,webp_m6_historical,webp_m6,psnr_chroma_db,0.0,True
2,historical_portraits,webp_m6_historical,webp_m6,psnr_chroma_db,0.0,True
3,historical_portraits,webp_m6_historical,webp_m6,psnr_chroma_db,0.0,True
4,historical_portraits,webp_m6_historical,webp_m6,psnr_chroma_db,0.0,True
5,historical_portraits,webp_m6_historical,webp_m6,psnr_chroma_db,0.0,True
6,historical_portraits,webp_m6_historical,webp_m6,psnr_chroma_db,0.0,True
7,historical_portraits,webp_m6_historical,webp_m6,psnr_chroma_db,0.0,True
8,historical_portraits,webp_m6_historical,webp_m6,psnr_chroma_db,0.0,True
9,historical_portraits,webp_m6_historical,webp_m6,psnr_chroma_db,0.0,True
10,historical_portraits,webp_m6_historical,webp_m6,psnr_chroma_db,0.0,True
11,historical_portraits,webp_m6_historical,webp_m6,psnr_chroma_db,0.0,True
12,historical_portraits,webp_m6_historical,webp_m6,psnr_chroma_db,0.0,True
13,historical_portraits,webp_m6_historical,webp_m6,psnr_chroma_db,0.0,True
14,historical_portraits,webp_m6_historical,webp_m6,psnr_chroma_db,0.0,True
15,historical_portraits,webp_m6_historical,webp_m6,psnr_chroma_db,,False
16,natural_landscapes,webp_m6_historical,webp_m6,psnr_chroma_db,0.0,True
17,natural_landscapes,webp_m6_historical,webp_m6,psnr_chroma_db,0.0,True
18,natural_landscapes,webp_m6_historical,webp_m6,psnr_chroma_db,0.0,True
19,natural_landscapes,webp_m6_historical,webp_m6,psnr_chroma_db,0.0,True
20,natural_landscapes,webp_m6_historical,webp_m6,psnr_chroma_db,0.0,True
21,natural_landscapes,webp_m6_historical,webp_m6,psnr_chroma_db,0.0,True
22,natural_landscapes,webp_m6_historical,webp_m6,psnr_chroma_db,0.0,True
23,natural_landscapes,webp_m6_historical,webp_m6,psnr_chroma_db,0.0,True
24,natural_landscapes,webp_m6_historical,webp_m6,psnr_chroma_db,0.0,True
25,natural_landscapes,webp_m6_historical,webp_m6,psnr_chroma_db,0.0,True
26,natural_landscapes,webp_m6_historical,webp_m6,psnr_chroma_db,0.0,True
27,natural_landscapes,webp_m6_historical,webp_m6,psnr_chroma_db,0.0,True
28,natural_landscapes,webp_m6_historical,webp_m6,psnr_chroma_db,0.0,True
29,natural_landscapes,webp_m6_historical,webp_m6,psnr_chroma_db,0.0,True
30,natural_landscapes,webp_m6_historical,webp_m6,psnr_chroma_db,0.0,True
31,urban_architecture,webp_m6_historical,webp_m6,psnr_chroma_db,0.0,True
32,urban_architecture,webp_m6_historical,webp_m6,psnr_chroma_db,0.0,True
33,urban_architecture,webp_m6_historical,webp_m6,psnr_chroma_db,0.0,True
34,urban_architecture,webp_m6_historical,webp_m6,psnr_chroma_db,0.0,True
35,urban_architecture,webp_m6_historical,webp_m6,psnr_chroma_db,0.0,True
36,urban_architecture,webp_m6_historical,webp_m6,psnr_chroma_db,0.0,True
37,urban_architecture,webp_m6_historical,webp_m6,psnr_chroma_db,0.0,True
38,urban_architecture,webp_m6_historical,webp_m6,psnr_chroma_db,0.0,True
39,urban_architecture,webp_m6_historical,webp_m6,psnr_chroma_db,0.0,True
40,urban_architecture,webp_m6_historical,webp_m6,psnr_chroma_db,0.0,True
41,urban_architecture,webp_m6_historical,webp_m6,psnr_chroma_db,0.0,True
42,urban_architecture,webp_m6_historical,webp_m6,psnr_chroma_db,0.0,True
43,urban_architecture,webp_m6_historical,webp_m6,psnr_chroma_db,0.0,True
44,urban_architecture,webp_m6_historical,webp_m6,psnr_chroma_db,0.0,True
45,urban_architecture,webp_m6_historical,webp_m6,psnr_chroma_db,,False
46,high_frequency_textures,webp_m6_historical,webp_m6,psnr_chroma_db,0.0,True
47,high_frequency_textures,webp_m6_historical,webp_m6,psnr_chroma_db,0.0,True
48,high_frequency_textures,webp_m6_historical,webp_m6,psnr_chroma_db,0.0,True
49,high_frequency_textures,webp_m6_historical,webp_m6,psnr_chroma_db,0.0,True
50,high_frequency_textures,webp_m6_historical,webp_m6,psnr_chroma_db,0.0,True
51,high_frequency_textures,webp_m6_historical,webp_m6,psnr_chroma_db,0.0,True
52,high_frequency_textures,webp_m6_historical,webp_m6,psnr_chroma_db,0.0,True
53,high_frequency_textures,webp_m6_historical,webp_m6,psnr_chroma_db,0.0,True
54,high_frequency_textures,webp_m6_historical,webp_m6,psnr_chroma_db,0.0,True
55,high_frequency_textures,webp_m6_historical,webp_m6,psnr_chroma_db,0.0,True
56,high_frequency_textures,webp_m6_historical,webp_m6,psnr_chroma_db,0.0,True
57,high_frequency_textures,webp_m6_historical,webp_m6,psnr_chroma_db,0.0,True
58,high_frequency_textures,webp_m6_historical,webp_m6,psnr_chroma_db,0.0,True
59,high_frequency_textures,webp_m6_historical,webp_m6,psnr_chroma_db,0.0,True
60,high_frequency_textures,webp_m6_historical,webp_m6,psnr_chroma_db,0.0,True
61,smooth_surfaces_gradients,webp_m6_historical,webp_m6,psnr_chroma_db,0.0,True
62,smooth_surfaces_gradients,webp_m6_historical,webp_m6,psnr_chroma_db,0.0,True
63,smooth_surfaces_gradients,webp_m6_historical,webp_m6,psnr_chroma_db,0.0,True
64,smooth_surfaces_gradients,webp_m6_historical,webp_m6,psnr_chroma_db,0.0,True
65,smooth_surfaces_gradients,webp_m6_historical,webp_m6,psnr_chroma_db,0.0,True
66,smooth_surfaces_gradients,webp_m6_historical,webp_m6,psnr_chroma_db,0.0,True
67,smooth_surfaces_gradients,webp_m6_historical,webp_m6,psnr_chroma_db,0.0,True
68,smooth_surfaces_gradients,webp_m6_historical,webp_m6,psnr_chroma_db,0.0,True
69,smooth_surfaces_gradients,webp_m6_historical,webp_m6,psnr_chroma_db,0.0,True
70,smooth_surfaces_gradients,webp_m6_historical,webp_m6,psnr_chroma_db,0.0,True
71,smooth_surfaces_gradients,webp_m6_historical,webp_m6,psnr_chroma_db,0.0,True
72,smooth_surfaces_gradients,webp_m6_historical,webp_m6,psnr_chroma_db,0.0,True
73,smooth_surfaces_gradients,webp_m6_historical,webp_m6,psnr_chroma_db,0.0,True
74,smooth_surfaces_gradients,webp_m6_historical,webp_m6,psnr_chroma_db,0.0,True
75,smooth_surfaces_gradients,webp_m6_historical,webp_m6,psnr_chroma_db,0.0,True
76,fine_detail,webp_m6_historical,webp_m6,psnr_chroma_db,0.0,True
77,fine_detail,webp_m6_historical,webp_m6,psnr_chroma_db,0.0,True
78,fine_detail,webp_m6_historical,webp_m6,psnr_chroma_db,0.0,True
79,fine_detail,webp_m6_historical,webp_m6,psnr_chroma_db,0.0,True
80,fine_detail,webp_m6_historical,webp_m6,psnr_chroma_db,0.0,True
81,fine_detail,webp_m6_historical,webp_m6,psnr_chroma_db,0.0,True
82,fine_detail,webp_m6_historical,webp_m6,psnr_chroma_db,0.0,True
83,fine_detail,webp_m6_historical,webp_m6,psnr_chroma_db,0.0,True
84,fine_detail,webp_m6_historical,webp_m6,psnr_chroma_db,0.0,True
85,fine_detail,webp_m6_historical,webp_m6,psnr_chroma_db,0.0,True
86,fine_detail,webp_m6_historical,webp_m6,psnr_chroma_db,0.0,True
87,fine_detail,webp_m6_historical,webp_m6,psnr_chroma_db,0.0,True
88,fine_detail,webp_m6_historical,webp_m6,psnr_chroma_db,0.0,True
89,fine_detail,webp_m6_historical,webp_m6,psnr_chroma_db,0.0,True
90,fine_detail,webp_m6_historical,webp_m6,psnr_chroma_db,0.0,True
91,text_sharp_edges,webp_m6_historical,webp_m6,psnr_chroma_db,0.0,True
92,text_sharp_edges,webp_m6_historical,webp_m6,psnr_chroma_db,0.0,True
93,text_sharp_edges,webp_m6_historical,webp_m6,psnr_chroma_db,0.0,True
94,text_sharp_edges,webp_m6_historical,webp_m6,psnr_chroma_db,0.0,True
95,text_sharp_edges,webp_m6_historical,webp_m6,psnr_chroma_db,0.0,True
96,text_sharp_edges,webp_m6_historical,webp_m6,psnr_chroma_db,0.0,True
97,text_sharp_edges,webp_m6_historical,webp_m6,psnr_chroma_db,0.0,True
98,text_sharp_edges,webp_m6_historical,webp_m6,psnr_chroma_db,0.0,True
99,text_sharp_edges,webp_m6_historical,webp_m6,psnr_chroma_db,0.0,True
100,text_sharp_edges,webp_m6_historical,webp_m6,psnr_chroma_db,0.0,True
101,text_sharp_edges,webp_m6_historical,webp_m6,psnr_chroma_db,0.0,True
102,text_sharp_edges,webp_m6_historical,webp_m6,psnr_chroma_db,0.0,True
103,text_sharp_edges,webp_m6_historical,webp_m6,psnr_chroma_db,0.0,True
104,text_sharp_edges,webp_m6_historical,webp_m6,psnr_chroma_db,0.0,True
105,text_sharp_edges,webp_m6_historical,webp_m6,psnr_chroma_db,0.0,True
106,saturated_desaturated_colors,webp_m6_historical,webp_m6,psnr_chroma_db,0.0,True
107,saturated_desaturated_colors,webp_m6_historical,webp_m6,psnr_chroma_db,0.0,True
108,saturated_desaturated_colors,webp_m6_historical,webp_m6,psnr_chroma_db,0.0,True
109,saturated_desaturated_colors,webp_m6_historical,webp_m6,psnr_chroma_db,0.0,True
110,saturated_desaturated_colors,webp_m6_historical,webp_m6,psnr_chroma_db,0.0,True
111,saturated_desaturated_colors,webp_m6_historical,webp_m6,psnr_chroma_db,0.0,True
112,saturated_desaturated_colors,webp_m6_historical,webp_m6,psnr_chroma_db,0.0,True
113,saturated_desaturated_colors,webp_m6_historical,webp_m6,psnr_chroma_db,0.0,True
114,saturated_desaturated_colors,webp_m6_historical,webp_m6,psnr_chroma_db,0.0,True
115,saturated_desaturated_colors,webp_m6_historical,webp_m6,psnr_chroma_db,0.0,True
116,saturated_desaturated_colors,webp_m6_historical,webp_m6,psnr_chroma_db,,False
117,saturated_desaturated_colors,webp_m6_historical,webp_m6,psnr_chroma_db,,False
118,saturated_desaturated_colors,webp_m6_historical,webp_m6,psnr_chroma_db,0.0,True
119,saturated_desaturated_colors,webp_m6_historical,webp_m6,psnr_chroma_db,0.0,True
120,saturated_desaturated_colors,webp_m6_historical,webp_m6,psnr_chroma_db,0.0,True
121,smooth_surfaces_gradients,webp_m6_historical,webp_m6,psnr_chroma_db,0.0,True
122,urban_architecture,webp_m6_historical,webp_m6,psnr_chroma_db,0.0,True
123,smooth_surfaces_gradients,webp_m6_historical,webp_m6,psnr_chroma_db,0.0,True
124,urban_architecture,webp_m6_historical,webp_m6,psnr_chroma_db,0.0,True
125,fine_detail,webp_m6_historical,webp_m6,psnr_chroma_db,0.0,True
126,natural_landscapes,webp_m6_historical,webp_m6,psnr_chroma_db,0.0,True
127,urban_architecture,webp_m6_historical,webp_m6,psnr_chroma_db,0.0,True
128,text_sharp_edges,webp_m6_historical,webp_m6,psnr_chroma_db,0.0,True
129,text_sharp_edges,webp_m6_historical,webp_m6,psnr_chroma_db,0.0,True
130,natural_landscapes,webp_m6_historical,webp_m6,psnr_chroma_db,0.0,True
1,historical_portraits,jxl_e3,webp_m6,psnr_chroma_db,,False
2,historical_portraits,jxl_e3,webp_m6,psnr_chroma_db,6.8465968023837975,True
3,historical_portraits,jxl_e3,webp_m6,psnr_chroma_db,41.545492944998095,True
4,historical_portraits,jxl_e3,webp_m6,psnr_chroma_db,-9.023540200454116,True
5,historical_portraits,jxl_e3,webp_m6,psnr_chroma_db,57.92516946028732,True
6,historical_portraits,jxl_e3,webp_m6,psnr_chroma_db,-6.1561023862761965,True
7,historical_portraits,jxl_e3,webp_m6,psnr_chroma_db,-10.977970034643459,True
8,historical_portraits,jxl_e3,webp_m6,psnr_chroma_db,86.51750946006888,True
9,historical_portraits,jxl_e3,webp_m6,psnr_chroma_db,21.422081495136226,True
10,historical_portraits,jxl_e3,webp_m6,psnr_chroma_db,72.023973955646,True
11,historical_portraits,jxl_e3,webp_m6,psnr_chroma_db,-37.17595831633833,True
12,historical_portraits,jxl_e3,webp_m6,psnr_chroma_db,42.2013542385663,True
13,historical_portraits,jxl_e3,webp_m6,psnr_chroma_db,,False
14,historical_portraits,jxl_e3,webp_m6,psnr_chroma_db,38.92503966909446,True
15,historical_portraits,jxl_e3,webp_m6,psnr_chroma_db,,False
16,natural_landscapes,jxl_e3,webp_m6,psnr_chroma_db,-15.12631280462504,True
17,natural_landscapes,jxl_e3,webp_m6,psnr_chroma_db,66.90032328936684,True
18,natural_landscapes,jxl_e3,webp_m6,psnr_chroma_db,-5.111403879821175,True
19,natural_landscapes,jxl_e3,webp_m6,psnr_chroma_db,-10.811271041584469,True
20,natural_landscapes,jxl_e3,webp_m6,psnr_chroma_db,10.478142638640398,True
21,natural_landscapes,jxl_e3,webp_m6,psnr_chroma_db,8.148732090911647,True
22,natural_landscapes,jxl_e3,webp_m6,psnr_chroma_db,31.942713226039764,True
23,natural_landscapes,jxl_e3,webp_m6,psnr_chroma_db,-5.018595040049512,True
24,natural_landscapes,jxl_e3,webp_m6,psnr_chroma_db,25.292202934999565,True
25,natural_landscapes,jxl_e3,webp_m6,psnr_chroma_db,16.03859688460676,True
26,natural_landscapes,jxl_e3,webp_m6,psnr_chroma_db,-2.530390248313996,True
27,natural_landscapes,jxl_e3,webp_m6,psnr_chroma_db,52.354826616730946,True
28,natural_landscapes,jxl_e3,webp_m6,psnr_chroma_db,7.089340407018074,True
29,natural_landscapes,jxl_e3,webp_m6,psnr_chroma_db,54.941725470143886,True
30,natural_landscapes,jxl_e3,webp_m6,psnr_chroma_db,34.25375213643109,True
31,urban_architecture,jxl_e3,webp_m6,psnr_chroma_db,25.39352929394949,True
32,urban_architecture,jxl_e3,webp_m6,psnr_chroma_db,9.117433483613446,True
33,urban_architecture,jxl_e3,webp_m6,psnr_chroma_db,-2.1207394922237666,True
34,urban_architecture,jxl_e3,webp_m6,psnr_chroma_db,44.21208452943861,True
35,urban_architecture,jxl_e3,webp_m6,psnr_chroma_db,-1.274403228511678,True
36,urban_architecture,jxl_e3,webp_m6,psnr_chroma_db,12.180141005332267,True
37,urban_architecture,jxl_e3,webp_m6,psnr_chroma_db,0.7753321288927362,True
38,urban_architecture,jxl_e3,webp_m6,psnr_chroma_db,-7.656014284356882,True
39,urban_architecture,jxl_e3,webp_m6,psnr_chroma_db,-11.920177659292364,True
40,urban_architecture,jxl_e3,webp_m6,psnr_chroma_db,15.262022560965649,True
41,urban_architecture,jxl_e3,webp_m6,psnr_chroma_db,17.69019171992172,True
42,urban_architecture,jxl_e3,webp_m6,psnr_chroma_db,-0.6745571179526233,True
43,urban_architecture,jxl_e3,webp_m6,psnr_chroma_db,47.76429306986467,True
44,urban_architecture,jxl_e3,webp_m6,psnr_chroma_db,10.4006894470716,True
45,urban_architecture,jxl_e3,webp_m6,psnr_chroma_db,,False
46,high_frequency_textures,jxl_e3,webp_m6,psnr_chroma_db,68.7106376354416,True
47,high_frequency_textures,jxl_e3,webp_m6,psnr_chroma_db,94.40070818632837,True
48,high_frequency_textures,jxl_e3,webp_m6,psnr_chroma_db,102.37494145563146,True
49,high_frequency_textures,jxl_e3,webp_m6,psnr_chroma_db,-12.716679058075309,True
50,high_frequency_textures,jxl_e3,webp_m6,psnr_chroma_db,5.309658425813146,True
51,high_frequency_textures,jxl_e3,webp_m6,psnr_chroma_db,-17.865579388909623,True
52,high_frequency_textures,jxl_e3,webp_m6,psnr_chroma_db,-10.65050720549432,True
53,high_frequency_textures,jxl_e3,webp_m6,psnr_chroma_db,-2.1807445510202417,True
54,high_frequency_textures,jxl_e3,webp_m6,psnr_chroma_db,-13.871757169949694,True
55,high_frequency_textures,jxl_e3,webp_m6,psnr_chroma_db,-16.308919663043074,True
56,high_frequency_textures,jxl_e3,webp_m6,psnr_chroma_db,-25.868736601536014,True
57,high_frequency_textures,jxl_e3,webp_m6,psnr_chroma_db,28.550568076665694,True
58,high_frequency_textures,jxl_e3,webp_m6,psnr_chroma_db,35.512757982786525,True
59,high_frequency_textures,jxl_e3,webp_m6,psnr_chroma_db,42.57865326744117,True
60,high_frequency_textures,jxl_e3,webp_m6,psnr_chroma_db,30.442814743477896,True
61,smooth_surfaces_gradients,jxl_e3,webp_m6,psnr_chroma_db,7.533928066439866,True
62,smooth_surfaces_gradients,jxl_e3,webp_m6,psnr_chroma_db,5.629506400817341,True
63,smooth_surfaces_gradients,jxl_e3,webp_m6,psnr_chroma_db,6.972236955535127,True
64,smooth_surfaces_gradients,jxl_e3,webp_m6,psnr_chroma_db,30.42570264395097,True
65,smooth_surfaces_gradients,jxl_e3,webp_m6,psnr_chroma_db,31.995309853143738,True
66,smooth_surfaces_gradients,jxl_e3,webp_m6,psnr_chroma_db,-9.106055829290948,True
67,smooth_surfaces_gradients,jxl_e3,webp_m6,psnr_chroma_db,25.42995887002686,True
68,smooth_surfaces_gradients,jxl_e3,webp_m6,psnr_chroma_db,-42.3772837165752,True
69,smooth_surfaces_gradients,jxl_e3,webp_m6,psnr_chroma_db,-17.453029113832862,True
70,smooth_surfaces_gradients,jxl_e3,webp_m6,psnr_chroma_db,-10.404541508156628,True
71,smooth_surfaces_gradients,jxl_e3,webp_m6,psnr_chroma_db,78.18571854042591,True
72,smooth_surfaces_gradients,jxl_e3,webp_m6,psnr_chroma_db,,False
73,smooth_surfaces_gradients,jxl_e3,webp_m6,psnr_chroma_db,17.806548072531303,True
74,smooth_surfaces_gradients,jxl_e3,webp_m6,psnr_chroma_db,16.236142180389045,True
75,smooth_surfaces_gradients,jxl_e3,webp_m6,psnr_chroma_db,2.0070887892058353,True
76,fine_detail,jxl_e3,webp_m6,psnr_chroma_db,164.42847903063225,True
77,fine_detail,jxl_e3,webp_m6,psnr_chroma_db,18.906467891488997,True
78,fine_detail,jxl_e3,webp_m6,psnr_chroma_db,22.48056802007494,True
79,fine_detail,jxl_e3,webp_m6,psnr_chroma_db,41.07115311112865,True
80,fine_detail,jxl_e3,webp_m6,psnr_chroma_db,-7.397391947991827,True
81,fine_detail,jxl_e3,webp_m6,psnr_chroma_db,-1.7889296707814584,True
82,fine_detail,jxl_e3,webp_m6,psnr_chroma_db,-8.725568605067402,True
83,fine_detail,jxl_e3,webp_m6,psnr_chroma_db,27.6123131457912,True
84,fine_detail,jxl_e3,webp_m6,psnr_chroma_db,15.269560644752534,True
85,fine_detail,jxl_e3,webp_m6,psnr_chroma_db,8.080598978961007,True
86,fine_detail,jxl_e3,webp_m6,psnr_chroma_db,-38.80621938110361,True
87,fine_detail,jxl_e3,webp_m6,psnr_chroma_db,56.32608744402346,True
88,fine_detail,jxl_e3,webp_m6,psnr_chroma_db,,False
89,fine_detail,jxl_e3,webp_m6,psnr_chroma_db,34.394151681327756,True
90,fine_detail,jxl_e3,webp_m6,psnr_chroma_db,54.64888028411408,True
91,text_sharp_edges,jxl_e3,webp_m6,psnr_chroma_db,42.58386808536625,True
92,text_sharp_edges,jxl_e3,webp_m6,psnr_chroma_db,13.40866448046405,True
93,text_sharp_edges,jxl_e3,webp_m6,psnr_chroma_db,120.60291254412707,True
94,text_sharp_edges,jxl_e3,webp_m6,psnr_chroma_db,24.962301097737605,True
95,text_sharp_edges,jxl_e3,webp_m6,psnr_chroma_db,,False
96,text_sharp_edges,jxl_e3,webp_m6,psnr_chroma_db,-11.440787783478523,True
97,text_sharp_edges,jxl_e3,webp_m6,psnr_chroma_db,30.900955480983193,True
98,text_sharp_edges,jxl_e3,webp_m6,psnr_chroma_db,25.628668234283047,True
99,text_sharp_edges,jxl_e3,webp_m6,psnr_chroma_db,-17.52304540653108,True
100,text_sharp_edges,jxl_e3,webp_m6,psnr_chroma_db,129.47233474009923,True
101,text_sharp_edges,jxl_e3,webp_m6,psnr_chroma_db,-7.697747774439501,True
102,text_sharp_edges,jxl_e3,webp_m6,psnr_chroma_db,-0.5674023957986662,True
103,text_sharp_edges,jxl_e3,webp_m6,psnr_chroma_db,31.744011622730085,True
104,text_sharp_edges,jxl_e3,webp_m6,psnr_chroma_db,45.25694344481808,True
105,text_sharp_edges,jxl_e3,webp_m6,psnr_chroma_db,18.998835719875572,True
106,saturated_desaturated_colors,jxl_e3,webp_m6,psnr_chroma_db,31.752102768816435,True
107,saturated_desaturated_colors,jxl_e3,webp_m6,psnr_chroma_db,,False
108,saturated_desaturated_colors,jxl_e3,webp_m6,psnr_chroma_db,21.877115975999885,True
109,saturated_desaturated_colors,jxl_e3,webp_m6,psnr_chroma_db,91.48357892833631,True
110,saturated_desaturated_colors,jxl_e3,webp_m6,psnr_chroma_db,118.92978002274282,True
111,saturated_desaturated_colors,jxl_e3,webp_m6,psnr_chroma_db,47.63474951088986,True
112,saturated_desaturated_colors,jxl_e3,webp_m6,psnr_chroma_db,21.578481983705665,True
113,saturated_desaturated_colors,jxl_e3,webp_m6,psnr_chroma_db,110.90090112766103,True
114,saturated_desaturated_colors,jxl_e3,webp_m6,psnr_chroma_db,2.7309209487626385,True
115,saturated_desaturated_colors,jxl_e3,webp_m6,psnr_chroma_db,,False
116,saturated_desaturated_colors,jxl_e3,webp_m6,psnr_chroma_db,,False
117,saturated_desaturated_colors,jxl_e3,webp_m6,psnr_chroma_db,,False
118,saturated_desaturated_colors,jxl_e3,webp_m6,psnr_chroma_db,84.11666912420854,True
119,saturated_desaturated_colors,jxl_e3,webp_m6,psnr_chroma_db,124.32806049765195,True
120,saturated_desaturated_colors,jxl_e3,webp_m6,psnr_chroma_db,95.73002530398264,True
121,smooth_surfaces_gradients,jxl_e3,webp_m6,psnr_chroma_db,8.530989559935499,True
122,urban_architecture,jxl_e3,webp_m6,psnr_chroma_db,35.70586876693469,True
123,smooth_surfaces_gradients,jxl_e3,webp_m6,psnr_chroma_db,6.405999498621817,True
124,urban_architecture,jxl_e3,webp_m6,psnr_chroma_db,0.1098736671331979,True
125,fine_detail,jxl_e3,webp_m6,psnr_chroma_db,7.243939505123453,True
126,natural_landscapes,jxl_e3,webp_m6,psnr_chroma_db,65.94683939804125,True
127,urban_architecture,jxl_e3,webp_m6,psnr_chroma_db,-6.170352165802518,True
128,text_sharp_edges,jxl_e3,webp_m6,psnr_chroma_db,29.83415505362972,True
129,text_sharp_edges,jxl_e3,webp_m6,psnr_chroma_db,4.49426241765658,True
130,natural_landscapes,jxl_e3,webp_m6,psnr_chroma_db,8.027027582189895,True
1,historical_portraits,jxl_e7,webp_m6,psnr_chroma_db,,False
2,historical_portraits,jxl_e7,webp_m6,psnr_chroma_db,-31.395825013379365,True
3,historical_portraits,jxl_e7,webp_m6,psnr_chroma_db,30.2548898402913,True
4,historical_portraits,jxl_e7,webp_m6,psnr_chroma_db,-70.86800267233913,True
5,historical_portraits,jxl_e7,webp_m6,psnr_chroma_db,22.453581176236924,True
6,historical_portraits,jxl_e7,webp_m6,psnr_chroma_db,-2.6237387409998814,True
7,historical_portraits,jxl_e7,webp_m6,psnr_chroma_db,5.939958055893135,True
8,historical_portraits,jxl_e7,webp_m6,psnr_chroma_db,13.096172346128743,True
9,historical_portraits,jxl_e7,webp_m6,psnr_chroma_db,-8.173946281203238,True
10,historical_portraits,jxl_e7,webp_m6,psnr_chroma_db,-53.711597038221704,True
11,historical_portraits,jxl_e7,webp_m6,psnr_chroma_db,-60.332211151304726,True
12,historical_portraits,jxl_e7,webp_m6,psnr_chroma_db,7.47767221072555,True
13,historical_portraits,jxl_e7,webp_m6,psnr_chroma_db,,False
14,historical_portraits,jxl_e7,webp_m6,psnr_chroma_db,-35.588272863499256,True
15,historical_portraits,jxl_e7,webp_m6,psnr_chroma_db,,False
16,natural_landscapes,jxl_e7,webp_m6,psnr_chroma_db,-5.3222709116452105,True
17,natural_landscapes,jxl_e7,webp_m6,psnr_chroma_db,10.994250814560157,True
18,natural_landscapes,jxl_e7,webp_m6,psnr_chroma_db,-42.34651030010319,True
19,natural_landscapes,jxl_e7,webp_m6,psnr_chroma_db,-48.83615693292678,True
20,natural_landscapes,jxl_e7,webp_m6,psnr_chroma_db,-13.207671322211578,True
21,natural_landscapes,jxl_e7,webp_m6,psnr_chroma_db,-0.23900778913088505,True
22,natural_landscapes,jxl_e7,webp_m6,psnr_chroma_db,7.641507991445695,True
23,natural_landscapes,jxl_e7,webp_m6,psnr_chroma_db,-24.872412929152578,True
24,natural_landscapes,jxl_e7,webp_m6,psnr_chroma_db,-2.9498184506134395,True
25,natural_landscapes,jxl_e7,webp_m6,psnr_chroma_db,-9.790489671056212,True
26,natural_landscapes,jxl_e7,webp_m6,psnr_chroma_db,18.09595504329906,True
27,natural_landscapes,jxl_e7,webp_m6,psnr_chroma_db,-13.22362626273269,True
28,natural_landscapes,jxl_e7,webp_m6,psnr_chroma_db,-14.00138107949096,True
29,natural_landscapes,jxl_e7,webp_m6,psnr_chroma_db,29.055250946496813,True
30,natural_landscapes,jxl_e7,webp_m6,psnr_chroma_db,3.771575443460695,True
31,urban_architecture,jxl_e7,webp_m6,psnr_chroma_db,24.650507525981613,True
32,urban_architecture,jxl_e7,webp_m6,psnr_chroma_db,17.447909643872727,True
33,urban_architecture,jxl_e7,webp_m6,psnr_chroma_db,12.662002918699766,True
34,urban_architecture,jxl_e7,webp_m6,psnr_chroma_db,82.25036222774162,True
35,urban_architecture,jxl_e7,webp_m6,psnr_chroma_db,7.922227283637628,True
36,urban_architecture,jxl_e7,webp_m6,psnr_chroma_db,15.919870665506464,True
37,urban_architecture,jxl_e7,webp_m6,psnr_chroma_db,-6.593106743677679,True
38,urban_architecture,jxl_e7,webp_m6,psnr_chroma_db,-17.416662912010516,True
39,urban_architecture,jxl_e7,webp_m6,psnr_chroma_db,-5.23122049397482,True
40,urban_architecture,jxl_e7,webp_m6,psnr_chroma_db,12.721090486285892,True
41,urban_architecture,jxl_e7,webp_m6,psnr_chroma_db,17.284825164495278,True
42,urban_architecture,jxl_e7,webp_m6,psnr_chroma_db,2.183962420139718,True
43,urban_architecture,jxl_e7,webp_m6,psnr_chroma_db,-9.795747233055863,True
44,urban_architecture,jxl_e7,webp_m6,psnr_chroma_db,25.66711763799454,True
45,urban_architecture,jxl_e7,webp_m6,psnr_chroma_db,,False
46,high_frequency_textures,jxl_e7,webp_m6,psnr_chroma_db,-33.40382987782058,True
47,high_frequency_textures,jxl_e7,webp_m6,psnr_chroma_db,-42.34744859645606,True
48,high_frequency_textures,jxl_e7,webp_m6,psnr_chroma_db,94.69941706279161,True
49,high_frequency_textures,jxl_e7,webp_m6,psnr_chroma_db,-62.34462355255922,True
50,high_frequency_textures,jxl_e7,webp_m6,psnr_chroma_db,-49.90227136646301,True
51,high_frequency_textures,jxl_e7,webp_m6,psnr_chroma_db,-36.911013359821474,True
52,high_frequency_textures,jxl_e7,webp_m6,psnr_chroma_db,-1.1502912673601817,True
53,high_frequency_textures,jxl_e7,webp_m6,psnr_chroma_db,-2.5420322672323747,True
54,high_frequency_textures,jxl_e7,webp_m6,psnr_chroma_db,-6.479008544699494,True
55,high_frequency_textures,jxl_e7,webp_m6,psnr_chroma_db,-30.10162644201494,True
56,high_frequency_textures,jxl_e7,webp_m6,psnr_chroma_db,-77.22080462541201,True
57,high_frequency_textures,jxl_e7,webp_m6,psnr_chroma_db,-4.788919452228113,True
58,high_frequency_textures,jxl_e7,webp_m6,psnr_chroma_db,49.489620687778604,True
59,high_frequency_textures,jxl_e7,webp_m6,psnr_chroma_db,31.040463273088093,True
60,high_frequency_textures,jxl_e7,webp_m6,psnr_chroma_db,36.25795781136478,True
61,smooth_surfaces_gradients,jxl_e7,webp_m6,psnr_chroma_db,-21.079835559557083,True
62,smooth_surfaces_gradients,jxl_e7,webp_m6,psnr_chroma_db,-31.323148407298852,True
63,smooth_surfaces_gradients,jxl_e7,webp_m6,psnr_chroma_db,-15.650873723905868,True
64,smooth_surfaces_gradients,jxl_e7,webp_m6,psnr_chroma_db,41.80661411171058,True
65,smooth_surfaces_gradients,jxl_e7,webp_m6,psnr_chroma_db,-28.332714155910523,True
66,smooth_surfaces_gradients,jxl_e7,webp_m6,psnr_chroma_db,-49.59074404085041,True
67,smooth_surfaces_gradients,jxl_e7,webp_m6,psnr_chroma_db,-48.72809472322665,True
68,smooth_surfaces_gradients,jxl_e7,webp_m6,psnr_chroma_db,-44.12112094392441,True
69,smooth_surfaces_gradients,jxl_e7,webp_m6,psnr_chroma_db,-40.94073722042224,True
70,smooth_surfaces_gradients,jxl_e7,webp_m6,psnr_chroma_db,-37.146093813430255,True
71,smooth_surfaces_gradients,jxl_e7,webp_m6,psnr_chroma_db,37.834615083726256,True
72,smooth_surfaces_gradients,jxl_e7,webp_m6,psnr_chroma_db,,False
73,smooth_surfaces_gradients,jxl_e7,webp_m6,psnr_chroma_db,-20.164983409466906,True
74,smooth_surfaces_gradients,jxl_e7,webp_m6,psnr_chroma_db,14.201326287530481,True
75,smooth_surfaces_gradients,jxl_e7,webp_m6,psnr_chroma_db,-18.90962613090432,True
76,fine_detail,jxl_e7,webp_m6,psnr_chroma_db,88.25030479062829,True
77,fine_detail,jxl_e7,webp_m6,psnr_chroma_db,35.812391677116565,True
78,fine_detail,jxl_e7,webp_m6,psnr_chroma_db,43.43937230093291,True
79,fine_detail,jxl_e7,webp_m6,psnr_chroma_db,42.27691250752421,True
80,fine_detail,jxl_e7,webp_m6,psnr_chroma_db,-13.728043946650615,True
81,fine_detail,jxl_e7,webp_m6,psnr_chroma_db,-8.58828384940562,True
82,fine_detail,jxl_e7,webp_m6,psnr_chroma_db,-40.543420034784305,True
83,fine_detail,jxl_e7,webp_m6,psnr_chroma_db,36.909559919110514,True
84,fine_detail,jxl_e7,webp_m6,psnr_chroma_db,22.58338675910967,True
85,fine_detail,jxl_e7,webp_m6,psnr_chroma_db,24.505410344942735,True
86,fine_detail,jxl_e7,webp_m6,psnr_chroma_db,-21.195138579664196,True
87,fine_detail,jxl_e7,webp_m6,psnr_chroma_db,56.84617047032439,True
88,fine_detail,jxl_e7,webp_m6,psnr_chroma_db,243.57354368131058,True
89,fine_detail,jxl_e7,webp_m6,psnr_chroma_db,47.880688571425,True
90,fine_detail,jxl_e7,webp_m6,psnr_chroma_db,23.974723899287298,True
91,text_sharp_edges,jxl_e7,webp_m6,psnr_chroma_db,38.72251131548903,True
92,text_sharp_edges,jxl_e7,webp_m6,psnr_chroma_db,-6.076185838439385,True
93,text_sharp_edges,jxl_e7,webp_m6,psnr_chroma_db,126.89405756773672,True
94,text_sharp_edges,jxl_e7,webp_m6,psnr_chroma_db,22.83155680130047,True
95,text_sharp_edges,jxl_e7,webp_m6,psnr_chroma_db,,False
96,text_sharp_edges,jxl_e7,webp_m6,psnr_chroma_db,-8.620259457879975,True
97,text_sharp_edges,jxl_e7,webp_m6,psnr_chroma_db,48.99153933601592,True
98,text_sharp_edges,jxl_e7,webp_m6,psnr_chroma_db,34.31483279936065,True
99,text_sharp_edges,jxl_e7,webp_m6,psnr_chroma_db,-12.708852600674414,True
100,text_sharp_edges,jxl_e7,webp_m6,psnr_chroma_db,52.68755629767652,True
101,text_sharp_edges,jxl_e7,webp_m6,psnr_chroma_db,-14.298013144915556,True
102,text_sharp_edges,jxl_e7,webp_m6,psnr_chroma_db,-3.150542527616307,True
103,text_sharp_edges,jxl_e7,webp_m6,psnr_chroma_db,36.07107478216711,True
104,text_sharp_edges,jxl_e7,webp_m6,psnr_chroma_db,38.169990975273,True
105,text_sharp_edges,jxl_e7,webp_m6,psnr_chroma_db,11.644496884049893,True
106,saturated_desaturated_colors,jxl_e7,webp_m6,psnr_chroma_db,23.941764222525453,True
107,saturated_desaturated_colors,jxl_e7,webp_m6,psnr_chroma_db,168.0173206294977,True
108,saturated_desaturated_colors,jxl_e7,webp_m6,psnr_chroma_db,34.78854188478808,True
109,saturated_desaturated_colors,jxl_e7,webp_m6,psnr_chroma_db,50.440847300332294,True
110,saturated_desaturated_colors,jxl_e7,webp_m6,psnr_chroma_db,42.42482824571439,True
111,saturated_desaturated_colors,jxl_e7,webp_m6,psnr_chroma_db,45.087319504674795,True
112,saturated_desaturated_colors,jxl_e7,webp_m6,psnr_chroma_db,43.41114330847087,True
113,saturated_desaturated_colors,jxl_e7,webp_m6,psnr_chroma_db,65.39767773676597,True
114,saturated_desaturated_colors,jxl_e7,webp_m6,psnr_chroma_db,9.701854820426226,True
115,saturated_desaturated_colors,jxl_e7,webp_m6,psnr_chroma_db,,False
116,saturated_desaturated_colors,jxl_e7,webp_m6,psnr_chroma_db,,False
117,saturated_desaturated_colors,jxl_e7,webp_m6,psnr_chroma_db,,False
118,saturated_desaturated_colors,jxl_e7,webp_m6,psnr_chroma_db,72.80077741946364,True
119,saturated_desaturated_colors,jxl_e7,webp_m6,psnr_chroma_db,110.52334899428513,True
120,saturated_desaturated_colors,jxl_e7,webp_m6,psnr_chroma_db,75.4483612172859,True
121,smooth_surfaces_gradients,jxl_e7,webp_m6,psnr_chroma_db,-42.620389991536975,True
122,urban_architecture,jxl_e7,webp_m6,psnr_chroma_db,23.35495279192379,True
123,smooth_surfaces_gradients,jxl_e7,webp_m6,psnr_chroma_db,-3.6338434444083245,True
124,urban_architecture,jxl_e7,webp_m6,psnr_chroma_db,-9.028311765771324,True
125,fine_detail,jxl_e7,webp_m6,psnr_chroma_db,-25.28948647744833,True
126,natural_landscapes,jxl_e7,webp_m6,psnr_chroma_db,46.78445193089962,True
127,urban_architecture,jxl_e7,webp_m6,psnr_chroma_db,-47.07582178167926,True
128,text_sharp_edges,jxl_e7,webp_m6,psnr_chroma_db,54.05190859532931,True
129,text_sharp_edges,jxl_e7,webp_m6,psnr_chroma_db,4.559369483674525,True
130,natural_landscapes,jxl_e7,webp_m6,psnr_chroma_db,-38.55729628411114,True
1,historical_portraits,n148i_v2,n148i_v1,psnr_chroma_db,-16.323422559196054,True
2,historical_portraits,n148i_v2,n148i_v1,psnr_chroma_db,-61.178342611211114,True
3,historical_portraits,n148i_v2,n148i_v1,psnr_chroma_db,-41.416117569369206,True
4,historical_portraits,n148i_v2,n148i_v1,psnr_chroma_db,-33.143708991923816,True
5,historical_portraits,n148i_v2,n148i_v1,psnr_chroma_db,-46.70775076764719,True
6,historical_portraits,n148i_v2,n148i_v1,psnr_chroma_db,-45.140147894839245,True
7,historical_portraits,n148i_v2,n148i_v1,psnr_chroma_db,-46.510404624786304,True
8,historical_portraits,n148i_v2,n148i_v1,psnr_chroma_db,-57.79709313818402,True
9,historical_portraits,n148i_v2,n148i_v1,psnr_chroma_db,-40.03183061715843,True
10,historical_portraits,n148i_v2,n148i_v1,psnr_chroma_db,-76.7847662050257,True
11,historical_portraits,n148i_v2,n148i_v1,psnr_chroma_db,-53.65447152043469,True
12,historical_portraits,n148i_v2,n148i_v1,psnr_chroma_db,-60.8417301314593,True
13,historical_portraits,n148i_v2,n148i_v1,psnr_chroma_db,-24.665616363087707,True
14,historical_portraits,n148i_v2,n148i_v1,psnr_chroma_db,-74.14303923733951,True
15,historical_portraits,n148i_v2,n148i_v1,psnr_chroma_db,2.7085335127662535,True
16,natural_landscapes,n148i_v2,n148i_v1,psnr_chroma_db,-29.864529206600743,True
17,natural_landscapes,n148i_v2,n148i_v1,psnr_chroma_db,-38.52276466565237,True
18,natural_landscapes,n148i_v2,n148i_v1,psnr_chroma_db,-42.41070182154111,True
19,natural_landscapes,n148i_v2,n148i_v1,psnr_chroma_db,-49.955088617237664,True
20,natural_landscapes,n148i_v2,n148i_v1,psnr_chroma_db,-21.196333427595583,True
21,natural_landscapes,n148i_v2,n148i_v1,psnr_chroma_db,-44.952588720638396,True
22,natural_landscapes,n148i_v2,n148i_v1,psnr_chroma_db,-37.14419120163064,True
23,natural_landscapes,n148i_v2,n148i_v1,psnr_chroma_db,-30.88825465759708,True
24,natural_landscapes,n148i_v2,n148i_v1,psnr_chroma_db,-33.56496810617965,True
25,natural_landscapes,n148i_v2,n148i_v1,psnr_chroma_db,-57.70978093689133,True
26,natural_landscapes,n148i_v2,n148i_v1,psnr_chroma_db,-28.487653424346128,True
27,natural_landscapes,n148i_v2,n148i_v1,psnr_chroma_db,-41.980443128892176,True
28,natural_landscapes,n148i_v2,n148i_v1,psnr_chroma_db,-53.06259834631808,True
29,natural_landscapes,n148i_v2,n148i_v1,psnr_chroma_db,-35.93661629960215,True
30,natural_landscapes,n148i_v2,n148i_v1,psnr_chroma_db,-45.377602042381525,True
31,urban_architecture,n148i_v2,n148i_v1,psnr_chroma_db,-36.89695518430437,True
32,urban_architecture,n148i_v2,n148i_v1,psnr_chroma_db,-51.30351280262298,True
33,urban_architecture,n148i_v2,n148i_v1,psnr_chroma_db,-59.420320560693085,True
34,urban_architecture,n148i_v2,n148i_v1,psnr_chroma_db,-61.56046607395014,True
35,urban_architecture,n148i_v2,n148i_v1,psnr_chroma_db,-43.999309438006264,True
36,urban_architecture,n148i_v2,n148i_v1,psnr_chroma_db,-38.08437293644553,True
37,urban_architecture,n148i_v2,n148i_v1,psnr_chroma_db,-45.138274940643306,True
38,urban_architecture,n148i_v2,n148i_v1,psnr_chroma_db,-32.15239123627638,True
39,urban_architecture,n148i_v2,n148i_v1,psnr_chroma_db,-34.77377185332665,True
40,urban_architecture,n148i_v2,n148i_v1,psnr_chroma_db,-33.651548608656014,True
41,urban_architecture,n148i_v2,n148i_v1,psnr_chroma_db,-41.18801480520538,True
42,urban_architecture,n148i_v2,n148i_v1,psnr_chroma_db,-39.157197349464624,True
43,urban_architecture,n148i_v2,n148i_v1,psnr_chroma_db,-49.53743982824672,True
44,urban_architecture,n148i_v2,n148i_v1,psnr_chroma_db,-20.921426225304906,True
45,urban_architecture,n148i_v2,n148i_v1,psnr_chroma_db,-6.47921606053552,True
46,high_frequency_textures,n148i_v2,n148i_v1,psnr_chroma_db,-9.228481707100688,True
47,high_frequency_textures,n148i_v2,n148i_v1,psnr_chroma_db,-9.579448427091819,True
48,high_frequency_textures,n148i_v2,n148i_v1,psnr_chroma_db,-18.051026295165396,True
49,high_frequency_textures,n148i_v2,n148i_v1,psnr_chroma_db,-40.21652089587292,True
50,high_frequency_textures,n148i_v2,n148i_v1,psnr_chroma_db,-33.757978920912755,True
51,high_frequency_textures,n148i_v2,n148i_v1,psnr_chroma_db,-19.91790213328396,True
52,high_frequency_textures,n148i_v2,n148i_v1,psnr_chroma_db,-13.126380374979153,True
53,high_frequency_textures,n148i_v2,n148i_v1,psnr_chroma_db,-17.30296964202205,True
54,high_frequency_textures,n148i_v2,n148i_v1,psnr_chroma_db,-8.996413211371145,True
55,high_frequency_textures,n148i_v2,n148i_v1,psnr_chroma_db,-48.76535591583501,True
56,high_frequency_textures,n148i_v2,n148i_v1,psnr_chroma_db,-21.954084720877788,True
57,high_frequency_textures,n148i_v2,n148i_v1,psnr_chroma_db,-69.09948119384754,True
58,high_frequency_textures,n148i_v2,n148i_v1,psnr_chroma_db,-31.70025583500371,True
59,high_frequency_textures,n148i_v2,n148i_v1,psnr_chroma_db,-47.85319793872522,True
60,high_frequency_textures,n148i_v2,n148i_v1,psnr_chroma_db,-52.0282762809371,True
61,smooth_surfaces_gradients,n148i_v2,n148i_v1,psnr_chroma_db,-52.3289909065926,True
62,smooth_surfaces_gradients,n148i_v2,n148i_v1,psnr_chroma_db,-56.27172676162022,True
63,smooth_surfaces_gradients,n148i_v2,n148i_v1,psnr_chroma_db,-52.174160272111024,True
64,smooth_surfaces_gradients,n148i_v2,n148i_v1,psnr_chroma_db,-32.13529441885148,True
65,smooth_surfaces_gradients,n148i_v2,n148i_v1,psnr_chroma_db,-40.0978877543193,True
66,smooth_surfaces_gradients,n148i_v2,n148i_v1,psnr_chroma_db,-50.175809716793616,True
67,smooth_surfaces_gradients,n148i_v2,n148i_v1,psnr_chroma_db,-42.07375018039252,True
68,smooth_surfaces_gradients,n148i_v2,n148i_v1,psnr_chroma_db,-36.43146995567589,True
69,smooth_surfaces_gradients,n148i_v2,n148i_v1,psnr_chroma_db,-50.17697613244756,True
70,smooth_surfaces_gradients,n148i_v2,n148i_v1,psnr_chroma_db,-46.110502062809125,True
71,smooth_surfaces_gradients,n148i_v2,n148i_v1,psnr_chroma_db,-50.717519854576544,True
72,smooth_surfaces_gradients,n148i_v2,n148i_v1,psnr_chroma_db,1.6956058873732527,True
73,smooth_surfaces_gradients,n148i_v2,n148i_v1,psnr_chroma_db,-67.6546631687782,True
74,smooth_surfaces_gradients,n148i_v2,n148i_v1,psnr_chroma_db,-53.49288919882045,True
75,smooth_surfaces_gradients,n148i_v2,n148i_v1,psnr_chroma_db,-57.15547925573917,True
76,fine_detail,n148i_v2,n148i_v1,psnr_chroma_db,-47.288582076984696,True
77,fine_detail,n148i_v2,n148i_v1,psnr_chroma_db,-32.31257555053574,True
78,fine_detail,n148i_v2,n148i_v1,psnr_chroma_db,-30.442406870199513,True
79,fine_detail,n148i_v2,n148i_v1,psnr_chroma_db,-31.91455371062897,True
80,fine_detail,n148i_v2,n148i_v1,psnr_chroma_db,-33.126533900115554,True
81,fine_detail,n148i_v2,n148i_v1,psnr_chroma_db,-32.87762120096548,True
82,fine_detail,n148i_v2,n148i_v1,psnr_chroma_db,-43.94557078606833,True
83,fine_detail,n148i_v2,n148i_v1,psnr_chroma_db,-47.00849418385279,True
84,fine_detail,n148i_v2,n148i_v1,psnr_chroma_db,-54.70342078167293,True
85,fine_detail,n148i_v2,n148i_v1,psnr_chroma_db,-23.95304881805781,True
86,fine_detail,n148i_v2,n148i_v1,psnr_chroma_db,-41.75052152206329,True
87,fine_detail,n148i_v2,n148i_v1,psnr_chroma_db,-31.300914049032478,True
88,fine_detail,n148i_v2,n148i_v1,psnr_chroma_db,-56.604601092081516,True
89,fine_detail,n148i_v2,n148i_v1,psnr_chroma_db,-50.67642222090729,True
90,fine_detail,n148i_v2,n148i_v1,psnr_chroma_db,-54.60028472318044,True
91,text_sharp_edges,n148i_v2,n148i_v1,psnr_chroma_db,-43.047659594596475,True
92,text_sharp_edges,n148i_v2,n148i_v1,psnr_chroma_db,-45.466357858678066,True
93,text_sharp_edges,n148i_v2,n148i_v1,psnr_chroma_db,-50.71388839277646,True
94,text_sharp_edges,n148i_v2,n148i_v1,psnr_chroma_db,-42.31650459955411,True
95,text_sharp_edges,n148i_v2,n148i_v1,psnr_chroma_db,2.139127311995148,True
96,text_sharp_edges,n148i_v2,n148i_v1,psnr_chroma_db,-24.850514776945708,True
97,text_sharp_edges,n148i_v2,n148i_v1,psnr_chroma_db,-30.047557269752147,True
98,text_sharp_edges,n148i_v2,n148i_v1,psnr_chroma_db,-39.59911852389618,True
99,text_sharp_edges,n148i_v2,n148i_v1,psnr_chroma_db,-67.0724435827355,True
100,text_sharp_edges,n148i_v2,n148i_v1,psnr_chroma_db,-48.96119981032717,True
101,text_sharp_edges,n148i_v2,n148i_v1,psnr_chroma_db,-58.304417308397426,True
102,text_sharp_edges,n148i_v2,n148i_v1,psnr_chroma_db,-46.192061851656696,True
103,text_sharp_edges,n148i_v2,n148i_v1,psnr_chroma_db,-52.53893212407126,True
104,text_sharp_edges,n148i_v2,n148i_v1,psnr_chroma_db,-49.27860541444422,True
105,text_sharp_edges,n148i_v2,n148i_v1,psnr_chroma_db,-56.04514185711803,True
106,saturated_desaturated_colors,n148i_v2,n148i_v1,psnr_chroma_db,-50.59647802421316,True
107,saturated_desaturated_colors,n148i_v2,n148i_v1,psnr_chroma_db,-32.29853101671642,True
108,saturated_desaturated_colors,n148i_v2,n148i_v1,psnr_chroma_db,-41.79178276683682,True
109,saturated_desaturated_colors,n148i_v2,n148i_v1,psnr_chroma_db,-56.3459199356233,True
110,saturated_desaturated_colors,n148i_v2,n148i_v1,psnr_chroma_db,-43.52442411850929,True
111,saturated_desaturated_colors,n148i_v2,n148i_v1,psnr_chroma_db,-45.20869069804498,True
112,saturated_desaturated_colors,n148i_v2,n148i_v1,psnr_chroma_db,-38.05456984736061,True
113,saturated_desaturated_colors,n148i_v2,n148i_v1,psnr_chroma_db,-53.943515699156976,True
114,saturated_desaturated_colors,n148i_v2,n148i_v1,psnr_chroma_db,-29.779959857906135,True
115,saturated_desaturated_colors,n148i_v2,n148i_v1,psnr_chroma_db,-16.491902785413114,True
116,saturated_desaturated_colors,n148i_v2,n148i_v1,psnr_chroma_db,-18.83796612850359,True
117,saturated_desaturated_colors,n148i_v2,n148i_v1,psnr_chroma_db,-42.56335863112617,True
118,saturated_desaturated_colors,n148i_v2,n148i_v1,psnr_chroma_db,-56.43428788001944,True
119,saturated_desaturated_colors,n148i_v2,n148i_v1,psnr_chroma_db,-56.994666777868815,True
120,saturated_desaturated_colors,n148i_v2,n148i_v1,psnr_chroma_db,-51.93575095230233,True
121,smooth_surfaces_gradients,n148i_v2,n148i_v1,psnr_chroma_db,-50.0889965081105,True
122,urban_architecture,n148i_v2,n148i_v1,psnr_chroma_db,-45.22635518754783,True
123,smooth_surfaces_gradients,n148i_v2,n148i_v1,psnr_chroma_db,-51.08438729552094,True
124,urban_architecture,n148i_v2,n148i_v1,psnr_chroma_db,-42.34738000136811,True
125,fine_detail,n148i_v2,n148i_v1,psnr_chroma_db,-29.45791849172733,True
126,natural_landscapes,n148i_v2,n148i_v1,psnr_chroma_db,-43.62575765427137,True
127,urban_architecture,n148i_v2,n148i_v1,psnr_chroma_db,-44.92711458822642,True
128,text_sharp_edges,n148i_v2,n148i_v1,psnr_chroma_db,-46.521429352348505,True
129,text_sharp_edges,n148i_v2,n148i_v1,psnr_chroma_db,-10.779014883002624,True
130,natural_landscapes,n148i_v2,n148i_v1,psnr_chroma_db,-32.837557208462556,True
1,historical_portraits,n148i_v2,jpeg_turbo,psnr_chroma_db,-19.335811175738638,True
2,historical_portraits,n148i_v2,jpeg_turbo,psnr_chroma_db,-63.77132751255312,True
3,historical_portraits,n148i_v2,jpeg_turbo,psnr_chroma_db,-42.01654817480925,True
4,historical_portraits,n148i_v2,jpeg_turbo,psnr_chroma_db,-35.826868580116624,True
5,historical_portraits,n148i_v2,jpeg_turbo,psnr_chroma_db,-49.204107972774565,True
6,historical_portraits,n148i_v2,jpeg_turbo,psnr_chroma_db,-46.907022074163926,True
7,historical_portraits,n148i_v2,jpeg_turbo,psnr_chroma_db,-47.22170852739561,True
8,historical_portraits,n148i_v2,jpeg_turbo,psnr_chroma_db,-58.934500389207976,True
9,historical_portraits,n148i_v2,jpeg_turbo,psnr_chroma_db,-41.744186374018454,True
10,historical_portraits,n148i_v2,jpeg_turbo,psnr_chroma_db,-77.34913015669973,True
11,historical_portraits,n148i_v2,jpeg_turbo,psnr_chroma_db,-56.659891936201866,True
12,historical_portraits,n148i_v2,jpeg_turbo,psnr_chroma_db,-62.76604875703866,True
13,historical_portraits,n148i_v2,jpeg_turbo,psnr_chroma_db,-26.638888469167544,True
14,historical_portraits,n148i_v2,jpeg_turbo,psnr_chroma_db,-74.84462345203215,True
15,historical_portraits,n148i_v2,jpeg_turbo,psnr_chroma_db,4.022062362290102,True
16,natural_landscapes,n148i_v2,jpeg_turbo,psnr_chroma_db,-31.664175747313838,True
17,natural_landscapes,n148i_v2,jpeg_turbo,psnr_chroma_db,-39.4470006050739,True
18,natural_landscapes,n148i_v2,jpeg_turbo,psnr_chroma_db,-44.851521012303905,True
19,natural_landscapes,n148i_v2,jpeg_turbo,psnr_chroma_db,-52.778654482855856,True
20,natural_landscapes,n148i_v2,jpeg_turbo,psnr_chroma_db,-22.812492334573097,True
21,natural_landscapes,n148i_v2,jpeg_turbo,psnr_chroma_db,-47.34673869009228,True
22,natural_landscapes,n148i_v2,jpeg_turbo,psnr_chroma_db,-38.3185739285727,True
23,natural_landscapes,n148i_v2,jpeg_turbo,psnr_chroma_db,-31.34848326869919,True
24,natural_landscapes,n148i_v2,jpeg_turbo,psnr_chroma_db,-37.286803403301015,True
25,natural_landscapes,n148i_v2,jpeg_turbo,psnr_chroma_db,-59.83317123658526,True
26,natural_landscapes,n148i_v2,jpeg_turbo,psnr_chroma_db,-29.47449354313807,True
27,natural_landscapes,n148i_v2,jpeg_turbo,psnr_chroma_db,-42.8468446573504,True
28,natural_landscapes,n148i_v2,jpeg_turbo,psnr_chroma_db,-55.8732910670666,True
29,natural_landscapes,n148i_v2,jpeg_turbo,psnr_chroma_db,-36.84088456095225,True
30,natural_landscapes,n148i_v2,jpeg_turbo,psnr_chroma_db,-47.94366786353034,True
31,urban_architecture,n148i_v2,jpeg_turbo,psnr_chroma_db,-37.68088321523061,True
32,urban_architecture,n148i_v2,jpeg_turbo,psnr_chroma_db,-52.01153383059234,True
33,urban_architecture,n148i_v2,jpeg_turbo,psnr_chroma_db,-60.99743968519774,True
34,urban_architecture,n148i_v2,jpeg_turbo,psnr_chroma_db,-62.58160486210302,True
35,urban_architecture,n148i_v2,jpeg_turbo,psnr_chroma_db,-45.06791900108564,True
36,urban_architecture,n148i_v2,jpeg_turbo,psnr_chroma_db,-39.13808958666121,True
37,urban_architecture,n148i_v2,jpeg_turbo,psnr_chroma_db,-45.81867606486196,True
38,urban_architecture,n148i_v2,jpeg_turbo,psnr_chroma_db,-34.2315241686994,True
39,urban_architecture,n148i_v2,jpeg_turbo,psnr_chroma_db,-35.712621838356675,True
40,urban_architecture,n148i_v2,jpeg_turbo,psnr_chroma_db,-34.5290715290902,True
41,urban_architecture,n148i_v2,jpeg_turbo,psnr_chroma_db,-42.64497583515809,True
42,urban_architecture,n148i_v2,jpeg_turbo,psnr_chroma_db,-40.15096533557343,True
43,urban_architecture,n148i_v2,jpeg_turbo,psnr_chroma_db,-50.95315205229802,True
44,urban_architecture,n148i_v2,jpeg_turbo,psnr_chroma_db,-21.521866147779743,True
45,urban_architecture,n148i_v2,jpeg_turbo,psnr_chroma_db,-6.9640440692705585,True
46,high_frequency_textures,n148i_v2,jpeg_turbo,psnr_chroma_db,-11.522741974039208,True
47,high_frequency_textures,n148i_v2,jpeg_turbo,psnr_chroma_db,-10.492908356792451,True
48,high_frequency_textures,n148i_v2,jpeg_turbo,psnr_chroma_db,-18.57495120618441,True
49,high_frequency_textures,n148i_v2,jpeg_turbo,psnr_chroma_db,-46.60822238433431,True
50,high_frequency_textures,n148i_v2,jpeg_turbo,psnr_chroma_db,-34.927763826088324,True
51,high_frequency_textures,n148i_v2,jpeg_turbo,psnr_chroma_db,-20.879017630793285,True
52,high_frequency_textures,n148i_v2,jpeg_turbo,psnr_chroma_db,-14.45797348614316,True
53,high_frequency_textures,n148i_v2,jpeg_turbo,psnr_chroma_db,-18.22995090135415,True
54,high_frequency_textures,n148i_v2,jpeg_turbo,psnr_chroma_db,-10.057399200863248,True
55,high_frequency_textures,n148i_v2,jpeg_turbo,psnr_chroma_db,-51.15956720841036,True
56,high_frequency_textures,n148i_v2,jpeg_turbo,psnr_chroma_db,-23.782054704097668,True
57,high_frequency_textures,n148i_v2,jpeg_turbo,psnr_chroma_db,-69.26396889363723,True
58,high_frequency_textures,n148i_v2,jpeg_turbo,psnr_chroma_db,-32.1408849806567,True
59,high_frequency_textures,n148i_v2,jpeg_turbo,psnr_chroma_db,-49.85310905459093,True
60,high_frequency_textures,n148i_v2,jpeg_turbo,psnr_chroma_db,-53.76372859812243,True
61,smooth_surfaces_gradients,n148i_v2,jpeg_turbo,psnr_chroma_db,-55.42261544783405,True
62,smooth_surfaces_gradients,n148i_v2,jpeg_turbo,psnr_chroma_db,-59.274525247459394,True
63,smooth_surfaces_gradients,n148i_v2,jpeg_turbo,psnr_chroma_db,-53.943764760748834,True
64,smooth_surfaces_gradients,n148i_v2,jpeg_turbo,psnr_chroma_db,-33.075914289554376,True
65,smooth_surfaces_gradients,n148i_v2,jpeg_turbo,psnr_chroma_db,-41.240414424405245,True
66,smooth_surfaces_gradients,n148i_v2,jpeg_turbo,psnr_chroma_db,-54.017632351633374,True
67,smooth_surfaces_gradients,n148i_v2,jpeg_turbo,psnr_chroma_db,-43.94444332369033,True
68,smooth_surfaces_gradients,n148i_v2,jpeg_turbo,psnr_chroma_db,-36.63401713988071,True
69,smooth_surfaces_gradients,n148i_v2,jpeg_turbo,psnr_chroma_db,-52.36154479964179,True
70,smooth_surfaces_gradients,n148i_v2,jpeg_turbo,psnr_chroma_db,-47.326692721679755,True
71,smooth_surfaces_gradients,n148i_v2,jpeg_turbo,psnr_chroma_db,-53.0458388436718,True
72,smooth_surfaces_gradients,n148i_v2,jpeg_turbo,psnr_chroma_db,-0.188613245984659,True
73,smooth_surfaces_gradients,n148i_v2,jpeg_turbo,psnr_chroma_db,-71.92583639907049,True
74,smooth_surfaces_gradients,n148i_v2,jpeg_turbo,psnr_chroma_db,-55.926713131283044,True
75,smooth_surfaces_gradients,n148i_v2,jpeg_turbo,psnr_chroma_db,-60.463815556421416,True
76,fine_detail,n148i_v2,jpeg_turbo,psnr_chroma_db,-48.61280016178801,True
77,fine_detail,n148i_v2,jpeg_turbo,psnr_chroma_db,-33.199718864205586,True
78,fine_detail,n148i_v2,jpeg_turbo,psnr_chroma_db,-31.081556525405396,True
79,fine_detail,n148i_v2,jpeg_turbo,psnr_chroma_db,-32.23383557639357,True
80,fine_detail,n148i_v2,jpeg_turbo,psnr_chroma_db,-34.982482023944314,True
81,fine_detail,n148i_v2,jpeg_turbo,psnr_chroma_db,-34.96787704136094,True
82,fine_detail,n148i_v2,jpeg_turbo,psnr_chroma_db,-45.68921331896978,True
83,fine_detail,n148i_v2,jpeg_turbo,psnr_chroma_db,-47.84709716323464,True
84,fine_detail,n148i_v2,jpeg_turbo,psnr_chroma_db,-55.338241064214444,True
85,fine_detail,n148i_v2,jpeg_turbo,psnr_chroma_db,-24.590527376779537,True
86,fine_detail,n148i_v2,jpeg_turbo,psnr_chroma_db,-42.82085244995142,True
87,fine_detail,n148i_v2,jpeg_turbo,psnr_chroma_db,-31.75346615910182,True
88,fine_detail,n148i_v2,jpeg_turbo,psnr_chroma_db,-57.82261653596602,True
89,fine_detail,n148i_v2,jpeg_turbo,psnr_chroma_db,-51.099922672201984,True
90,fine_detail,n148i_v2,jpeg_turbo,psnr_chroma_db,-55.13552743514706,True
91,text_sharp_edges,n148i_v2,jpeg_turbo,psnr_chroma_db,-43.92042957686151,True
92,text_sharp_edges,n148i_v2,jpeg_turbo,psnr_chroma_db,-46.74575241322504,True
93,text_sharp_edges,n148i_v2,jpeg_turbo,psnr_chroma_db,-51.28432431138222,True
94,text_sharp_edges,n148i_v2,jpeg_turbo,psnr_chroma_db,-43.2422077819612,True
95,text_sharp_edges,n148i_v2,jpeg_turbo,psnr_chroma_db,1.2615665638980866,True
96,text_sharp_edges,n148i_v2,jpeg_turbo,psnr_chroma_db,-26.40039849812127,True
97,text_sharp_edges,n148i_v2,jpeg_turbo,psnr_chroma_db,-31.229071069203762,True
98,text_sharp_edges,n148i_v2,jpeg_turbo,psnr_chroma_db,-40.8499096483692,True
99,text_sharp_edges,n148i_v2,jpeg_turbo,psnr_chroma_db,-67.91041324077139,True
100,text_sharp_edges,n148i_v2,jpeg_turbo,psnr_chroma_db,-49.765785886411585,True
101,text_sharp_edges,n148i_v2,jpeg_turbo,psnr_chroma_db,-59.47519567173365,True
102,text_sharp_edges,n148i_v2,jpeg_turbo,psnr_chroma_db,-47.91306942895112,True
103,text_sharp_edges,n148i_v2,jpeg_turbo,psnr_chroma_db,-53.739228473786916,True
104,text_sharp_edges,n148i_v2,jpeg_turbo,psnr_chroma_db,-50.77330508004081,True
105,text_sharp_edges,n148i_v2,jpeg_turbo,psnr_chroma_db,-57.02637963341133,True
106,saturated_desaturated_colors,n148i_v2,jpeg_turbo,psnr_chroma_db,-51.60381467514434,True
107,saturated_desaturated_colors,n148i_v2,jpeg_turbo,psnr_chroma_db,-32.118922725433585,True
108,saturated_desaturated_colors,n148i_v2,jpeg_turbo,psnr_chroma_db,-42.77329638412538,True
109,saturated_desaturated_colors,n148i_v2,jpeg_turbo,psnr_chroma_db,-58.54855246771731,True
110,saturated_desaturated_colors,n148i_v2,jpeg_turbo,psnr_chroma_db,-44.00512647623543,True
111,saturated_desaturated_colors,n148i_v2,jpeg_turbo,psnr_chroma_db,-45.77204969418891,True
112,saturated_desaturated_colors,n148i_v2,jpeg_turbo,psnr_chroma_db,-39.113051299712986,True
113,saturated_desaturated_colors,n148i_v2,jpeg_turbo,psnr_chroma_db,-54.525477473206266,True
114,saturated_desaturated_colors,n148i_v2,jpeg_turbo,psnr_chroma_db,-30.625921963254687,True
115,saturated_desaturated_colors,n148i_v2,jpeg_turbo,psnr_chroma_db,-17.684420963881365,True
116,saturated_desaturated_colors,n148i_v2,jpeg_turbo,psnr_chroma_db,-20.855166914627297,True
117,saturated_desaturated_colors,n148i_v2,jpeg_turbo,psnr_chroma_db,-49.663975154524444,True
118,saturated_desaturated_colors,n148i_v2,jpeg_turbo,psnr_chroma_db,-57.33301463940027,True
119,saturated_desaturated_colors,n148i_v2,jpeg_turbo,psnr_chroma_db,-57.91129596875173,True
120,saturated_desaturated_colors,n148i_v2,jpeg_turbo,psnr_chroma_db,-52.807701597017875,True
121,smooth_surfaces_gradients,n148i_v2,jpeg_turbo,psnr_chroma_db,-51.99016133278713,True
122,urban_architecture,n148i_v2,jpeg_turbo,psnr_chroma_db,-46.69051595012582,True
123,smooth_surfaces_gradients,n148i_v2,jpeg_turbo,psnr_chroma_db,-53.38229492537548,True
124,urban_architecture,n148i_v2,jpeg_turbo,psnr_chroma_db,-43.96951024266497,True
125,fine_detail,n148i_v2,jpeg_turbo,psnr_chroma_db,-31.72926501941825,True
126,natural_landscapes,n148i_v2,jpeg_turbo,psnr_chroma_db,-44.607921789798525,True
127,urban_architecture,n148i_v2,jpeg_turbo,psnr_chroma_db,-48.08396277804597,True
128,text_sharp_edges,n148i_v2,jpeg_turbo,psnr_chroma_db,-47.7629297710103,True
129,text_sharp_edges,n148i_v2,jpeg_turbo,psnr_chroma_db,-12.565969935750088,True
130,natural_landscapes,n148i_v2,jpeg_turbo,psnr_chroma_db,-35.299682943918455,True
1,historical_portraits,n148i_v2,webp_m4,psnr_chroma_db,,False
2,historical_portraits,n148i_v2,webp_m4,psnr_chroma_db,-45.4992074995599,True
3,historical_portraits,n148i_v2,webp_m4,psnr_chroma_db,-7.314381137536163,True
4,historical_portraits,n148i_v2,webp_m4,psnr_chroma_db,-44.34465617520475,True
5,historical_portraits,n148i_v2,webp_m4,psnr_chroma_db,-39.64058545991917,True
6,historical_portraits,n148i_v2,webp_m4,psnr_chroma_db,-22.379059435596126,True
7,historical_portraits,n148i_v2,webp_m4,psnr_chroma_db,-6.900308837953373,True
8,historical_portraits,n148i_v2,webp_m4,psnr_chroma_db,-28.283105246731743,True
9,historical_portraits,n148i_v2,webp_m4,psnr_chroma_db,-31.071149623950113,True
10,historical_portraits,n148i_v2,webp_m4,psnr_chroma_db,-69.57125336657872,True
11,historical_portraits,n148i_v2,webp_m4,psnr_chroma_db,-42.80725420384617,True
12,historical_portraits,n148i_v2,webp_m4,psnr_chroma_db,-18.068031153368413,True
13,historical_portraits,n148i_v2,webp_m4,psnr_chroma_db,,False
14,historical_portraits,n148i_v2,webp_m4,psnr_chroma_db,-53.62795404202436,True
15,historical_portraits,n148i_v2,webp_m4,psnr_chroma_db,,False
16,natural_landscapes,n148i_v2,webp_m4,psnr_chroma_db,-12.479921977858533,True
17,natural_landscapes,n148i_v2,webp_m4,psnr_chroma_db,-18.562059564017087,True
18,natural_landscapes,n148i_v2,webp_m4,psnr_chroma_db,-30.29448694139758,True
19,natural_landscapes,n148i_v2,webp_m4,psnr_chroma_db,-47.54642433845172,True
20,natural_landscapes,n148i_v2,webp_m4,psnr_chroma_db,-9.392578482138392,True
21,natural_landscapes,n148i_v2,webp_m4,psnr_chroma_db,-18.767726342395775,True
22,natural_landscapes,n148i_v2,webp_m4,psnr_chroma_db,-15.523454434068196,True
23,natural_landscapes,n148i_v2,webp_m4,psnr_chroma_db,-7.997286793154624,True
24,natural_landscapes,n148i_v2,webp_m4,psnr_chroma_db,-30.086390636250005,True
25,natural_landscapes,n148i_v2,webp_m4,psnr_chroma_db,-16.53453984822345,True
26,natural_landscapes,n148i_v2,webp_m4,psnr_chroma_db,-5.105455050808738,True
27,natural_landscapes,n148i_v2,webp_m4,psnr_chroma_db,-15.197064967994223,True
28,natural_landscapes,n148i_v2,webp_m4,psnr_chroma_db,-34.65918931113694,True
29,natural_landscapes,n148i_v2,webp_m4,psnr_chroma_db,-23.147624336118376,True
30,natural_landscapes,n148i_v2,webp_m4,psnr_chroma_db,-30.06519867282963,True
31,urban_architecture,n148i_v2,webp_m4,psnr_chroma_db,-3.8724881391274613,True
32,urban_architecture,n148i_v2,webp_m4,psnr_chroma_db,-13.425666294463623,True
33,urban_architecture,n148i_v2,webp_m4,psnr_chroma_db,-14.483015852647263,True
34,urban_architecture,n148i_v2,webp_m4,psnr_chroma_db,-7.542270087050584,True
35,urban_architecture,n148i_v2,webp_m4,psnr_chroma_db,-12.015804871986113,True
36,urban_architecture,n148i_v2,webp_m4,psnr_chroma_db,-0.17711480299746896,True
37,urban_architecture,n148i_v2,webp_m4,psnr_chroma_db,-14.298376956231628,True
38,urban_architecture,n148i_v2,webp_m4,psnr_chroma_db,-15.336335716535077,True
39,urban_architecture,n148i_v2,webp_m4,psnr_chroma_db,-8.585499587575818,True
40,urban_architecture,n148i_v2,webp_m4,psnr_chroma_db,-9.396511265834828,True
41,urban_architecture,n148i_v2,webp_m4,psnr_chroma_db,-5.08446382576725,True
42,urban_architecture,n148i_v2,webp_m4,psnr_chroma_db,-0.055541770455957984,True
43,urban_architecture,n148i_v2,webp_m4,psnr_chroma_db,-19.423251154106936,True
44,urban_architecture,n148i_v2,webp_m4,psnr_chroma_db,-13.486707756269666,True
45,urban_architecture,n148i_v2,webp_m4,psnr_chroma_db,,False
46,high_frequency_textures,n148i_v2,webp_m4,psnr_chroma_db,-4.587735112787062,True
47,high_frequency_textures,n148i_v2,webp_m4,psnr_chroma_db,0.9973420117777021,True
48,high_frequency_textures,n148i_v2,webp_m4,psnr_chroma_db,-2.0906568078263077,True
49,high_frequency_textures,n148i_v2,webp_m4,psnr_chroma_db,-41.84296999614081,True
50,high_frequency_textures,n148i_v2,webp_m4,psnr_chroma_db,-16.93588041317119,True
51,high_frequency_textures,n148i_v2,webp_m4,psnr_chroma_db,-15.886550685600664,True
52,high_frequency_textures,n148i_v2,webp_m4,psnr_chroma_db,-6.845383829440421,True
53,high_frequency_textures,n148i_v2,webp_m4,psnr_chroma_db,-10.98729687186939,True
54,high_frequency_textures,n148i_v2,webp_m4,psnr_chroma_db,-9.77003955322029,True
55,high_frequency_textures,n148i_v2,webp_m4,psnr_chroma_db,-32.96690642889873,True
56,high_frequency_textures,n148i_v2,webp_m4,psnr_chroma_db,-33.801675604897696,True
57,high_frequency_textures,n148i_v2,webp_m4,psnr_chroma_db,-63.13073840280148,True
58,high_frequency_textures,n148i_v2,webp_m4,psnr_chroma_db,-8.531826212603688,True
59,high_frequency_textures,n148i_v2,webp_m4,psnr_chroma_db,-31.198912362341936,True
60,high_frequency_textures,n148i_v2,webp_m4,psnr_chroma_db,-29.45789258998951,True
61,smooth_surfaces_gradients,n148i_v2,webp_m4,psnr_chroma_db,-20.067118727171508,True
62,smooth_surfaces_gradients,n148i_v2,webp_m4,psnr_chroma_db,-25.378540698005214,True
63,smooth_surfaces_gradients,n148i_v2,webp_m4,psnr_chroma_db,-25.75833460643988,True
64,smooth_surfaces_gradients,n148i_v2,webp_m4,psnr_chroma_db,-23.680188930290726,True
65,smooth_surfaces_gradients,n148i_v2,webp_m4,psnr_chroma_db,-15.517398102467139,True
66,smooth_surfaces_gradients,n148i_v2,webp_m4,psnr_chroma_db,-45.89111291545341,True
67,smooth_surfaces_gradients,n148i_v2,webp_m4,psnr_chroma_db,-23.133041169516467,True
68,smooth_surfaces_gradients,n148i_v2,webp_m4,psnr_chroma_db,-1.491411689445632,True
69,smooth_surfaces_gradients,n148i_v2,webp_m4,psnr_chroma_db,-27.382606316523727,True
70,smooth_surfaces_gradients,n148i_v2,webp_m4,psnr_chroma_db,-11.048502629728995,True
71,smooth_surfaces_gradients,n148i_v2,webp_m4,psnr_chroma_db,-3.6008273276303404,True
72,smooth_surfaces_gradients,n148i_v2,webp_m4,psnr_chroma_db,,False
73,smooth_surfaces_gradients,n148i_v2,webp_m4,psnr_chroma_db,-40.62732993185726,True
74,smooth_surfaces_gradients,n148i_v2,webp_m4,psnr_chroma_db,-26.295708404172903,True
75,smooth_surfaces_gradients,n148i_v2,webp_m4,psnr_chroma_db,-26.39407180197174,True
76,fine_detail,n148i_v2,webp_m4,psnr_chroma_db,-10.877550633597455,True
77,fine_detail,n148i_v2,webp_m4,psnr_chroma_db,-7.167437507147589,True
78,fine_detail,n148i_v2,webp_m4,psnr_chroma_db,-8.534790947169846,True
79,fine_detail,n148i_v2,webp_m4,psnr_chroma_db,-6.2789730945602145,True
80,fine_detail,n148i_v2,webp_m4,psnr_chroma_db,-21.57559104244037,True
81,fine_detail,n148i_v2,webp_m4,psnr_chroma_db,-17.665149661627833,True
82,fine_detail,n148i_v2,webp_m4,psnr_chroma_db,-19.970670770603714,True
83,fine_detail,n148i_v2,webp_m4,psnr_chroma_db,1.4172344522373814,True
84,fine_detail,n148i_v2,webp_m4,psnr_chroma_db,-9.002917041466462,True
85,fine_detail,n148i_v2,webp_m4,psnr_chroma_db,-9.650883236526653,True
86,fine_detail,n148i_v2,webp_m4,psnr_chroma_db,-3.75514672799393,True
87,fine_detail,n148i_v2,webp_m4,psnr_chroma_db,0.24555072431100555,True
88,fine_detail,n148i_v2,webp_m4,psnr_chroma_db,-20.75739685198843,True
89,fine_detail,n148i_v2,webp_m4,psnr_chroma_db,-17.701635548451478,True
90,fine_detail,n148i_v2,webp_m4,psnr_chroma_db,-6.593025533700947,True
91,text_sharp_edges,n148i_v2,webp_m4,psnr_chroma_db,19.621845536693773,True
92,text_sharp_edges,n148i_v2,webp_m4,psnr_chroma_db,-4.010826780727839,True
93,text_sharp_edges,n148i_v2,webp_m4,psnr_chroma_db,2.7951536664988064,True
94,text_sharp_edges,n148i_v2,webp_m4,psnr_chroma_db,-5.514667969567688,True
95,text_sharp_edges,n148i_v2,webp_m4,psnr_chroma_db,,False
96,text_sharp_edges,n148i_v2,webp_m4,psnr_chroma_db,-2.080569803067178,True
97,text_sharp_edges,n148i_v2,webp_m4,psnr_chroma_db,7.15589834925503,True
98,text_sharp_edges,n148i_v2,webp_m4,psnr_chroma_db,17.743447400418265,True
99,text_sharp_edges,n148i_v2,webp_m4,psnr_chroma_db,-12.721372961136701,True
100,text_sharp_edges,n148i_v2,webp_m4,psnr_chroma_db,18.55675638030041,True
101,text_sharp_edges,n148i_v2,webp_m4,psnr_chroma_db,-24.956990900539267,True
102,text_sharp_edges,n148i_v2,webp_m4,psnr_chroma_db,-5.571303600371924,True
103,text_sharp_edges,n148i_v2,webp_m4,psnr_chroma_db,-9.031988825910775,True
104,text_sharp_edges,n148i_v2,webp_m4,psnr_chroma_db,-11.727601748672168,True
105,text_sharp_edges,n148i_v2,webp_m4,psnr_chroma_db,-22.5869047411415,True
106,saturated_desaturated_colors,n148i_v2,webp_m4,psnr_chroma_db,-11.641046445949188,True
107,saturated_desaturated_colors,n148i_v2,webp_m4,psnr_chroma_db,-11.306304120625821,True
108,saturated_desaturated_colors,n148i_v2,webp_m4,psnr_chroma_db,-16.636339323696838,True
109,saturated_desaturated_colors,n148i_v2,webp_m4,psnr_chroma_db,-3.346268995446944,True
110,saturated_desaturated_colors,n148i_v2,webp_m4,psnr_chroma_db,1.682300155728389,True
111,saturated_desaturated_colors,n148i_v2,webp_m4,psnr_chroma_db,-2.7026831120119277,True
112,saturated_desaturated_colors,n148i_v2,webp_m4,psnr_chroma_db,-20.26384622420564,True
113,saturated_desaturated_colors,n148i_v2,webp_m4,psnr_chroma_db,-11.127375217913983,True
114,saturated_desaturated_colors,n148i_v2,webp_m4,psnr_chroma_db,-3.6316734271354734,True
115,saturated_desaturated_colors,n148i_v2,webp_m4,psnr_chroma_db,,False
116,saturated_desaturated_colors,n148i_v2,webp_m4,psnr_chroma_db,,False
117,saturated_desaturated_colors,n148i_v2,webp_m4,psnr_chroma_db,,False
118,saturated_desaturated_colors,n148i_v2,webp_m4,psnr_chroma_db,-10.781243937386142,True
119,saturated_desaturated_colors,n148i_v2,webp_m4,psnr_chroma_db,-10.170325106894772,True
120,saturated_desaturated_colors,n148i_v2,webp_m4,psnr_chroma_db,-12.742927999858756,True
121,smooth_surfaces_gradients,n148i_v2,webp_m4,psnr_chroma_db,-19.284674198277475,True
122,urban_architecture,n148i_v2,webp_m4,psnr_chroma_db,-11.397874772720495,True
123,smooth_surfaces_gradients,n148i_v2,webp_m4,psnr_chroma_db,-16.104167717684902,True
124,urban_architecture,n148i_v2,webp_m4,psnr_chroma_db,-12.874736047618462,True
125,fine_detail,n148i_v2,webp_m4,psnr_chroma_db,-23.004957554813345,True
126,natural_landscapes,n148i_v2,webp_m4,psnr_chroma_db,-31.50294605126995,True
127,urban_architecture,n148i_v2,webp_m4,psnr_chroma_db,-42.78851394074948,True
128,text_sharp_edges,n148i_v2,webp_m4,psnr_chroma_db,-18.50754918033165,True
129,text_sharp_edges,n148i_v2,webp_m4,psnr_chroma_db,-11.921253967357238,True
130,natural_landscapes,n148i_v2,webp_m4,psnr_chroma_db,-6.9764764654764555,True
1,historical_portraits,n148i_v2,webp_m6_historical,psnr_chroma_db,,False
2,historical_portraits,n148i_v2,webp_m6_historical,psnr_chroma_db,-44.3799945193759,True
3,historical_portraits,n148i_v2,webp_m6_historical,psnr_chroma_db,-3.6742682541808014,True
4,historical_portraits,n148i_v2,webp_m6_historical,psnr_chroma_db,-41.34597397848072,True
5,historical_portraits,n148i_v2,webp_m6_historical,psnr_chroma_db,-34.660046365351384,True
6,historical_portraits,n148i_v2,webp_m6_historical,psnr_chroma_db,-18.74666065443098,True
7,historical_portraits,n148i_v2,webp_m6_historical,psnr_chroma_db,-1.0609467222681412,True
8,historical_portraits,n148i_v2,webp_m6_historical,psnr_chroma_db,-24.710978187384892,True
9,historical_portraits,n148i_v2,webp_m6_historical,psnr_chroma_db,-25.805628594737907,True
10,historical_portraits,n148i_v2,webp_m6_historical,psnr_chroma_db,-68.45107329903969,True
11,historical_portraits,n148i_v2,webp_m6_historical,psnr_chroma_db,-37.857891656593914,True
12,historical_portraits,n148i_v2,webp_m6_historical,psnr_chroma_db,-14.700102485353595,True
13,historical_portraits,n148i_v2,webp_m6_historical,psnr_chroma_db,,False
14,historical_portraits,n148i_v2,webp_m6_historical,psnr_chroma_db,-46.90507882687386,True
15,historical_portraits,n148i_v2,webp_m6_historical,psnr_chroma_db,,False
16,natural_landscapes,n148i_v2,webp_m6_historical,psnr_chroma_db,-7.9472183393867635,True
17,natural_landscapes,n148i_v2,webp_m6_historical,psnr_chroma_db,-14.067958566353479,True
18,natural_landscapes,n148i_v2,webp_m6_historical,psnr_chroma_db,-25.56310609481407,True
19,natural_landscapes,n148i_v2,webp_m6_historical,psnr_chroma_db,-42.505131675229016,True
20,natural_landscapes,n148i_v2,webp_m6_historical,psnr_chroma_db,-6.164712837685682,True
21,natural_landscapes,n148i_v2,webp_m6_historical,psnr_chroma_db,-13.167803101225106,True
22,natural_landscapes,n148i_v2,webp_m6_historical,psnr_chroma_db,-10.701610819354423,True
23,natural_landscapes,n148i_v2,webp_m6_historical,psnr_chroma_db,-5.860736828570845,True
24,natural_landscapes,n148i_v2,webp_m6_historical,psnr_chroma_db,-25.09422933003761,True
25,natural_landscapes,n148i_v2,webp_m6_historical,psnr_chroma_db,-11.755324911692622,True
26,natural_landscapes,n148i_v2,webp_m6_historical,psnr_chroma_db,-1.4896256576998002,True
27,natural_landscapes,n148i_v2,webp_m6_historical,psnr_chroma_db,-9.342985959715676,True
28,natural_landscapes,n148i_v2,webp_m6_historical,psnr_chroma_db,-31.48504256750003,True
29,natural_landscapes,n148i_v2,webp_m6_historical,psnr_chroma_db,-17.383169317232404,True
30,natural_landscapes,n148i_v2,webp_m6_historical,psnr_chroma_db,-26.094602403743384,True
31,urban_architecture,n148i_v2,webp_m6_historical,psnr_chroma_db,0.7243038422850789,True
32,urban_architecture,n148i_v2,webp_m6_historical,psnr_chroma_db,-6.620450496402541,True
33,urban_architecture,n148i_v2,webp_m6_historical,psnr_chroma_db,-6.875101745072165,True
34,urban_architecture,n148i_v2,webp_m6_historical,psnr_chroma_db,-0.180471121650283,True
35,urban_architecture,n148i_v2,webp_m6_historical,psnr_chroma_db,-7.529793546469287,True
36,urban_architecture,n148i_v2,webp_m6_historical,psnr_chroma_db,4.551985187842567,True
37,urban_architecture,n148i_v2,webp_m6_historical,psnr_chroma_db,-11.43205014486549,True
38,urban_architecture,n148i_v2,webp_m6_historical,psnr_chroma_db,-10.163836870912357,True
39,urban_architecture,n148i_v2,webp_m6_historical,psnr_chroma_db,-5.309161076419477,True
40,urban_architecture,n148i_v2,webp_m6_historical,psnr_chroma_db,-4.828156323918753,True
41,urban_architecture,n148i_v2,webp_m6_historical,psnr_chroma_db,-0.14279970046093826,True
42,urban_architecture,n148i_v2,webp_m6_historical,psnr_chroma_db,4.627968654600956,True
43,urban_architecture,n148i_v2,webp_m6_historical,psnr_chroma_db,-16.776164787516368,True
44,urban_architecture,n148i_v2,webp_m6_historical,psnr_chroma_db,-11.45213683022207,True
45,urban_architecture,n148i_v2,webp_m6_historical,psnr_chroma_db,,False
46,high_frequency_textures,n148i_v2,webp_m6_historical,psnr_chroma_db,-2.878722175926718,True
47,high_frequency_textures,n148i_v2,webp_m6_historical,psnr_chroma_db,1.602538432622036,True
48,high_frequency_textures,n148i_v2,webp_m6_historical,psnr_chroma_db,1.040068773115821,True
49,high_frequency_textures,n148i_v2,webp_m6_historical,psnr_chroma_db,-37.85240901891477,True
50,high_frequency_textures,n148i_v2,webp_m6_historical,psnr_chroma_db,-13.19740647412998,True
51,high_frequency_textures,n148i_v2,webp_m6_historical,psnr_chroma_db,-14.52130029166151,True
52,high_frequency_textures,n148i_v2,webp_m6_historical,psnr_chroma_db,-4.806363885692666,True
53,high_frequency_textures,n148i_v2,webp_m6_historical,psnr_chroma_db,-8.030450508927633,True
54,high_frequency_textures,n148i_v2,webp_m6_historical,psnr_chroma_db,-7.5359856909317795,True
55,high_frequency_textures,n148i_v2,webp_m6_historical,psnr_chroma_db,-29.794143786710038,True
56,high_frequency_textures,n148i_v2,webp_m6_historical,psnr_chroma_db,-31.9157890584288,True
57,high_frequency_textures,n148i_v2,webp_m6_historical,psnr_chroma_db,-60.33193778963304,True
58,high_frequency_textures,n148i_v2,webp_m6_historical,psnr_chroma_db,-4.753288288023228,True
59,high_frequency_textures,n148i_v2,webp_m6_historical,psnr_chroma_db,-27.763672608546074,True
60,high_frequency_textures,n148i_v2,webp_m6_historical,psnr_chroma_db,-25.554454409041895,True
61,smooth_surfaces_gradients,n148i_v2,webp_m6_historical,psnr_chroma_db,-19.160407484342457,True
62,smooth_surfaces_gradients,n148i_v2,webp_m6_historical,psnr_chroma_db,-24.847088195739698,True
63,smooth_surfaces_gradients,n148i_v2,webp_m6_historical,psnr_chroma_db,-23.08578676071744,True
64,smooth_surfaces_gradients,n148i_v2,webp_m6_historical,psnr_chroma_db,-19.295335391214465,True
65,smooth_surfaces_gradients,n148i_v2,webp_m6_historical,psnr_chroma_db,-11.299543010512503,True
66,smooth_surfaces_gradients,n148i_v2,webp_m6_historical,psnr_chroma_db,-39.49480487396323,True
67,smooth_surfaces_gradients,n148i_v2,webp_m6_historical,psnr_chroma_db,-17.112344776399212,True
68,smooth_surfaces_gradients,n148i_v2,webp_m6_historical,psnr_chroma_db,2.640002903860772,True
69,smooth_surfaces_gradients,n148i_v2,webp_m6_historical,psnr_chroma_db,-23.79846260229408,True
70,smooth_surfaces_gradients,n148i_v2,webp_m6_historical,psnr_chroma_db,-6.6619400047829185,True
71,smooth_surfaces_gradients,n148i_v2,webp_m6_historical,psnr_chroma_db,0.23234458993339757,True
72,smooth_surfaces_gradients,n148i_v2,webp_m6_historical,psnr_chroma_db,,False
73,smooth_surfaces_gradients,n148i_v2,webp_m6_historical,psnr_chroma_db,-39.65818948997889,True
74,smooth_surfaces_gradients,n148i_v2,webp_m6_historical,psnr_chroma_db,-20.35949971245842,True
75,smooth_surfaces_gradients,n148i_v2,webp_m6_historical,psnr_chroma_db,-22.915894273634596,True
76,fine_detail,n148i_v2,webp_m6_historical,psnr_chroma_db,-7.163605202003431,True
77,fine_detail,n148i_v2,webp_m6_historical,psnr_chroma_db,-2.0371004238183277,True
78,fine_detail,n148i_v2,webp_m6_historical,psnr_chroma_db,-4.578630502517466,True
79,fine_detail,n148i_v2,webp_m6_historical,psnr_chroma_db,-2.3131623690155645,True
80,fine_detail,n148i_v2,webp_m6_historical,psnr_chroma_db,-17.0336603990058,True
81,fine_detail,n148i_v2,webp_m6_historical,psnr_chroma_db,-12.454443639962287,True
82,fine_detail,n148i_v2,webp_m6_historical,psnr_chroma_db,-15.394796191537097,True
83,fine_detail,n148i_v2,webp_m6_historical,psnr_chroma_db,5.745970127106026,True
84,fine_detail,n148i_v2,webp_m6_historical,psnr_chroma_db,-5.668383829022705,True
85,fine_detail,n148i_v2,webp_m6_historical,psnr_chroma_db,-6.025880794420524,True
86,fine_detail,n148i_v2,webp_m6_historical,psnr_chroma_db,2.909674427416964,True
87,fine_detail,n148i_v2,webp_m6_historical,psnr_chroma_db,4.818936512480865,True
88,fine_detail,n148i_v2,webp_m6_historical,psnr_chroma_db,-18.83307292972215,True
89,fine_detail,n148i_v2,webp_m6_historical,psnr_chroma_db,-12.726047026414744,True
90,fine_detail,n148i_v2,webp_m6_historical,psnr_chroma_db,-3.4921333018929857,True
91,text_sharp_edges,n148i_v2,webp_m6_historical,psnr_chroma_db,26.136752067570225,True
92,text_sharp_edges,n148i_v2,webp_m6_historical,psnr_chroma_db,3.0471259947962404,True
93,text_sharp_edges,n148i_v2,webp_m6_historical,psnr_chroma_db,6.356696781329063,True
94,text_sharp_edges,n148i_v2,webp_m6_historical,psnr_chroma_db,-1.5899628948977007,True
95,text_sharp_edges,n148i_v2,webp_m6_historical,psnr_chroma_db,,False
96,text_sharp_edges,n148i_v2,webp_m6_historical,psnr_chroma_db,1.6571332667754124,True
97,text_sharp_edges,n148i_v2,webp_m6_historical,psnr_chroma_db,8.830788159003934,True
98,text_sharp_edges,n148i_v2,webp_m6_historical,psnr_chroma_db,22.82493191909134,True
99,text_sharp_edges,n148i_v2,webp_m6_historical,psnr_chroma_db,-13.862085192018103,True
100,text_sharp_edges,n148i_v2,webp_m6_historical,psnr_chroma_db,22.473456086748044,True
101,text_sharp_edges,n148i_v2,webp_m6_historical,psnr_chroma_db,-9.191029872009848,True
102,text_sharp_edges,n148i_v2,webp_m6_historical,psnr_chroma_db,0.6182702871869727,True
103,text_sharp_edges,n148i_v2,webp_m6_historical,psnr_chroma_db,-6.100538721320669,True
104,text_sharp_edges,n148i_v2,webp_m6_historical,psnr_chroma_db,-7.036782168175614,True
105,text_sharp_edges,n148i_v2,webp_m6_historical,psnr_chroma_db,-18.817293725066932,True
106,saturated_desaturated_colors,n148i_v2,webp_m6_historical,psnr_chroma_db,-9.755519482187648,True
107,saturated_desaturated_colors,n148i_v2,webp_m6_historical,psnr_chroma_db,-5.126006267835493,True
108,saturated_desaturated_colors,n148i_v2,webp_m6_historical,psnr_chroma_db,-12.82273742240302,True
109,saturated_desaturated_colors,n148i_v2,webp_m6_historical,psnr_chroma_db,4.384091361283149,True
110,saturated_desaturated_colors,n148i_v2,webp_m6_historical,psnr_chroma_db,4.906469676729608,True
111,saturated_desaturated_colors,n148i_v2,webp_m6_historical,psnr_chroma_db,0.44020979103327473,True
112,saturated_desaturated_colors,n148i_v2,webp_m6_historical,psnr_chroma_db,-15.248903227391553,True
113,saturated_desaturated_colors,n148i_v2,webp_m6_historical,psnr_chroma_db,-9.247761633634678,True
114,saturated_desaturated_colors,n148i_v2,webp_m6_historical,psnr_chroma_db,0.4885311294614336,True
115,saturated_desaturated_colors,n148i_v2,webp_m6_historical,psnr_chroma_db,,False
116,saturated_desaturated_colors,n148i_v2,webp_m6_historical,psnr_chroma_db,,False
117,saturated_desaturated_colors,n148i_v2,webp_m6_historical,psnr_chroma_db,,False
118,saturated_desaturated_colors,n148i_v2,webp_m6_historical,psnr_chroma_db,-9.20153873922185,True
119,saturated_desaturated_colors,n148i_v2,webp_m6_historical,psnr_chroma_db,-7.727130662684378,True
120,saturated_desaturated_colors,n148i_v2,webp_m6_historical,psnr_chroma_db,-11.285867783143344,True
121,smooth_surfaces_gradients,n148i_v2,webp_m6_historical,psnr_chroma_db,-15.559484364445398,True
122,urban_architecture,n148i_v2,webp_m6_historical,psnr_chroma_db,-7.502415394441764,True
123,smooth_surfaces_gradients,n148i_v2,webp_m6_historical,psnr_chroma_db,-11.730408396374692,True
124,urban_architecture,n148i_v2,webp_m6_historical,psnr_chroma_db,-6.533816843707396,True
125,fine_detail,n148i_v2,webp_m6_historical,psnr_chroma_db,-19.10513630510199,True
126,natural_landscapes,n148i_v2,webp_m6_historical,psnr_chroma_db,-27.96852105545775,True
127,urban_architecture,n148i_v2,webp_m6_historical,psnr_chroma_db,-38.464296955137215,True
128,text_sharp_edges,n148i_v2,webp_m6_historical,psnr_chroma_db,-12.331209713526793,True
129,text_sharp_edges,n148i_v2,webp_m6_historical,psnr_chroma_db,-10.054095095116356,True
130,natural_landscapes,n148i_v2,webp_m6_historical,psnr_chroma_db,0.8468193407802138,True
1,historical_portraits,n148i_v2,jxl_e3,psnr_chroma_db,,False
2,historical_portraits,n148i_v2,jxl_e3,psnr_chroma_db,-45.54348263659925,True
3,historical_portraits,n148i_v2,jxl_e3,psnr_chroma_db,-32.02346195313983,True
4,historical_portraits,n148i_v2,jxl_e3,psnr_chroma_db,-26.120075979016455,True
5,historical_portraits,n148i_v2,jxl_e3,psnr_chroma_db,-59.84046967625747,True
6,historical_portraits,n148i_v2,jxl_e3,psnr_chroma_db,-12.580477073049945,True
7,historical_portraits,n148i_v2,jxl_e3,psnr_chroma_db,12.933002445434983,True
8,historical_portraits,n148i_v2,jxl_e3,psnr_chroma_db,-59.64506670219898,True
9,historical_portraits,n148i_v2,jxl_e3,psnr_chroma_db,-39.050091467416024,True
10,historical_portraits,n148i_v2,jxl_e3,psnr_chroma_db,-83.3945097217767,True
11,historical_portraits,n148i_v2,jxl_e3,psnr_chroma_db,-45.74462311411548,True
12,historical_portraits,n148i_v2,jxl_e3,psnr_chroma_db,-40.90136919676112,True
13,historical_portraits,n148i_v2,jxl_e3,psnr_chroma_db,,False
14,historical_portraits,n148i_v2,jxl_e3,psnr_chroma_db,-56.309884493804994,True
15,historical_portraits,n148i_v2,jxl_e3,psnr_chroma_db,,False
16,natural_landscapes,n148i_v2,jxl_e3,psnr_chroma_db,8.503431017537455,True
17,natural_landscapes,n148i_v2,jxl_e3,psnr_chroma_db,-49.78090639982802,True
18,natural_landscapes,n148i_v2,jxl_e3,psnr_chroma_db,-18.591432127700593,True
19,natural_landscapes,n148i_v2,jxl_e3,psnr_chroma_db,-31.77246686653392,True
20,natural_landscapes,n148i_v2,jxl_e3,psnr_chroma_db,-15.37306900361065,True
21,natural_landscapes,n148i_v2,jxl_e3,psnr_chroma_db,-18.14115424288404,True
22,natural_landscapes,n148i_v2,jxl_e3,psnr_chroma_db,-33.324463207563745,True
23,natural_landscapes,n148i_v2,jxl_e3,psnr_chroma_db,1.0562690592112345,True
24,natural_landscapes,n148i_v2,jxl_e3,psnr_chroma_db,-40.56041861359974,True
25,natural_landscapes,n148i_v2,jxl_e3,psnr_chroma_db,-23.111550213050837,True
26,natural_landscapes,n148i_v2,jxl_e3,psnr_chroma_db,0.7026435031673994,True
27,natural_landscapes,n148i_v2,jxl_e3,psnr_chroma_db,-41.115521234016775,True
28,natural_landscapes,n148i_v2,jxl_e3,psnr_chroma_db,-36.346838317195804,True
29,natural_landscapes,n148i_v2,jxl_e3,psnr_chroma_db,-48.71479756628753,True
30,natural_landscapes,n148i_v2,jxl_e3,psnr_chroma_db,-45.107870911051975,True
31,urban_architecture,n148i_v2,jxl_e3,psnr_chroma_db,-19.343749901983497,True
32,urban_architecture,n148i_v2,jxl_e3,psnr_chroma_db,-14.802439263451916,True
33,urban_architecture,n148i_v2,jxl_e3,psnr_chroma_db,-6.334439844435336,True
34,urban_architecture,n148i_v2,jxl_e3,psnr_chroma_db,-31.95122085432922,True
35,urban_architecture,n148i_v2,jxl_e3,psnr_chroma_db,-5.55054312087393,True
36,urban_architecture,n148i_v2,jxl_e3,psnr_chroma_db,-6.516614491439132,True
37,urban_architecture,n148i_v2,jxl_e3,psnr_chroma_db,-9.07265580456632,True
38,urban_architecture,n148i_v2,jxl_e3,psnr_chroma_db,-3.2240002949883273,True
39,urban_architecture,n148i_v2,jxl_e3,psnr_chroma_db,7.843030910727933,True
40,urban_architecture,n148i_v2,jxl_e3,psnr_chroma_db,-17.42918048155213,True
41,urban_architecture,n148i_v2,jxl_e3,psnr_chroma_db,-14.78745643367253,True
42,urban_architecture,n148i_v2,jxl_e3,psnr_chroma_db,6.1346743424730565,True
43,urban_architecture,n148i_v2,jxl_e3,psnr_chroma_db,-43.42423160658808,True
44,urban_architecture,n148i_v2,jxl_e3,psnr_chroma_db,-19.387305488678564,True
45,urban_architecture,n148i_v2,jxl_e3,psnr_chroma_db,,False
46,high_frequency_textures,n148i_v2,jxl_e3,psnr_chroma_db,-50.58004414126048,True
47,high_frequency_textures,n148i_v2,jxl_e3,psnr_chroma_db,-58.455771646454636,True
48,high_frequency_textures,n148i_v2,jxl_e3,psnr_chroma_db,-56.98181794940861,True
49,high_frequency_textures,n148i_v2,jxl_e3,psnr_chroma_db,-24.04732723429125,True
50,high_frequency_textures,n148i_v2,jxl_e3,psnr_chroma_db,-17.931405422878477,True
51,high_frequency_textures,n148i_v2,jxl_e3,psnr_chroma_db,2.1721788980546552,True
52,high_frequency_textures,n148i_v2,jxl_e3,psnr_chroma_db,6.998899663402147,True
53,high_frequency_textures,n148i_v2,jxl_e3,psnr_chroma_db,-6.322081217174313,True
54,high_frequency_textures,n148i_v2,jxl_e3,psnr_chroma_db,7.634761492400832,True
55,high_frequency_textures,n148i_v2,jxl_e3,psnr_chroma_db,-15.276474680883535,True
56,high_frequency_textures,n148i_v2,jxl_e3,psnr_chroma_db,-4.996228570783645,True
57,high_frequency_textures,n148i_v2,jxl_e3,psnr_chroma_db,-68.05597379253587,True
58,high_frequency_textures,n148i_v2,jxl_e3,psnr_chroma_db,-30.253844341352742,True
59,high_frequency_textures,n148i_v2,jxl_e3,psnr_chroma_db,-49.570792855153854,True
60,high_frequency_textures,n148i_v2,jxl_e3,psnr_chroma_db,-42.82319234812682,True
61,smooth_surfaces_gradients,n148i_v2,jxl_e3,psnr_chroma_db,-23.520383103352426,True
62,smooth_surfaces_gradients,n148i_v2,jxl_e3,psnr_chroma_db,-29.110293456349034,True
63,smooth_surfaces_gradients,n148i_v2,jxl_e3,psnr_chroma_db,-28.01934393743244,True
64,smooth_surfaces_gradients,n148i_v2,jxl_e3,psnr_chroma_db,-36.880155001197735,True
65,smooth_surfaces_gradients,n148i_v2,jxl_e3,psnr_chroma_db,-33.795949394683,True
66,smooth_surfaces_gradients,n148i_v2,jxl_e3,psnr_chroma_db,-29.656243281421226,True
67,smooth_surfaces_gradients,n148i_v2,jxl_e3,psnr_chroma_db,-34.85820856692678,True
68,smooth_surfaces_gradients,n148i_v2,jxl_e3,psnr_chroma_db,74.80019771835877,True
69,smooth_surfaces_gradients,n148i_v2,jxl_e3,psnr_chroma_db,-5.5906802935456135,True
70,smooth_surfaces_gradients,n148i_v2,jxl_e3,psnr_chroma_db,4.637286517818784,True
71,smooth_surfaces_gradients,n148i_v2,jxl_e3,psnr_chroma_db,-42.94578808739321,True
72,smooth_surfaces_gradients,n148i_v2,jxl_e3,psnr_chroma_db,,False
73,smooth_surfaces_gradients,n148i_v2,jxl_e3,psnr_chroma_db,-49.36364331612154,True
74,smooth_surfaces_gradients,n148i_v2,jxl_e3,psnr_chroma_db,-31.928403936522407,True
75,smooth_surfaces_gradients,n148i_v2,jxl_e3,psnr_chroma_db,-24.793731054808855,True
76,fine_detail,n148i_v2,jxl_e3,psnr_chroma_db,-65.85446242366262,True
77,fine_detail,n148i_v2,jxl_e3,psnr_chroma_db,-17.671873923586755,True
78,fine_detail,n148i_v2,jxl_e3,psnr_chroma_db,-22.58109043793096,True
79,fine_detail,n148i_v2,jxl_e3,psnr_chroma_db,-32.03959281696294,True
80,fine_detail,n148i_v2,jxl_e3,psnr_chroma_db,-10.546523219043491,True
81,fine_detail,n148i_v2,jxl_e3,psnr_chroma_db,-10.968452041075171,True
82,fine_detail,n148i_v2,jxl_e3,psnr_chroma_db,-4.863634883897161,True
83,fine_detail,n148i_v2,jxl_e3,psnr_chroma_db,-16.73449697259214,True
84,fine_detail,n148i_v2,jxl_e3,psnr_chroma_db,-16.869595048633034,True
85,fine_detail,n148i_v2,jxl_e3,psnr_chroma_db,-15.844018942204874,True
86,fine_detail,n148i_v2,jxl_e3,psnr_chroma_db,68.58744109507444,True
87,fine_detail,n148i_v2,jxl_e3,psnr_chroma_db,-34.258422459327775,True
88,fine_detail,n148i_v2,jxl_e3,psnr_chroma_db,,False
89,fine_detail,n148i_v2,jxl_e3,psnr_chroma_db,-30.594394151769087,True
90,fine_detail,n148i_v2,jxl_e3,psnr_chroma_db,-36.195441453078324,True
91,text_sharp_edges,n148i_v2,jxl_e3,psnr_chroma_db,-9.996083873859485,True
92,text_sharp_edges,n148i_v2,jxl_e3,psnr_chroma_db,-9.738945271852694,True
93,text_sharp_edges,n148i_v2,jxl_e3,psnr_chroma_db,-50.97361912908941,True
94,text_sharp_edges,n148i_v2,jxl_e3,psnr_chroma_db,-20.936420083714225,True
95,text_sharp_edges,n148i_v2,jxl_e3,psnr_chroma_db,,False
96,text_sharp_edges,n148i_v2,jxl_e3,psnr_chroma_db,14.966152245750152,True
97,text_sharp_edges,n148i_v2,jxl_e3,psnr_chroma_db,-17.03161091744887,True
98,text_sharp_edges,n148i_v2,jxl_e3,psnr_chroma_db,-1.5942507197165057,True
99,text_sharp_edges,n148i_v2,jxl_e3,psnr_chroma_db,13.757113761322938,True
100,text_sharp_edges,n148i_v2,jxl_e3,psnr_chroma_db,-47.20739443943822,True
101,text_sharp_edges,n148i_v2,jxl_e3,psnr_chroma_db,4.454601161397398,True
102,text_sharp_edges,n148i_v2,jxl_e3,psnr_chroma_db,2.3062448251359946,True
103,text_sharp_edges,n148i_v2,jxl_e3,psnr_chroma_db,-27.92340434542662,True
104,text_sharp_edges,n148i_v2,jxl_e3,psnr_chroma_db,-35.99654102075637,True
105,text_sharp_edges,n148i_v2,jxl_e3,psnr_chroma_db,-30.74436449307949,True
106,saturated_desaturated_colors,n148i_v2,jxl_e3,psnr_chroma_db,-29.45433510121753,True
107,saturated_desaturated_colors,n148i_v2,jxl_e3,psnr_chroma_db,-89.95219172844503,True
108,saturated_desaturated_colors,n148i_v2,jxl_e3,psnr_chroma_db,-28.282941998127598,True
109,saturated_desaturated_colors,n148i_v2,jxl_e3,psnr_chroma_db,-42.98038282757369,True
110,saturated_desaturated_colors,n148i_v2,jxl_e3,psnr_chroma_db,-51.489907481364106,True
111,saturated_desaturated_colors,n148i_v2,jxl_e3,psnr_chroma_db,-28.462333788285342,True
112,saturated_desaturated_colors,n148i_v2,jxl_e3,psnr_chroma_db,-30.269651519452555,True
113,saturated_desaturated_colors,n148i_v2,jxl_e3,psnr_chroma_db,-55.04640086015973,True
114,saturated_desaturated_colors,n148i_v2,jxl_e3,psnr_chroma_db,-2.219251684863899,True
115,saturated_desaturated_colors,n148i_v2,jxl_e3,psnr_chroma_db,,False
116,saturated_desaturated_colors,n148i_v2,jxl_e3,psnr_chroma_db,,False
117,saturated_desaturated_colors,n148i_v2,jxl_e3,psnr_chroma_db,,False
118,saturated_desaturated_colors,n148i_v2,jxl_e3,psnr_chroma_db,-49.818705026562505,True
119,saturated_desaturated_colors,n148i_v2,jxl_e3,psnr_chroma_db,-58.55063916787683,True
120,saturated_desaturated_colors,n148i_v2,jxl_e3,psnr_chroma_db,-55.527568982355646,True
121,smooth_surfaces_gradients,n148i_v2,jxl_e3,psnr_chroma_db,-21.582358555671266,True
122,urban_architecture,n148i_v2,jxl_e3,psnr_chroma_db,-30.534975023515575,True
123,smooth_surfaces_gradients,n148i_v2,jxl_e3,psnr_chroma_db,-16.368917855978104,True
124,urban_architecture,n148i_v2,jxl_e3,psnr_chroma_db,-6.300769912780746,True
125,fine_detail,n148i_v2,jxl_e3,psnr_chroma_db,-24.586322751664056,True
126,natural_landscapes,n148i_v2,jxl_e3,psnr_chroma_db,-57.26647587593321,True
127,urban_architecture,n148i_v2,jxl_e3,psnr_chroma_db,-29.92003871668405,True
128,text_sharp_edges,n148i_v2,jxl_e3,psnr_chroma_db,-32.33069756954817,True
129,text_sharp_edges,n148i_v2,jxl_e3,psnr_chroma_db,-14.957072060729482,True
130,natural_landscapes,n148i_v2,jxl_e3,psnr_chroma_db,-8.75223740933463,True
1,historical_portraits,n148i_v2,jxl_e7,psnr_chroma_db,,False
2,historical_portraits,n148i_v2,jxl_e7,psnr_chroma_db,-22.830072553480584,True
3,historical_portraits,n148i_v2,jxl_e7,psnr_chroma_db,-25.109017255075784,True
4,historical_portraits,n148i_v2,jxl_e7,psnr_chroma_db,77.69305001780565,True
5,historical_portraits,n148i_v2,jxl_e7,psnr_chroma_db,-47.29289118687541,True
6,historical_portraits,n148i_v2,jxl_e7,psnr_chroma_db,-16.19823165505577,True
7,historical_portraits,n148i_v2,jxl_e7,psnr_chroma_db,-5.925634068475882,True
8,historical_portraits,n148i_v2,jxl_e7,psnr_chroma_db,-34.581756500486094,True
9,historical_portraits,n148i_v2,jxl_e7,psnr_chroma_db,-17.89049479319298,True
10,historical_portraits,n148i_v2,jxl_e7,psnr_chroma_db,-51.7078569556064,True
11,historical_portraits,n148i_v2,jxl_e7,psnr_chroma_db,-43.642008075503426,True
12,historical_portraits,n148i_v2,jxl_e7,psnr_chroma_db,-22.560706483468486,True
13,historical_portraits,n148i_v2,jxl_e7,psnr_chroma_db,,False
14,historical_portraits,n148i_v2,jxl_e7,psnr_chroma_db,-4.383236499963283,True
15,historical_portraits,n148i_v2,jxl_e7,psnr_chroma_db,,False
16,natural_landscapes,n148i_v2,jxl_e7,psnr_chroma_db,1.8394975474310238,True
17,natural_landscapes,n148i_v2,jxl_e7,psnr_chroma_db,-22.93031074400451,True
18,natural_landscapes,n148i_v2,jxl_e7,psnr_chroma_db,26.994339547456313,True
19,natural_landscapes,n148i_v2,jxl_e7,psnr_chroma_db,2.4258026099734264,True
20,natural_landscapes,n148i_v2,jxl_e7,psnr_chroma_db,7.938402612834672,True
21,natural_landscapes,n148i_v2,jxl_e7,psnr_chroma_db,-11.26982632199095,True
22,natural_landscapes,n148i_v2,jxl_e7,psnr_chroma_db,-15.952571555326022,True
23,natural_landscapes,n148i_v2,jxl_e7,psnr_chroma_db,24.584671254237,True
24,natural_landscapes,n148i_v2,jxl_e7,psnr_chroma_db,-22.267011260303516,True
25,natural_landscapes,n148i_v2,jxl_e7,psnr_chroma_db,-0.9286135689241748,True
26,natural_landscapes,n148i_v2,jxl_e7,psnr_chroma_db,-16.82549327959442,True
27,natural_landscapes,n148i_v2,jxl_e7,psnr_chroma_db,3.22202181688227,True
28,natural_landscapes,n148i_v2,jxl_e7,psnr_chroma_db,-28.72903835237549,True
29,natural_landscapes,n148i_v2,jxl_e7,psnr_chroma_db,-38.43144027467687,True
30,natural_landscapes,n148i_v2,jxl_e7,psnr_chroma_db,-28.471314690345395,True
31,urban_architecture,n148i_v2,jxl_e7,psnr_chroma_db,-18.676920825831722,True
32,urban_architecture,n148i_v2,jxl_e7,psnr_chroma_db,-19.166341711543744,True
33,urban_architecture,n148i_v2,jxl_e7,psnr_chroma_db,-15.248045848137748,True
34,urban_architecture,n148i_v2,jxl_e7,psnr_chroma_db,-45.57162669522417,True
35,urban_architecture,n148i_v2,jxl_e7,psnr_chroma_db,-13.56088695512807,True
36,urban_architecture,n148i_v2,jxl_e7,psnr_chroma_db,-9.48795625937774,True
37,urban_architecture,n148i_v2,jxl_e7,psnr_chroma_db,-3.3898259424447463,True
38,urban_architecture,n148i_v2,jxl_e7,psnr_chroma_db,7.748404583276569,True
39,urban_architecture,n148i_v2,jxl_e7,psnr_chroma_db,0.18339822722335253,True
40,urban_architecture,n148i_v2,jxl_e7,psnr_chroma_db,-14.381967417977371,True
41,urban_architecture,n148i_v2,jxl_e7,psnr_chroma_db,-13.355132818118188,True
42,urban_architecture,n148i_v2,jxl_e7,psnr_chroma_db,2.591161302748346,True
43,urban_architecture,n148i_v2,jxl_e7,psnr_chroma_db,-6.685257451072346,True
44,urban_architecture,n148i_v2,jxl_e7,psnr_chroma_db,-26.115531443219464,True
45,urban_architecture,n148i_v2,jxl_e7,psnr_chroma_db,,False
46,high_frequency_textures,n148i_v2,jxl_e7,psnr_chroma_db,26.0625219919441,True
47,high_frequency_textures,n148i_v2,jxl_e7,psnr_chroma_db,81.52932672450142,True
48,high_frequency_textures,n148i_v2,jxl_e7,psnr_chroma_db,-48.62713541703809,True
49,high_frequency_textures,n148i_v2,jxl_e7,psnr_chroma_db,53.43747168477413,True
50,high_frequency_textures,n148i_v2,jxl_e7,psnr_chroma_db,80.99673331745171,True
51,high_frequency_textures,n148i_v2,jxl_e7,psnr_chroma_db,45.395324413186565,True
52,high_frequency_textures,n148i_v2,jxl_e7,psnr_chroma_db,-5.485906771590898,True
53,high_frequency_textures,n148i_v2,jxl_e7,psnr_chroma_db,-8.482908001427225,True
54,high_frequency_textures,n148i_v2,jxl_e7,psnr_chroma_db,-0.6065502131481937,True
55,high_frequency_textures,n148i_v2,jxl_e7,psnr_chroma_db,4.613753214609928,True
56,high_frequency_textures,n148i_v2,jxl_e7,psnr_chroma_db,229.6667873235789,True
57,high_frequency_textures,n148i_v2,jxl_e7,psnr_chroma_db,-45.38953389440273,True
58,high_frequency_textures,n148i_v2,jxl_e7,psnr_chroma_db,-36.216348941330125,True
59,high_frequency_textures,n148i_v2,jxl_e7,psnr_chroma_db,-44.496504252034306,True
60,high_frequency_textures,n148i_v2,jxl_e7,psnr_chroma_db,-45.21423553334883,True
61,smooth_surfaces_gradients,n148i_v2,jxl_e7,psnr_chroma_db,-0.13267071671152486,True
62,smooth_surfaces_gradients,n148i_v2,jxl_e7,psnr_chroma_db,-1.4954892939560316,True
63,smooth_surfaces_gradients,n148i_v2,jxl_e7,psnr_chroma_db,-13.461108860132265,True
64,smooth_surfaces_gradients,n148i_v2,jxl_e7,psnr_chroma_db,-40.12676644985783,True
65,smooth_surfaces_gradients,n148i_v2,jxl_e7,psnr_chroma_db,25.592029290334708,True
66,smooth_surfaces_gradients,n148i_v2,jxl_e7,psnr_chroma_db,12.128843946855872,True
67,smooth_surfaces_gradients,n148i_v2,jxl_e7,psnr_chroma_db,73.81412500003108,True
68,smooth_surfaces_gradients,n148i_v2,jxl_e7,psnr_chroma_db,82.863346881807,True
69,smooth_surfaces_gradients,n148i_v2,jxl_e7,psnr_chroma_db,34.86110397533459,True
70,smooth_surfaces_gradients,n148i_v2,jxl_e7,psnr_chroma_db,49.219892181671156,True
71,smooth_surfaces_gradients,n148i_v2,jxl_e7,psnr_chroma_db,-26.58953865162712,True
72,smooth_surfaces_gradients,n148i_v2,jxl_e7,psnr_chroma_db,,False
73,smooth_surfaces_gradients,n148i_v2,jxl_e7,psnr_chroma_db,-21.878512758408274,True
74,smooth_surfaces_gradients,n148i_v2,jxl_e7,psnr_chroma_db,-31.01419050220534,True
75,smooth_surfaces_gradients,n148i_v2,jxl_e7,psnr_chroma_db,-12.609260404948186,True
76,fine_detail,n148i_v2,jxl_e7,psnr_chroma_db,-50.40660373021374,True
77,fine_detail,n148i_v2,jxl_e7,psnr_chroma_db,-29.06454596121051,True
78,fine_detail,n148i_v2,jxl_e7,psnr_chroma_db,-34.46341168945432,True
79,fine_detail,n148i_v2,jxl_e7,psnr_chroma_db,-30.59269170918538,True
80,fine_detail,n148i_v2,jxl_e7,psnr_chroma_db,0.4643041720777008,True
81,fine_detail,n148i_v2,jxl_e7,psnr_chroma_db,3.712291352146524,True
82,fine_detail,n148i_v2,jxl_e7,psnr_chroma_db,70.82993035535881,True
83,fine_detail,n148i_v2,jxl_e7,psnr_chroma_db,-22.71679425573845,True
84,fine_detail,n148i_v2,jxl_e7,psnr_chroma_db,-21.73095869487991,True
85,fine_detail,n148i_v2,jxl_e7,psnr_chroma_db,-25.149418285056747,True
86,fine_detail,n148i_v2,jxl_e7,psnr_chroma_db,26.63231364049001,True
87,fine_detail,n148i_v2,jxl_e7,psnr_chroma_db,-33.74910837402051,True
88,fine_detail,n148i_v2,jxl_e7,psnr_chroma_db,-73.43455061967555,True
89,fine_detail,n148i_v2,jxl_e7,psnr_chroma_db,-36.882341197744616,True
90,fine_detail,n148i_v2,jxl_e7,psnr_chroma_db,-21.60527583227988,True
91,text_sharp_edges,n148i_v2,jxl_e7,psnr_chroma_db,-10.896507959638413,True
92,text_sharp_edges,n148i_v2,jxl_e7,psnr_chroma_db,25.37108413523237,True
93,text_sharp_edges,n148i_v2,jxl_e7,psnr_chroma_db,-51.69578177168066,True
94,text_sharp_edges,n148i_v2,jxl_e7,psnr_chroma_db,-19.828102542125457,True
95,text_sharp_edges,n148i_v2,jxl_e7,psnr_chroma_db,,False
96,text_sharp_edges,n148i_v2,jxl_e7,psnr_chroma_db,10.372552323876283,True
97,text_sharp_edges,n148i_v2,jxl_e7,psnr_chroma_db,-27.85206284342785,True
98,text_sharp_edges,n148i_v2,jxl_e7,psnr_chroma_db,-8.701690007952578,True
99,text_sharp_edges,n148i_v2,jxl_e7,psnr_chroma_db,3.3965436691808737,True
100,text_sharp_edges,n148i_v2,jxl_e7,psnr_chroma_db,-20.828953251082183,True
101,text_sharp_edges,n148i_v2,jxl_e7,psnr_chroma_db,12.438295269660005,True
102,text_sharp_edges,n148i_v2,jxl_e7,psnr_chroma_db,3.886505920907646,True
103,text_sharp_edges,n148i_v2,jxl_e7,psnr_chroma_db,-31.778154399242286,True
104,text_sharp_edges,n148i_v2,jxl_e7,psnr_chroma_db,-32.93546073070341,True
105,text_sharp_edges,n148i_v2,jxl_e7,psnr_chroma_db,-25.9319756036996,True
106,saturated_desaturated_colors,n148i_v2,jxl_e7,psnr_chroma_db,-26.045870897104063,True
107,saturated_desaturated_colors,n148i_v2,jxl_e7,psnr_chroma_db,-72.09015455787112,True
108,saturated_desaturated_colors,n148i_v2,jxl_e7,psnr_chroma_db,-35.74274457318561,True
109,saturated_desaturated_colors,n148i_v2,jxl_e7,psnr_chroma_db,-31.44203548928003,True
110,saturated_desaturated_colors,n148i_v2,jxl_e7,psnr_chroma_db,-24.653879299213767,True
111,saturated_desaturated_colors,n148i_v2,jxl_e7,psnr_chroma_db,-27.878795501659294,True
112,saturated_desaturated_colors,n148i_v2,jxl_e7,psnr_chroma_db,-41.24081286200191,True
113,saturated_desaturated_colors,n148i_v2,jxl_e7,psnr_chroma_db,-44.6144346145183,True
114,saturated_desaturated_colors,n148i_v2,jxl_e7,psnr_chroma_db,-7.597320456616529,True
115,saturated_desaturated_colors,n148i_v2,jxl_e7,psnr_chroma_db,,False
116,saturated_desaturated_colors,n148i_v2,jxl_e7,psnr_chroma_db,,False
117,saturated_desaturated_colors,n148i_v2,jxl_e7,psnr_chroma_db,,False
118,saturated_desaturated_colors,n148i_v2,jxl_e7,psnr_chroma_db,-47.278114605191334,True
119,saturated_desaturated_colors,n148i_v2,jxl_e7,psnr_chroma_db,-55.46542040830153,True
120,saturated_desaturated_colors,n148i_v2,jxl_e7,psnr_chroma_db,-49.67843724955602,True
121,smooth_surfaces_gradients,n148i_v2,jxl_e7,psnr_chroma_db,57.477604303062634,True
122,urban_architecture,n148i_v2,jxl_e7,psnr_chroma_db,-23.730372106450137,True
123,smooth_surfaces_gradients,n148i_v2,jxl_e7,psnr_chroma_db,-7.768277142878944,True
124,urban_architecture,n148i_v2,jxl_e7,psnr_chroma_db,6.344090864648688,True
125,fine_detail,n148i_v2,jxl_e7,psnr_chroma_db,5.700558934362987,True
126,natural_landscapes,n148i_v2,jxl_e7,psnr_chroma_db,-53.56205505519429,True
127,urban_architecture,n148i_v2,jxl_e7,psnr_chroma_db,8.075843487154355,True
128,text_sharp_edges,n148i_v2,jxl_e7,psnr_chroma_db,-43.821827800409864,True
129,text_sharp_edges,n148i_v2,jxl_e7,psnr_chroma_db,-17.711431141702615,True
130,natural_landscapes,n148i_v2,jxl_e7,psnr_chroma_db,56.70795406940356,True
